,Kingdom,Subkingdom,Infrakingdom,Phylum,Phylum (Division),Subphylum,Subphylum (Subdivision),Infraphylum,Superclass,Class,Subclass,Infraclass,Subterclass,Order,Suborder,Infraorder,Superorder,Family,Subfamily,Superfamily,Tribe,Genus,Species
ASV949,Animalia,Animalia Kingdom,Animalia Kingdom,Annelida,Annelida Phylum,Annelida Phylum,Annelida Phylum,Annelida Phylum,Annelida Phylum,Polychaeta,Errantia,Errantia Subclass,Errantia Subclass,Eunicida,Eunicida Order,Eunicida Order,Eunicida Order,Lumbrineridae,Lumbrineridae Family,Lumbrineridae Family,Lumbrineridae Family,Lumbrineridae Family,Lumbrineridae
ASV712,Animalia,Animalia Kingdom,Animalia Kingdom,Annelida,Annelida Phylum,Annelida Phylum,Annelida Phylum,Annelida Phylum,Annelida Phylum,Polychaeta,Errantia,Errantia Subclass,Errantia Subclass,Phyllodocida,Nereidiformia,Nereidiformia Suborder,Nereidiformia Suborder,Chrysopetalidae,Chrysopetalinae,Chrysopetalinae Subfamily,Chrysopetalinae Subfamily,Paleanotus,Paleanotus bellis
ASV438,Animalia,Animalia Kingdom,Animalia Kingdom,Annelida,Annelida Phylum,Annelida Phylum,Annelida Phylum,Annelida Phylum,Annelida Phylum,Polychaeta,Errantia,Errantia Subclass,Errantia Subclass,Phyllodocida,Glyceriformia,Glyceriformia Suborder,Glyceriformia Suborder,Glyceridae,Glyceridae Family,Glyceridae Family,Glyceridae Family,Glycera,Glycera americana
ASV790,Animalia,Animalia Kingdom,Animalia Kingdom,Annelida,Annelida Phylum,Annelida Phylum,Annelida Phylum,Annelida Phylum,Annelida Phylum,Polychaeta,Errantia,Errantia Subclass,Errantia Subclass,Phyllodocida,Glyceriformia,Glyceriformia Suborder,Glyceriformia Suborder,Glyceridae,Glyceridae Family,Glyceridae Family,Glyceridae Family,Glycera,Glycera americana
ASV1104,Animalia,Animalia Kingdom,Animalia Kingdom,Annelida,Annelida Phylum,Annelida Phylum,Annelida Phylum,Annelida Phylum,Annelida Phylum,Polychaeta,Errantia,Errantia Subclass,Errantia Subclass,Phyllodocida,Glyceriformia,Glyceriformia Suborder,Glyceriformia Suborder,Glyceridae,Glyceridae Family,Glyceridae Family,Glyceridae Family,Glycera,Glycera americana
ASV311,Animalia,Animalia Kingdom,Animalia Kingdom,Annelida,Annelida Phylum,Annelida Phylum,Annelida Phylum,Annelida Phylum,Annelida Phylum,Polychaeta,Errantia,Errantia Subclass,Errantia Subclass,Phyllodocida,Glyceriformia,Glyceriformia Suborder,Glyceriformia Suborder,Goniadidae,Goniadidae Family,Goniadidae Family,Goniadidae Family,Glycinde,Glycinde picta
ASV748,Animalia,Animalia Kingdom,Animalia Kingdom,Annelida,Annelida Phylum,Annelida Phylum,Annelida Phylum,Annelida Phylum,Annelida Phylum,Polychaeta,Errantia,Errantia Subclass,Errantia Subclass,Phyllodocida,Glyceriformia,Glyceriformia Suborder,Glyceriformia Suborder,Goniadidae,Goniadidae Family,Goniadidae Family,Goniadidae Family,Glycinde,Glycinde picta
ASV824,Animalia,Animalia Kingdom,Animalia Kingdom,Annelida,Annelida Phylum,Annelida Phylum,Annelida Phylum,Annelida Phylum,Annelida Phylum,Polychaeta,Errantia,Errantia Subclass,Errantia Subclass,Phyllodocida,Glyceriformia,Glyceriformia Suborder,Glyceriformia Suborder,Goniadidae,Goniadidae Family,Goniadidae Family,Goniadidae Family,Glycinde,Glycinde picta
ASV961,Animalia,Animalia Kingdom,Animalia Kingdom,Annelida,Annelida Phylum,Annelida Phylum,Annelida Phylum,Annelida Phylum,Annelida Phylum,Polychaeta,Errantia,Errantia Subclass,Errantia Subclass,Phyllodocida,Glyceriformia,Glyceriformia Suborder,Glyceriformia Suborder,Goniadidae,Goniadidae Family,Goniadidae Family,Goniadidae Family,Glycinde,Glycinde picta
ASV1127,Animalia,Animalia Kingdom,Animalia Kingdom,Annelida,Annelida Phylum,Annelida Phylum,Annelida Phylum,Annelida Phylum,Annelida Phylum,Polychaeta,Errantia,Errantia Subclass,Errantia Subclass,Phyllodocida,Glyceriformia,Glyceriformia Suborder,Glyceriformia Suborder,Goniadidae,Goniadidae Family,Goniadidae Family,Goniadidae Family,Glycinde,Glycinde picta
ASV402,Animalia,Animalia Kingdom,Animalia Kingdom,Annelida,Annelida Phylum,Annelida Phylum,Annelida Phylum,Annelida Phylum,Annelida Phylum,Polychaeta,Errantia,Errantia Subclass,Errantia Subclass,Phyllodocida,Nereidiformia,Nereidiformia Suborder,Nereidiformia Suborder,Hesionidae,Psamathinae,Psamathinae Subfamily,Psamathinae Subfamily,Micropodarke,Micropodarke dubia
ASV636,Animalia,Animalia Kingdom,Animalia Kingdom,Annelida,Annelida Phylum,Annelida Phylum,Annelida Phylum,Annelida Phylum,Annelida Phylum,Polychaeta,Errantia,Errantia Subclass,Errantia Subclass,Phyllodocida,Nereidiformia,Nereidiformia Suborder,Nereidiformia Suborder,Hesionidae,Ophiodrominae,Ophiodrominae Subfamily,Ophiodromini,Podarkeopsis,Podarkeopsis
ASV874,Animalia,Animalia Kingdom,Animalia Kingdom,Annelida,Annelida Phylum,Annelida Phylum,Annelida Phylum,Annelida Phylum,Annelida Phylum,Polychaeta,Errantia,Errantia Subclass,Errantia Subclass,Phyllodocida,Phyllodociformia,Phyllodociformia Suborder,Phyllodociformia Suborder,Phyllodocidae,Eteoninae,Eteoninae Subfamily,Eteoninae Subfamily,Eteone,Eteone
ASV92,No WoRMS ID,No WoRMS ID,No WoRMS ID,No WoRMS ID,No WoRMS ID,No WoRMS ID,No WoRMS ID,No WoRMS ID,No WoRMS ID,No WoRMS ID,No WoRMS ID,No WoRMS ID,No WoRMS ID,No WoRMS ID,No WoRMS ID,No WoRMS ID,No WoRMS ID,No WoRMS ID,No WoRMS ID,No WoRMS ID,No WoRMS ID,No WoRMS ID,Laonice cirrata CMC01
ASV777,No WoRMS ID,No WoRMS ID,No WoRMS ID,No WoRMS ID,No WoRMS ID,No WoRMS ID,No WoRMS ID,No WoRMS ID,No WoRMS ID,No WoRMS ID,No WoRMS ID,No WoRMS ID,No WoRMS ID,No WoRMS ID,No WoRMS ID,No WoRMS ID,No WoRMS ID,No WoRMS ID,No WoRMS ID,No WoRMS ID,No WoRMS ID,No WoRMS ID,Laonice cirrata CMC01
ASV74,Animalia,Animalia Kingdom,Animalia Kingdom,Annelida,Annelida Phylum,Annelida Phylum,Annelida Phylum,Annelida Phylum,Annelida Phylum,Polychaeta,Sedentaria,Canalipalpata,Canalipalpata Infraclass,Spionida,Spioniformia,Spioniformia Suborder,Spioniformia Suborder,Spionidae,Spionidae Family,Spionidae Family,Spionidae Family,Polydora,Polydora cornuta
ASV105,Animalia,Animalia Kingdom,Animalia Kingdom,Annelida,Annelida Phylum,Annelida Phylum,Annelida Phylum,Annelida Phylum,Annelida Phylum,Polychaeta,Sedentaria,Canalipalpata,Canalipalpata Infraclass,Spionida,Spioniformia,Spioniformia Suborder,Spioniformia Suborder,Spionidae,Spionidae Family,Spionidae Family,Spionidae Family,Polydora,Polydora cornuta
ASV158,Animalia,Animalia Kingdom,Animalia Kingdom,Annelida,Annelida Phylum,Annelida Phylum,Annelida Phylum,Annelida Phylum,Annelida Phylum,Polychaeta,Sedentaria,Canalipalpata,Canalipalpata Infraclass,Spionida,Spioniformia,Spioniformia Suborder,Spioniformia Suborder,Spionidae,Spionidae Family,Spionidae Family,Spionidae Family,Polydora,Polydora cornuta
ASV221,Animalia,Animalia Kingdom,Animalia Kingdom,Annelida,Annelida Phylum,Annelida Phylum,Annelida Phylum,Annelida Phylum,Annelida Phylum,Polychaeta,Sedentaria,Canalipalpata,Canalipalpata Infraclass,Spionida,Spioniformia,Spioniformia Suborder,Spioniformia Suborder,Spionidae,Spionidae Family,Spionidae Family,Spionidae Family,Polydora,Polydora cornuta
ASV332,Animalia,Animalia Kingdom,Animalia Kingdom,Annelida,Annelida Phylum,Annelida Phylum,Annelida Phylum,Annelida Phylum,Annelida Phylum,Polychaeta,Sedentaria,Canalipalpata,Canalipalpata Infraclass,Spionida,Spioniformia,Spioniformia Suborder,Spioniformia Suborder,Spionidae,Spionidae Family,Spionidae Family,Spionidae Family,Polydora,Polydora cornuta
ASV372,Animalia,Animalia Kingdom,Animalia Kingdom,Annelida,Annelida Phylum,Annelida Phylum,Annelida Phylum,Annelida Phylum,Annelida Phylum,Polychaeta,Sedentaria,Canalipalpata,Canalipalpata Infraclass,Spionida,Spioniformia,Spioniformia Suborder,Spioniformia Suborder,Spionidae,Spionidae Family,Spionidae Family,Spionidae Family,Polydora,Polydora cornuta
ASV393,Animalia,Animalia Kingdom,Animalia Kingdom,Annelida,Annelida Phylum,Annelida Phylum,Annelida Phylum,Annelida Phylum,Annelida Phylum,Polychaeta,Sedentaria,Canalipalpata,Canalipalpata Infraclass,Spionida,Spioniformia,Spioniformia Suborder,Spioniformia Suborder,Spionidae,Spionidae Family,Spionidae Family,Spionidae Family,Polydora,Polydora cornuta
ASV581,Animalia,Animalia Kingdom,Animalia Kingdom,Annelida,Annelida Phylum,Annelida Phylum,Annelida Phylum,Annelida Phylum,Annelida Phylum,Polychaeta,Sedentaria,Canalipalpata,Canalipalpata Infraclass,Spionida,Spioniformia,Spioniformia Suborder,Spioniformia Suborder,Spionidae,Spionidae Family,Spionidae Family,Spionidae Family,Polydora,Polydora cornuta
ASV641,Animalia,Animalia Kingdom,Animalia Kingdom,Annelida,Annelida Phylum,Annelida Phylum,Annelida Phylum,Annelida Phylum,Annelida Phylum,Polychaeta,Sedentaria,Canalipalpata,Canalipalpata Infraclass,Spionida,Spioniformia,Spioniformia Suborder,Spioniformia Suborder,Spionidae,Spionidae Family,Spionidae Family,Spionidae Family,Polydora,Polydora cornuta
ASV672,Animalia,Animalia Kingdom,Animalia Kingdom,Annelida,Annelida Phylum,Annelida Phylum,Annelida Phylum,Annelida Phylum,Annelida Phylum,Polychaeta,Sedentaria,Canalipalpata,Canalipalpata Infraclass,Spionida,Spioniformia,Spioniformia Suborder,Spioniformia Suborder,Spionidae,Spionidae Family,Spionidae Family,Spionidae Family,Polydora,Polydora cornuta
ASV679,Animalia,Animalia Kingdom,Animalia Kingdom,Annelida,Annelida Phylum,Annelida Phylum,Annelida Phylum,Annelida Phylum,Annelida Phylum,Polychaeta,Sedentaria,Canalipalpata,Canalipalpata Infraclass,Spionida,Spioniformia,Spioniformia Suborder,Spioniformia Suborder,Spionidae,Spionidae Family,Spionidae Family,Spionidae Family,Polydora,Polydora cornuta
ASV706,Animalia,Animalia Kingdom,Animalia Kingdom,Annelida,Annelida Phylum,Annelida Phylum,Annelida Phylum,Annelida Phylum,Annelida Phylum,Polychaeta,Sedentaria,Canalipalpata,Canalipalpata Infraclass,Spionida,Spioniformia,Spioniformia Suborder,Spioniformia Suborder,Spionidae,Spionidae Family,Spionidae Family,Spionidae Family,Polydora,Polydora cornuta
ASV1056,Animalia,Animalia Kingdom,Animalia Kingdom,Annelida,Annelida Phylum,Annelida Phylum,Annelida Phylum,Annelida Phylum,Annelida Phylum,Polychaeta,Sedentaria,Canalipalpata,Canalipalpata Infraclass,Spionida,Spioniformia,Spioniformia Suborder,Spioniformia Suborder,Spionidae,Spionidae Family,Spionidae Family,Spionidae Family,Polydora,Polydora cornuta
ASV1743,Animalia,Animalia Kingdom,Animalia Kingdom,Annelida,Annelida Phylum,Annelida Phylum,Annelida Phylum,Annelida Phylum,Annelida Phylum,Polychaeta,Sedentaria,Canalipalpata,Canalipalpata Infraclass,Spionida,Spioniformia,Spioniformia Suborder,Spioniformia Suborder,Spionidae,Spionidae Family,Spionidae Family,Spionidae Family,Polydora,Polydora onagawaensis
ASV33,Animalia,Animalia Kingdom,Animalia Kingdom,Annelida,Annelida Phylum,Annelida Phylum,Annelida Phylum,Annelida Phylum,Annelida Phylum,Polychaeta,Sedentaria,Canalipalpata,Canalipalpata Infraclass,Spionida,Spioniformia,Spioniformia Suborder,Spioniformia Suborder,Spionidae,Spionidae Family,Spionidae Family,Spionidae Family,Pseudopolydora,Pseudopolydora bassarginensis
ASV161,Animalia,Animalia Kingdom,Animalia Kingdom,Annelida,Annelida Phylum,Annelida Phylum,Annelida Phylum,Annelida Phylum,Annelida Phylum,Polychaeta,Sedentaria,Canalipalpata,Canalipalpata Infraclass,Spionida,Spioniformia,Spioniformia Suborder,Spioniformia Suborder,Spionidae,Spionidae Family,Spionidae Family,Spionidae Family,Pseudopolydora,Pseudopolydora bassarginensis
ASV217,Animalia,Animalia Kingdom,Animalia Kingdom,Annelida,Annelida Phylum,Annelida Phylum,Annelida Phylum,Annelida Phylum,Annelida Phylum,Polychaeta,Sedentaria,Canalipalpata,Canalipalpata Infraclass,Spionida,Spioniformia,Spioniformia Suborder,Spioniformia Suborder,Spionidae,Spionidae Family,Spionidae Family,Spionidae Family,Pseudopolydora,Pseudopolydora bassarginensis
ASV297,Animalia,Animalia Kingdom,Animalia Kingdom,Annelida,Annelida Phylum,Annelida Phylum,Annelida Phylum,Annelida Phylum,Annelida Phylum,Polychaeta,Sedentaria,Canalipalpata,Canalipalpata Infraclass,Spionida,Spioniformia,Spioniformia Suborder,Spioniformia Suborder,Spionidae,Spionidae Family,Spionidae Family,Spionidae Family,Pseudopolydora,Pseudopolydora bassarginensis
ASV350,Animalia,Animalia Kingdom,Animalia Kingdom,Annelida,Annelida Phylum,Annelida Phylum,Annelida Phylum,Annelida Phylum,Annelida Phylum,Polychaeta,Sedentaria,Canalipalpata,Canalipalpata Infraclass,Spionida,Spioniformia,Spioniformia Suborder,Spioniformia Suborder,Spionidae,Spionidae Family,Spionidae Family,Spionidae Family,Pseudopolydora,Pseudopolydora bassarginensis
ASV395,Animalia,Animalia Kingdom,Animalia Kingdom,Annelida,Annelida Phylum,Annelida Phylum,Annelida Phylum,Annelida Phylum,Annelida Phylum,Polychaeta,Sedentaria,Canalipalpata,Canalipalpata Infraclass,Spionida,Spioniformia,Spioniformia Suborder,Spioniformia Suborder,Spionidae,Spionidae Family,Spionidae Family,Spionidae Family,Pseudopolydora,Pseudopolydora bassarginensis
ASV688,Animalia,Animalia Kingdom,Animalia Kingdom,Annelida,Annelida Phylum,Annelida Phylum,Annelida Phylum,Annelida Phylum,Annelida Phylum,Polychaeta,Sedentaria,Canalipalpata,Canalipalpata Infraclass,Spionida,Spioniformia,Spioniformia Suborder,Spioniformia Suborder,Spionidae,Spionidae Family,Spionidae Family,Spionidae Family,Pseudopolydora,Pseudopolydora bassarginensis
ASV737,Animalia,Animalia Kingdom,Animalia Kingdom,Annelida,Annelida Phylum,Annelida Phylum,Annelida Phylum,Annelida Phylum,Annelida Phylum,Polychaeta,Sedentaria,Canalipalpata,Canalipalpata Infraclass,Spionida,Spioniformia,Spioniformia Suborder,Spioniformia Suborder,Spionidae,Spionidae Family,Spionidae Family,Spionidae Family,Pseudopolydora,Pseudopolydora bassarginensis
ASV761,Animalia,Animalia Kingdom,Animalia Kingdom,Annelida,Annelida Phylum,Annelida Phylum,Annelida Phylum,Annelida Phylum,Annelida Phylum,Polychaeta,Sedentaria,Canalipalpata,Canalipalpata Infraclass,Spionida,Spioniformia,Spioniformia Suborder,Spioniformia Suborder,Spionidae,Spionidae Family,Spionidae Family,Spionidae Family,Pseudopolydora,Pseudopolydora bassarginensis
ASV820,Animalia,Animalia Kingdom,Animalia Kingdom,Annelida,Annelida Phylum,Annelida Phylum,Annelida Phylum,Annelida Phylum,Annelida Phylum,Polychaeta,Sedentaria,Canalipalpata,Canalipalpata Infraclass,Spionida,Spioniformia,Spioniformia Suborder,Spioniformia Suborder,Spionidae,Spionidae Family,Spionidae Family,Spionidae Family,Pseudopolydora,Pseudopolydora bassarginensis
ASV1074,Animalia,Animalia Kingdom,Animalia Kingdom,Annelida,Annelida Phylum,Annelida Phylum,Annelida Phylum,Annelida Phylum,Annelida Phylum,Polychaeta,Sedentaria,Canalipalpata,Canalipalpata Infraclass,Spionida,Spioniformia,Spioniformia Suborder,Spioniformia Suborder,Spionidae,Spionidae Family,Spionidae Family,Spionidae Family,Pseudopolydora,Pseudopolydora bassarginensis
ASV525,Animalia,Animalia Kingdom,Animalia Kingdom,Annelida,Annelida Phylum,Annelida Phylum,Annelida Phylum,Annelida Phylum,Annelida Phylum,Polychaeta,Sedentaria,Canalipalpata,Canalipalpata Infraclass,Spionida,Spioniformia,Spioniformia Suborder,Spioniformia Suborder,Spionidae,Spionidae Family,Spionidae Family,Spionidae Family,Boccardia,Boccardia
ASV821,Animalia,Animalia Kingdom,Animalia Kingdom,Annelida,Annelida Phylum,Annelida Phylum,Annelida Phylum,Annelida Phylum,Annelida Phylum,Polychaeta,Sedentaria,Canalipalpata,Canalipalpata Infraclass,Spionida,Spioniformia,Spioniformia Suborder,Spioniformia Suborder,Spionidae,Spionidae Family,Spionidae Family,Spionidae Family,Spionidae Family,Spionidae
ASV1531,Animalia,Animalia Kingdom,Animalia Kingdom,Annelida,Annelida Phylum,Annelida Phylum,Annelida Phylum,Annelida Phylum,Annelida Phylum,Polychaeta,Sedentaria,Canalipalpata,Canalipalpata Infraclass,Terebellida,Terebelliformia,Terebelliformia Suborder,Terebelliformia Suborder,Ampharetidae,Ampharetinae,Ampharetinae Subfamily,Ampharetini,Ampharete,Ampharete americana
ASV273,Animalia,Animalia Kingdom,Animalia Kingdom,Annelida,Annelida Phylum,Annelida Phylum,Annelida Phylum,Annelida Phylum,Annelida Phylum,Polychaeta,Sedentaria,Canalipalpata,Canalipalpata Infraclass,Terebellida,Cirratuliformia,Cirratuliformia Suborder,Cirratuliformia Suborder,Cirratulidae,Cirratulidae Family,Cirratulidae Family,Cirratulidae Family,Aphelochaeta,Aphelochaeta
ASV676,Animalia,Animalia Kingdom,Animalia Kingdom,Annelida,Annelida Phylum,Annelida Phylum,Annelida Phylum,Annelida Phylum,Annelida Phylum,Polychaeta,Sedentaria,Canalipalpata,Canalipalpata Infraclass,Terebellida,Cirratuliformia,Cirratuliformia Suborder,Cirratuliformia Suborder,Cirratulidae,Cirratulidae Family,Cirratulidae Family,Cirratulidae Family,Aphelochaeta,Aphelochaeta
ASV859,Animalia,Animalia Kingdom,Animalia Kingdom,Annelida,Annelida Phylum,Annelida Phylum,Annelida Phylum,Annelida Phylum,Annelida Phylum,Polychaeta,Sedentaria,Canalipalpata,Canalipalpata Infraclass,Terebellida,Cirratuliformia,Cirratuliformia Suborder,Cirratuliformia Suborder,Cirratulidae,Cirratulidae Family,Cirratulidae Family,Cirratulidae Family,Aphelochaeta,Aphelochaeta
ASV1092,Animalia,Animalia Kingdom,Animalia Kingdom,Annelida,Annelida Phylum,Annelida Phylum,Annelida Phylum,Annelida Phylum,Annelida Phylum,Polychaeta,Sedentaria,Canalipalpata,Canalipalpata Infraclass,Terebellida,Cirratuliformia,Cirratuliformia Suborder,Cirratuliformia Suborder,Cirratulidae,Cirratulidae Family,Cirratulidae Family,Cirratulidae Family,Aphelochaeta,Aphelochaeta
ASV1261,Animalia,Animalia Kingdom,Animalia Kingdom,Annelida,Annelida Phylum,Annelida Phylum,Annelida Phylum,Annelida Phylum,Annelida Phylum,Polychaeta,Sedentaria,Canalipalpata,Canalipalpata Infraclass,Terebellida,Terebelliformia,Terebelliformia Suborder,Terebelliformia Suborder,Pectinariidae,Pectinariidae Family,Pectinariidae Family,Pectinariidae Family,Cistenides,Cistenides
ASV428,Animalia,Animalia Kingdom,Animalia Kingdom,Annelida,Annelida Phylum,Annelida Phylum,Annelida Phylum,Annelida Phylum,Annelida Phylum,Polychaeta,Sedentaria,Canalipalpata,Canalipalpata Infraclass,Terebellida,Terebelliformia,Terebelliformia Suborder,Terebelliformia Suborder,Terebellidae,Terebellidae Family,Terebellidae Family,Terebellidae Family,Terebellidae Family,Terebellidae
ASV382,Animalia,Animalia Kingdom,Animalia Kingdom,Annelida,Annelida Phylum,Annelida Phylum,Annelida Phylum,Annelida Phylum,Annelida Phylum,Polychaeta,Sedentaria,Canalipalpata,Canalipalpata Infraclass,Terebellida,Cirratuliformia,Cirratuliformia Suborder,Cirratuliformia Suborder,Cirratulidae,Cirratulidae Family,Cirratulidae Family,Cirratulidae Family,Cirratulidae Family,Cirratulidae
ASV462,Animalia,Animalia Kingdom,Animalia Kingdom,Annelida,Annelida Phylum,Annelida Phylum,Annelida Phylum,Annelida Phylum,Annelida Phylum,Polychaeta,Sedentaria,Canalipalpata,Canalipalpata Infraclass,Terebellida,Terebelliformia,Terebelliformia Suborder,Terebelliformia Suborder,Pectinariidae,Pectinariidae Family,Pectinariidae Family,Pectinariidae Family,Pectinariidae Family,Pectinariidae
ASV243,Animalia,Animalia Kingdom,Animalia Kingdom,Annelida,Annelida Phylum,Annelida Phylum,Annelida Phylum,Annelida Phylum,Annelida Phylum,Polychaeta,Sedentaria,Scolecida,Scolecida Infraclass,Scolecida Infraclass,Scolecida Infraclass,Scolecida Infraclass,Scolecida Infraclass,Capitellidae,Capitellidae Family,Capitellidae Family,Capitellidae Family,Capitella,Capitella
ASV634,Animalia,Animalia Kingdom,Animalia Kingdom,Annelida,Annelida Phylum,Annelida Phylum,Annelida Phylum,Annelida Phylum,Annelida Phylum,Polychaeta,Sedentaria,Scolecida,Scolecida Infraclass,Scolecida Infraclass,Scolecida Infraclass,Scolecida Infraclass,Scolecida Infraclass,Capitellidae,Capitellidae Family,Capitellidae Family,Capitellidae Family,Capitella,Capitella
ASV684,Animalia,Animalia Kingdom,Animalia Kingdom,Annelida,Annelida Phylum,Annelida Phylum,Annelida Phylum,Annelida Phylum,Annelida Phylum,Polychaeta,Sedentaria,Scolecida,Scolecida Infraclass,Scolecida Infraclass,Scolecida Infraclass,Scolecida Infraclass,Scolecida Infraclass,Capitellidae,Capitellidae Family,Capitellidae Family,Capitellidae Family,Capitella,Capitella
ASV900,Animalia,Animalia Kingdom,Animalia Kingdom,Annelida,Annelida Phylum,Annelida Phylum,Annelida Phylum,Annelida Phylum,Annelida Phylum,Polychaeta,Sedentaria,Scolecida,Scolecida Infraclass,Scolecida Infraclass,Scolecida Infraclass,Scolecida Infraclass,Scolecida Infraclass,Capitellidae,Capitellidae Family,Capitellidae Family,Capitellidae Family,Capitella,Capitella
ASV1014,Animalia,Animalia Kingdom,Animalia Kingdom,Annelida,Annelida Phylum,Annelida Phylum,Annelida Phylum,Annelida Phylum,Annelida Phylum,Polychaeta,Sedentaria,Scolecida,Scolecida Infraclass,Scolecida Infraclass,Scolecida Infraclass,Scolecida Infraclass,Scolecida Infraclass,Capitellidae,Capitellidae Family,Capitellidae Family,Capitellidae Family,Capitella,Capitella
ASV574,Animalia,Animalia Kingdom,Animalia Kingdom,Annelida,Annelida Phylum,Annelida Phylum,Annelida Phylum,Annelida Phylum,Annelida Phylum,Polychaeta,Sedentaria,Scolecida,Scolecida Infraclass,Scolecida Infraclass,Scolecida Infraclass,Scolecida Infraclass,Scolecida Infraclass,Opheliidae,Ophelininae,Ophelininae Subfamily,Ophelininae Subfamily,Armandia,Armandia brevis
ASV1449,Animalia,Animalia Kingdom,Animalia Kingdom,Annelida,Annelida Phylum,Annelida Phylum,Annelida Phylum,Annelida Phylum,Annelida Phylum,Polychaeta,Sedentaria,Scolecida,Scolecida Infraclass,Scolecida Infraclass,Scolecida Infraclass,Scolecida Infraclass,Scolecida Infraclass,Opheliidae,Ophelininae,Ophelininae Subfamily,Ophelininae Subfamily,Armandia,Armandia brevis
ASV571,Animalia,Animalia Kingdom,Animalia Kingdom,Annelida,Annelida Phylum,Annelida Phylum,Annelida Phylum,Annelida Phylum,Annelida Phylum,Polychaeta,Sedentaria,Scolecida,Scolecida Infraclass,Scolecida Infraclass,Scolecida Infraclass,Scolecida Infraclass,Scolecida Infraclass,Opheliidae,Ophelininae,Ophelininae Subfamily,Ophelininae Subfamily,Ophelina,Ophelina acuminata
ASV844,Animalia,Animalia Kingdom,Animalia Kingdom,Annelida,Annelida Phylum,Annelida Phylum,Annelida Phylum,Annelida Phylum,Annelida Phylum,Polychaeta,Sedentaria,Scolecida,Scolecida Infraclass,Scolecida Infraclass,Scolecida Infraclass,Scolecida Infraclass,Scolecida Infraclass,Capitellidae,Capitellidae Family,Capitellidae Family,Capitellidae Family,Capitellidae Family,Capitellidae
ASV2063,No WoRMS ID,No WoRMS ID,No WoRMS ID,No WoRMS ID,No WoRMS ID,No WoRMS ID,No WoRMS ID,No WoRMS ID,No WoRMS ID,No WoRMS ID,No WoRMS ID,No WoRMS ID,No WoRMS ID,No WoRMS ID,No WoRMS ID,No WoRMS ID,No WoRMS ID,No WoRMS ID,No WoRMS ID,No WoRMS ID,No WoRMS ID,No WoRMS ID,Austrarchaea sp. QLD
ASV62,Animalia,Animalia Kingdom,Animalia Kingdom,Arthropoda,Arthropoda Phylum,Crustacea,Crustacea Subphylum,Crustacea Subphylum,Allotriocarida,Branchiopoda,Phyllopoda,Phyllopoda Subclass,Phyllopoda Subclass,Onychopoda,Onychopoda Order,Onychopoda Order,Diplostraca,Podonidae,Podonidae Family,Podonidae Family,Podonidae Family,Pleopis,Pleopis polyphemoides
ASV621,Animalia,Animalia Kingdom,Animalia Kingdom,Arthropoda,Arthropoda Phylum,Crustacea,Crustacea Subphylum,Crustacea Subphylum,Multicrustacea,Copepoda,Copepoda Class,Neocopepoda,Neocopepoda Infraclass,Calanoida,Calanoida Order,Calanoida Order,Gymnoplea,Acartiidae,Acartiidae Family,Acartiidae Family,Acartiidae Family,Acartia,Acartia hudsonica
ASV277,Animalia,Animalia Kingdom,Animalia Kingdom,Arthropoda,Arthropoda Phylum,Crustacea,Crustacea Subphylum,Crustacea Subphylum,Multicrustacea,Copepoda,Copepoda Class,Neocopepoda,Neocopepoda Infraclass,Calanoida,Calanoida Order,Calanoida Order,Gymnoplea,Acartiidae,Acartiidae Family,Acartiidae Family,Acartiidae Family,Acartia,Acartia longiremis
ASV879,Animalia,Animalia Kingdom,Animalia Kingdom,Arthropoda,Arthropoda Phylum,Crustacea,Crustacea Subphylum,Crustacea Subphylum,Multicrustacea,Copepoda,Copepoda Class,Neocopepoda,Neocopepoda Infraclass,Calanoida,Calanoida Order,Calanoida Order,Gymnoplea,Acartiidae,Acartiidae Family,Acartiidae Family,Acartiidae Family,Acartia,Acartia longiremis
ASV1108,Animalia,Animalia Kingdom,Animalia Kingdom,Arthropoda,Arthropoda Phylum,Crustacea,Crustacea Subphylum,Crustacea Subphylum,Multicrustacea,Copepoda,Copepoda Class,Neocopepoda,Neocopepoda Infraclass,Calanoida,Calanoida Order,Calanoida Order,Gymnoplea,Acartiidae,Acartiidae Family,Acartiidae Family,Acartiidae Family,Acartia,Acartia longiremis
ASV373,Animalia,Animalia Kingdom,Animalia Kingdom,Arthropoda,Arthropoda Phylum,Crustacea,Crustacea Subphylum,Crustacea Subphylum,Multicrustacea,Copepoda,Copepoda Class,Neocopepoda,Neocopepoda Infraclass,Calanoida,Calanoida Order,Calanoida Order,Gymnoplea,Calanidae,Calanidae Family,Calanidae Family,Calanidae Family,Calanus,Calanus pacificus
ASV455,Animalia,Animalia Kingdom,Animalia Kingdom,Arthropoda,Arthropoda Phylum,Crustacea,Crustacea Subphylum,Crustacea Subphylum,Multicrustacea,Copepoda,Copepoda Class,Neocopepoda,Neocopepoda Infraclass,Calanoida,Calanoida Order,Calanoida Order,Gymnoplea,Calanidae,Calanidae Family,Calanidae Family,Calanidae Family,Calanus,Calanus pacificus
ASV1187,Animalia,Animalia Kingdom,Animalia Kingdom,Arthropoda,Arthropoda Phylum,Crustacea,Crustacea Subphylum,Crustacea Subphylum,Multicrustacea,Copepoda,Copepoda Class,Neocopepoda,Neocopepoda Infraclass,Calanoida,Calanoida Order,Calanoida Order,Gymnoplea,Clausocalanidae,Clausocalanidae Family,Clausocalanidae Family,Clausocalanidae Family,Clausocalanidae Family,Clausocalanidae
ASV1231,Animalia,Animalia Kingdom,Animalia Kingdom,Arthropoda,Arthropoda Phylum,Crustacea,Crustacea Subphylum,Crustacea Subphylum,Multicrustacea,Copepoda,Copepoda Class,Neocopepoda,Neocopepoda Infraclass,Calanoida,Calanoida Order,Calanoida Order,Gymnoplea,Clausocalanidae,Clausocalanidae Family,Clausocalanidae Family,Clausocalanidae Family,Clausocalanidae Family,Clausocalanidae
ASV1818,Animalia,Animalia Kingdom,Animalia Kingdom,Arthropoda,Arthropoda Phylum,Crustacea,Crustacea Subphylum,Crustacea Subphylum,Multicrustacea,Copepoda,Copepoda Class,Neocopepoda,Neocopepoda Infraclass,Calanoida,Calanoida Order,Calanoida Order,Gymnoplea,Clausocalanidae,Clausocalanidae Family,Clausocalanidae Family,Clausocalanidae Family,Clausocalanidae Family,Clausocalanidae
ASV491,Animalia,Animalia Kingdom,Animalia Kingdom,Arthropoda,Arthropoda Phylum,Crustacea,Crustacea Subphylum,Crustacea Subphylum,Multicrustacea,Copepoda,Copepoda Class,Neocopepoda,Neocopepoda Infraclass,Calanoida,Calanoida Order,Calanoida Order,Gymnoplea,Clausocalanidae,Clausocalanidae Family,Clausocalanidae Family,Clausocalanidae Family,Pseudocalanus,Pseudocalanus
ASV519,Animalia,Animalia Kingdom,Animalia Kingdom,Arthropoda,Arthropoda Phylum,Crustacea,Crustacea Subphylum,Crustacea Subphylum,Multicrustacea,Copepoda,Copepoda Class,Neocopepoda,Neocopepoda Infraclass,Calanoida,Calanoida Order,Calanoida Order,Gymnoplea,Clausocalanidae,Clausocalanidae Family,Clausocalanidae Family,Clausocalanidae Family,Pseudocalanus,Pseudocalanus
ASV657,Animalia,Animalia Kingdom,Animalia Kingdom,Arthropoda,Arthropoda Phylum,Crustacea,Crustacea Subphylum,Crustacea Subphylum,Multicrustacea,Copepoda,Copepoda Class,Neocopepoda,Neocopepoda Infraclass,Calanoida,Calanoida Order,Calanoida Order,Gymnoplea,Clausocalanidae,Clausocalanidae Family,Clausocalanidae Family,Clausocalanidae Family,Pseudocalanus,Pseudocalanus
ASV669,Animalia,Animalia Kingdom,Animalia Kingdom,Arthropoda,Arthropoda Phylum,Crustacea,Crustacea Subphylum,Crustacea Subphylum,Multicrustacea,Copepoda,Copepoda Class,Neocopepoda,Neocopepoda Infraclass,Calanoida,Calanoida Order,Calanoida Order,Gymnoplea,Clausocalanidae,Clausocalanidae Family,Clausocalanidae Family,Clausocalanidae Family,Pseudocalanus,Pseudocalanus
ASV854,Animalia,Animalia Kingdom,Animalia Kingdom,Arthropoda,Arthropoda Phylum,Crustacea,Crustacea Subphylum,Crustacea Subphylum,Multicrustacea,Copepoda,Copepoda Class,Neocopepoda,Neocopepoda Infraclass,Calanoida,Calanoida Order,Calanoida Order,Gymnoplea,Clausocalanidae,Clausocalanidae Family,Clausocalanidae Family,Clausocalanidae Family,Pseudocalanus,Pseudocalanus
ASV122,Animalia,Animalia Kingdom,Animalia Kingdom,Arthropoda,Arthropoda Phylum,Crustacea,Crustacea Subphylum,Crustacea Subphylum,Multicrustacea,Copepoda,Copepoda Class,Neocopepoda,Neocopepoda Infraclass,Calanoida,Calanoida Order,Calanoida Order,Gymnoplea,Clausocalanidae,Clausocalanidae Family,Clausocalanidae Family,Clausocalanidae Family,Pseudocalanus,Pseudocalanus newmani
ASV123,Animalia,Animalia Kingdom,Animalia Kingdom,Arthropoda,Arthropoda Phylum,Crustacea,Crustacea Subphylum,Crustacea Subphylum,Multicrustacea,Copepoda,Copepoda Class,Neocopepoda,Neocopepoda Infraclass,Calanoida,Calanoida Order,Calanoida Order,Gymnoplea,Clausocalanidae,Clausocalanidae Family,Clausocalanidae Family,Clausocalanidae Family,Pseudocalanus,Pseudocalanus newmani
ASV242,Animalia,Animalia Kingdom,Animalia Kingdom,Arthropoda,Arthropoda Phylum,Crustacea,Crustacea Subphylum,Crustacea Subphylum,Multicrustacea,Copepoda,Copepoda Class,Neocopepoda,Neocopepoda Infraclass,Calanoida,Calanoida Order,Calanoida Order,Gymnoplea,Clausocalanidae,Clausocalanidae Family,Clausocalanidae Family,Clausocalanidae Family,Pseudocalanus,Pseudocalanus newmani
ASV337,Animalia,Animalia Kingdom,Animalia Kingdom,Arthropoda,Arthropoda Phylum,Crustacea,Crustacea Subphylum,Crustacea Subphylum,Multicrustacea,Copepoda,Copepoda Class,Neocopepoda,Neocopepoda Infraclass,Calanoida,Calanoida Order,Calanoida Order,Gymnoplea,Clausocalanidae,Clausocalanidae Family,Clausocalanidae Family,Clausocalanidae Family,Pseudocalanus,Pseudocalanus newmani
ASV760,Animalia,Animalia Kingdom,Animalia Kingdom,Arthropoda,Arthropoda Phylum,Crustacea,Crustacea Subphylum,Crustacea Subphylum,Multicrustacea,Copepoda,Copepoda Class,Neocopepoda,Neocopepoda Infraclass,Calanoida,Calanoida Order,Calanoida Order,Gymnoplea,Clausocalanidae,Clausocalanidae Family,Clausocalanidae Family,Clausocalanidae Family,Pseudocalanus,Pseudocalanus newmani
ASV812,Animalia,Animalia Kingdom,Animalia Kingdom,Arthropoda,Arthropoda Phylum,Crustacea,Crustacea Subphylum,Crustacea Subphylum,Multicrustacea,Copepoda,Copepoda Class,Neocopepoda,Neocopepoda Infraclass,Calanoida,Calanoida Order,Calanoida Order,Gymnoplea,Clausocalanidae,Clausocalanidae Family,Clausocalanidae Family,Clausocalanidae Family,Pseudocalanus,Pseudocalanus newmani
ASV1048,Animalia,Animalia Kingdom,Animalia Kingdom,Arthropoda,Arthropoda Phylum,Crustacea,Crustacea Subphylum,Crustacea Subphylum,Multicrustacea,Copepoda,Copepoda Class,Neocopepoda,Neocopepoda Infraclass,Calanoida,Calanoida Order,Calanoida Order,Gymnoplea,Clausocalanidae,Clausocalanidae Family,Clausocalanidae Family,Clausocalanidae Family,Pseudocalanus,Pseudocalanus newmani
ASV1091,Animalia,Animalia Kingdom,Animalia Kingdom,Arthropoda,Arthropoda Phylum,Crustacea,Crustacea Subphylum,Crustacea Subphylum,Multicrustacea,Copepoda,Copepoda Class,Neocopepoda,Neocopepoda Infraclass,Calanoida,Calanoida Order,Calanoida Order,Gymnoplea,Clausocalanidae,Clausocalanidae Family,Clausocalanidae Family,Clausocalanidae Family,Pseudocalanus,Pseudocalanus newmani
ASV1131,Animalia,Animalia Kingdom,Animalia Kingdom,Arthropoda,Arthropoda Phylum,Crustacea,Crustacea Subphylum,Crustacea Subphylum,Multicrustacea,Copepoda,Copepoda Class,Neocopepoda,Neocopepoda Infraclass,Calanoida,Calanoida Order,Calanoida Order,Gymnoplea,Clausocalanidae,Clausocalanidae Family,Clausocalanidae Family,Clausocalanidae Family,Pseudocalanus,Pseudocalanus newmani
ASV13,No WoRMS ID,No WoRMS ID,No WoRMS ID,No WoRMS ID,No WoRMS ID,No WoRMS ID,No WoRMS ID,No WoRMS ID,No WoRMS ID,No WoRMS ID,No WoRMS ID,No WoRMS ID,No WoRMS ID,No WoRMS ID,No WoRMS ID,No WoRMS ID,No WoRMS ID,No WoRMS ID,No WoRMS ID,No WoRMS ID,No WoRMS ID,No WoRMS ID,Pseudocalanus sp. PsAkkeshi1
ASV210,No WoRMS ID,No WoRMS ID,No WoRMS ID,No WoRMS ID,No WoRMS ID,No WoRMS ID,No WoRMS ID,No WoRMS ID,No WoRMS ID,No WoRMS ID,No WoRMS ID,No WoRMS ID,No WoRMS ID,No WoRMS ID,No WoRMS ID,No WoRMS ID,No WoRMS ID,No WoRMS ID,No WoRMS ID,No WoRMS ID,No WoRMS ID,No WoRMS ID,Pseudocalanus sp. PsAkkeshi1
ASV251,No WoRMS ID,No WoRMS ID,No WoRMS ID,No WoRMS ID,No WoRMS ID,No WoRMS ID,No WoRMS ID,No WoRMS ID,No WoRMS ID,No WoRMS ID,No WoRMS ID,No WoRMS ID,No WoRMS ID,No WoRMS ID,No WoRMS ID,No WoRMS ID,No WoRMS ID,No WoRMS ID,No WoRMS ID,No WoRMS ID,No WoRMS ID,No WoRMS ID,Pseudocalanus sp. PsAkkeshi1
ASV336,No WoRMS ID,No WoRMS ID,No WoRMS ID,No WoRMS ID,No WoRMS ID,No WoRMS ID,No WoRMS ID,No WoRMS ID,No WoRMS ID,No WoRMS ID,No WoRMS ID,No WoRMS ID,No WoRMS ID,No WoRMS ID,No WoRMS ID,No WoRMS ID,No WoRMS ID,No WoRMS ID,No WoRMS ID,No WoRMS ID,No WoRMS ID,No WoRMS ID,Pseudocalanus sp. PsAkkeshi1
ASV415,No WoRMS ID,No WoRMS ID,No WoRMS ID,No WoRMS ID,No WoRMS ID,No WoRMS ID,No WoRMS ID,No WoRMS ID,No WoRMS ID,No WoRMS ID,No WoRMS ID,No WoRMS ID,No WoRMS ID,No WoRMS ID,No WoRMS ID,No WoRMS ID,No WoRMS ID,No WoRMS ID,No WoRMS ID,No WoRMS ID,No WoRMS ID,No WoRMS ID,Pseudocalanus sp. PsAkkeshi1
ASV770,No WoRMS ID,No WoRMS ID,No WoRMS ID,No WoRMS ID,No WoRMS ID,No WoRMS ID,No WoRMS ID,No WoRMS ID,No WoRMS ID,No WoRMS ID,No WoRMS ID,No WoRMS ID,No WoRMS ID,No WoRMS ID,No WoRMS ID,No WoRMS ID,No WoRMS ID,No WoRMS ID,No WoRMS ID,No WoRMS ID,No WoRMS ID,No WoRMS ID,Pseudocalanus sp. PsAkkeshi1
ASV952,No WoRMS ID,No WoRMS ID,No WoRMS ID,No WoRMS ID,No WoRMS ID,No WoRMS ID,No WoRMS ID,No WoRMS ID,No WoRMS ID,No WoRMS ID,No WoRMS ID,No WoRMS ID,No WoRMS ID,No WoRMS ID,No WoRMS ID,No WoRMS ID,No WoRMS ID,No WoRMS ID,No WoRMS ID,No WoRMS ID,No WoRMS ID,No WoRMS ID,Pseudocalanus sp. PsAkkeshi1
ASV1031,No WoRMS ID,No WoRMS ID,No WoRMS ID,No WoRMS ID,No WoRMS ID,No WoRMS ID,No WoRMS ID,No WoRMS ID,No WoRMS ID,No WoRMS ID,No WoRMS ID,No WoRMS ID,No WoRMS ID,No WoRMS ID,No WoRMS ID,No WoRMS ID,No WoRMS ID,No WoRMS ID,No WoRMS ID,No WoRMS ID,No WoRMS ID,No WoRMS ID,Pseudocalanus sp. PsAkkeshi1
ASV1042,No WoRMS ID,No WoRMS ID,No WoRMS ID,No WoRMS ID,No WoRMS ID,No WoRMS ID,No WoRMS ID,No WoRMS ID,No WoRMS ID,No WoRMS ID,No WoRMS ID,No WoRMS ID,No WoRMS ID,No WoRMS ID,No WoRMS ID,No WoRMS ID,No WoRMS ID,No WoRMS ID,No WoRMS ID,No WoRMS ID,No WoRMS ID,No WoRMS ID,Pseudocalanus sp. PsAkkeshi1
ASV100,Animalia,Animalia Kingdom,Animalia Kingdom,Arthropoda,Arthropoda Phylum,Crustacea,Crustacea Subphylum,Crustacea Subphylum,Multicrustacea,Copepoda,Copepoda Class,Neocopepoda,Neocopepoda Infraclass,Calanoida,Calanoida Order,Calanoida Order,Gymnoplea,Metridinidae,Metridinidae Family,Metridinidae Family,Metridinidae Family,Metridia,Metridia pacifica
ASV306,Animalia,Animalia Kingdom,Animalia Kingdom,Arthropoda,Arthropoda Phylum,Crustacea,Crustacea Subphylum,Crustacea Subphylum,Multicrustacea,Copepoda,Copepoda Class,Neocopepoda,Neocopepoda Infraclass,Calanoida,Calanoida Order,Calanoida Order,Gymnoplea,Metridinidae,Metridinidae Family,Metridinidae Family,Metridinidae Family,Metridia,Metridia pacifica
ASV417,Animalia,Animalia Kingdom,Animalia Kingdom,Arthropoda,Arthropoda Phylum,Crustacea,Crustacea Subphylum,Crustacea Subphylum,Multicrustacea,Copepoda,Copepoda Class,Neocopepoda,Neocopepoda Infraclass,Calanoida,Calanoida Order,Calanoida Order,Gymnoplea,Metridinidae,Metridinidae Family,Metridinidae Family,Metridinidae Family,Metridia,Metridia pacifica
ASV763,Animalia,Animalia Kingdom,Animalia Kingdom,Arthropoda,Arthropoda Phylum,Crustacea,Crustacea Subphylum,Crustacea Subphylum,Multicrustacea,Copepoda,Copepoda Class,Neocopepoda,Neocopepoda Infraclass,Calanoida,Calanoida Order,Calanoida Order,Gymnoplea,Metridinidae,Metridinidae Family,Metridinidae Family,Metridinidae Family,Metridia,Metridia pacifica
ASV977,Animalia,Animalia Kingdom,Animalia Kingdom,Arthropoda,Arthropoda Phylum,Crustacea,Crustacea Subphylum,Crustacea Subphylum,Multicrustacea,Copepoda,Copepoda Class,Neocopepoda,Neocopepoda Infraclass,Calanoida,Calanoida Order,Calanoida Order,Gymnoplea,Metridinidae,Metridinidae Family,Metridinidae Family,Metridinidae Family,Metridia,Metridia pacifica
ASV212,Animalia,Animalia Kingdom,Animalia Kingdom,Arthropoda,Arthropoda Phylum,Crustacea,Crustacea Subphylum,Crustacea Subphylum,Multicrustacea,Copepoda,Copepoda Class,Neocopepoda,Neocopepoda Infraclass,Calanoida,Calanoida Order,Calanoida Order,Gymnoplea,Paracalanidae,Paracalanidae Family,Paracalanidae Family,Paracalanidae Family,Paracalanus,Paracalanus parvus
ASV575,Animalia,Animalia Kingdom,Animalia Kingdom,Arthropoda,Arthropoda Phylum,Crustacea,Crustacea Subphylum,Crustacea Subphylum,Multicrustacea,Copepoda,Copepoda Class,Neocopepoda,Neocopepoda Infraclass,Calanoida,Calanoida Order,Calanoida Order,Gymnoplea,Paracalanidae,Paracalanidae Family,Paracalanidae Family,Paracalanidae Family,Paracalanus,Paracalanus parvus
ASV995,Animalia,Animalia Kingdom,Animalia Kingdom,Arthropoda,Arthropoda Phylum,Crustacea,Crustacea Subphylum,Crustacea Subphylum,Multicrustacea,Copepoda,Copepoda Class,Neocopepoda,Neocopepoda Infraclass,Calanoida,Calanoida Order,Calanoida Order,Gymnoplea,Paracalanidae,Paracalanidae Family,Paracalanidae Family,Paracalanidae Family,Paracalanus,Paracalanus parvus
ASV87,No WoRMS ID,No WoRMS ID,No WoRMS ID,No WoRMS ID,No WoRMS ID,No WoRMS ID,No WoRMS ID,No WoRMS ID,No WoRMS ID,No WoRMS ID,No WoRMS ID,No WoRMS ID,No WoRMS ID,No WoRMS ID,No WoRMS ID,No WoRMS ID,No WoRMS ID,No WoRMS ID,No WoRMS ID,No WoRMS ID,No WoRMS ID,No WoRMS ID,Paracalanus sp. C AC-2013
ASV101,No WoRMS ID,No WoRMS ID,No WoRMS ID,No WoRMS ID,No WoRMS ID,No WoRMS ID,No WoRMS ID,No WoRMS ID,No WoRMS ID,No WoRMS ID,No WoRMS ID,No WoRMS ID,No WoRMS ID,No WoRMS ID,No WoRMS ID,No WoRMS ID,No WoRMS ID,No WoRMS ID,No WoRMS ID,No WoRMS ID,No WoRMS ID,No WoRMS ID,Paracalanus sp. C AC-2013
ASV139,No WoRMS ID,No WoRMS ID,No WoRMS ID,No WoRMS ID,No WoRMS ID,No WoRMS ID,No WoRMS ID,No WoRMS ID,No WoRMS ID,No WoRMS ID,No WoRMS ID,No WoRMS ID,No WoRMS ID,No WoRMS ID,No WoRMS ID,No WoRMS ID,No WoRMS ID,No WoRMS ID,No WoRMS ID,No WoRMS ID,No WoRMS ID,No WoRMS ID,Paracalanus sp. C AC-2013
ASV659,No WoRMS ID,No WoRMS ID,No WoRMS ID,No WoRMS ID,No WoRMS ID,No WoRMS ID,No WoRMS ID,No WoRMS ID,No WoRMS ID,No WoRMS ID,No WoRMS ID,No WoRMS ID,No WoRMS ID,No WoRMS ID,No WoRMS ID,No WoRMS ID,No WoRMS ID,No WoRMS ID,No WoRMS ID,No WoRMS ID,No WoRMS ID,No WoRMS ID,Paracalanus sp. C AC-2013
ASV691,No WoRMS ID,No WoRMS ID,No WoRMS ID,No WoRMS ID,No WoRMS ID,No WoRMS ID,No WoRMS ID,No WoRMS ID,No WoRMS ID,No WoRMS ID,No WoRMS ID,No WoRMS ID,No WoRMS ID,No WoRMS ID,No WoRMS ID,No WoRMS ID,No WoRMS ID,No WoRMS ID,No WoRMS ID,No WoRMS ID,No WoRMS ID,No WoRMS ID,Paracalanus sp. C AC-2013
ASV813,No WoRMS ID,No WoRMS ID,No WoRMS ID,No WoRMS ID,No WoRMS ID,No WoRMS ID,No WoRMS ID,No WoRMS ID,No WoRMS ID,No WoRMS ID,No WoRMS ID,No WoRMS ID,No WoRMS ID,No WoRMS ID,No WoRMS ID,No WoRMS ID,No WoRMS ID,No WoRMS ID,No WoRMS ID,No WoRMS ID,No WoRMS ID,No WoRMS ID,Paracalanus sp. C AC-2013
ASV1485,No WoRMS ID,No WoRMS ID,No WoRMS ID,No WoRMS ID,No WoRMS ID,No WoRMS ID,No WoRMS ID,No WoRMS ID,No WoRMS ID,No WoRMS ID,No WoRMS ID,No WoRMS ID,No WoRMS ID,No WoRMS ID,No WoRMS ID,No WoRMS ID,No WoRMS ID,No WoRMS ID,No WoRMS ID,No WoRMS ID,No WoRMS ID,No WoRMS ID,Paracalanus sp. C AC-2013
ASV2003,No WoRMS ID,No WoRMS ID,No WoRMS ID,No WoRMS ID,No WoRMS ID,No WoRMS ID,No WoRMS ID,No WoRMS ID,No WoRMS ID,No WoRMS ID,No WoRMS ID,No WoRMS ID,No WoRMS ID,No WoRMS ID,No WoRMS ID,No WoRMS ID,No WoRMS ID,No WoRMS ID,No WoRMS ID,No WoRMS ID,No WoRMS ID,No WoRMS ID,Paracalanus sp. C AC-2013
ASV2039,No WoRMS ID,No WoRMS ID,No WoRMS ID,No WoRMS ID,No WoRMS ID,No WoRMS ID,No WoRMS ID,No WoRMS ID,No WoRMS ID,No WoRMS ID,No WoRMS ID,No WoRMS ID,No WoRMS ID,No WoRMS ID,No WoRMS ID,No WoRMS ID,No WoRMS ID,No WoRMS ID,No WoRMS ID,No WoRMS ID,No WoRMS ID,No WoRMS ID,Paracalanus sp. C AC-2013
ASV836,Animalia,Animalia Kingdom,Animalia Kingdom,Arthropoda,Arthropoda Phylum,Crustacea,Crustacea Subphylum,Crustacea Subphylum,Multicrustacea,Copepoda,Copepoda Class,Neocopepoda,Neocopepoda Infraclass,Calanoida,Calanoida Order,Calanoida Order,Gymnoplea,Temoridae,Temoridae Family,Temoridae Family,Temoridae Family,Eurytemora,Eurytemora americana
ASV234,No WoRMS ID,No WoRMS ID,No WoRMS ID,No WoRMS ID,No WoRMS ID,No WoRMS ID,No WoRMS ID,No WoRMS ID,No WoRMS ID,No WoRMS ID,No WoRMS ID,No WoRMS ID,No WoRMS ID,No WoRMS ID,No WoRMS ID,No WoRMS ID,No WoRMS ID,No WoRMS ID,No WoRMS ID,No WoRMS ID,No WoRMS ID,No WoRMS ID,Calanoida sp. NJCGS407-10
ASV661,Animalia,Animalia Kingdom,Animalia Kingdom,Arthropoda,Arthropoda Phylum,Crustacea,Crustacea Subphylum,Crustacea Subphylum,Multicrustacea,Copepoda,Copepoda Class,Neocopepoda,Neocopepoda Infraclass,Cyclopoida,Cyclopida,Cyclopida Suborder,Podoplea,Halicyclopidae,Halicyclopidae Family,Halicyclopidae Family,Halicyclopidae Family,Halicyclops,Halicyclops itohi
ASV236,No WoRMS ID,No WoRMS ID,No WoRMS ID,No WoRMS ID,No WoRMS ID,No WoRMS ID,No WoRMS ID,No WoRMS ID,No WoRMS ID,No WoRMS ID,No WoRMS ID,No WoRMS ID,No WoRMS ID,No WoRMS ID,No WoRMS ID,No WoRMS ID,No WoRMS ID,No WoRMS ID,No WoRMS ID,No WoRMS ID,No WoRMS ID,No WoRMS ID,Cyclopidae sp. CCG1
ASV268,No WoRMS ID,No WoRMS ID,No WoRMS ID,No WoRMS ID,No WoRMS ID,No WoRMS ID,No WoRMS ID,No WoRMS ID,No WoRMS ID,No WoRMS ID,No WoRMS ID,No WoRMS ID,No WoRMS ID,No WoRMS ID,No WoRMS ID,No WoRMS ID,No WoRMS ID,No WoRMS ID,No WoRMS ID,No WoRMS ID,No WoRMS ID,No WoRMS ID,Cyclopidae sp. CCG1
ASV424,No WoRMS ID,No WoRMS ID,No WoRMS ID,No WoRMS ID,No WoRMS ID,No WoRMS ID,No WoRMS ID,No WoRMS ID,No WoRMS ID,No WoRMS ID,No WoRMS ID,No WoRMS ID,No WoRMS ID,No WoRMS ID,No WoRMS ID,No WoRMS ID,No WoRMS ID,No WoRMS ID,No WoRMS ID,No WoRMS ID,No WoRMS ID,No WoRMS ID,Cyclopidae sp. CCG1
ASV556,No WoRMS ID,No WoRMS ID,No WoRMS ID,No WoRMS ID,No WoRMS ID,No WoRMS ID,No WoRMS ID,No WoRMS ID,No WoRMS ID,No WoRMS ID,No WoRMS ID,No WoRMS ID,No WoRMS ID,No WoRMS ID,No WoRMS ID,No WoRMS ID,No WoRMS ID,No WoRMS ID,No WoRMS ID,No WoRMS ID,No WoRMS ID,No WoRMS ID,Cyclopidae sp. CCG1
ASV582,No WoRMS ID,No WoRMS ID,No WoRMS ID,No WoRMS ID,No WoRMS ID,No WoRMS ID,No WoRMS ID,No WoRMS ID,No WoRMS ID,No WoRMS ID,No WoRMS ID,No WoRMS ID,No WoRMS ID,No WoRMS ID,No WoRMS ID,No WoRMS ID,No WoRMS ID,No WoRMS ID,No WoRMS ID,No WoRMS ID,No WoRMS ID,No WoRMS ID,Cyclopidae sp. CCG1
ASV665,No WoRMS ID,No WoRMS ID,No WoRMS ID,No WoRMS ID,No WoRMS ID,No WoRMS ID,No WoRMS ID,No WoRMS ID,No WoRMS ID,No WoRMS ID,No WoRMS ID,No WoRMS ID,No WoRMS ID,No WoRMS ID,No WoRMS ID,No WoRMS ID,No WoRMS ID,No WoRMS ID,No WoRMS ID,No WoRMS ID,No WoRMS ID,No WoRMS ID,Cyclopidae sp. CCG1
ASV701,No WoRMS ID,No WoRMS ID,No WoRMS ID,No WoRMS ID,No WoRMS ID,No WoRMS ID,No WoRMS ID,No WoRMS ID,No WoRMS ID,No WoRMS ID,No WoRMS ID,No WoRMS ID,No WoRMS ID,No WoRMS ID,No WoRMS ID,No WoRMS ID,No WoRMS ID,No WoRMS ID,No WoRMS ID,No WoRMS ID,No WoRMS ID,No WoRMS ID,Cyclopidae sp. CCG1
ASV724,No WoRMS ID,No WoRMS ID,No WoRMS ID,No WoRMS ID,No WoRMS ID,No WoRMS ID,No WoRMS ID,No WoRMS ID,No WoRMS ID,No WoRMS ID,No WoRMS ID,No WoRMS ID,No WoRMS ID,No WoRMS ID,No WoRMS ID,No WoRMS ID,No WoRMS ID,No WoRMS ID,No WoRMS ID,No WoRMS ID,No WoRMS ID,No WoRMS ID,Cyclopidae sp. CCG1
ASV751,No WoRMS ID,No WoRMS ID,No WoRMS ID,No WoRMS ID,No WoRMS ID,No WoRMS ID,No WoRMS ID,No WoRMS ID,No WoRMS ID,No WoRMS ID,No WoRMS ID,No WoRMS ID,No WoRMS ID,No WoRMS ID,No WoRMS ID,No WoRMS ID,No WoRMS ID,No WoRMS ID,No WoRMS ID,No WoRMS ID,No WoRMS ID,No WoRMS ID,Cyclopidae sp. CCG1
ASV762,No WoRMS ID,No WoRMS ID,No WoRMS ID,No WoRMS ID,No WoRMS ID,No WoRMS ID,No WoRMS ID,No WoRMS ID,No WoRMS ID,No WoRMS ID,No WoRMS ID,No WoRMS ID,No WoRMS ID,No WoRMS ID,No WoRMS ID,No WoRMS ID,No WoRMS ID,No WoRMS ID,No WoRMS ID,No WoRMS ID,No WoRMS ID,No WoRMS ID,Cyclopidae sp. CCG1
ASV875,No WoRMS ID,No WoRMS ID,No WoRMS ID,No WoRMS ID,No WoRMS ID,No WoRMS ID,No WoRMS ID,No WoRMS ID,No WoRMS ID,No WoRMS ID,No WoRMS ID,No WoRMS ID,No WoRMS ID,No WoRMS ID,No WoRMS ID,No WoRMS ID,No WoRMS ID,No WoRMS ID,No WoRMS ID,No WoRMS ID,No WoRMS ID,No WoRMS ID,Cyclopidae sp. CCG1
ASV886,No WoRMS ID,No WoRMS ID,No WoRMS ID,No WoRMS ID,No WoRMS ID,No WoRMS ID,No WoRMS ID,No WoRMS ID,No WoRMS ID,No WoRMS ID,No WoRMS ID,No WoRMS ID,No WoRMS ID,No WoRMS ID,No WoRMS ID,No WoRMS ID,No WoRMS ID,No WoRMS ID,No WoRMS ID,No WoRMS ID,No WoRMS ID,No WoRMS ID,Cyclopidae sp. CCG1
ASV888,No WoRMS ID,No WoRMS ID,No WoRMS ID,No WoRMS ID,No WoRMS ID,No WoRMS ID,No WoRMS ID,No WoRMS ID,No WoRMS ID,No WoRMS ID,No WoRMS ID,No WoRMS ID,No WoRMS ID,No WoRMS ID,No WoRMS ID,No WoRMS ID,No WoRMS ID,No WoRMS ID,No WoRMS ID,No WoRMS ID,No WoRMS ID,No WoRMS ID,Cyclopidae sp. CCG1
ASV940,No WoRMS ID,No WoRMS ID,No WoRMS ID,No WoRMS ID,No WoRMS ID,No WoRMS ID,No WoRMS ID,No WoRMS ID,No WoRMS ID,No WoRMS ID,No WoRMS ID,No WoRMS ID,No WoRMS ID,No WoRMS ID,No WoRMS ID,No WoRMS ID,No WoRMS ID,No WoRMS ID,No WoRMS ID,No WoRMS ID,No WoRMS ID,No WoRMS ID,Cyclopidae sp. CCG1
ASV975,No WoRMS ID,No WoRMS ID,No WoRMS ID,No WoRMS ID,No WoRMS ID,No WoRMS ID,No WoRMS ID,No WoRMS ID,No WoRMS ID,No WoRMS ID,No WoRMS ID,No WoRMS ID,No WoRMS ID,No WoRMS ID,No WoRMS ID,No WoRMS ID,No WoRMS ID,No WoRMS ID,No WoRMS ID,No WoRMS ID,No WoRMS ID,No WoRMS ID,Cyclopidae sp. CCG1
ASV987,No WoRMS ID,No WoRMS ID,No WoRMS ID,No WoRMS ID,No WoRMS ID,No WoRMS ID,No WoRMS ID,No WoRMS ID,No WoRMS ID,No WoRMS ID,No WoRMS ID,No WoRMS ID,No WoRMS ID,No WoRMS ID,No WoRMS ID,No WoRMS ID,No WoRMS ID,No WoRMS ID,No WoRMS ID,No WoRMS ID,No WoRMS ID,No WoRMS ID,Cyclopidae sp. CCG1
ASV1026,No WoRMS ID,No WoRMS ID,No WoRMS ID,No WoRMS ID,No WoRMS ID,No WoRMS ID,No WoRMS ID,No WoRMS ID,No WoRMS ID,No WoRMS ID,No WoRMS ID,No WoRMS ID,No WoRMS ID,No WoRMS ID,No WoRMS ID,No WoRMS ID,No WoRMS ID,No WoRMS ID,No WoRMS ID,No WoRMS ID,No WoRMS ID,No WoRMS ID,Cyclopidae sp. CCG1
ASV1053,No WoRMS ID,No WoRMS ID,No WoRMS ID,No WoRMS ID,No WoRMS ID,No WoRMS ID,No WoRMS ID,No WoRMS ID,No WoRMS ID,No WoRMS ID,No WoRMS ID,No WoRMS ID,No WoRMS ID,No WoRMS ID,No WoRMS ID,No WoRMS ID,No WoRMS ID,No WoRMS ID,No WoRMS ID,No WoRMS ID,No WoRMS ID,No WoRMS ID,Cyclopidae sp. CCG1
ASV1139,No WoRMS ID,No WoRMS ID,No WoRMS ID,No WoRMS ID,No WoRMS ID,No WoRMS ID,No WoRMS ID,No WoRMS ID,No WoRMS ID,No WoRMS ID,No WoRMS ID,No WoRMS ID,No WoRMS ID,No WoRMS ID,No WoRMS ID,No WoRMS ID,No WoRMS ID,No WoRMS ID,No WoRMS ID,No WoRMS ID,No WoRMS ID,No WoRMS ID,Cyclopidae sp. CCG1
ASV1204,No WoRMS ID,No WoRMS ID,No WoRMS ID,No WoRMS ID,No WoRMS ID,No WoRMS ID,No WoRMS ID,No WoRMS ID,No WoRMS ID,No WoRMS ID,No WoRMS ID,No WoRMS ID,No WoRMS ID,No WoRMS ID,No WoRMS ID,No WoRMS ID,No WoRMS ID,No WoRMS ID,No WoRMS ID,No WoRMS ID,No WoRMS ID,No WoRMS ID,Cyclopidae sp. CCG1
ASV12,Animalia,Animalia Kingdom,Animalia Kingdom,Arthropoda,Arthropoda Phylum,Crustacea,Crustacea Subphylum,Crustacea Subphylum,Multicrustacea,Copepoda,Copepoda Class,Neocopepoda,Neocopepoda Infraclass,Cyclopoida,Oithonida,Oithonida Suborder,Podoplea,Oithonidae,Oithonidae Family,Oithonidae Family,Oithonidae Family,Oithona,Oithona similis
ASV300,Animalia,Animalia Kingdom,Animalia Kingdom,Arthropoda,Arthropoda Phylum,Crustacea,Crustacea Subphylum,Crustacea Subphylum,Multicrustacea,Copepoda,Copepoda Class,Neocopepoda,Neocopepoda Infraclass,Cyclopoida,Oithonida,Oithonida Suborder,Podoplea,Oithonidae,Oithonidae Family,Oithonidae Family,Oithonidae Family,Oithona,Oithona similis
ASV404,Animalia,Animalia Kingdom,Animalia Kingdom,Arthropoda,Arthropoda Phylum,Crustacea,Crustacea Subphylum,Crustacea Subphylum,Multicrustacea,Copepoda,Copepoda Class,Neocopepoda,Neocopepoda Infraclass,Cyclopoida,Oithonida,Oithonida Suborder,Podoplea,Oithonidae,Oithonidae Family,Oithonidae Family,Oithonidae Family,Oithona,Oithona similis
ASV477,Animalia,Animalia Kingdom,Animalia Kingdom,Arthropoda,Arthropoda Phylum,Crustacea,Crustacea Subphylum,Crustacea Subphylum,Multicrustacea,Copepoda,Copepoda Class,Neocopepoda,Neocopepoda Infraclass,Cyclopoida,Oithonida,Oithonida Suborder,Podoplea,Oithonidae,Oithonidae Family,Oithonidae Family,Oithonidae Family,Oithona,Oithona similis
ASV528,Animalia,Animalia Kingdom,Animalia Kingdom,Arthropoda,Arthropoda Phylum,Crustacea,Crustacea Subphylum,Crustacea Subphylum,Multicrustacea,Copepoda,Copepoda Class,Neocopepoda,Neocopepoda Infraclass,Cyclopoida,Oithonida,Oithonida Suborder,Podoplea,Oithonidae,Oithonidae Family,Oithonidae Family,Oithonidae Family,Oithona,Oithona similis
ASV702,Animalia,Animalia Kingdom,Animalia Kingdom,Arthropoda,Arthropoda Phylum,Crustacea,Crustacea Subphylum,Crustacea Subphylum,Multicrustacea,Copepoda,Copepoda Class,Neocopepoda,Neocopepoda Infraclass,Cyclopoida,Oithonida,Oithonida Suborder,Podoplea,Oithonidae,Oithonidae Family,Oithonidae Family,Oithonidae Family,Oithona,Oithona similis
ASV713,Animalia,Animalia Kingdom,Animalia Kingdom,Arthropoda,Arthropoda Phylum,Crustacea,Crustacea Subphylum,Crustacea Subphylum,Multicrustacea,Copepoda,Copepoda Class,Neocopepoda,Neocopepoda Infraclass,Cyclopoida,Oithonida,Oithonida Suborder,Podoplea,Oithonidae,Oithonidae Family,Oithonidae Family,Oithonidae Family,Oithona,Oithona similis
ASV865,Animalia,Animalia Kingdom,Animalia Kingdom,Arthropoda,Arthropoda Phylum,Crustacea,Crustacea Subphylum,Crustacea Subphylum,Multicrustacea,Copepoda,Copepoda Class,Neocopepoda,Neocopepoda Infraclass,Cyclopoida,Oithonida,Oithonida Suborder,Podoplea,Oithonidae,Oithonidae Family,Oithonidae Family,Oithonidae Family,Oithona,Oithona similis
ASV1146,Animalia,Animalia Kingdom,Animalia Kingdom,Arthropoda,Arthropoda Phylum,Crustacea,Crustacea Subphylum,Crustacea Subphylum,Multicrustacea,Copepoda,Copepoda Class,Neocopepoda,Neocopepoda Infraclass,Cyclopoida,Oithonida,Oithonida Suborder,Podoplea,Oithonidae,Oithonidae Family,Oithonidae Family,Oithonidae Family,Oithona,Oithona similis
ASV1174,Animalia,Animalia Kingdom,Animalia Kingdom,Arthropoda,Arthropoda Phylum,Crustacea,Crustacea Subphylum,Crustacea Subphylum,Multicrustacea,Copepoda,Copepoda Class,Neocopepoda,Neocopepoda Infraclass,Cyclopoida,Oithonida,Oithonida Suborder,Podoplea,Oithonidae,Oithonidae Family,Oithonidae Family,Oithonidae Family,Oithona,Oithona similis
ASV325,No WoRMS ID,No WoRMS ID,No WoRMS ID,No WoRMS ID,No WoRMS ID,No WoRMS ID,No WoRMS ID,No WoRMS ID,No WoRMS ID,No WoRMS ID,No WoRMS ID,No WoRMS ID,No WoRMS ID,No WoRMS ID,No WoRMS ID,No WoRMS ID,No WoRMS ID,No WoRMS ID,No WoRMS ID,No WoRMS ID,No WoRMS ID,No WoRMS ID,Harpacticoida sp. 10BIOBC-00676
ASV451,Animalia,Animalia Kingdom,Animalia Kingdom,Arthropoda,Arthropoda Phylum,Crustacea,Crustacea Subphylum,Crustacea Subphylum,Multicrustacea,Copepoda,Copepoda Class,Neocopepoda,Neocopepoda Infraclass,Cyclopoida,Ergasilida,Ergasilida Suborder,Podoplea,Corycaeidae,Corycaeidae Family,Corycaeidae Family,Corycaeidae Family,Ditrichocorycaeus,Ditrichocorycaeus anglicus
ASV262,Animalia,Animalia Kingdom,Animalia Kingdom,Arthropoda,Arthropoda Phylum,Crustacea,Crustacea Subphylum,Crustacea Subphylum,Multicrustacea,Copepoda,Copepoda Class,Neocopepoda,Neocopepoda Infraclass,Cyclopoida,Ergasilida,Ergasilida Suborder,Podoplea,Corycaeidae,Corycaeidae Family,Corycaeidae Family,Corycaeidae Family,Corycaeidae Family,Corycaeidae
ASV1058,Animalia,Animalia Kingdom,Animalia Kingdom,Arthropoda,Arthropoda Phylum,Crustacea,Crustacea Subphylum,Crustacea Subphylum,Multicrustacea,Copepoda,Copepoda Class,Neocopepoda,Neocopepoda Infraclass,Cyclopoida,Ergasilida,Ergasilida Suborder,Podoplea,Corycaeidae,Corycaeidae Family,Corycaeidae Family,Corycaeidae Family,Corycaeidae Family,Corycaeidae
ASV364,Animalia,Animalia Kingdom,Animalia Kingdom,Arthropoda,Arthropoda Phylum,Crustacea,Crustacea Subphylum,Crustacea Subphylum,Multicrustacea,Thecostraca,Cirripedia,Thoracica,Thoracica Infraclass,Balanomorpha,Balanomorpha Order,Balanomorpha Order,Thoracicalcarea,Balanidae,Balaninae,Balanoidea,Balanoidea Superfamily,Balanus,Balanus crenatus
ASV958,Animalia,Animalia Kingdom,Animalia Kingdom,Arthropoda,Arthropoda Phylum,Crustacea,Crustacea Subphylum,Crustacea Subphylum,Multicrustacea,Thecostraca,Cirripedia,Thoracica,Thoracica Infraclass,Balanomorpha,Balanomorpha Order,Balanomorpha Order,Thoracicalcarea,Balanidae,Balaninae,Balanoidea,Balanoidea Superfamily,Balanus,Balanus glandula
ASV281,Animalia,Animalia Kingdom,Animalia Kingdom,Arthropoda,Arthropoda Phylum,Crustacea,Crustacea Subphylum,Crustacea Subphylum,Multicrustacea,Thecostraca,Cirripedia,Thoracica,Thoracica Infraclass,Balanomorpha,Balanomorpha Order,Balanomorpha Order,Thoracicalcarea,Balanidae,Balaninae,Balanoidea,Balanoidea Superfamily,Balanus,Balanus
ASV1015,Chromista,Chromista Kingdom,Chromista Kingdom,Heterokontophyta,Heterokontophyta Phylum,Bacillariophytina,Bacillariophytina Subphylum,Bacillariophytina Subphylum,Bacillariophytina Subphylum,Bacillariophyceae,Bacillariophycidae,Bacillariophycidae Subclass,Bacillariophycidae Subclass,Bacillariales,Bacillariales Order,Bacillariales Order,Bacillariophycanae,Bacillariaceae,Bacillariaceae Family,Bacillariaceae Family,Bacillariaceae Family,Cylindrotheca,Cylindrotheca closterium
ASV1224,Chromista,Chromista Kingdom,Chromista Kingdom,Heterokontophyta,Heterokontophyta Phylum,Bacillariophytina,Bacillariophytina Subphylum,Bacillariophytina Subphylum,Bacillariophytina Subphylum,Bacillariophyceae,Bacillariophycidae,Bacillariophycidae Subclass,Bacillariophycidae Subclass,Bacillariales,Bacillariales Order,Bacillariales Order,Bacillariophycanae,Bacillariaceae,Bacillariaceae Family,Bacillariaceae Family,Bacillariaceae Family,Cylindrotheca,Cylindrotheca closterium
ASV1334,No WoRMS ID,No WoRMS ID,No WoRMS ID,No WoRMS ID,No WoRMS ID,No WoRMS ID,No WoRMS ID,No WoRMS ID,No WoRMS ID,No WoRMS ID,No WoRMS ID,No WoRMS ID,No WoRMS ID,No WoRMS ID,No WoRMS ID,No WoRMS ID,No WoRMS ID,No WoRMS ID,No WoRMS ID,No WoRMS ID,No WoRMS ID,No WoRMS ID,Nitzschia cf. promare
ASV1945,No WoRMS ID,No WoRMS ID,No WoRMS ID,No WoRMS ID,No WoRMS ID,No WoRMS ID,No WoRMS ID,No WoRMS ID,No WoRMS ID,No WoRMS ID,No WoRMS ID,No WoRMS ID,No WoRMS ID,No WoRMS ID,No WoRMS ID,No WoRMS ID,No WoRMS ID,No WoRMS ID,No WoRMS ID,No WoRMS ID,No WoRMS ID,No WoRMS ID,Nitzschia inconspicua
ASV2031,Chromista,Chromista Kingdom,Chromista Kingdom,Heterokontophyta,Heterokontophyta Phylum,Bacillariophytina,Bacillariophytina Subphylum,Bacillariophytina Subphylum,Bacillariophytina Subphylum,Bacillariophyceae,Bacillariophycidae,Bacillariophycidae Subclass,Bacillariophycidae Subclass,Bacillariales,Bacillariales Order,Bacillariales Order,Bacillariophycanae,Bacillariaceae,Bacillariaceae Family,Bacillariaceae Family,Bacillariaceae Family,Nitzschia,Nitzschia
ASV1848,Chromista,Chromista Kingdom,Chromista Kingdom,Heterokontophyta,Heterokontophyta Phylum,Bacillariophytina,Bacillariophytina Subphylum,Bacillariophytina Subphylum,Bacillariophytina Subphylum,Bacillariophyceae,Bacillariophycidae,Bacillariophycidae Subclass,Bacillariophycidae Subclass,Bacillariales,Bacillariales Order,Bacillariales Order,Bacillariophycanae,Bacillariaceae,Bacillariaceae Family,Bacillariaceae Family,Bacillariaceae Family,Pseudo-nitzschia,Pseudo-nitzschia delicatissima
ASV1159,Chromista,Chromista Kingdom,Chromista Kingdom,Heterokontophyta,Heterokontophyta Phylum,Bacillariophytina,Bacillariophytina Subphylum,Bacillariophytina Subphylum,Bacillariophytina Subphylum,Bacillariophyceae,Bacillariophycidae,Bacillariophycidae Subclass,Bacillariophycidae Subclass,Bacillariales,Bacillariales Order,Bacillariales Order,Bacillariophycanae,Bacillariaceae,Bacillariaceae Family,Bacillariaceae Family,Bacillariaceae Family,Pseudo-nitzschia,Pseudo-nitzschia multiseries
ASV771,Chromista,Chromista Kingdom,Chromista Kingdom,Heterokontophyta,Heterokontophyta Phylum,Bacillariophytina,Bacillariophytina Subphylum,Bacillariophytina Subphylum,Bacillariophytina Subphylum,Bacillariophyceae,Bacillariophycidae,Bacillariophycidae Subclass,Bacillariophycidae Subclass,Naviculales,Naviculales Order,Naviculales Order,Bacillariophycanae,Pleurosigmataceae,Pleurosigmataceae Family,Pleurosigmataceae Family,Pleurosigmataceae Family,Pleurosigma,Pleurosigma strigosum
ASV2097,Chromista,Chromista Kingdom,Chromista Kingdom,Heterokontophyta,Heterokontophyta Phylum,Bacillariophytina,Bacillariophytina Subphylum,Bacillariophytina Subphylum,Bacillariophytina Subphylum,Bacillariophyceae,Coscinodiscophycidae,Coscinodiscophycidae Subclass,Coscinodiscophycidae Subclass,Chaetocerotanae incertae sedis,Chaetocerotanae incertae sedis Order,Chaetocerotanae incertae sedis Order,Chaetocerotanae,Attheyaceae,Attheyaceae Family,Attheyaceae Family,Attheyaceae Family,Attheya,Attheya longicornis
ASV971,Chromista,Chromista Kingdom,Chromista Kingdom,Heterokontophyta,Heterokontophyta Phylum,Bacillariophytina,Bacillariophytina Subphylum,Bacillariophytina Subphylum,Bacillariophytina Subphylum,Bacillariophyceae,Coscinodiscophycidae,Coscinodiscophycidae Subclass,Coscinodiscophycidae Subclass,Chaetocerotanae incertae sedis,Chaetocerotanae incertae sedis Order,Chaetocerotanae incertae sedis Order,Chaetocerotanae,Chaetocerotaceae,Chaetocerotaceae Family,Chaetocerotaceae Family,Chaetocerotaceae Family,Chaetoceros,Chaetoceros socialis
ASV1184,Chromista,Chromista Kingdom,Chromista Kingdom,Heterokontophyta,Heterokontophyta Phylum,Bacillariophytina,Bacillariophytina Subphylum,Bacillariophytina Subphylum,Bacillariophytina Subphylum,Bacillariophyceae,Coscinodiscophycidae,Coscinodiscophycidae Subclass,Coscinodiscophycidae Subclass,Chaetocerotanae incertae sedis,Chaetocerotanae incertae sedis Order,Chaetocerotanae incertae sedis Order,Chaetocerotanae,Chaetocerotaceae,Chaetocerotaceae Family,Chaetocerotaceae Family,Chaetocerotaceae Family,Chaetoceros,Chaetoceros socialis
ASV660,Chromista,Chromista Kingdom,Chromista Kingdom,Heterokontophyta,Heterokontophyta Phylum,Bacillariophytina,Bacillariophytina Subphylum,Bacillariophytina Subphylum,Bacillariophytina Subphylum,Bacillariophyceae,Coscinodiscophycidae,Coscinodiscophycidae Subclass,Coscinodiscophycidae Subclass,Chaetocerotanae incertae sedis,Chaetocerotanae incertae sedis Order,Chaetocerotanae incertae sedis Order,Chaetocerotanae,Chaetocerotaceae,Chaetocerotaceae Family,Chaetocerotaceae Family,Chaetocerotaceae Family,Chaetoceros,Chaetoceros tenuissimus
ASV138,Chromista,Chromista Kingdom,Chromista Kingdom,Heterokontophyta,Heterokontophyta Phylum,Bacillariophytina,Bacillariophytina Subphylum,Bacillariophytina Subphylum,Bacillariophytina Subphylum,Bacillariophyceae,Coscinodiscophycidae,Coscinodiscophycidae Subclass,Coscinodiscophycidae Subclass,Chaetocerotanae incertae sedis,Chaetocerotanae incertae sedis Order,Chaetocerotanae incertae sedis Order,Chaetocerotanae,Chaetocerotaceae,Chaetocerotaceae Family,Chaetocerotaceae Family,Chaetocerotaceae Family,Chaetoceros,Chaetoceros
ASV151,Chromista,Chromista Kingdom,Chromista Kingdom,Heterokontophyta,Heterokontophyta Phylum,Bacillariophytina,Bacillariophytina Subphylum,Bacillariophytina Subphylum,Bacillariophytina Subphylum,Bacillariophyceae,Coscinodiscophycidae,Coscinodiscophycidae Subclass,Coscinodiscophycidae Subclass,Coscinodiscales,Coscinodiscales Order,Coscinodiscales Order,Coscinodiscanae,Coscinodiscaceae,Coscinodiscaceae Family,Coscinodiscaceae Family,Coscinodiscaceae Family,Coscinodiscus,Coscinodiscus granii
ASV564,Chromista,Chromista Kingdom,Chromista Kingdom,Heterokontophyta,Heterokontophyta Phylum,Bacillariophytina,Bacillariophytina Subphylum,Bacillariophytina Subphylum,Bacillariophytina Subphylum,Bacillariophyceae,Coscinodiscophycidae,Coscinodiscophycidae Subclass,Coscinodiscophycidae Subclass,Coscinodiscales,Coscinodiscales Order,Coscinodiscales Order,Coscinodiscanae,Coscinodiscaceae,Coscinodiscaceae Family,Coscinodiscaceae Family,Coscinodiscaceae Family,Coscinodiscus,Coscinodiscus granii
ASV610,Chromista,Chromista Kingdom,Chromista Kingdom,Heterokontophyta,Heterokontophyta Phylum,Bacillariophytina,Bacillariophytina Subphylum,Bacillariophytina Subphylum,Bacillariophytina Subphylum,Bacillariophyceae,Coscinodiscophycidae,Coscinodiscophycidae Subclass,Coscinodiscophycidae Subclass,Melosirales,Melosirales Order,Melosirales Order,Coscinodiscanae,Melosiraceae,Melosiraceae Family,Melosiraceae Family,Melosiraceae Family,Melosira,Melosira nummuloides
ASV993,Chromista,Chromista Kingdom,Chromista Kingdom,Heterokontophyta,Heterokontophyta Phylum,Bacillariophytina,Bacillariophytina Subphylum,Bacillariophytina Subphylum,Bacillariophytina Subphylum,Bacillariophyceae,Coscinodiscophycidae,Coscinodiscophycidae Subclass,Coscinodiscophycidae Subclass,Melosirales,Melosirales Order,Melosirales Order,Coscinodiscanae,Melosiraceae,Melosiraceae Family,Melosiraceae Family,Melosiraceae Family,Melosira,Melosira nummuloides
ASV1413,Chromista,Chromista Kingdom,Chromista Kingdom,Heterokontophyta,Heterokontophyta Phylum,Bacillariophytina,Bacillariophytina Subphylum,Bacillariophytina Subphylum,Bacillariophytina Subphylum,Bacillariophyceae,Coscinodiscophycidae,Coscinodiscophycidae Subclass,Coscinodiscophycidae Subclass,Melosirales,Melosirales Order,Melosirales Order,Coscinodiscanae,Melosiraceae,Melosiraceae Family,Melosiraceae Family,Melosiraceae Family,Melosira,Melosira nummuloides
ASV1175,Chromista,Chromista Kingdom,Chromista Kingdom,Heterokontophyta,Heterokontophyta Phylum,Bacillariophytina,Bacillariophytina Subphylum,Bacillariophytina Subphylum,Bacillariophytina Subphylum,Bacillariophyceae,Coscinodiscophycidae,Coscinodiscophycidae Subclass,Coscinodiscophycidae Subclass,Melosirales,Melosirales Order,Melosirales Order,Coscinodiscanae,Stephanopyxidaceae,Stephanopyxidaceae Family,Stephanopyxidaceae Family,Stephanopyxidaceae Family,Stephanopyxis,Stephanopyxis turris
ASV740,Chromista,Chromista Kingdom,Chromista Kingdom,Heterokontophyta,Heterokontophyta Phylum,Bacillariophytina,Bacillariophytina Subphylum,Bacillariophytina Subphylum,Bacillariophytina Subphylum,Bacillariophyceae,Coscinodiscophycidae,Coscinodiscophycidae Subclass,Coscinodiscophycidae Subclass,Paraliales,Paraliales Order,Paraliales Order,Coscinodiscanae,Paraliaceae,Paraliaceae Family,Paraliaceae Family,Paraliaceae Family,Paralia,Paralia sulcata
ASV203,Chromista,Chromista Kingdom,Chromista Kingdom,Heterokontophyta,Heterokontophyta Phylum,Bacillariophytina,Bacillariophytina Subphylum,Bacillariophytina Subphylum,Bacillariophytina Subphylum,Bacillariophyceae,Coscinodiscophycidae,Coscinodiscophycidae Subclass,Coscinodiscophycidae Subclass,Rhizosoleniales,Rhizosoleniales Order,Rhizosoleniales Order,Rhizosolenianae,Rhizosoleniaceae,Rhizosoleniaceae Family,Rhizosoleniaceae Family,Rhizosoleniaceae Family,Guinardia,Guinardia delicatula
ASV1830,Chromista,Chromista Kingdom,Chromista Kingdom,Heterokontophyta,Heterokontophyta Phylum,Bacillariophytina,Bacillariophytina Subphylum,Bacillariophytina Subphylum,Bacillariophytina Subphylum,Bacillariophyceae,Coscinodiscophycidae,Coscinodiscophycidae Subclass,Coscinodiscophycidae Subclass,Rhizosoleniales,Rhizosoleniales Order,Rhizosoleniales Order,Rhizosolenianae,Rhizosoleniaceae,Rhizosoleniaceae Family,Rhizosoleniaceae Family,Rhizosoleniaceae Family,Rhizosolenia,Rhizosolenia setigera
ASV2080,No WoRMS ID,No WoRMS ID,No WoRMS ID,No WoRMS ID,No WoRMS ID,No WoRMS ID,No WoRMS ID,No WoRMS ID,No WoRMS ID,No WoRMS ID,No WoRMS ID,No WoRMS ID,No WoRMS ID,No WoRMS ID,No WoRMS ID,No WoRMS ID,No WoRMS ID,No WoRMS ID,No WoRMS ID,No WoRMS ID,No WoRMS ID,No WoRMS ID,Cyclostephanos sp. WTC16
ASV10,Chromista,Chromista Kingdom,Chromista Kingdom,Heterokontophyta,Heterokontophyta Phylum,Bacillariophytina,Bacillariophytina Subphylum,Bacillariophytina Subphylum,Bacillariophytina Subphylum,Bacillariophyceae,Coscinodiscophycidae,Coscinodiscophycidae Subclass,Coscinodiscophycidae Subclass,Thalassiosirales,Thalassiosirales Order,Thalassiosirales Order,Thalassiosiranae,Stephanodiscaceae,Stephanodiscaceae Family,Stephanodiscaceae Family,Stephanodiscaceae Family,Cyclotella,Cyclotella cryptica
ASV1144,Chromista,Chromista Kingdom,Chromista Kingdom,Heterokontophyta,Heterokontophyta Phylum,Bacillariophytina,Bacillariophytina Subphylum,Bacillariophytina Subphylum,Bacillariophytina Subphylum,Bacillariophyceae,Coscinodiscophycidae,Coscinodiscophycidae Subclass,Coscinodiscophycidae Subclass,Thalassiosirales,Thalassiosirales Order,Thalassiosirales Order,Thalassiosiranae,Stephanodiscaceae,Stephanodiscaceae Family,Stephanodiscaceae Family,Stephanodiscaceae Family,Cyclotella,Cyclotella cryptica
ASV1670,Chromista,Chromista Kingdom,Chromista Kingdom,Heterokontophyta,Heterokontophyta Phylum,Bacillariophytina,Bacillariophytina Subphylum,Bacillariophytina Subphylum,Bacillariophytina Subphylum,Bacillariophyceae,Coscinodiscophycidae,Coscinodiscophycidae Subclass,Coscinodiscophycidae Subclass,Thalassiosirales,Thalassiosirales Order,Thalassiosirales Order,Thalassiosiranae,Thalassiosiranae Superorder,Thalassiosiranae Superorder,Thalassiosiranae Superorder,Thalassiosiranae Superorder,Thalassiosiranae Superorder,Thalassiosirales
ASV6,Chromista,Chromista Kingdom,Chromista Kingdom,Heterokontophyta,Heterokontophyta Phylum,Bacillariophytina,Bacillariophytina Subphylum,Bacillariophytina Subphylum,Bacillariophytina Subphylum,Bacillariophyceae,Coscinodiscophycidae,Coscinodiscophycidae Subclass,Coscinodiscophycidae Subclass,Thalassiosirales,Thalassiosirales Order,Thalassiosirales Order,Thalassiosiranae,Skeletonemaceae,Skeletonemaceae Family,Skeletonemaceae Family,Skeletonemaceae Family,Skeletonema,Skeletonema
ASV1180,Chromista,Chromista Kingdom,Chromista Kingdom,Heterokontophyta,Heterokontophyta Phylum,Bacillariophytina,Bacillariophytina Subphylum,Bacillariophytina Subphylum,Bacillariophytina Subphylum,Bacillariophyceae,Coscinodiscophycidae,Coscinodiscophycidae Subclass,Coscinodiscophycidae Subclass,Thalassiosirales,Thalassiosirales Order,Thalassiosirales Order,Thalassiosiranae,Skeletonemaceae,Skeletonemaceae Family,Skeletonemaceae Family,Skeletonemaceae Family,Skeletonema,Skeletonema
ASV129,Chromista,Chromista Kingdom,Chromista Kingdom,Heterokontophyta,Heterokontophyta Phylum,Bacillariophytina,Bacillariophytina Subphylum,Bacillariophytina Subphylum,Bacillariophytina Subphylum,Bacillariophyceae,Coscinodiscophycidae,Coscinodiscophycidae Subclass,Coscinodiscophycidae Subclass,Thalassiosirales,Thalassiosirales Order,Thalassiosirales Order,Thalassiosiranae,Skeletonemaceae,Skeletonemaceae Family,Skeletonemaceae Family,Skeletonemaceae Family,Skeletonema,Skeletonema costatum
ASV2,Chromista,Chromista Kingdom,Chromista Kingdom,Heterokontophyta,Heterokontophyta Phylum,Bacillariophytina,Bacillariophytina Subphylum,Bacillariophytina Subphylum,Bacillariophytina Subphylum,Bacillariophyceae,Coscinodiscophycidae,Coscinodiscophycidae Subclass,Coscinodiscophycidae Subclass,Thalassiosirales,Thalassiosirales Order,Thalassiosirales Order,Thalassiosiranae,Skeletonemaceae,Skeletonemaceae Family,Skeletonemaceae Family,Skeletonemaceae Family,Skeletonema,Skeletonema dohrnii
ASV36,Chromista,Chromista Kingdom,Chromista Kingdom,Heterokontophyta,Heterokontophyta Phylum,Bacillariophytina,Bacillariophytina Subphylum,Bacillariophytina Subphylum,Bacillariophytina Subphylum,Bacillariophyceae,Coscinodiscophycidae,Coscinodiscophycidae Subclass,Coscinodiscophycidae Subclass,Thalassiosirales,Thalassiosirales Order,Thalassiosirales Order,Thalassiosiranae,Skeletonemaceae,Skeletonemaceae Family,Skeletonemaceae Family,Skeletonemaceae Family,Skeletonema,Skeletonema dohrnii
ASV85,Chromista,Chromista Kingdom,Chromista Kingdom,Heterokontophyta,Heterokontophyta Phylum,Bacillariophytina,Bacillariophytina Subphylum,Bacillariophytina Subphylum,Bacillariophytina Subphylum,Bacillariophyceae,Coscinodiscophycidae,Coscinodiscophycidae Subclass,Coscinodiscophycidae Subclass,Thalassiosirales,Thalassiosirales Order,Thalassiosirales Order,Thalassiosiranae,Skeletonemaceae,Skeletonemaceae Family,Skeletonemaceae Family,Skeletonemaceae Family,Skeletonema,Skeletonema japonicum
ASV1329,Chromista,Chromista Kingdom,Chromista Kingdom,Heterokontophyta,Heterokontophyta Phylum,Bacillariophytina,Bacillariophytina Subphylum,Bacillariophytina Subphylum,Bacillariophytina Subphylum,Bacillariophyceae,Coscinodiscophycidae,Coscinodiscophycidae Subclass,Coscinodiscophycidae Subclass,Thalassiosirales,Thalassiosirales Order,Thalassiosirales Order,Thalassiosiranae,Skeletonemaceae,Skeletonemaceae Family,Skeletonemaceae Family,Skeletonemaceae Family,Skeletonema,Skeletonema japonicum
ASV327,Chromista,Chromista Kingdom,Chromista Kingdom,Heterokontophyta,Heterokontophyta Phylum,Bacillariophytina,Bacillariophytina Subphylum,Bacillariophytina Subphylum,Bacillariophytina Subphylum,Bacillariophyceae,Coscinodiscophycidae,Coscinodiscophycidae Subclass,Coscinodiscophycidae Subclass,Thalassiosirales,Thalassiosirales Order,Thalassiosirales Order,Thalassiosiranae,Thalassiosiraceae,Thalassiosiraceae Family,Thalassiosiraceae Family,Thalassiosiraceae Family,Thalassiosira,Thalassiosira nordenskioeldii
ASV1974,Chromista,Chromista Kingdom,Chromista Kingdom,Heterokontophyta,Heterokontophyta Phylum,Bacillariophytina,Bacillariophytina Subphylum,Bacillariophytina Subphylum,Bacillariophytina Subphylum,Bacillariophyceae,Coscinodiscophycidae,Coscinodiscophycidae Subclass,Coscinodiscophycidae Subclass,Thalassiosirales,Thalassiosirales Order,Thalassiosirales Order,Thalassiosiranae,Thalassiosiraceae,Thalassiosiraceae Family,Thalassiosiraceae Family,Thalassiosiraceae Family,Thalassiosira,Thalassiosira nordenskioeldii
ASV540,Chromista,Chromista Kingdom,Chromista Kingdom,Heterokontophyta,Heterokontophyta Phylum,Bacillariophytina,Bacillariophytina Subphylum,Bacillariophytina Subphylum,Bacillariophytina Subphylum,Bacillariophyceae,Coscinodiscophycidae,Coscinodiscophycidae Subclass,Coscinodiscophycidae Subclass,Thalassiosirales,Thalassiosirales Order,Thalassiosirales Order,Thalassiosiranae,Thalassiosiraceae,Thalassiosiraceae Family,Thalassiosiraceae Family,Thalassiosiraceae Family,Thalassiosira,Thalassiosira pseudonana
ASV1700,Chromista,Chromista Kingdom,Chromista Kingdom,Heterokontophyta,Heterokontophyta Phylum,Bacillariophytina,Bacillariophytina Subphylum,Bacillariophytina Subphylum,Bacillariophytina Subphylum,Bacillariophyceae,Coscinodiscophycidae,Coscinodiscophycidae Subclass,Coscinodiscophycidae Subclass,Thalassiosirales,Thalassiosirales Order,Thalassiosirales Order,Thalassiosiranae,Thalassiosiraceae,Thalassiosiraceae Family,Thalassiosiraceae Family,Thalassiosiraceae Family,Thalassiosira,Thalassiosira pseudonana
ASV422,Chromista,Chromista Kingdom,Chromista Kingdom,Heterokontophyta,Heterokontophyta Phylum,Bacillariophytina,Bacillariophytina Subphylum,Bacillariophytina Subphylum,Bacillariophytina Subphylum,Bacillariophyceae,Fragilariophycidae,Fragilariophycidae Subclass,Fragilariophycidae Subclass,Fragilariales,Fragilariales Order,Fragilariales Order,Fragilariophycanae,Fragilariaceae,Fragilariaceae Family,Fragilariaceae Family,Fragilariaceae Family,Asterionellopsis,Asterionellopsis glacialis
ASV131,Chromista,Chromista Kingdom,Chromista Kingdom,Heterokontophyta,Heterokontophyta Phylum,Bacillariophytina,Bacillariophytina Subphylum,Bacillariophytina Subphylum,Bacillariophytina Subphylum,Bacillariophyceae,Fragilariophycidae,Fragilariophycidae Subclass,Fragilariophycidae Subclass,Thalassionematales,Thalassionematales Order,Thalassionematales Order,Fragilariophycanae,Thalassionemataceae,Thalassionemataceae Family,Thalassionemataceae Family,Thalassionemataceae Family,Thalassionema,Thalassionema nitzschioides
ASV84,Chromista,Chromista Kingdom,Chromista Kingdom,Heterokontophyta,Heterokontophyta Phylum,Bacillariophytina,Bacillariophytina Subphylum,Bacillariophytina Subphylum,Bacillariophytina Subphylum,Bacillariophyceae,Coscinodiscophycidae,Coscinodiscophycidae Subclass,Coscinodiscophycidae Subclass,Cymatosirales,Cymatosirales Order,Cymatosirales Order,Cymatosirophycanae,Cymatosiraceae,Cymatosiraceae Family,Cymatosiraceae Family,Cymatosiraceae Family,Minutocellus,Minutocellus polymorphus
ASV472,Chromista,Chromista Kingdom,Chromista Kingdom,Heterokontophyta,Heterokontophyta Phylum,Bacillariophytina,Bacillariophytina Subphylum,Bacillariophytina Subphylum,Bacillariophytina Subphylum,Bacillariophyceae,Coscinodiscophycidae,Coscinodiscophycidae Subclass,Coscinodiscophycidae Subclass,Cymatosirales,Cymatosirales Order,Cymatosirales Order,Cymatosirophycanae,Cymatosiraceae,Cymatosiraceae Family,Cymatosiraceae Family,Cymatosiraceae Family,Minutocellus,Minutocellus polymorphus
ASV635,Chromista,Chromista Kingdom,Chromista Kingdom,Heterokontophyta,Heterokontophyta Phylum,Bacillariophytina,Bacillariophytina Subphylum,Bacillariophytina Subphylum,Bacillariophytina Subphylum,Bacillariophyceae,Coscinodiscophycidae,Coscinodiscophycidae Subclass,Coscinodiscophycidae Subclass,Cymatosirales,Cymatosirales Order,Cymatosirales Order,Cymatosirophycanae,Cymatosiraceae,Cymatosiraceae Family,Cymatosiraceae Family,Cymatosiraceae Family,Minutocellus,Minutocellus polymorphus
ASV421,No WoRMS ID,No WoRMS ID,No WoRMS ID,No WoRMS ID,No WoRMS ID,No WoRMS ID,No WoRMS ID,No WoRMS ID,No WoRMS ID,No WoRMS ID,No WoRMS ID,No WoRMS ID,No WoRMS ID,No WoRMS ID,No WoRMS ID,No WoRMS ID,No WoRMS ID,No WoRMS ID,No WoRMS ID,No WoRMS ID,No WoRMS ID,No WoRMS ID,Trieres chinensis
ASV1386,No WoRMS ID,No WoRMS ID,No WoRMS ID,No WoRMS ID,No WoRMS ID,No WoRMS ID,No WoRMS ID,No WoRMS ID,No WoRMS ID,No WoRMS ID,No WoRMS ID,No WoRMS ID,No WoRMS ID,No WoRMS ID,No WoRMS ID,No WoRMS ID,No WoRMS ID,No WoRMS ID,No WoRMS ID,No WoRMS ID,No WoRMS ID,No WoRMS ID,Trieres chinensis
ASV1193,Chromista,Chromista Kingdom,Chromista Kingdom,Heterokontophyta,Heterokontophyta Phylum,Bacillariophytina,Bacillariophytina Subphylum,Bacillariophytina Subphylum,Bacillariophytina Subphylum,Bacillariophyceae,Coscinodiscophycidae,Coscinodiscophycidae Subclass,Coscinodiscophycidae Subclass,Hemiaulales,Hemiaulales Order,Hemiaulales Order,Biddulphianae,Hemiaulaceae,Hemiaulaceae Family,Hemiaulaceae Family,Hemiaulaceae Family,Eucampia,Eucampia zodiacus
ASV1747,Chromista,Chromista Kingdom,Chromista Kingdom,Heterokontophyta,Heterokontophyta Phylum,Bacillariophytina,Bacillariophytina Subphylum,Bacillariophytina Subphylum,Bacillariophytina Subphylum,Bacillariophyceae,Coscinodiscophycidae,Coscinodiscophycidae Subclass,Coscinodiscophycidae Subclass,Hemiaulales,Hemiaulales Order,Hemiaulales Order,Biddulphianae,Hemiaulaceae,Hemiaulaceae Family,Hemiaulaceae Family,Hemiaulaceae Family,Eucampia,Eucampia zodiacus
ASV1163,Chromista,Chromista Kingdom,Chromista Kingdom,Heterokontophyta,Heterokontophyta Phylum,Bacillariophytina,Bacillariophytina Subphylum,Bacillariophytina Subphylum,Bacillariophytina Subphylum,Bacillariophyceae,Coscinodiscophycidae,Coscinodiscophycidae Subclass,Coscinodiscophycidae Subclass,Hemiaulales,Hemiaulales Order,Hemiaulales Order,Biddulphianae,Hemiaulaceae,Hemiaulaceae Family,Hemiaulaceae Family,Hemiaulaceae Family,Hemiaulus,Hemiaulus sinensis
ASV53,Chromista,Chromista Kingdom,Chromista Kingdom,Heterokontophyta,Heterokontophyta Phylum,Bacillariophytina,Bacillariophytina Subphylum,Bacillariophytina Subphylum,Bacillariophytina Subphylum,Bacillariophyceae,Coscinodiscophycidae,Coscinodiscophycidae Subclass,Coscinodiscophycidae Subclass,Lithodesmiales,Lithodesmiales Order,Lithodesmiales Order,Lithodesmiophycanae,Lithodesmiaceae,Lithodesmiaceae Family,Lithodesmiaceae Family,Lithodesmiaceae Family,Ditylum,Ditylum brightwellii
ASV1097,Chromista,Chromista Kingdom,Chromista Kingdom,Bacillariophyta,Bacillariophyta Phylum,Bacillariophyta Phylum,Bacillariophyta Phylum,Bacillariophyta Phylum,Bacillariophyta Phylum,Bacillariophyta Phylum,Bacillariophyta Phylum,Bacillariophyta Phylum,Bacillariophyta Phylum,Bacillariophyta Phylum,Bacillariophyta Phylum,Bacillariophyta Phylum,Bacillariophyta Phylum,Bacillariophyta Phylum,Bacillariophyta Phylum,Bacillariophyta Phylum,Bacillariophyta Phylum,Bacillariophyta Phylum,Bacillariophyta
ASV1455,Chromista,Chromista Kingdom,Chromista Kingdom,Bacillariophyta,Bacillariophyta Phylum,Bacillariophyta Phylum,Bacillariophyta Phylum,Bacillariophyta Phylum,Bacillariophyta Phylum,Bacillariophyta Phylum,Bacillariophyta Phylum,Bacillariophyta Phylum,Bacillariophyta Phylum,Bacillariophyta Phylum,Bacillariophyta Phylum,Bacillariophyta Phylum,Bacillariophyta Phylum,Bacillariophyta Phylum,Bacillariophyta Phylum,Bacillariophyta Phylum,Bacillariophyta Phylum,Bacillariophyta Phylum,Bacillariophyta
ASV915,Animalia,Animalia Kingdom,Animalia Kingdom,Bryozoa,Bryozoa Phylum,Bryozoa Phylum,Bryozoa Phylum,Bryozoa Phylum,Bryozoa Phylum,Gymnolaemata,Gymnolaemata Class,Gymnolaemata Class,Gymnolaemata Class,Cheilostomatida,Membraniporina,Membraniporina Suborder,Membraniporina Suborder,Membraniporidae,Membraniporidae Family,Membraniporoidea,Membraniporoidea Superfamily,Membranipora,Membranipora
ASV1407,No WoRMS ID,No WoRMS ID,No WoRMS ID,No WoRMS ID,No WoRMS ID,No WoRMS ID,No WoRMS ID,No WoRMS ID,No WoRMS ID,No WoRMS ID,No WoRMS ID,No WoRMS ID,No WoRMS ID,No WoRMS ID,No WoRMS ID,No WoRMS ID,No WoRMS ID,No WoRMS ID,No WoRMS ID,No WoRMS ID,No WoRMS ID,No WoRMS ID,Amathia sp. 149959
ASV1149,Animalia,Animalia Kingdom,Animalia Kingdom,Bryozoa,Bryozoa Phylum,Bryozoa Phylum,Bryozoa Phylum,Bryozoa Phylum,Bryozoa Phylum,Gymnolaemata,Gymnolaemata Class,Gymnolaemata Class,Gymnolaemata Class,Ctenostomatida,Vesicularina,Vesicularina Suborder,Vesicularina Suborder,Vesiculariidae,Vesiculariidae Family,Vesicularioidea,Vesicularioidea Superfamily,Vesicularioidea Superfamily,Vesiculariidae
ASV193,Animalia,Animalia Kingdom,Animalia Kingdom,Chordata,Chordata Phylum,Tunicata,Tunicata Subphylum,Tunicata Subphylum,Tunicata Subphylum,Ascidiacea,Ascidiacea Class,Ascidiacea Class,Ascidiacea Class,Phlebobranchia,Phlebobranchia Order,Phlebobranchia Order,Phlebobranchia Order,Perophoridae,Perophoridae Family,Perophoridae Family,Perophoridae Family,Perophora,Perophora sagamiensis
ASV227,Animalia,Animalia Kingdom,Animalia Kingdom,Chordata,Chordata Phylum,Tunicata,Tunicata Subphylum,Tunicata Subphylum,Tunicata Subphylum,Ascidiacea,Ascidiacea Class,Ascidiacea Class,Ascidiacea Class,Phlebobranchia,Phlebobranchia Order,Phlebobranchia Order,Phlebobranchia Order,Perophoridae,Perophoridae Family,Perophoridae Family,Perophoridae Family,Perophora,Perophora sagamiensis
ASV1062,Animalia,Animalia Kingdom,Animalia Kingdom,Chordata,Chordata Phylum,Tunicata,Tunicata Subphylum,Tunicata Subphylum,Tunicata Subphylum,Ascidiacea,Ascidiacea Class,Ascidiacea Class,Ascidiacea Class,Phlebobranchia,Phlebobranchia Order,Phlebobranchia Order,Phlebobranchia Order,Perophoridae,Perophoridae Family,Perophoridae Family,Perophoridae Family,Perophora,Perophora sagamiensis
ASV1200,Animalia,Animalia Kingdom,Animalia Kingdom,Chordata,Chordata Phylum,Tunicata,Tunicata Subphylum,Tunicata Subphylum,Tunicata Subphylum,Ascidiacea,Ascidiacea Class,Ascidiacea Class,Ascidiacea Class,Phlebobranchia,Phlebobranchia Order,Phlebobranchia Order,Phlebobranchia Order,Perophoridae,Perophoridae Family,Perophoridae Family,Perophoridae Family,Perophora,Perophora sagamiensis
ASV1564,Chromista,Harosa,Heterokonta,Ochrophyta,Ochrophyta Phylum,Ochrophyta Phylum,Ochrophyta Phylum,Ochrophyta Phylum,Ochrophyta Phylum,Chrysophyceae,Chrysophyceae Class,Chrysophyceae Class,Chrysophyceae Class,Chromulinales,Chromulinales Order,Chromulinales Order,Chromulinales Order,Paraphysomonadaceae,Paraphysomonadaceae Family,Paraphysomonadaceae Family,Paraphysomonadaceae Family,Paraphysomonas,Paraphysomonas
ASV1240,Chromista,Hacrobia,Hacrobia Subkingdom,Cryptophyta,Cryptophyta Phylum,Cryptophyta Phylum,Cryptophyta Phylum,Cryptophyta Phylum,Cryptophyta Phylum,Cryptophyta incertae sedis,Cryptophyta incertae sedis Class,Cryptophyta incertae sedis Class,Cryptophyta incertae sedis Class,Cryptophyta incertae sedis Class,Cryptophyta incertae sedis Class,Cryptophyta incertae sedis Class,Cryptophyta incertae sedis Class,Katablepharidaceae,Katablepharidaceae Family,Katablepharidaceae Family,Katablepharidaceae Family,Leucocryptos,Leucocryptos marina
ASV1262,Chromista,Hacrobia,Hacrobia Subkingdom,Cryptophyta,Cryptophyta Phylum,Cryptophyta Phylum,Cryptophyta Phylum,Cryptophyta Phylum,Cryptophyta Phylum,Cryptophyta incertae sedis,Cryptophyta incertae sedis Class,Cryptophyta incertae sedis Class,Cryptophyta incertae sedis Class,Cryptophyta incertae sedis Class,Cryptophyta incertae sedis Class,Cryptophyta incertae sedis Class,Cryptophyta incertae sedis Class,Katablepharidaceae,Katablepharidaceae Family,Katablepharidaceae Family,Katablepharidaceae Family,Leucocryptos,Leucocryptos marina
ASV653,Animalia,Animalia Kingdom,Animalia Kingdom,Ctenophora,Ctenophora Phylum,Ctenophora Phylum,Ctenophora Phylum,Ctenophora Phylum,Ctenophora Phylum,Tentaculata,Tentaculata Class,Tentaculata Class,Tentaculata Class,Cydippida,Cydippida Order,Cydippida Order,Cydippida Order,Cydippidae,Cydippidae Family,Cydippidae Family,Cydippidae Family,Pleurobrachia,Pleurobrachia bachei
ASV785,Animalia,Animalia Kingdom,Animalia Kingdom,Ctenophora,Ctenophora Phylum,Ctenophora Phylum,Ctenophora Phylum,Ctenophora Phylum,Ctenophora Phylum,Tentaculata,Tentaculata Class,Tentaculata Class,Tentaculata Class,Cydippida,Cydippida Order,Cydippida Order,Cydippida Order,Cydippidae,Cydippidae Family,Cydippidae Family,Cydippidae Family,Pleurobrachia,Pleurobrachia bachei
ASV960,Chromista,Harosa,Heterokonta,Ochrophyta,Ochrophyta Phylum,Ochrophyta Phylum,Ochrophyta Phylum,Ochrophyta Phylum,Ochrophyta Phylum,Dictyochophyceae,Dictyochophyceae Class,Dictyochophyceae Class,Dictyochophyceae Class,Dictyochales,Dictyochales Order,Dictyochales Order,Dictyochales Order,Dictyochaceae,Dictyochaceae Family,Dictyochaceae Family,Dictyochaceae Family,Dictyocha,Dictyocha speculum
ASV870,Chromista,Harosa,Alveolata,Myzozoa,Myzozoa Phylum,Dinozoa,Dinozoa Subphylum,Dinoflagellata,Dinoflagellata Infraphylum,Dinophyceae,Dinophyceae Class,Dinophyceae Class,Dinophyceae Class,Gymnodiniales,Gymnodiniales Order,Gymnodiniales Order,Gymnodiniales Order,Kareniaceae,Kareniaceae Family,Kareniaceae Family,Kareniaceae Family,Kareniaceae Family,Kareniaceae
ASV1671,Chromista,Harosa,Alveolata,Myzozoa,Myzozoa Phylum,Dinozoa,Dinozoa Subphylum,Dinoflagellata,Dinoflagellata Infraphylum,Dinophyceae,Dinophyceae Class,Dinophyceae Class,Dinophyceae Class,Gymnodiniales,Gymnodiniales Order,Gymnodiniales Order,Gymnodiniales Order,Kareniaceae,Kareniaceae Family,Kareniaceae Family,Kareniaceae Family,Kareniaceae Family,Kareniaceae
ASV1703,Chromista,Harosa,Alveolata,Myzozoa,Myzozoa Phylum,Dinozoa,Dinozoa Subphylum,Dinoflagellata,Dinoflagellata Infraphylum,Dinophyceae,Dinophyceae Class,Dinophyceae Class,Dinophyceae Class,Lophodiniales,Lophodiniales Order,Lophodiniales Order,Lophodiniales Order,Lophodiniaceae,Lophodiniaceae Family,Lophodiniaceae Family,Lophodiniaceae Family,Biecheleriopsis,Biecheleriopsis adriatica
ASV1621,Chromista,Harosa,Alveolata,Myzozoa,Myzozoa Phylum,Dinozoa,Dinozoa Subphylum,Dinoflagellata,Dinoflagellata Infraphylum,Dinophyceae,Dinophyceae Class,Dinophyceae Class,Dinophyceae Class,Dinophyceae Class,Dinophyceae Class,Dinophyceae Class,Dinophyceae Class,Dinophyceae Class,Dinophyceae Class,Dinophyceae Class,Dinophyceae Class,Dinophyceae Class,Dinophyceae
ASV840,Chromista,Harosa,Alveolata,Myzozoa,Myzozoa Phylum,Dinozoa,Dinozoa Subphylum,Dinoflagellata,Dinoflagellata Infraphylum,Dinophyceae,Peridiniphycidae,Peridiniphycidae Subclass,Peridiniphycidae Subclass,Peridiniales,Peridiniales Order,Peridiniales Order,Peridiniales Order,Heterocapsaceae,Heterocapsaceae Family,Heterocapsaceae Family,Heterocapsaceae Family,Heterocapsa,Heterocapsa rotundata
ASV897,Chromista,Harosa,Alveolata,Myzozoa,Myzozoa Phylum,Dinozoa,Dinozoa Subphylum,Dinoflagellata,Dinoflagellata Infraphylum,Dinophyceae,Peridiniphycidae,Peridiniphycidae Subclass,Peridiniphycidae Subclass,Peridiniales,Peridiniales Order,Peridiniales Order,Peridiniales Order,Heterocapsaceae,Heterocapsaceae Family,Heterocapsaceae Family,Heterocapsaceae Family,Heterocapsa,Heterocapsa rotundata
ASV173,Chromista,Harosa,Alveolata,Myzozoa,Myzozoa Phylum,Dinozoa,Dinozoa Subphylum,Dinoflagellata,Dinoflagellata Infraphylum,Dinophyceae,Dinophyceae Class,Dinophyceae Class,Dinophyceae Class,Thoracosphaerales,Thoracosphaerales Order,Thoracosphaerales Order,Thoracosphaerales Order,Thoracosphaeraceae,Thoracosphaeraceae Family,Thoracosphaeraceae Family,Thoracosphaeraceae Family,Scrippsiella,Scrippsiella precaria
ASV764,No WoRMS ID,No WoRMS ID,No WoRMS ID,No WoRMS ID,No WoRMS ID,No WoRMS ID,No WoRMS ID,No WoRMS ID,No WoRMS ID,No WoRMS ID,No WoRMS ID,No WoRMS ID,No WoRMS ID,No WoRMS ID,No WoRMS ID,No WoRMS ID,No WoRMS ID,No WoRMS ID,No WoRMS ID,No WoRMS ID,No WoRMS ID,No WoRMS ID,Protoperidinium cf. depressum
ASV1516,No WoRMS ID,No WoRMS ID,No WoRMS ID,No WoRMS ID,No WoRMS ID,No WoRMS ID,No WoRMS ID,No WoRMS ID,No WoRMS ID,No WoRMS ID,No WoRMS ID,No WoRMS ID,No WoRMS ID,No WoRMS ID,No WoRMS ID,No WoRMS ID,No WoRMS ID,No WoRMS ID,No WoRMS ID,No WoRMS ID,No WoRMS ID,No WoRMS ID,Protoperidinium cf. depressum
ASV1986,No WoRMS ID,No WoRMS ID,No WoRMS ID,No WoRMS ID,No WoRMS ID,No WoRMS ID,No WoRMS ID,No WoRMS ID,No WoRMS ID,No WoRMS ID,No WoRMS ID,No WoRMS ID,No WoRMS ID,No WoRMS ID,No WoRMS ID,No WoRMS ID,No WoRMS ID,No WoRMS ID,No WoRMS ID,No WoRMS ID,No WoRMS ID,No WoRMS ID,Prorocentrum sp. S8-82
ASV1770,Chromista,Harosa,Alveolata,Myzozoa,Myzozoa Phylum,Dinozoa,Dinozoa Subphylum,Dinoflagellata,Dinoflagellata Infraphylum,Dinophyceae,Dinophyceae Class,Dinophyceae Class,Dinophyceae Class,Prorocentrales,Prorocentrales Order,Prorocentrales Order,Prorocentrales Order,Prorocentraceae,Prorocentraceae Family,Prorocentraceae Family,Prorocentraceae Family,Prorocentrum,Prorocentrum
ASV780,Chromista,Harosa,Alveolata,Myzozoa,Myzozoa Phylum,Dinozoa,Dinozoa Subphylum,Dinoflagellata,Dinoflagellata Infraphylum,Dinophyceae,Dinophyceae Class,Dinophyceae Class,Dinophyceae Class,Syndiniales,Syndiniales Order,Syndiniales Order,Syndiniales Order,Syndiniaceae,Syndiniaceae Family,Syndiniaceae Family,Syndiniaceae Family,Hematodinium,Hematodinium
ASV394,Chromista,Harosa,Alveolata,Myzozoa,Myzozoa Phylum,Dinozoa,Dinozoa Subphylum,Dinoflagellata,Dinoflagellata Infraphylum,Dinophyceae,Dinophyceae Class,Dinophyceae Class,Dinophyceae Class,Dinophyceae Class,Dinophyceae Class,Dinophyceae Class,Dinophyceae Class,Dinophyceae Class,Dinophyceae Class,Dinophyceae Class,Dinophyceae Class,Dinophyceae Class,Dinophyceae
ASV518,Chromista,Harosa,Alveolata,Myzozoa,Myzozoa Phylum,Dinozoa,Dinozoa Subphylum,Dinoflagellata,Dinoflagellata Infraphylum,Dinophyceae,Dinophyceae Class,Dinophyceae Class,Dinophyceae Class,Dinophyceae Class,Dinophyceae Class,Dinophyceae Class,Dinophyceae Class,Dinophyceae Class,Dinophyceae Class,Dinophyceae Class,Dinophyceae Class,Dinophyceae Class,Dinophyceae
ASV617,Chromista,Harosa,Alveolata,Myzozoa,Myzozoa Phylum,Dinozoa,Dinozoa Subphylum,Dinoflagellata,Dinoflagellata Infraphylum,Dinophyceae,Dinophyceae Class,Dinophyceae Class,Dinophyceae Class,Dinophyceae Class,Dinophyceae Class,Dinophyceae Class,Dinophyceae Class,Dinophyceae Class,Dinophyceae Class,Dinophyceae Class,Dinophyceae Class,Dinophyceae Class,Dinophyceae
ASV631,Chromista,Harosa,Alveolata,Myzozoa,Myzozoa Phylum,Dinozoa,Dinozoa Subphylum,Dinoflagellata,Dinoflagellata Infraphylum,Dinophyceae,Dinophyceae Class,Dinophyceae Class,Dinophyceae Class,Dinophyceae Class,Dinophyceae Class,Dinophyceae Class,Dinophyceae Class,Dinophyceae Class,Dinophyceae Class,Dinophyceae Class,Dinophyceae Class,Dinophyceae Class,Dinophyceae
ASV707,Chromista,Harosa,Alveolata,Myzozoa,Myzozoa Phylum,Dinozoa,Dinozoa Subphylum,Dinoflagellata,Dinoflagellata Infraphylum,Dinophyceae,Dinophyceae Class,Dinophyceae Class,Dinophyceae Class,Dinophyceae Class,Dinophyceae Class,Dinophyceae Class,Dinophyceae Class,Dinophyceae Class,Dinophyceae Class,Dinophyceae Class,Dinophyceae Class,Dinophyceae Class,Dinophyceae
ASV884,Chromista,Harosa,Alveolata,Myzozoa,Myzozoa Phylum,Dinozoa,Dinozoa Subphylum,Dinoflagellata,Dinoflagellata Infraphylum,Dinophyceae,Dinophyceae Class,Dinophyceae Class,Dinophyceae Class,Dinophyceae Class,Dinophyceae Class,Dinophyceae Class,Dinophyceae Class,Dinophyceae Class,Dinophyceae Class,Dinophyceae Class,Dinophyceae Class,Dinophyceae Class,Dinophyceae
ASV1041,Chromista,Harosa,Alveolata,Myzozoa,Myzozoa Phylum,Dinozoa,Dinozoa Subphylum,Dinoflagellata,Dinoflagellata Infraphylum,Dinophyceae,Dinophyceae Class,Dinophyceae Class,Dinophyceae Class,Dinophyceae Class,Dinophyceae Class,Dinophyceae Class,Dinophyceae Class,Dinophyceae Class,Dinophyceae Class,Dinophyceae Class,Dinophyceae Class,Dinophyceae Class,Dinophyceae
ASV1297,Chromista,Harosa,Alveolata,Myzozoa,Myzozoa Phylum,Dinozoa,Dinozoa Subphylum,Dinoflagellata,Dinoflagellata Infraphylum,Dinophyceae,Dinophyceae Class,Dinophyceae Class,Dinophyceae Class,Dinophyceae Class,Dinophyceae Class,Dinophyceae Class,Dinophyceae Class,Dinophyceae Class,Dinophyceae Class,Dinophyceae Class,Dinophyceae Class,Dinophyceae Class,Dinophyceae
ASV1559,Chromista,Harosa,Alveolata,Myzozoa,Myzozoa Phylum,Dinozoa,Dinozoa Subphylum,Dinoflagellata,Dinoflagellata Infraphylum,Dinophyceae,Dinophyceae Class,Dinophyceae Class,Dinophyceae Class,Dinophyceae Class,Dinophyceae Class,Dinophyceae Class,Dinophyceae Class,Dinophyceae Class,Dinophyceae Class,Dinophyceae Class,Dinophyceae Class,Dinophyceae Class,Dinophyceae
ASV2074,Chromista,Harosa,Alveolata,Myzozoa,Myzozoa Phylum,Dinozoa,Dinozoa Subphylum,Dinoflagellata,Dinoflagellata Infraphylum,Dinophyceae,Dinophyceae Class,Dinophyceae Class,Dinophyceae Class,Dinophyceae Class,Dinophyceae Class,Dinophyceae Class,Dinophyceae Class,Dinophyceae Class,Dinophyceae Class,Dinophyceae Class,Dinophyceae Class,Dinophyceae Class,Dinophyceae
ASV576,Animalia,Animalia Kingdom,Animalia Kingdom,Echinodermata,Echinodermata Phylum,Asterozoa,Asterozoa Subphylum,Asterozoa Subphylum,Asterozoa Subphylum,Ophiuroidea,Myophiuroida,Metophiurida,Metophiurida Infraclass,Amphilepidida,Gnathophiurina,Gnathophiurina Suborder,Ophintegrida,Amphiuridae,Amphiuridae Family,Amphiuroidea,Amphiuroidea Superfamily,Amphiodia,Amphiodia
ASV873,Animalia,Animalia Kingdom,Animalia Kingdom,Echinodermata,Echinodermata Phylum,Asterozoa,Asterozoa Subphylum,Asterozoa Subphylum,Asterozoa Subphylum,Ophiuroidea,Myophiuroida,Metophiurida,Metophiurida Infraclass,Amphilepidida,Gnathophiurina,Gnathophiurina Suborder,Ophintegrida,Amphiuridae,Amphiuridae Family,Amphiuroidea,Amphiuroidea Superfamily,Amphiodia,Amphiodia
ASV905,Animalia,Animalia Kingdom,Animalia Kingdom,Echinodermata,Echinodermata Phylum,Asterozoa,Asterozoa Subphylum,Asterozoa Subphylum,Asterozoa Subphylum,Ophiuroidea,Myophiuroida,Metophiurida,Metophiurida Infraclass,Amphilepidida,Gnathophiurina,Gnathophiurina Suborder,Ophintegrida,Amphiuridae,Amphiuridae Family,Amphiuroidea,Amphiuroidea Superfamily,Amphiodia,Amphiodia
ASV1022,Animalia,Animalia Kingdom,Animalia Kingdom,Echinodermata,Echinodermata Phylum,Asterozoa,Asterozoa Subphylum,Asterozoa Subphylum,Asterozoa Subphylum,Ophiuroidea,Myophiuroida,Metophiurida,Metophiurida Infraclass,Amphilepidida,Gnathophiurina,Gnathophiurina Suborder,Ophintegrida,Amphiuridae,Amphiuridae Family,Amphiuroidea,Amphiuroidea Superfamily,Amphiodia,Amphiodia
ASV1461,Protozoa,Sarcomastigota,Sarcomastigota Subkingdom,Amoebozoa,Amoebozoa Phylum,Lobosa,Lobosa Subphylum,Lobosa Subphylum,Lobosa Subphylum,Discosea,Flabellinia,Flabellinia Subclass,Flabellinia Subclass,Dactylopodida,Dactylopodida Order,Dactylopodida Order,Dactylopodida Order,Dactylopodida incertae sedis,Dactylopodida incertae sedis Family,Dactylopodida incertae sedis Family,Dactylopodida incertae sedis Family,Squamamoeba,Squamamoeba japonica
ASV927,Chromista,Hacrobia,Hacrobia Subkingdom,Haptophyta,Haptophyta Phylum,Haptophytina,Haptophytina Subphylum,Haptophytina Subphylum,Haptophytina Subphylum,Coccolithophyceae,Prymnesiophycidae,Prymnesiophycidae Subclass,Prymnesiophycidae Subclass,Coccolithales,Coccolithales Order,Coccolithales Order,Coccolithales Order,Coccolithaceae,Coccolithaceae Family,Coccolithaceae Family,Coccolithaceae Family,Coccolithus,Coccolithus
ASV970,Chromista,Hacrobia,Hacrobia Subkingdom,Haptophyta,Haptophyta Phylum,Haptophytina,Haptophytina Subphylum,Haptophytina Subphylum,Haptophytina Subphylum,Coccolithophyceae,Prymnesiophycidae,Prymnesiophycidae Subclass,Prymnesiophycidae Subclass,Coccolithales,Coccolithales Order,Coccolithales Order,Coccolithales Order,Coccolithaceae,Coccolithaceae Family,Coccolithaceae Family,Coccolithaceae Family,Coccolithus,Coccolithus
ASV199,Chromista,Hacrobia,Hacrobia Subkingdom,Haptophyta,Haptophyta Phylum,Haptophytina,Haptophytina Subphylum,Haptophytina Subphylum,Haptophytina Subphylum,Coccolithophyceae,Prymnesiophycidae,Prymnesiophycidae Subclass,Prymnesiophycidae Subclass,Phaeocystales,Phaeocystales Order,Phaeocystales Order,Phaeocystales Order,Phaeocystaceae,Phaeocystaceae Family,Phaeocystaceae Family,Phaeocystaceae Family,Phaeocystis,Phaeocystis antarctica
ASV1227,Chromista,Hacrobia,Hacrobia Subkingdom,Haptophyta,Haptophyta Phylum,Haptophytina,Haptophytina Subphylum,Haptophytina Subphylum,Haptophytina Subphylum,Coccolithophyceae,Prymnesiophycidae,Prymnesiophycidae Subclass,Prymnesiophycidae Subclass,Phaeocystales,Phaeocystales Order,Phaeocystales Order,Phaeocystales Order,Phaeocystaceae,Phaeocystaceae Family,Phaeocystaceae Family,Phaeocystaceae Family,Phaeocystis,Phaeocystis antarctica
ASV291,Chromista,Hacrobia,Hacrobia Subkingdom,Haptophyta,Haptophyta Phylum,Haptophytina,Haptophytina Subphylum,Haptophytina Subphylum,Haptophytina Subphylum,Coccolithophyceae,Prymnesiophycidae,Prymnesiophycidae Subclass,Prymnesiophycidae Subclass,Phaeocystales,Phaeocystales Order,Phaeocystales Order,Phaeocystales Order,Phaeocystaceae,Phaeocystaceae Family,Phaeocystaceae Family,Phaeocystaceae Family,Phaeocystis,Phaeocystis globosa
ASV1179,Animalia,Animalia Kingdom,Animalia Kingdom,Mollusca,Mollusca Phylum,Mollusca Phylum,Mollusca Phylum,Mollusca Phylum,Mollusca Phylum,Bivalvia,Autobranchia,Heteroconchia,Euheterodonta,Cardiida,Cardiida Order,Cardiida Order,Imparidentia,Cardiidae,Clinocardiinae,Cardioidea,Cardioidea Superfamily,Clinocardium,Clinocardium nuttallii
ASV450,Animalia,Animalia Kingdom,Animalia Kingdom,Mollusca,Mollusca Phylum,Mollusca Phylum,Mollusca Phylum,Mollusca Phylum,Mollusca Phylum,Bivalvia,Autobranchia,Heteroconchia,Euheterodonta,Cardiida,Cardiida Order,Cardiida Order,Imparidentia,Psammobiidae,Psammobiidae Family,Tellinoidea,Tellinoidea Superfamily,Nuttallia,Nuttallia japonica
ASV1309,Animalia,Animalia Kingdom,Animalia Kingdom,Mollusca,Mollusca Phylum,Mollusca Phylum,Mollusca Phylum,Mollusca Phylum,Mollusca Phylum,Bivalvia,Autobranchia,Heteroconchia,Euheterodonta,Galeommatida,Galeommatida Order,Galeommatida Order,Imparidentia,Lasaeidae,Montacutinae,Galeommatoidea,Galeommatoidea Superfamily,Kurtiella,Kurtiella bidentata
ASV645,Animalia,Animalia Kingdom,Animalia Kingdom,Mollusca,Mollusca Phylum,Mollusca Phylum,Mollusca Phylum,Mollusca Phylum,Mollusca Phylum,Bivalvia,Autobranchia,Heteroconchia,Euheterodonta,Myida,Myida Order,Myida Order,Imparidentia,Myidae,Myinae,Myoidea,Myoidea Superfamily,Myoidea Superfamily,Mya arenaria
ASV1415,Animalia,Animalia Kingdom,Animalia Kingdom,Mollusca,Mollusca Phylum,Mollusca Phylum,Mollusca Phylum,Mollusca Phylum,Mollusca Phylum,Bivalvia,Autobranchia,Heteroconchia,Euheterodonta,Myida,Myida Order,Myida Order,Imparidentia,Teredinidae,Bankiinae,Pholadoidea,Pholadoidea Superfamily,Bankia,Bankia setacea
ASV41,Animalia,Animalia Kingdom,Animalia Kingdom,Mollusca,Mollusca Phylum,Mollusca Phylum,Mollusca Phylum,Mollusca Phylum,Mollusca Phylum,Bivalvia,Autobranchia,Pteriomorphia,Pteriomorphia Infraclass,Mytilida,Mytilida Order,Mytilida Order,Mytilida Order,Mytilidae,Mytilinae,Mytiloidea,Mytiloidea Superfamily,Mytilus,Mytilus trossulus
ASV42,Animalia,Animalia Kingdom,Animalia Kingdom,Mollusca,Mollusca Phylum,Mollusca Phylum,Mollusca Phylum,Mollusca Phylum,Mollusca Phylum,Bivalvia,Autobranchia,Pteriomorphia,Pteriomorphia Infraclass,Mytilida,Mytilida Order,Mytilida Order,Mytilida Order,Mytilidae,Mytilinae,Mytiloidea,Mytiloidea Superfamily,Mytilus,Mytilus trossulus
ASV250,Animalia,Animalia Kingdom,Animalia Kingdom,Mollusca,Mollusca Phylum,Mollusca Phylum,Mollusca Phylum,Mollusca Phylum,Mollusca Phylum,Bivalvia,Autobranchia,Pteriomorphia,Pteriomorphia Infraclass,Mytilida,Mytilida Order,Mytilida Order,Mytilida Order,Mytilidae,Mytilinae,Mytiloidea,Mytiloidea Superfamily,Mytilus,Mytilus trossulus
ASV335,Animalia,Animalia Kingdom,Animalia Kingdom,Mollusca,Mollusca Phylum,Mollusca Phylum,Mollusca Phylum,Mollusca Phylum,Mollusca Phylum,Bivalvia,Autobranchia,Pteriomorphia,Pteriomorphia Infraclass,Mytilida,Mytilida Order,Mytilida Order,Mytilida Order,Mytilidae,Mytilinae,Mytiloidea,Mytiloidea Superfamily,Mytilus,Mytilus trossulus
ASV357,Animalia,Animalia Kingdom,Animalia Kingdom,Mollusca,Mollusca Phylum,Mollusca Phylum,Mollusca Phylum,Mollusca Phylum,Mollusca Phylum,Bivalvia,Autobranchia,Pteriomorphia,Pteriomorphia Infraclass,Mytilida,Mytilida Order,Mytilida Order,Mytilida Order,Mytilidae,Mytilinae,Mytiloidea,Mytiloidea Superfamily,Mytilus,Mytilus trossulus
ASV413,Animalia,Animalia Kingdom,Animalia Kingdom,Mollusca,Mollusca Phylum,Mollusca Phylum,Mollusca Phylum,Mollusca Phylum,Mollusca Phylum,Bivalvia,Autobranchia,Pteriomorphia,Pteriomorphia Infraclass,Mytilida,Mytilida Order,Mytilida Order,Mytilida Order,Mytilidae,Mytilinae,Mytiloidea,Mytiloidea Superfamily,Mytilus,Mytilus trossulus
ASV466,Animalia,Animalia Kingdom,Animalia Kingdom,Mollusca,Mollusca Phylum,Mollusca Phylum,Mollusca Phylum,Mollusca Phylum,Mollusca Phylum,Bivalvia,Autobranchia,Pteriomorphia,Pteriomorphia Infraclass,Mytilida,Mytilida Order,Mytilida Order,Mytilida Order,Mytilidae,Mytilinae,Mytiloidea,Mytiloidea Superfamily,Mytilus,Mytilus trossulus
ASV549,Animalia,Animalia Kingdom,Animalia Kingdom,Mollusca,Mollusca Phylum,Mollusca Phylum,Mollusca Phylum,Mollusca Phylum,Mollusca Phylum,Bivalvia,Autobranchia,Pteriomorphia,Pteriomorphia Infraclass,Mytilida,Mytilida Order,Mytilida Order,Mytilida Order,Mytilidae,Mytilinae,Mytiloidea,Mytiloidea Superfamily,Mytilus,Mytilus trossulus
ASV624,Animalia,Animalia Kingdom,Animalia Kingdom,Mollusca,Mollusca Phylum,Mollusca Phylum,Mollusca Phylum,Mollusca Phylum,Mollusca Phylum,Bivalvia,Autobranchia,Pteriomorphia,Pteriomorphia Infraclass,Mytilida,Mytilida Order,Mytilida Order,Mytilida Order,Mytilidae,Mytilinae,Mytiloidea,Mytiloidea Superfamily,Mytilus,Mytilus trossulus
ASV640,Animalia,Animalia Kingdom,Animalia Kingdom,Mollusca,Mollusca Phylum,Mollusca Phylum,Mollusca Phylum,Mollusca Phylum,Mollusca Phylum,Bivalvia,Autobranchia,Pteriomorphia,Pteriomorphia Infraclass,Mytilida,Mytilida Order,Mytilida Order,Mytilida Order,Mytilidae,Mytilinae,Mytiloidea,Mytiloidea Superfamily,Mytilus,Mytilus trossulus
ASV643,Animalia,Animalia Kingdom,Animalia Kingdom,Mollusca,Mollusca Phylum,Mollusca Phylum,Mollusca Phylum,Mollusca Phylum,Mollusca Phylum,Bivalvia,Autobranchia,Pteriomorphia,Pteriomorphia Infraclass,Mytilida,Mytilida Order,Mytilida Order,Mytilida Order,Mytilidae,Mytilinae,Mytiloidea,Mytiloidea Superfamily,Mytilus,Mytilus trossulus
ASV686,Animalia,Animalia Kingdom,Animalia Kingdom,Mollusca,Mollusca Phylum,Mollusca Phylum,Mollusca Phylum,Mollusca Phylum,Mollusca Phylum,Bivalvia,Autobranchia,Pteriomorphia,Pteriomorphia Infraclass,Mytilida,Mytilida Order,Mytilida Order,Mytilida Order,Mytilidae,Mytilinae,Mytiloidea,Mytiloidea Superfamily,Mytilus,Mytilus trossulus
ASV689,Animalia,Animalia Kingdom,Animalia Kingdom,Mollusca,Mollusca Phylum,Mollusca Phylum,Mollusca Phylum,Mollusca Phylum,Mollusca Phylum,Bivalvia,Autobranchia,Pteriomorphia,Pteriomorphia Infraclass,Mytilida,Mytilida Order,Mytilida Order,Mytilida Order,Mytilidae,Mytilinae,Mytiloidea,Mytiloidea Superfamily,Mytilus,Mytilus trossulus
ASV709,Animalia,Animalia Kingdom,Animalia Kingdom,Mollusca,Mollusca Phylum,Mollusca Phylum,Mollusca Phylum,Mollusca Phylum,Mollusca Phylum,Bivalvia,Autobranchia,Pteriomorphia,Pteriomorphia Infraclass,Mytilida,Mytilida Order,Mytilida Order,Mytilida Order,Mytilidae,Mytilinae,Mytiloidea,Mytiloidea Superfamily,Mytilus,Mytilus trossulus
ASV735,Animalia,Animalia Kingdom,Animalia Kingdom,Mollusca,Mollusca Phylum,Mollusca Phylum,Mollusca Phylum,Mollusca Phylum,Mollusca Phylum,Bivalvia,Autobranchia,Pteriomorphia,Pteriomorphia Infraclass,Mytilida,Mytilida Order,Mytilida Order,Mytilida Order,Mytilidae,Mytilinae,Mytiloidea,Mytiloidea Superfamily,Mytilus,Mytilus trossulus
ASV742,Animalia,Animalia Kingdom,Animalia Kingdom,Mollusca,Mollusca Phylum,Mollusca Phylum,Mollusca Phylum,Mollusca Phylum,Mollusca Phylum,Bivalvia,Autobranchia,Pteriomorphia,Pteriomorphia Infraclass,Mytilida,Mytilida Order,Mytilida Order,Mytilida Order,Mytilidae,Mytilinae,Mytiloidea,Mytiloidea Superfamily,Mytilus,Mytilus trossulus
ASV806,Animalia,Animalia Kingdom,Animalia Kingdom,Mollusca,Mollusca Phylum,Mollusca Phylum,Mollusca Phylum,Mollusca Phylum,Mollusca Phylum,Bivalvia,Autobranchia,Pteriomorphia,Pteriomorphia Infraclass,Mytilida,Mytilida Order,Mytilida Order,Mytilida Order,Mytilidae,Mytilinae,Mytiloidea,Mytiloidea Superfamily,Mytilus,Mytilus trossulus
ASV876,Animalia,Animalia Kingdom,Animalia Kingdom,Mollusca,Mollusca Phylum,Mollusca Phylum,Mollusca Phylum,Mollusca Phylum,Mollusca Phylum,Bivalvia,Autobranchia,Pteriomorphia,Pteriomorphia Infraclass,Mytilida,Mytilida Order,Mytilida Order,Mytilida Order,Mytilidae,Mytilinae,Mytiloidea,Mytiloidea Superfamily,Mytilus,Mytilus trossulus
ASV877,Animalia,Animalia Kingdom,Animalia Kingdom,Mollusca,Mollusca Phylum,Mollusca Phylum,Mollusca Phylum,Mollusca Phylum,Mollusca Phylum,Bivalvia,Autobranchia,Pteriomorphia,Pteriomorphia Infraclass,Mytilida,Mytilida Order,Mytilida Order,Mytilida Order,Mytilidae,Mytilinae,Mytiloidea,Mytiloidea Superfamily,Mytilus,Mytilus trossulus
ASV891,Animalia,Animalia Kingdom,Animalia Kingdom,Mollusca,Mollusca Phylum,Mollusca Phylum,Mollusca Phylum,Mollusca Phylum,Mollusca Phylum,Bivalvia,Autobranchia,Pteriomorphia,Pteriomorphia Infraclass,Mytilida,Mytilida Order,Mytilida Order,Mytilida Order,Mytilidae,Mytilinae,Mytiloidea,Mytiloidea Superfamily,Mytilus,Mytilus trossulus
ASV912,Animalia,Animalia Kingdom,Animalia Kingdom,Mollusca,Mollusca Phylum,Mollusca Phylum,Mollusca Phylum,Mollusca Phylum,Mollusca Phylum,Bivalvia,Autobranchia,Pteriomorphia,Pteriomorphia Infraclass,Mytilida,Mytilida Order,Mytilida Order,Mytilida Order,Mytilidae,Mytilinae,Mytiloidea,Mytiloidea Superfamily,Mytilus,Mytilus trossulus
ASV920,Animalia,Animalia Kingdom,Animalia Kingdom,Mollusca,Mollusca Phylum,Mollusca Phylum,Mollusca Phylum,Mollusca Phylum,Mollusca Phylum,Bivalvia,Autobranchia,Pteriomorphia,Pteriomorphia Infraclass,Mytilida,Mytilida Order,Mytilida Order,Mytilida Order,Mytilidae,Mytilinae,Mytiloidea,Mytiloidea Superfamily,Mytilus,Mytilus trossulus
ASV924,Animalia,Animalia Kingdom,Animalia Kingdom,Mollusca,Mollusca Phylum,Mollusca Phylum,Mollusca Phylum,Mollusca Phylum,Mollusca Phylum,Bivalvia,Autobranchia,Pteriomorphia,Pteriomorphia Infraclass,Mytilida,Mytilida Order,Mytilida Order,Mytilida Order,Mytilidae,Mytilinae,Mytiloidea,Mytiloidea Superfamily,Mytilus,Mytilus trossulus
ASV933,Animalia,Animalia Kingdom,Animalia Kingdom,Mollusca,Mollusca Phylum,Mollusca Phylum,Mollusca Phylum,Mollusca Phylum,Mollusca Phylum,Bivalvia,Autobranchia,Pteriomorphia,Pteriomorphia Infraclass,Mytilida,Mytilida Order,Mytilida Order,Mytilida Order,Mytilidae,Mytilinae,Mytiloidea,Mytiloidea Superfamily,Mytilus,Mytilus trossulus
ASV955,Animalia,Animalia Kingdom,Animalia Kingdom,Mollusca,Mollusca Phylum,Mollusca Phylum,Mollusca Phylum,Mollusca Phylum,Mollusca Phylum,Bivalvia,Autobranchia,Pteriomorphia,Pteriomorphia Infraclass,Mytilida,Mytilida Order,Mytilida Order,Mytilida Order,Mytilidae,Mytilinae,Mytiloidea,Mytiloidea Superfamily,Mytilus,Mytilus trossulus
ASV1029,Animalia,Animalia Kingdom,Animalia Kingdom,Mollusca,Mollusca Phylum,Mollusca Phylum,Mollusca Phylum,Mollusca Phylum,Mollusca Phylum,Bivalvia,Autobranchia,Pteriomorphia,Pteriomorphia Infraclass,Mytilida,Mytilida Order,Mytilida Order,Mytilida Order,Mytilidae,Mytilinae,Mytiloidea,Mytiloidea Superfamily,Mytilus,Mytilus trossulus
ASV1040,Animalia,Animalia Kingdom,Animalia Kingdom,Mollusca,Mollusca Phylum,Mollusca Phylum,Mollusca Phylum,Mollusca Phylum,Mollusca Phylum,Bivalvia,Autobranchia,Pteriomorphia,Pteriomorphia Infraclass,Mytilida,Mytilida Order,Mytilida Order,Mytilida Order,Mytilidae,Mytilinae,Mytiloidea,Mytiloidea Superfamily,Mytilus,Mytilus trossulus
ASV1141,Animalia,Animalia Kingdom,Animalia Kingdom,Mollusca,Mollusca Phylum,Mollusca Phylum,Mollusca Phylum,Mollusca Phylum,Mollusca Phylum,Bivalvia,Autobranchia,Pteriomorphia,Pteriomorphia Infraclass,Mytilida,Mytilida Order,Mytilida Order,Mytilida Order,Mytilidae,Mytilinae,Mytiloidea,Mytiloidea Superfamily,Mytilus,Mytilus trossulus
ASV1252,Animalia,Animalia Kingdom,Animalia Kingdom,Mollusca,Mollusca Phylum,Mollusca Phylum,Mollusca Phylum,Mollusca Phylum,Mollusca Phylum,Bivalvia,Autobranchia,Pteriomorphia,Pteriomorphia Infraclass,Mytilida,Mytilida Order,Mytilida Order,Mytilida Order,Mytilidae,Mytilinae,Mytiloidea,Mytiloidea Superfamily,Mytilus,Mytilus trossulus
ASV1276,Animalia,Animalia Kingdom,Animalia Kingdom,Mollusca,Mollusca Phylum,Mollusca Phylum,Mollusca Phylum,Mollusca Phylum,Mollusca Phylum,Bivalvia,Autobranchia,Pteriomorphia,Pteriomorphia Infraclass,Mytilida,Mytilida Order,Mytilida Order,Mytilida Order,Mytilidae,Mytilinae,Mytiloidea,Mytiloidea Superfamily,Mytilus,Mytilus trossulus
ASV1318,Animalia,Animalia Kingdom,Animalia Kingdom,Mollusca,Mollusca Phylum,Mollusca Phylum,Mollusca Phylum,Mollusca Phylum,Mollusca Phylum,Bivalvia,Autobranchia,Pteriomorphia,Pteriomorphia Infraclass,Mytilida,Mytilida Order,Mytilida Order,Mytilida Order,Mytilidae,Mytilinae,Mytiloidea,Mytiloidea Superfamily,Mytilus,Mytilus trossulus
ASV57,Animalia,Animalia Kingdom,Animalia Kingdom,Mollusca,Mollusca Phylum,Mollusca Phylum,Mollusca Phylum,Mollusca Phylum,Mollusca Phylum,Bivalvia,Autobranchia,Pteriomorphia,Pteriomorphia Infraclass,Mytilida,Mytilida Order,Mytilida Order,Mytilida Order,Mytilidae,Mytilinae,Mytiloidea,Mytiloidea Superfamily,Mytilus,Mytilus
ASV70,Animalia,Animalia Kingdom,Animalia Kingdom,Mollusca,Mollusca Phylum,Mollusca Phylum,Mollusca Phylum,Mollusca Phylum,Mollusca Phylum,Bivalvia,Autobranchia,Pteriomorphia,Pteriomorphia Infraclass,Mytilida,Mytilida Order,Mytilida Order,Mytilida Order,Mytilidae,Mytilinae,Mytiloidea,Mytiloidea Superfamily,Mytilus,Mytilus
ASV111,Animalia,Animalia Kingdom,Animalia Kingdom,Mollusca,Mollusca Phylum,Mollusca Phylum,Mollusca Phylum,Mollusca Phylum,Mollusca Phylum,Bivalvia,Autobranchia,Pteriomorphia,Pteriomorphia Infraclass,Mytilida,Mytilida Order,Mytilida Order,Mytilida Order,Mytilidae,Mytilinae,Mytiloidea,Mytiloidea Superfamily,Mytilus,Mytilus
ASV333,Animalia,Animalia Kingdom,Animalia Kingdom,Mollusca,Mollusca Phylum,Mollusca Phylum,Mollusca Phylum,Mollusca Phylum,Mollusca Phylum,Bivalvia,Autobranchia,Pteriomorphia,Pteriomorphia Infraclass,Mytilida,Mytilida Order,Mytilida Order,Mytilida Order,Mytilidae,Mytilinae,Mytiloidea,Mytiloidea Superfamily,Mytilus,Mytilus
ASV711,Animalia,Animalia Kingdom,Animalia Kingdom,Mollusca,Mollusca Phylum,Mollusca Phylum,Mollusca Phylum,Mollusca Phylum,Mollusca Phylum,Bivalvia,Autobranchia,Pteriomorphia,Pteriomorphia Infraclass,Mytilida,Mytilida Order,Mytilida Order,Mytilida Order,Mytilidae,Mytilinae,Mytiloidea,Mytiloidea Superfamily,Mytilus,Mytilus
ASV768,Animalia,Animalia Kingdom,Animalia Kingdom,Mollusca,Mollusca Phylum,Mollusca Phylum,Mollusca Phylum,Mollusca Phylum,Mollusca Phylum,Bivalvia,Autobranchia,Pteriomorphia,Pteriomorphia Infraclass,Mytilida,Mytilida Order,Mytilida Order,Mytilida Order,Mytilidae,Mytilinae,Mytiloidea,Mytiloidea Superfamily,Mytilus,Mytilus
ASV807,Animalia,Animalia Kingdom,Animalia Kingdom,Mollusca,Mollusca Phylum,Mollusca Phylum,Mollusca Phylum,Mollusca Phylum,Mollusca Phylum,Bivalvia,Autobranchia,Pteriomorphia,Pteriomorphia Infraclass,Mytilida,Mytilida Order,Mytilida Order,Mytilida Order,Mytilidae,Mytilinae,Mytiloidea,Mytiloidea Superfamily,Mytilus,Mytilus
ASV822,Animalia,Animalia Kingdom,Animalia Kingdom,Mollusca,Mollusca Phylum,Mollusca Phylum,Mollusca Phylum,Mollusca Phylum,Mollusca Phylum,Bivalvia,Autobranchia,Pteriomorphia,Pteriomorphia Infraclass,Mytilida,Mytilida Order,Mytilida Order,Mytilida Order,Mytilidae,Mytilinae,Mytiloidea,Mytiloidea Superfamily,Mytilus,Mytilus
ASV887,Animalia,Animalia Kingdom,Animalia Kingdom,Mollusca,Mollusca Phylum,Mollusca Phylum,Mollusca Phylum,Mollusca Phylum,Mollusca Phylum,Bivalvia,Autobranchia,Pteriomorphia,Pteriomorphia Infraclass,Mytilida,Mytilida Order,Mytilida Order,Mytilida Order,Mytilidae,Mytilinae,Mytiloidea,Mytiloidea Superfamily,Mytilus,Mytilus
ASV907,Animalia,Animalia Kingdom,Animalia Kingdom,Mollusca,Mollusca Phylum,Mollusca Phylum,Mollusca Phylum,Mollusca Phylum,Mollusca Phylum,Bivalvia,Autobranchia,Pteriomorphia,Pteriomorphia Infraclass,Mytilida,Mytilida Order,Mytilida Order,Mytilida Order,Mytilidae,Mytilinae,Mytiloidea,Mytiloidea Superfamily,Mytilus,Mytilus
ASV1467,Animalia,Animalia Kingdom,Animalia Kingdom,Mollusca,Mollusca Phylum,Mollusca Phylum,Mollusca Phylum,Mollusca Phylum,Mollusca Phylum,Bivalvia,Autobranchia,Pteriomorphia,Pteriomorphia Infraclass,Mytilida,Mytilida Order,Mytilida Order,Mytilida Order,Mytilidae,Mytilinae,Mytiloidea,Mytiloidea Superfamily,Mytilus,Mytilus
ASV2079,Animalia,Animalia Kingdom,Animalia Kingdom,Mollusca,Mollusca Phylum,Mollusca Phylum,Mollusca Phylum,Mollusca Phylum,Mollusca Phylum,Bivalvia,Autobranchia,Pteriomorphia,Pteriomorphia Infraclass,Mytilida,Mytilida Order,Mytilida Order,Mytilida Order,Mytilidae,Mytilinae,Mytiloidea,Mytiloidea Superfamily,Mytilus,Mytilus
ASV503,Animalia,Animalia Kingdom,Animalia Kingdom,Mollusca,Mollusca Phylum,Mollusca Phylum,Mollusca Phylum,Mollusca Phylum,Mollusca Phylum,Bivalvia,Autobranchia,Pteriomorphia,Pteriomorphia Infraclass,Mytilida,Mytilida Order,Mytilida Order,Mytilida Order,Mytilidae,Mytilidae Family,Mytiloidea,Mytiloidea Superfamily,Mytiloidea Superfamily,Mytilidae
ASV1337,Animalia,Animalia Kingdom,Animalia Kingdom,Mollusca,Mollusca Phylum,Mollusca Phylum,Mollusca Phylum,Mollusca Phylum,Mollusca Phylum,Bivalvia,Protobranchia,Protobranchia Subclass,Protobranchia Subclass,Nuculida,Nuculida Order,Nuculida Order,Nuculida Order,Nuculidae,Nuculidae Family,Nuculoidea,Nuculoidea Superfamily,Acila,Acila castrensis
ASV79,Animalia,Animalia Kingdom,Animalia Kingdom,Mollusca,Mollusca Phylum,Mollusca Phylum,Mollusca Phylum,Mollusca Phylum,Mollusca Phylum,Bivalvia,Autobranchia,Pteriomorphia,Pteriomorphia Infraclass,Ostreida,Ostreida Order,Ostreida Order,Ostreida Order,Ostreidae,Crassostreinae,Ostreoidea,Ostreoidea Superfamily,Crassostrea,Crassostrea gigas
ASV1101,Animalia,Animalia Kingdom,Animalia Kingdom,Mollusca,Mollusca Phylum,Mollusca Phylum,Mollusca Phylum,Mollusca Phylum,Mollusca Phylum,Bivalvia,Autobranchia,Heteroconchia,Euheterodonta,Venerida,Venerida Order,Venerida Order,Imparidentia,Veneridae,Veneridae Family,Veneroidea,Veneroidea Superfamily,Veneroidea Superfamily,Veneridae
ASV1534,Animalia,Animalia Kingdom,Animalia Kingdom,Mollusca,Mollusca Phylum,Mollusca Phylum,Mollusca Phylum,Mollusca Phylum,Mollusca Phylum,Bivalvia,Autobranchia,Heteroconchia,Euheterodonta,Venerida,Venerida Order,Venerida Order,Imparidentia,Veneridae,Veneridae Family,Veneroidea,Veneroidea Superfamily,Veneroidea Superfamily,Veneridae
ASV1427,Animalia,Animalia Kingdom,Animalia Kingdom,Mollusca,Mollusca Phylum,Mollusca Phylum,Mollusca Phylum,Mollusca Phylum,Mollusca Phylum,Bivalvia,Autobranchia,Heteroconchia,Euheterodonta,Venerida,Venerida Order,Venerida Order,Imparidentia,Veneridae,Tapetinae,Veneroidea,Veneroidea Superfamily,Ruditapes,Ruditapes philippinarum
ASV1910,Animalia,Animalia Kingdom,Animalia Kingdom,Mollusca,Mollusca Phylum,Mollusca Phylum,Mollusca Phylum,Mollusca Phylum,Mollusca Phylum,Bivalvia,Autobranchia,Heteroconchia,Euheterodonta,Venerida,Venerida Order,Venerida Order,Imparidentia,Veneridae,Tapetinae,Veneroidea,Veneroidea Superfamily,Ruditapes,Ruditapes philippinarum
ASV1942,Animalia,Animalia Kingdom,Animalia Kingdom,Mollusca,Mollusca Phylum,Mollusca Phylum,Mollusca Phylum,Mollusca Phylum,Mollusca Phylum,Bivalvia,Autobranchia,Heteroconchia,Euheterodonta,Venerida,Venerida Order,Venerida Order,Imparidentia,Veneridae,Callocardiinae,Veneroidea,Veneroidea Superfamily,Saxidomus,Saxidomus gigantea
ASV409,Animalia,Animalia Kingdom,Animalia Kingdom,Mollusca,Mollusca Phylum,Mollusca Phylum,Mollusca Phylum,Mollusca Phylum,Mollusca Phylum,Gastropoda,Heterobranchia,Euthyneura,Tectipleura,Cephalaspidea,Cephalaspidea Order,Cephalaspidea Order,Cephalaspidea Order,Cylichnidae,Cylichnidae Family,Cylichnoidea,Cylichnoidea Superfamily,Cylichna,Cylichna
ASV252,Animalia,Animalia Kingdom,Animalia Kingdom,Mollusca,Mollusca Phylum,Mollusca Phylum,Mollusca Phylum,Mollusca Phylum,Mollusca Phylum,Gastropoda,Caenogastropoda,Caenogastropoda Subclass,Caenogastropoda Subclass,Neogastropoda,Neogastropoda Order,Neogastropoda Order,Neogastropoda Order,Nassariidae,Nassariinae,Buccinoidea,Buccinoidea Superfamily,Nassarius,Nassarius mendicus
ASV471,Animalia,Animalia Kingdom,Animalia Kingdom,Mollusca,Mollusca Phylum,Mollusca Phylum,Mollusca Phylum,Mollusca Phylum,Mollusca Phylum,Gastropoda,Heterobranchia,Euthyneura,Ringipleura,Nudibranchia,Doridina,Doridoidei,Nudipleura,Corambidae,Corambidae Family,Onchidoridoidea,Onchidoridoidea Superfamily,Corambe,Corambe steinbergae
ASV883,Animalia,Animalia Kingdom,Animalia Kingdom,Mollusca,Mollusca Phylum,Mollusca Phylum,Mollusca Phylum,Mollusca Phylum,Mollusca Phylum,Gastropoda,Heterobranchia,Euthyneura,Ringipleura,Nudibranchia,Doridina,Doridoidei,Nudipleura,Corambidae,Corambidae Family,Onchidoridoidea,Onchidoridoidea Superfamily,Corambe,Corambe steinbergae
ASV2088,No WoRMS ID,No WoRMS ID,No WoRMS ID,No WoRMS ID,No WoRMS ID,No WoRMS ID,No WoRMS ID,No WoRMS ID,No WoRMS ID,No WoRMS ID,No WoRMS ID,No WoRMS ID,No WoRMS ID,No WoRMS ID,No WoRMS ID,No WoRMS ID,No WoRMS ID,No WoRMS ID,No WoRMS ID,No WoRMS ID,No WoRMS ID,No WoRMS ID,Lagenidium caudatum
ASV1992,Chromista,Harosa,Heterokonta,Oomycota,Oomycota Phylum,Oomycota Phylum,Oomycota Phylum,Oomycota Phylum,Oomycota Phylum,Oomycota Phylum,Oomycota Phylum,Oomycota Phylum,Oomycota Phylum,Oomycota Phylum,Oomycota Phylum,Oomycota Phylum,Oomycota Phylum,Oomycota Phylum,Oomycota Phylum,Oomycota Phylum,Oomycota Phylum,Oomycota Phylum,Oomycota
ASV1268,No WoRMS ID,No WoRMS ID,No WoRMS ID,No WoRMS ID,No WoRMS ID,No WoRMS ID,No WoRMS ID,No WoRMS ID,No WoRMS ID,No WoRMS ID,No WoRMS ID,No WoRMS ID,No WoRMS ID,No WoRMS ID,No WoRMS ID,No WoRMS ID,No WoRMS ID,No WoRMS ID,No WoRMS ID,No WoRMS ID,No WoRMS ID,No WoRMS ID,Picobiliphyte sp. MS584-11
ASV1676,No WoRMS ID,No WoRMS ID,No WoRMS ID,No WoRMS ID,No WoRMS ID,No WoRMS ID,No WoRMS ID,No WoRMS ID,No WoRMS ID,No WoRMS ID,No WoRMS ID,No WoRMS ID,No WoRMS ID,No WoRMS ID,No WoRMS ID,No WoRMS ID,No WoRMS ID,No WoRMS ID,No WoRMS ID,No WoRMS ID,No WoRMS ID,No WoRMS ID,Picobiliphyte sp. MS584-11
ASV1578,Chromista,Harosa,Heterokonta,Ochrophyta,Ochrophyta Phylum,Ochrophyta Phylum,Ochrophyta Phylum,Ochrophyta Phylum,Ochrophyta Phylum,Raphidophyceae,Raphidophyceae Class,Raphidophyceae Class,Raphidophyceae Class,Chattonellales,Chattonellales Order,Chattonellales Order,Chattonellales Order,Chattonellaceae,Chattonellaceae Family,Chattonellaceae Family,Chattonellaceae Family,Heterosigma,Heterosigma akashiwo
ASV1218,Plantae,Biliphyta,Biliphyta Subkingdom,Biliphyta Subkingdom,Rhodophyta,Rhodophyta Phylum (Division),Eurhodophytina,Eurhodophytina Subphylum (Subdivision),Eurhodophytina Subphylum (Subdivision),Bangiophyceae,Bangiophycidae,Bangiophycidae Subclass,Bangiophycidae Subclass,Bangiales,Bangiales Order,Bangiales Order,Bangiales Order,Bangiaceae,Bangiaceae Family,Bangiaceae Family,Bangiaceae Family,Pyropia,Pyropia nitida
ASV808,Animalia,Animalia Kingdom,Animalia Kingdom,Rotifera,Rotifera Phylum,Rotifera Phylum,Rotifera Phylum,Rotifera Phylum,Rotifera Phylum,Eurotatoria,Monogononta,Monogononta Subclass,Monogononta Subclass,Ploima,Ploima Order,Ploima Order,Pseudotrocha,Synchaetidae,Synchaetidae Family,Synchaetidae Family,Synchaetidae Family,Synchaeta,Synchaeta
ASV104,Animalia,Animalia Kingdom,Animalia Kingdom,Rotifera,Rotifera Phylum,Rotifera Phylum,Rotifera Phylum,Rotifera Phylum,Rotifera Phylum,Eurotatoria,Monogononta,Monogononta Subclass,Monogononta Subclass,Ploima,Ploima Order,Ploima Order,Pseudotrocha,Synchaetidae,Synchaetidae Family,Synchaetidae Family,Synchaetidae Family,Synchaeta,Synchaeta baltica
ASV126,Animalia,Animalia Kingdom,Animalia Kingdom,Rotifera,Rotifera Phylum,Rotifera Phylum,Rotifera Phylum,Rotifera Phylum,Rotifera Phylum,Eurotatoria,Monogononta,Monogononta Subclass,Monogononta Subclass,Ploima,Ploima Order,Ploima Order,Pseudotrocha,Synchaetidae,Synchaetidae Family,Synchaetidae Family,Synchaetidae Family,Synchaeta,Synchaeta baltica
ASV154,Animalia,Animalia Kingdom,Animalia Kingdom,Rotifera,Rotifera Phylum,Rotifera Phylum,Rotifera Phylum,Rotifera Phylum,Rotifera Phylum,Eurotatoria,Monogononta,Monogononta Subclass,Monogononta Subclass,Ploima,Ploima Order,Ploima Order,Pseudotrocha,Synchaetidae,Synchaetidae Family,Synchaetidae Family,Synchaetidae Family,Synchaeta,Synchaeta baltica
ASV155,Animalia,Animalia Kingdom,Animalia Kingdom,Rotifera,Rotifera Phylum,Rotifera Phylum,Rotifera Phylum,Rotifera Phylum,Rotifera Phylum,Eurotatoria,Monogononta,Monogononta Subclass,Monogononta Subclass,Ploima,Ploima Order,Ploima Order,Pseudotrocha,Synchaetidae,Synchaetidae Family,Synchaetidae Family,Synchaetidae Family,Synchaeta,Synchaeta baltica
ASV229,Animalia,Animalia Kingdom,Animalia Kingdom,Rotifera,Rotifera Phylum,Rotifera Phylum,Rotifera Phylum,Rotifera Phylum,Rotifera Phylum,Eurotatoria,Monogononta,Monogononta Subclass,Monogononta Subclass,Ploima,Ploima Order,Ploima Order,Pseudotrocha,Synchaetidae,Synchaetidae Family,Synchaetidae Family,Synchaetidae Family,Synchaeta,Synchaeta baltica
ASV397,Animalia,Animalia Kingdom,Animalia Kingdom,Rotifera,Rotifera Phylum,Rotifera Phylum,Rotifera Phylum,Rotifera Phylum,Rotifera Phylum,Eurotatoria,Monogononta,Monogononta Subclass,Monogononta Subclass,Ploima,Ploima Order,Ploima Order,Pseudotrocha,Synchaetidae,Synchaetidae Family,Synchaetidae Family,Synchaetidae Family,Synchaeta,Synchaeta baltica
ASV407,Animalia,Animalia Kingdom,Animalia Kingdom,Rotifera,Rotifera Phylum,Rotifera Phylum,Rotifera Phylum,Rotifera Phylum,Rotifera Phylum,Eurotatoria,Monogononta,Monogononta Subclass,Monogononta Subclass,Ploima,Ploima Order,Ploima Order,Pseudotrocha,Synchaetidae,Synchaetidae Family,Synchaetidae Family,Synchaetidae Family,Synchaeta,Synchaeta baltica
ASV418,Animalia,Animalia Kingdom,Animalia Kingdom,Rotifera,Rotifera Phylum,Rotifera Phylum,Rotifera Phylum,Rotifera Phylum,Rotifera Phylum,Eurotatoria,Monogononta,Monogononta Subclass,Monogononta Subclass,Ploima,Ploima Order,Ploima Order,Pseudotrocha,Synchaetidae,Synchaetidae Family,Synchaetidae Family,Synchaetidae Family,Synchaeta,Synchaeta baltica
ASV498,Animalia,Animalia Kingdom,Animalia Kingdom,Rotifera,Rotifera Phylum,Rotifera Phylum,Rotifera Phylum,Rotifera Phylum,Rotifera Phylum,Eurotatoria,Monogononta,Monogononta Subclass,Monogononta Subclass,Ploima,Ploima Order,Ploima Order,Pseudotrocha,Synchaetidae,Synchaetidae Family,Synchaetidae Family,Synchaetidae Family,Synchaeta,Synchaeta baltica
ASV1577,Animalia,Animalia Kingdom,Animalia Kingdom,Rotifera,Rotifera Phylum,Rotifera Phylum,Rotifera Phylum,Rotifera Phylum,Rotifera Phylum,Eurotatoria,Monogononta,Monogononta Subclass,Monogononta Subclass,Ploima,Ploima Order,Ploima Order,Pseudotrocha,Synchaetidae,Synchaetidae Family,Synchaetidae Family,Synchaetidae Family,Synchaeta,Synchaeta cecilia
ASV7,No WoRMS ID,No WoRMS ID,No WoRMS ID,No WoRMS ID,No WoRMS ID,No WoRMS ID,No WoRMS ID,No WoRMS ID,No WoRMS ID,No WoRMS ID,No WoRMS ID,No WoRMS ID,No WoRMS ID,No WoRMS ID,No WoRMS ID,No WoRMS ID,No WoRMS ID,No WoRMS ID,No WoRMS ID,No WoRMS ID,No WoRMS ID,No WoRMS ID,Synchaeta kitina
ASV19,No WoRMS ID,No WoRMS ID,No WoRMS ID,No WoRMS ID,No WoRMS ID,No WoRMS ID,No WoRMS ID,No WoRMS ID,No WoRMS ID,No WoRMS ID,No WoRMS ID,No WoRMS ID,No WoRMS ID,No WoRMS ID,No WoRMS ID,No WoRMS ID,No WoRMS ID,No WoRMS ID,No WoRMS ID,No WoRMS ID,No WoRMS ID,No WoRMS ID,Synchaeta kitina
ASV22,No WoRMS ID,No WoRMS ID,No WoRMS ID,No WoRMS ID,No WoRMS ID,No WoRMS ID,No WoRMS ID,No WoRMS ID,No WoRMS ID,No WoRMS ID,No WoRMS ID,No WoRMS ID,No WoRMS ID,No WoRMS ID,No WoRMS ID,No WoRMS ID,No WoRMS ID,No WoRMS ID,No WoRMS ID,No WoRMS ID,No WoRMS ID,No WoRMS ID,Synchaeta kitina
ASV30,No WoRMS ID,No WoRMS ID,No WoRMS ID,No WoRMS ID,No WoRMS ID,No WoRMS ID,No WoRMS ID,No WoRMS ID,No WoRMS ID,No WoRMS ID,No WoRMS ID,No WoRMS ID,No WoRMS ID,No WoRMS ID,No WoRMS ID,No WoRMS ID,No WoRMS ID,No WoRMS ID,No WoRMS ID,No WoRMS ID,No WoRMS ID,No WoRMS ID,Synchaeta kitina
ASV75,No WoRMS ID,No WoRMS ID,No WoRMS ID,No WoRMS ID,No WoRMS ID,No WoRMS ID,No WoRMS ID,No WoRMS ID,No WoRMS ID,No WoRMS ID,No WoRMS ID,No WoRMS ID,No WoRMS ID,No WoRMS ID,No WoRMS ID,No WoRMS ID,No WoRMS ID,No WoRMS ID,No WoRMS ID,No WoRMS ID,No WoRMS ID,No WoRMS ID,Synchaeta kitina
ASV410,No WoRMS ID,No WoRMS ID,No WoRMS ID,No WoRMS ID,No WoRMS ID,No WoRMS ID,No WoRMS ID,No WoRMS ID,No WoRMS ID,No WoRMS ID,No WoRMS ID,No WoRMS ID,No WoRMS ID,No WoRMS ID,No WoRMS ID,No WoRMS ID,No WoRMS ID,No WoRMS ID,No WoRMS ID,No WoRMS ID,No WoRMS ID,No WoRMS ID,Synchaeta kitina
ASV505,No WoRMS ID,No WoRMS ID,No WoRMS ID,No WoRMS ID,No WoRMS ID,No WoRMS ID,No WoRMS ID,No WoRMS ID,No WoRMS ID,No WoRMS ID,No WoRMS ID,No WoRMS ID,No WoRMS ID,No WoRMS ID,No WoRMS ID,No WoRMS ID,No WoRMS ID,No WoRMS ID,No WoRMS ID,No WoRMS ID,No WoRMS ID,No WoRMS ID,Synchaeta kitina
ASV511,No WoRMS ID,No WoRMS ID,No WoRMS ID,No WoRMS ID,No WoRMS ID,No WoRMS ID,No WoRMS ID,No WoRMS ID,No WoRMS ID,No WoRMS ID,No WoRMS ID,No WoRMS ID,No WoRMS ID,No WoRMS ID,No WoRMS ID,No WoRMS ID,No WoRMS ID,No WoRMS ID,No WoRMS ID,No WoRMS ID,No WoRMS ID,No WoRMS ID,Synchaeta kitina
ASV1019,No WoRMS ID,No WoRMS ID,No WoRMS ID,No WoRMS ID,No WoRMS ID,No WoRMS ID,No WoRMS ID,No WoRMS ID,No WoRMS ID,No WoRMS ID,No WoRMS ID,No WoRMS ID,No WoRMS ID,No WoRMS ID,No WoRMS ID,No WoRMS ID,No WoRMS ID,No WoRMS ID,No WoRMS ID,No WoRMS ID,No WoRMS ID,No WoRMS ID,Synchaeta kitina
ASV1123,No WoRMS ID,No WoRMS ID,No WoRMS ID,No WoRMS ID,No WoRMS ID,No WoRMS ID,No WoRMS ID,No WoRMS ID,No WoRMS ID,No WoRMS ID,No WoRMS ID,No WoRMS ID,No WoRMS ID,No WoRMS ID,No WoRMS ID,No WoRMS ID,No WoRMS ID,No WoRMS ID,No WoRMS ID,No WoRMS ID,No WoRMS ID,No WoRMS ID,Synchaeta kitina
ASV1507,No WoRMS ID,No WoRMS ID,No WoRMS ID,No WoRMS ID,No WoRMS ID,No WoRMS ID,No WoRMS ID,No WoRMS ID,No WoRMS ID,No WoRMS ID,No WoRMS ID,No WoRMS ID,No WoRMS ID,No WoRMS ID,No WoRMS ID,No WoRMS ID,No WoRMS ID,No WoRMS ID,No WoRMS ID,No WoRMS ID,No WoRMS ID,No WoRMS ID,Synchaeta kitina
ASV365,Animalia,Animalia Kingdom,Animalia Kingdom,Rotifera,Rotifera Phylum,Rotifera Phylum,Rotifera Phylum,Rotifera Phylum,Rotifera Phylum,Eurotatoria,Monogononta,Monogononta Subclass,Monogononta Subclass,Ploima,Ploima Order,Ploima Order,Pseudotrocha,Synchaetidae,Synchaetidae Family,Synchaetidae Family,Synchaetidae Family,Synchaeta,Synchaeta triophthalma
ASV385,Animalia,Animalia Kingdom,Animalia Kingdom,Rotifera,Rotifera Phylum,Rotifera Phylum,Rotifera Phylum,Rotifera Phylum,Rotifera Phylum,Eurotatoria,Monogononta,Monogononta Subclass,Monogononta Subclass,Ploima,Ploima Order,Ploima Order,Pseudotrocha,Synchaetidae,Synchaetidae Family,Synchaetidae Family,Synchaetidae Family,Synchaeta,Synchaeta triophthalma
ASV526,Animalia,Animalia Kingdom,Animalia Kingdom,Rotifera,Rotifera Phylum,Rotifera Phylum,Rotifera Phylum,Rotifera Phylum,Rotifera Phylum,Eurotatoria,Monogononta,Monogononta Subclass,Monogononta Subclass,Ploima,Ploima Order,Ploima Order,Pseudotrocha,Synchaetidae,Synchaetidae Family,Synchaetidae Family,Synchaetidae Family,Synchaeta,Synchaeta triophthalma
ASV555,Animalia,Animalia Kingdom,Animalia Kingdom,Rotifera,Rotifera Phylum,Rotifera Phylum,Rotifera Phylum,Rotifera Phylum,Rotifera Phylum,Eurotatoria,Monogononta,Monogononta Subclass,Monogononta Subclass,Ploima,Ploima Order,Ploima Order,Pseudotrocha,Synchaetidae,Synchaetidae Family,Synchaetidae Family,Synchaetidae Family,Synchaeta,Synchaeta vorax
ASV1143,Animalia,Animalia Kingdom,Animalia Kingdom,Rotifera,Rotifera Phylum,Rotifera Phylum,Rotifera Phylum,Rotifera Phylum,Rotifera Phylum,Eurotatoria,Monogononta,Monogononta Subclass,Monogononta Subclass,Ploima,Ploima Order,Ploima Order,Pseudotrocha,Synchaetidae,Synchaetidae Family,Synchaetidae Family,Synchaetidae Family,Synchaetidae Family,Synchaetidae
ASV779,Plantae,Viridiplantae,Viridiplantae Subkingdom,Viridiplantae Subkingdom,Chlorophyta,Chlorophyta Phylum (Division),Chlorophyta Phylum (Division),Chlorophyta Phylum (Division),Chlorophyta Phylum (Division),Chloropicophyceae,Chloropicophyceae Class,Chloropicophyceae Class,Chloropicophyceae Class,Chloropicales,Chloropicales Order,Chloropicales Order,Chloropicales Order,Chloropicaceae,Chloropicaceae Family,Chloropicaceae Family,Chloropicaceae Family,Chloroparvula,Chloroparvula pacifica
ASV1984,Plantae,Viridiplantae,Viridiplantae Subkingdom,Viridiplantae Subkingdom,Chlorophyta,Chlorophyta Phylum (Division),Prasinophytina,Prasinophytina Subphylum (Subdivision),Prasinophytina Subphylum (Subdivision),Mamiellophyceae,Mamiellophyceae Class,Mamiellophyceae Class,Mamiellophyceae Class,Dolichomastigales,Dolichomastigales Order,Dolichomastigales Order,Dolichomastigales Order,Dolichomastigaceae,Dolichomastigaceae Family,Dolichomastigaceae Family,Dolichomastigaceae Family,Dolichomastix,Dolichomastix tenuilepis
ASV3,Plantae,Viridiplantae,Viridiplantae Subkingdom,Viridiplantae Subkingdom,Chlorophyta,Chlorophyta Phylum (Division),Prasinophytina,Prasinophytina Subphylum (Subdivision),Prasinophytina Subphylum (Subdivision),Mamiellophyceae,Mamiellophyceae Class,Mamiellophyceae Class,Mamiellophyceae Class,Mamiellales,Mamiellales Order,Mamiellales Order,Mamiellales Order,Bathycoccaceae,Bathycoccaceae Family,Bathycoccaceae Family,Bathycoccaceae Family,Bathycoccus,Bathycoccus prasinos
ASV9,Plantae,Viridiplantae,Viridiplantae Subkingdom,Viridiplantae Subkingdom,Chlorophyta,Chlorophyta Phylum (Division),Prasinophytina,Prasinophytina Subphylum (Subdivision),Prasinophytina Subphylum (Subdivision),Mamiellophyceae,Mamiellophyceae Class,Mamiellophyceae Class,Mamiellophyceae Class,Mamiellales,Mamiellales Order,Mamiellales Order,Mamiellales Order,Bathycoccaceae,Bathycoccaceae Family,Bathycoccaceae Family,Bathycoccaceae Family,Bathycoccus,Bathycoccus prasinos
ASV49,Plantae,Viridiplantae,Viridiplantae Subkingdom,Viridiplantae Subkingdom,Chlorophyta,Chlorophyta Phylum (Division),Prasinophytina,Prasinophytina Subphylum (Subdivision),Prasinophytina Subphylum (Subdivision),Mamiellophyceae,Mamiellophyceae Class,Mamiellophyceae Class,Mamiellophyceae Class,Mamiellales,Mamiellales Order,Mamiellales Order,Mamiellales Order,Bathycoccaceae,Bathycoccaceae Family,Bathycoccaceae Family,Bathycoccaceae Family,Bathycoccus,Bathycoccus prasinos
ASV58,Plantae,Viridiplantae,Viridiplantae Subkingdom,Viridiplantae Subkingdom,Chlorophyta,Chlorophyta Phylum (Division),Prasinophytina,Prasinophytina Subphylum (Subdivision),Prasinophytina Subphylum (Subdivision),Mamiellophyceae,Mamiellophyceae Class,Mamiellophyceae Class,Mamiellophyceae Class,Mamiellales,Mamiellales Order,Mamiellales Order,Mamiellales Order,Bathycoccaceae,Bathycoccaceae Family,Bathycoccaceae Family,Bathycoccaceae Family,Bathycoccus,Bathycoccus prasinos
ASV65,Plantae,Viridiplantae,Viridiplantae Subkingdom,Viridiplantae Subkingdom,Chlorophyta,Chlorophyta Phylum (Division),Prasinophytina,Prasinophytina Subphylum (Subdivision),Prasinophytina Subphylum (Subdivision),Mamiellophyceae,Mamiellophyceae Class,Mamiellophyceae Class,Mamiellophyceae Class,Mamiellales,Mamiellales Order,Mamiellales Order,Mamiellales Order,Bathycoccaceae,Bathycoccaceae Family,Bathycoccaceae Family,Bathycoccaceae Family,Bathycoccus,Bathycoccus prasinos
ASV136,Plantae,Viridiplantae,Viridiplantae Subkingdom,Viridiplantae Subkingdom,Chlorophyta,Chlorophyta Phylum (Division),Prasinophytina,Prasinophytina Subphylum (Subdivision),Prasinophytina Subphylum (Subdivision),Mamiellophyceae,Mamiellophyceae Class,Mamiellophyceae Class,Mamiellophyceae Class,Mamiellales,Mamiellales Order,Mamiellales Order,Mamiellales Order,Bathycoccaceae,Bathycoccaceae Family,Bathycoccaceae Family,Bathycoccaceae Family,Bathycoccus,Bathycoccus prasinos
ASV222,Plantae,Viridiplantae,Viridiplantae Subkingdom,Viridiplantae Subkingdom,Chlorophyta,Chlorophyta Phylum (Division),Prasinophytina,Prasinophytina Subphylum (Subdivision),Prasinophytina Subphylum (Subdivision),Mamiellophyceae,Mamiellophyceae Class,Mamiellophyceae Class,Mamiellophyceae Class,Mamiellales,Mamiellales Order,Mamiellales Order,Mamiellales Order,Bathycoccaceae,Bathycoccaceae Family,Bathycoccaceae Family,Bathycoccaceae Family,Bathycoccus,Bathycoccus prasinos
ASV289,Plantae,Viridiplantae,Viridiplantae Subkingdom,Viridiplantae Subkingdom,Chlorophyta,Chlorophyta Phylum (Division),Prasinophytina,Prasinophytina Subphylum (Subdivision),Prasinophytina Subphylum (Subdivision),Mamiellophyceae,Mamiellophyceae Class,Mamiellophyceae Class,Mamiellophyceae Class,Mamiellales,Mamiellales Order,Mamiellales Order,Mamiellales Order,Bathycoccaceae,Bathycoccaceae Family,Bathycoccaceae Family,Bathycoccaceae Family,Bathycoccus,Bathycoccus prasinos
ASV464,Plantae,Viridiplantae,Viridiplantae Subkingdom,Viridiplantae Subkingdom,Chlorophyta,Chlorophyta Phylum (Division),Prasinophytina,Prasinophytina Subphylum (Subdivision),Prasinophytina Subphylum (Subdivision),Mamiellophyceae,Mamiellophyceae Class,Mamiellophyceae Class,Mamiellophyceae Class,Mamiellales,Mamiellales Order,Mamiellales Order,Mamiellales Order,Bathycoccaceae,Bathycoccaceae Family,Bathycoccaceae Family,Bathycoccaceae Family,Bathycoccus,Bathycoccus prasinos
ASV495,Plantae,Viridiplantae,Viridiplantae Subkingdom,Viridiplantae Subkingdom,Chlorophyta,Chlorophyta Phylum (Division),Prasinophytina,Prasinophytina Subphylum (Subdivision),Prasinophytina Subphylum (Subdivision),Mamiellophyceae,Mamiellophyceae Class,Mamiellophyceae Class,Mamiellophyceae Class,Mamiellales,Mamiellales Order,Mamiellales Order,Mamiellales Order,Bathycoccaceae,Bathycoccaceae Family,Bathycoccaceae Family,Bathycoccaceae Family,Bathycoccus,Bathycoccus prasinos
ASV26,Plantae,Viridiplantae,Viridiplantae Subkingdom,Viridiplantae Subkingdom,Chlorophyta,Chlorophyta Phylum (Division),Prasinophytina,Prasinophytina Subphylum (Subdivision),Prasinophytina Subphylum (Subdivision),Mamiellophyceae,Mamiellophyceae Class,Mamiellophyceae Class,Mamiellophyceae Class,Mamiellales,Mamiellales Order,Mamiellales Order,Mamiellales Order,Mamiellaceae,Mamiellaceae Family,Mamiellaceae Family,Mamiellaceae Family,Micromonas,Micromonas pusilla
ASV55,Plantae,Viridiplantae,Viridiplantae Subkingdom,Viridiplantae Subkingdom,Chlorophyta,Chlorophyta Phylum (Division),Prasinophytina,Prasinophytina Subphylum (Subdivision),Prasinophytina Subphylum (Subdivision),Mamiellophyceae,Mamiellophyceae Class,Mamiellophyceae Class,Mamiellophyceae Class,Mamiellales,Mamiellales Order,Mamiellales Order,Mamiellales Order,Mamiellaceae,Mamiellaceae Family,Mamiellaceae Family,Mamiellaceae Family,Micromonas,Micromonas pusilla
ASV745,Plantae,Viridiplantae,Viridiplantae Subkingdom,Viridiplantae Subkingdom,Chlorophyta,Chlorophyta Phylum (Division),Prasinophytina,Prasinophytina Subphylum (Subdivision),Prasinophytina Subphylum (Subdivision),Mamiellophyceae,Mamiellophyceae Class,Mamiellophyceae Class,Mamiellophyceae Class,Mamiellales,Mamiellales Order,Mamiellales Order,Mamiellales Order,Mamiellaceae,Mamiellaceae Family,Mamiellaceae Family,Mamiellaceae Family,Micromonas,Micromonas pusilla
ASV72,No WoRMS ID,No WoRMS ID,No WoRMS ID,No WoRMS ID,No WoRMS ID,No WoRMS ID,No WoRMS ID,No WoRMS ID,No WoRMS ID,No WoRMS ID,No WoRMS ID,No WoRMS ID,No WoRMS ID,No WoRMS ID,No WoRMS ID,No WoRMS ID,No WoRMS ID,No WoRMS ID,No WoRMS ID,No WoRMS ID,No WoRMS ID,No WoRMS ID,Micromonas pusilla CCMP1545
ASV91,Plantae,Viridiplantae,Viridiplantae Subkingdom,Viridiplantae Subkingdom,Chlorophyta,Chlorophyta Phylum (Division),Prasinophytina,Prasinophytina Subphylum (Subdivision),Prasinophytina Subphylum (Subdivision),Mamiellophyceae,Mamiellophyceae Class,Mamiellophyceae Class,Mamiellophyceae Class,Mamiellales,Mamiellales Order,Mamiellales Order,Mamiellales Order,Mamiellaceae,Mamiellaceae Family,Mamiellaceae Family,Mamiellaceae Family,Micromonas,Micromonas
ASV698,Plantae,Viridiplantae,Viridiplantae Subkingdom,Viridiplantae Subkingdom,Chlorophyta,Chlorophyta Phylum (Division),Prasinophytina,Prasinophytina Subphylum (Subdivision),Prasinophytina Subphylum (Subdivision),Mamiellophyceae,Mamiellophyceae Class,Mamiellophyceae Class,Mamiellophyceae Class,Mamiellales,Mamiellales Order,Mamiellales Order,Mamiellales Order,Mamiellaceae,Mamiellaceae Family,Mamiellaceae Family,Mamiellaceae Family,Micromonas,Micromonas
ASV440,Plantae,Viridiplantae,Viridiplantae Subkingdom,Viridiplantae Subkingdom,Chlorophyta,Chlorophyta Phylum (Division),Prasinophytina,Prasinophytina Subphylum (Subdivision),Prasinophytina Subphylum (Subdivision),Pyramimonadophyceae,Pyramimonadophyceae Class,Pyramimonadophyceae Class,Pyramimonadophyceae Class,Pyramimonadales,Pyramimonadales Order,Pyramimonadales Order,Pyramimonadales Order,Pyramimonadaceae,Pyramimonadaceae Family,Pyramimonadaceae Family,Pyramimonadaceae Family,Cymbomonas,Cymbomonas tetramitiformis
ASV1763,No WoRMS ID,No WoRMS ID,No WoRMS ID,No WoRMS ID,No WoRMS ID,No WoRMS ID,No WoRMS ID,No WoRMS ID,No WoRMS ID,No WoRMS ID,No WoRMS ID,No WoRMS ID,No WoRMS ID,No WoRMS ID,No WoRMS ID,No WoRMS ID,No WoRMS ID,No WoRMS ID,No WoRMS ID,No WoRMS ID,No WoRMS ID,No WoRMS ID,Chlorella sp. FACHB-1531
ASV120,Plantae,Viridiplantae,Viridiplantae Subkingdom,Viridiplantae Subkingdom,Chlorophyta,Chlorophyta Phylum (Division),Prasinophytina,Prasinophytina Subphylum (Subdivision),Prasinophytina Subphylum (Subdivision),Pyramimonadophyceae,Pyramimonadophyceae Class,Pyramimonadophyceae Class,Pyramimonadophyceae Class,Pseudoscourfieldiales,Pseudoscourfieldiales Order,Pseudoscourfieldiales Order,Pseudoscourfieldiales Order,Pycnococcaceae,Pycnococcaceae Family,Pycnococcaceae Family,Pycnococcaceae Family,Pseudoscourfieldia,Pseudoscourfieldia marina
ASV437,Plantae,Viridiplantae,Viridiplantae Subkingdom,Viridiplantae Subkingdom,Chlorophyta,Chlorophyta Phylum (Division),Prasinophytina,Prasinophytina Subphylum (Subdivision),Prasinophytina Subphylum (Subdivision),Pyramimonadophyceae,Pyramimonadophyceae Class,Pyramimonadophyceae Class,Pyramimonadophyceae Class,Pseudoscourfieldiales,Pseudoscourfieldiales Order,Pseudoscourfieldiales Order,Pseudoscourfieldiales Order,Pycnococcaceae,Pycnococcaceae Family,Pycnococcaceae Family,Pycnococcaceae Family,Pseudoscourfieldia,Pseudoscourfieldia marina
