eventID,occurrenceID,basisOfRecord,scientificName,organismQuantity,organismQuantityType,sampleSizeValue,sampleSizeUnit,verbatimIdentification,samplingProtocol,associatedSequences,identificationRemarks,materialSampleID,scientificNameAuthorship,taxonRank,kingdom,phylum,class,order,family,genus,scientificNameID,occurrenceStatus
Hakai-FC-009,Hakai-FC-009-ASV11-occ,MaterialSample,Ammodytes personatus,11,DNA sequence reads,11,DNA sequence reads,Ammodytes personatus,Seawater was collected using a Niskin bottle; For each sample ~1L of seawater was passed through 0.22um sterivex filter,http://www.ncbi.nlm.nih.gov/bioproject/1049344,BLAST annotation (0.96) against NCBI nr database,FC-009,"Girard, 1856",Species,Animalia,Chordata,Teleostei,Perciformes,Ammodytidae,Ammodytes,urn:lsid:marinespecies.org:taxname:272967,present
Hakai-FC-033,Hakai-FC-033-ASV11-occ,MaterialSample,Ammodytes personatus,22609,DNA sequence reads,22609,DNA sequence reads,Ammodytes personatus,Seawater was collected using a Niskin bottle; For each sample ~1L of seawater was passed through 0.22um sterivex filter,http://www.ncbi.nlm.nih.gov/bioproject/1049344,BLAST annotation (0.96) against NCBI nr database,FC-033,"Girard, 1856",Species,Animalia,Chordata,Teleostei,Perciformes,Ammodytidae,Ammodytes,urn:lsid:marinespecies.org:taxname:272967,present
Hakai-FC-034,Hakai-FC-034-ASV11-occ,MaterialSample,Ammodytes personatus,3782,DNA sequence reads,3782,DNA sequence reads,Ammodytes personatus,Seawater was collected using a Niskin bottle; For each sample ~1L of seawater was passed through 0.22um sterivex filter,http://www.ncbi.nlm.nih.gov/bioproject/1049344,BLAST annotation (0.96) against NCBI nr database,FC-034,"Girard, 1856",Species,Animalia,Chordata,Teleostei,Perciformes,Ammodytidae,Ammodytes,urn:lsid:marinespecies.org:taxname:272967,present
Hakai-FC-035,Hakai-FC-035-ASV11-occ,MaterialSample,Ammodytes personatus,16,DNA sequence reads,16,DNA sequence reads,Ammodytes personatus,Seawater was collected using a Niskin bottle; For each sample ~1L of seawater was passed through 0.22um sterivex filter,http://www.ncbi.nlm.nih.gov/bioproject/1049344,BLAST annotation (0.96) against NCBI nr database,FC-035,"Girard, 1856",Species,Animalia,Chordata,Teleostei,Perciformes,Ammodytidae,Ammodytes,urn:lsid:marinespecies.org:taxname:272967,present
Hakai-FC-046,Hakai-FC-046-ASV11-occ,MaterialSample,Ammodytes personatus,18349,DNA sequence reads,18349,DNA sequence reads,Ammodytes personatus,Seawater was collected using a Niskin bottle; For each sample ~1L of seawater was passed through 0.22um sterivex filter,http://www.ncbi.nlm.nih.gov/bioproject/1049344,BLAST annotation (0.96) against NCBI nr database,FC-046,"Girard, 1856",Species,Animalia,Chordata,Teleostei,Perciformes,Ammodytidae,Ammodytes,urn:lsid:marinespecies.org:taxname:272967,present
Hakai-FC-049,Hakai-FC-049-ASV11-occ,MaterialSample,Ammodytes personatus,24,DNA sequence reads,24,DNA sequence reads,Ammodytes personatus,Seawater was collected using a Niskin bottle; For each sample ~1L of seawater was passed through 0.22um sterivex filter,http://www.ncbi.nlm.nih.gov/bioproject/1049344,BLAST annotation (0.96) against NCBI nr database,FC-049,"Girard, 1856",Species,Animalia,Chordata,Teleostei,Perciformes,Ammodytidae,Ammodytes,urn:lsid:marinespecies.org:taxname:272967,present
Hakai-FC-050,Hakai-FC-050-ASV11-occ,MaterialSample,Ammodytes personatus,7,DNA sequence reads,7,DNA sequence reads,Ammodytes personatus,Seawater was collected using a Niskin bottle; For each sample ~1L of seawater was passed through 0.22um sterivex filter,http://www.ncbi.nlm.nih.gov/bioproject/1049344,BLAST annotation (0.96) against NCBI nr database,FC-050,"Girard, 1856",Species,Animalia,Chordata,Teleostei,Perciformes,Ammodytidae,Ammodytes,urn:lsid:marinespecies.org:taxname:272967,present
Hakai-FC-051,Hakai-FC-051-ASV11-occ,MaterialSample,Ammodytes personatus,36678,DNA sequence reads,36678,DNA sequence reads,Ammodytes personatus,Seawater was collected using a Niskin bottle; For each sample ~1L of seawater was passed through 0.22um sterivex filter,http://www.ncbi.nlm.nih.gov/bioproject/1049344,BLAST annotation (0.96) against NCBI nr database,FC-051,"Girard, 1856",Species,Animalia,Chordata,Teleostei,Perciformes,Ammodytidae,Ammodytes,urn:lsid:marinespecies.org:taxname:272967,present
Hakai-FC-054,Hakai-FC-054-ASV11-occ,MaterialSample,Ammodytes personatus,12,DNA sequence reads,12,DNA sequence reads,Ammodytes personatus,Seawater was collected using a Niskin bottle; For each sample ~1L of seawater was passed through 0.22um sterivex filter,http://www.ncbi.nlm.nih.gov/bioproject/1049344,BLAST annotation (0.96) against NCBI nr database,FC-054,"Girard, 1856",Species,Animalia,Chordata,Teleostei,Perciformes,Ammodytidae,Ammodytes,urn:lsid:marinespecies.org:taxname:272967,present
Hakai-FC-059,Hakai-FC-059-ASV11-occ,MaterialSample,Ammodytes personatus,34892,DNA sequence reads,34892,DNA sequence reads,Ammodytes personatus,Seawater was collected using a Niskin bottle; For each sample ~1L of seawater was passed through 0.22um sterivex filter,http://www.ncbi.nlm.nih.gov/bioproject/1049344,BLAST annotation (0.96) against NCBI nr database,FC-059,"Girard, 1856",Species,Animalia,Chordata,Teleostei,Perciformes,Ammodytidae,Ammodytes,urn:lsid:marinespecies.org:taxname:272967,present
Hakai-FC-014,Hakai-FC-014-ASV22-occ,MaterialSample,Citharichthys stigmaeus,6,DNA sequence reads,6,DNA sequence reads,Citharichthys stigmaeus,Seawater was collected using a Niskin bottle; For each sample ~1L of seawater was passed through 0.22um sterivex filter,http://www.ncbi.nlm.nih.gov/bioproject/1049344,BLAST annotation (0.96) against NCBI nr database,FC-014,"Jordan & Gilbert, 1882",Species,Animalia,Chordata,Teleostei,Pleuronectiformes,Paralichthyidae,Citharichthys,urn:lsid:marinespecies.org:taxname:275696,present
Hakai-FC-022,Hakai-FC-022-ASV22-occ,MaterialSample,Citharichthys stigmaeus,34856,DNA sequence reads,34856,DNA sequence reads,Citharichthys stigmaeus,Seawater was collected using a Niskin bottle; For each sample ~1L of seawater was passed through 0.22um sterivex filter,http://www.ncbi.nlm.nih.gov/bioproject/1049344,BLAST annotation (0.96) against NCBI nr database,FC-022,"Jordan & Gilbert, 1882",Species,Animalia,Chordata,Teleostei,Pleuronectiformes,Paralichthyidae,Citharichthys,urn:lsid:marinespecies.org:taxname:275696,present
Hakai-FC-038,Hakai-FC-038-ASV22-occ,MaterialSample,Citharichthys stigmaeus,21,DNA sequence reads,21,DNA sequence reads,Citharichthys stigmaeus,Seawater was collected using a Niskin bottle; For each sample ~1L of seawater was passed through 0.22um sterivex filter,http://www.ncbi.nlm.nih.gov/bioproject/1049344,BLAST annotation (0.96) against NCBI nr database,FC-038,"Jordan & Gilbert, 1882",Species,Animalia,Chordata,Teleostei,Pleuronectiformes,Paralichthyidae,Citharichthys,urn:lsid:marinespecies.org:taxname:275696,present
Hakai-FC-046,Hakai-FC-046-ASV22-occ,MaterialSample,Citharichthys stigmaeus,8,DNA sequence reads,8,DNA sequence reads,Citharichthys stigmaeus,Seawater was collected using a Niskin bottle; For each sample ~1L of seawater was passed through 0.22um sterivex filter,http://www.ncbi.nlm.nih.gov/bioproject/1049344,BLAST annotation (0.96) against NCBI nr database,FC-046,"Jordan & Gilbert, 1882",Species,Animalia,Chordata,Teleostei,Pleuronectiformes,Paralichthyidae,Citharichthys,urn:lsid:marinespecies.org:taxname:275696,present
Hakai-FC-054,Hakai-FC-054-ASV22-occ,MaterialSample,Citharichthys stigmaeus,46,DNA sequence reads,46,DNA sequence reads,Citharichthys stigmaeus,Seawater was collected using a Niskin bottle; For each sample ~1L of seawater was passed through 0.22um sterivex filter,http://www.ncbi.nlm.nih.gov/bioproject/1049344,BLAST annotation (0.96) against NCBI nr database,FC-054,"Jordan & Gilbert, 1882",Species,Animalia,Chordata,Teleostei,Pleuronectiformes,Paralichthyidae,Citharichthys,urn:lsid:marinespecies.org:taxname:275696,present
Hakai-FC-026,Hakai-FC-026-ASV34-occ,MaterialSample,Citharichthys stigmaeus,1668,DNA sequence reads,1668,DNA sequence reads,Citharichthys stigmaeus,Seawater was collected using a Niskin bottle; For each sample ~1L of seawater was passed through 0.22um sterivex filter,http://www.ncbi.nlm.nih.gov/bioproject/1049344,BLAST annotation (0.96) against NCBI nr database,FC-026,"Jordan & Gilbert, 1882",Species,Animalia,Chordata,Teleostei,Pleuronectiformes,Paralichthyidae,Citharichthys,urn:lsid:marinespecies.org:taxname:275696,present
Hakai-FC-027,Hakai-FC-027-ASV34-occ,MaterialSample,Citharichthys stigmaeus,18067,DNA sequence reads,18067,DNA sequence reads,Citharichthys stigmaeus,Seawater was collected using a Niskin bottle; For each sample ~1L of seawater was passed through 0.22um sterivex filter,http://www.ncbi.nlm.nih.gov/bioproject/1049344,BLAST annotation (0.96) against NCBI nr database,FC-027,"Jordan & Gilbert, 1882",Species,Animalia,Chordata,Teleostei,Pleuronectiformes,Paralichthyidae,Citharichthys,urn:lsid:marinespecies.org:taxname:275696,present
Hakai-FC-002,Hakai-FC-002-ASV6-occ,MaterialSample,Clupea pallasii,44751,DNA sequence reads,44751,DNA sequence reads,Clupea pallasii,Seawater was collected using a Niskin bottle; For each sample ~1L of seawater was passed through 0.22um sterivex filter,http://www.ncbi.nlm.nih.gov/bioproject/1049344,BLAST annotation (0.96) against NCBI nr database,FC-002,"Valenciennes, 1847",Species,Animalia,Chordata,Teleostei,Clupeiformes,Clupeidae,Clupea,urn:lsid:marinespecies.org:taxname:151159,present
Hakai-FC-003,Hakai-FC-003-ASV6-occ,MaterialSample,Clupea pallasii,12,DNA sequence reads,12,DNA sequence reads,Clupea pallasii,Seawater was collected using a Niskin bottle; For each sample ~1L of seawater was passed through 0.22um sterivex filter,http://www.ncbi.nlm.nih.gov/bioproject/1049344,BLAST annotation (0.96) against NCBI nr database,FC-003,"Valenciennes, 1847",Species,Animalia,Chordata,Teleostei,Clupeiformes,Clupeidae,Clupea,urn:lsid:marinespecies.org:taxname:151159,present
Hakai-FC-007,Hakai-FC-007-ASV6-occ,MaterialSample,Clupea pallasii,11,DNA sequence reads,11,DNA sequence reads,Clupea pallasii,Seawater was collected using a Niskin bottle; For each sample ~1L of seawater was passed through 0.22um sterivex filter,http://www.ncbi.nlm.nih.gov/bioproject/1049344,BLAST annotation (0.96) against NCBI nr database,FC-007,"Valenciennes, 1847",Species,Animalia,Chordata,Teleostei,Clupeiformes,Clupeidae,Clupea,urn:lsid:marinespecies.org:taxname:151159,present
Hakai-FC-008,Hakai-FC-008-ASV6-occ,MaterialSample,Clupea pallasii,48924,DNA sequence reads,48924,DNA sequence reads,Clupea pallasii,Seawater was collected using a Niskin bottle; For each sample ~1L of seawater was passed through 0.22um sterivex filter,http://www.ncbi.nlm.nih.gov/bioproject/1049344,BLAST annotation (0.96) against NCBI nr database,FC-008,"Valenciennes, 1847",Species,Animalia,Chordata,Teleostei,Clupeiformes,Clupeidae,Clupea,urn:lsid:marinespecies.org:taxname:151159,present
Hakai-FC-009,Hakai-FC-009-ASV6-occ,MaterialSample,Clupea pallasii,42,DNA sequence reads,42,DNA sequence reads,Clupea pallasii,Seawater was collected using a Niskin bottle; For each sample ~1L of seawater was passed through 0.22um sterivex filter,http://www.ncbi.nlm.nih.gov/bioproject/1049344,BLAST annotation (0.96) against NCBI nr database,FC-009,"Valenciennes, 1847",Species,Animalia,Chordata,Teleostei,Clupeiformes,Clupeidae,Clupea,urn:lsid:marinespecies.org:taxname:151159,present
Hakai-FC-010,Hakai-FC-010-ASV6-occ,MaterialSample,Clupea pallasii,10383,DNA sequence reads,10383,DNA sequence reads,Clupea pallasii,Seawater was collected using a Niskin bottle; For each sample ~1L of seawater was passed through 0.22um sterivex filter,http://www.ncbi.nlm.nih.gov/bioproject/1049344,BLAST annotation (0.96) against NCBI nr database,FC-010,"Valenciennes, 1847",Species,Animalia,Chordata,Teleostei,Clupeiformes,Clupeidae,Clupea,urn:lsid:marinespecies.org:taxname:151159,present
Hakai-FC-014,Hakai-FC-014-ASV6-occ,MaterialSample,Clupea pallasii,47371,DNA sequence reads,47371,DNA sequence reads,Clupea pallasii,Seawater was collected using a Niskin bottle; For each sample ~1L of seawater was passed through 0.22um sterivex filter,http://www.ncbi.nlm.nih.gov/bioproject/1049344,BLAST annotation (0.96) against NCBI nr database,FC-014,"Valenciennes, 1847",Species,Animalia,Chordata,Teleostei,Clupeiformes,Clupeidae,Clupea,urn:lsid:marinespecies.org:taxname:151159,present
Hakai-FC-017,Hakai-FC-017-ASV6-occ,MaterialSample,Clupea pallasii,28,DNA sequence reads,28,DNA sequence reads,Clupea pallasii,Seawater was collected using a Niskin bottle; For each sample ~1L of seawater was passed through 0.22um sterivex filter,http://www.ncbi.nlm.nih.gov/bioproject/1049344,BLAST annotation (0.96) against NCBI nr database,FC-017,"Valenciennes, 1847",Species,Animalia,Chordata,Teleostei,Clupeiformes,Clupeidae,Clupea,urn:lsid:marinespecies.org:taxname:151159,present
Hakai-FC-021,Hakai-FC-021-ASV6-occ,MaterialSample,Clupea pallasii,19167,DNA sequence reads,19167,DNA sequence reads,Clupea pallasii,Seawater was collected using a Niskin bottle; For each sample ~1L of seawater was passed through 0.22um sterivex filter,http://www.ncbi.nlm.nih.gov/bioproject/1049344,BLAST annotation (0.96) against NCBI nr database,FC-021,"Valenciennes, 1847",Species,Animalia,Chordata,Teleostei,Clupeiformes,Clupeidae,Clupea,urn:lsid:marinespecies.org:taxname:151159,present
Hakai-FC-024,Hakai-FC-024-ASV6-occ,MaterialSample,Clupea pallasii,16,DNA sequence reads,16,DNA sequence reads,Clupea pallasii,Seawater was collected using a Niskin bottle; For each sample ~1L of seawater was passed through 0.22um sterivex filter,http://www.ncbi.nlm.nih.gov/bioproject/1049344,BLAST annotation (0.96) against NCBI nr database,FC-024,"Valenciennes, 1847",Species,Animalia,Chordata,Teleostei,Clupeiformes,Clupeidae,Clupea,urn:lsid:marinespecies.org:taxname:151159,present
Hakai-FC-025,Hakai-FC-025-ASV6-occ,MaterialSample,Clupea pallasii,26,DNA sequence reads,26,DNA sequence reads,Clupea pallasii,Seawater was collected using a Niskin bottle; For each sample ~1L of seawater was passed through 0.22um sterivex filter,http://www.ncbi.nlm.nih.gov/bioproject/1049344,BLAST annotation (0.96) against NCBI nr database,FC-025,"Valenciennes, 1847",Species,Animalia,Chordata,Teleostei,Clupeiformes,Clupeidae,Clupea,urn:lsid:marinespecies.org:taxname:151159,present
Hakai-FC-026,Hakai-FC-026-ASV6-occ,MaterialSample,Clupea pallasii,35573,DNA sequence reads,35573,DNA sequence reads,Clupea pallasii,Seawater was collected using a Niskin bottle; For each sample ~1L of seawater was passed through 0.22um sterivex filter,http://www.ncbi.nlm.nih.gov/bioproject/1049344,BLAST annotation (0.96) against NCBI nr database,FC-026,"Valenciennes, 1847",Species,Animalia,Chordata,Teleostei,Clupeiformes,Clupeidae,Clupea,urn:lsid:marinespecies.org:taxname:151159,present
Hakai-FC-027,Hakai-FC-027-ASV6-occ,MaterialSample,Clupea pallasii,35178,DNA sequence reads,35178,DNA sequence reads,Clupea pallasii,Seawater was collected using a Niskin bottle; For each sample ~1L of seawater was passed through 0.22um sterivex filter,http://www.ncbi.nlm.nih.gov/bioproject/1049344,BLAST annotation (0.96) against NCBI nr database,FC-027,"Valenciennes, 1847",Species,Animalia,Chordata,Teleostei,Clupeiformes,Clupeidae,Clupea,urn:lsid:marinespecies.org:taxname:151159,present
Hakai-FC-029,Hakai-FC-029-ASV6-occ,MaterialSample,Clupea pallasii,16,DNA sequence reads,16,DNA sequence reads,Clupea pallasii,Seawater was collected using a Niskin bottle; For each sample ~1L of seawater was passed through 0.22um sterivex filter,http://www.ncbi.nlm.nih.gov/bioproject/1049344,BLAST annotation (0.96) against NCBI nr database,FC-029,"Valenciennes, 1847",Species,Animalia,Chordata,Teleostei,Clupeiformes,Clupeidae,Clupea,urn:lsid:marinespecies.org:taxname:151159,present
Hakai-FC-030,Hakai-FC-030-ASV6-occ,MaterialSample,Clupea pallasii,19,DNA sequence reads,19,DNA sequence reads,Clupea pallasii,Seawater was collected using a Niskin bottle; For each sample ~1L of seawater was passed through 0.22um sterivex filter,http://www.ncbi.nlm.nih.gov/bioproject/1049344,BLAST annotation (0.96) against NCBI nr database,FC-030,"Valenciennes, 1847",Species,Animalia,Chordata,Teleostei,Clupeiformes,Clupeidae,Clupea,urn:lsid:marinespecies.org:taxname:151159,present
Hakai-FC-031,Hakai-FC-031-ASV6-occ,MaterialSample,Clupea pallasii,9,DNA sequence reads,9,DNA sequence reads,Clupea pallasii,Seawater was collected using a Niskin bottle; For each sample ~1L of seawater was passed through 0.22um sterivex filter,http://www.ncbi.nlm.nih.gov/bioproject/1049344,BLAST annotation (0.96) against NCBI nr database,FC-031,"Valenciennes, 1847",Species,Animalia,Chordata,Teleostei,Clupeiformes,Clupeidae,Clupea,urn:lsid:marinespecies.org:taxname:151159,present
Hakai-FC-033,Hakai-FC-033-ASV6-occ,MaterialSample,Clupea pallasii,50406,DNA sequence reads,50406,DNA sequence reads,Clupea pallasii,Seawater was collected using a Niskin bottle; For each sample ~1L of seawater was passed through 0.22um sterivex filter,http://www.ncbi.nlm.nih.gov/bioproject/1049344,BLAST annotation (0.96) against NCBI nr database,FC-033,"Valenciennes, 1847",Species,Animalia,Chordata,Teleostei,Clupeiformes,Clupeidae,Clupea,urn:lsid:marinespecies.org:taxname:151159,present
Hakai-FC-035,Hakai-FC-035-ASV6-occ,MaterialSample,Clupea pallasii,11,DNA sequence reads,11,DNA sequence reads,Clupea pallasii,Seawater was collected using a Niskin bottle; For each sample ~1L of seawater was passed through 0.22um sterivex filter,http://www.ncbi.nlm.nih.gov/bioproject/1049344,BLAST annotation (0.96) against NCBI nr database,FC-035,"Valenciennes, 1847",Species,Animalia,Chordata,Teleostei,Clupeiformes,Clupeidae,Clupea,urn:lsid:marinespecies.org:taxname:151159,present
Hakai-FC-037,Hakai-FC-037-ASV6-occ,MaterialSample,Clupea pallasii,31,DNA sequence reads,31,DNA sequence reads,Clupea pallasii,Seawater was collected using a Niskin bottle; For each sample ~1L of seawater was passed through 0.22um sterivex filter,http://www.ncbi.nlm.nih.gov/bioproject/1049344,BLAST annotation (0.96) against NCBI nr database,FC-037,"Valenciennes, 1847",Species,Animalia,Chordata,Teleostei,Clupeiformes,Clupeidae,Clupea,urn:lsid:marinespecies.org:taxname:151159,present
Hakai-FC-038,Hakai-FC-038-ASV6-occ,MaterialSample,Clupea pallasii,38,DNA sequence reads,38,DNA sequence reads,Clupea pallasii,Seawater was collected using a Niskin bottle; For each sample ~1L of seawater was passed through 0.22um sterivex filter,http://www.ncbi.nlm.nih.gov/bioproject/1049344,BLAST annotation (0.96) against NCBI nr database,FC-038,"Valenciennes, 1847",Species,Animalia,Chordata,Teleostei,Clupeiformes,Clupeidae,Clupea,urn:lsid:marinespecies.org:taxname:151159,present
Hakai-FC-039,Hakai-FC-039-ASV6-occ,MaterialSample,Clupea pallasii,12,DNA sequence reads,12,DNA sequence reads,Clupea pallasii,Seawater was collected using a Niskin bottle; For each sample ~1L of seawater was passed through 0.22um sterivex filter,http://www.ncbi.nlm.nih.gov/bioproject/1049344,BLAST annotation (0.96) against NCBI nr database,FC-039,"Valenciennes, 1847",Species,Animalia,Chordata,Teleostei,Clupeiformes,Clupeidae,Clupea,urn:lsid:marinespecies.org:taxname:151159,present
Hakai-FC-040,Hakai-FC-040-ASV6-occ,MaterialSample,Clupea pallasii,86277,DNA sequence reads,86277,DNA sequence reads,Clupea pallasii,Seawater was collected using a Niskin bottle; For each sample ~1L of seawater was passed through 0.22um sterivex filter,http://www.ncbi.nlm.nih.gov/bioproject/1049344,BLAST annotation (0.96) against NCBI nr database,FC-040,"Valenciennes, 1847",Species,Animalia,Chordata,Teleostei,Clupeiformes,Clupeidae,Clupea,urn:lsid:marinespecies.org:taxname:151159,present
Hakai-FC-041,Hakai-FC-041-ASV6-occ,MaterialSample,Clupea pallasii,61,DNA sequence reads,61,DNA sequence reads,Clupea pallasii,Seawater was collected using a Niskin bottle; For each sample ~1L of seawater was passed through 0.22um sterivex filter,http://www.ncbi.nlm.nih.gov/bioproject/1049344,BLAST annotation (0.96) against NCBI nr database,FC-041,"Valenciennes, 1847",Species,Animalia,Chordata,Teleostei,Clupeiformes,Clupeidae,Clupea,urn:lsid:marinespecies.org:taxname:151159,present
Hakai-FC-042,Hakai-FC-042-ASV6-occ,MaterialSample,Clupea pallasii,30,DNA sequence reads,30,DNA sequence reads,Clupea pallasii,Seawater was collected using a Niskin bottle; For each sample ~1L of seawater was passed through 0.22um sterivex filter,http://www.ncbi.nlm.nih.gov/bioproject/1049344,BLAST annotation (0.96) against NCBI nr database,FC-042,"Valenciennes, 1847",Species,Animalia,Chordata,Teleostei,Clupeiformes,Clupeidae,Clupea,urn:lsid:marinespecies.org:taxname:151159,present
Hakai-FC-043,Hakai-FC-043-ASV6-occ,MaterialSample,Clupea pallasii,6,DNA sequence reads,6,DNA sequence reads,Clupea pallasii,Seawater was collected using a Niskin bottle; For each sample ~1L of seawater was passed through 0.22um sterivex filter,http://www.ncbi.nlm.nih.gov/bioproject/1049344,BLAST annotation (0.96) against NCBI nr database,FC-043,"Valenciennes, 1847",Species,Animalia,Chordata,Teleostei,Clupeiformes,Clupeidae,Clupea,urn:lsid:marinespecies.org:taxname:151159,present
Hakai-FC-045,Hakai-FC-045-ASV6-occ,MaterialSample,Clupea pallasii,60645,DNA sequence reads,60645,DNA sequence reads,Clupea pallasii,Seawater was collected using a Niskin bottle; For each sample ~1L of seawater was passed through 0.22um sterivex filter,http://www.ncbi.nlm.nih.gov/bioproject/1049344,BLAST annotation (0.96) against NCBI nr database,FC-045,"Valenciennes, 1847",Species,Animalia,Chordata,Teleostei,Clupeiformes,Clupeidae,Clupea,urn:lsid:marinespecies.org:taxname:151159,present
Hakai-FC-046,Hakai-FC-046-ASV6-occ,MaterialSample,Clupea pallasii,59948,DNA sequence reads,59948,DNA sequence reads,Clupea pallasii,Seawater was collected using a Niskin bottle; For each sample ~1L of seawater was passed through 0.22um sterivex filter,http://www.ncbi.nlm.nih.gov/bioproject/1049344,BLAST annotation (0.96) against NCBI nr database,FC-046,"Valenciennes, 1847",Species,Animalia,Chordata,Teleostei,Clupeiformes,Clupeidae,Clupea,urn:lsid:marinespecies.org:taxname:151159,present
Hakai-FC-047,Hakai-FC-047-ASV6-occ,MaterialSample,Clupea pallasii,65589,DNA sequence reads,65589,DNA sequence reads,Clupea pallasii,Seawater was collected using a Niskin bottle; For each sample ~1L of seawater was passed through 0.22um sterivex filter,http://www.ncbi.nlm.nih.gov/bioproject/1049344,BLAST annotation (0.96) against NCBI nr database,FC-047,"Valenciennes, 1847",Species,Animalia,Chordata,Teleostei,Clupeiformes,Clupeidae,Clupea,urn:lsid:marinespecies.org:taxname:151159,present
Hakai-FC-048,Hakai-FC-048-ASV6-occ,MaterialSample,Clupea pallasii,40,DNA sequence reads,40,DNA sequence reads,Clupea pallasii,Seawater was collected using a Niskin bottle; For each sample ~1L of seawater was passed through 0.22um sterivex filter,http://www.ncbi.nlm.nih.gov/bioproject/1049344,BLAST annotation (0.96) against NCBI nr database,FC-048,"Valenciennes, 1847",Species,Animalia,Chordata,Teleostei,Clupeiformes,Clupeidae,Clupea,urn:lsid:marinespecies.org:taxname:151159,present
Hakai-FC-050,Hakai-FC-050-ASV6-occ,MaterialSample,Clupea pallasii,102,DNA sequence reads,102,DNA sequence reads,Clupea pallasii,Seawater was collected using a Niskin bottle; For each sample ~1L of seawater was passed through 0.22um sterivex filter,http://www.ncbi.nlm.nih.gov/bioproject/1049344,BLAST annotation (0.96) against NCBI nr database,FC-050,"Valenciennes, 1847",Species,Animalia,Chordata,Teleostei,Clupeiformes,Clupeidae,Clupea,urn:lsid:marinespecies.org:taxname:151159,present
Hakai-FC-051,Hakai-FC-051-ASV6-occ,MaterialSample,Clupea pallasii,28,DNA sequence reads,28,DNA sequence reads,Clupea pallasii,Seawater was collected using a Niskin bottle; For each sample ~1L of seawater was passed through 0.22um sterivex filter,http://www.ncbi.nlm.nih.gov/bioproject/1049344,BLAST annotation (0.96) against NCBI nr database,FC-051,"Valenciennes, 1847",Species,Animalia,Chordata,Teleostei,Clupeiformes,Clupeidae,Clupea,urn:lsid:marinespecies.org:taxname:151159,present
Hakai-FC-052,Hakai-FC-052-ASV6-occ,MaterialSample,Clupea pallasii,28834,DNA sequence reads,28834,DNA sequence reads,Clupea pallasii,Seawater was collected using a Niskin bottle; For each sample ~1L of seawater was passed through 0.22um sterivex filter,http://www.ncbi.nlm.nih.gov/bioproject/1049344,BLAST annotation (0.96) against NCBI nr database,FC-052,"Valenciennes, 1847",Species,Animalia,Chordata,Teleostei,Clupeiformes,Clupeidae,Clupea,urn:lsid:marinespecies.org:taxname:151159,present
Hakai-FC-054,Hakai-FC-054-ASV6-occ,MaterialSample,Clupea pallasii,95,DNA sequence reads,95,DNA sequence reads,Clupea pallasii,Seawater was collected using a Niskin bottle; For each sample ~1L of seawater was passed through 0.22um sterivex filter,http://www.ncbi.nlm.nih.gov/bioproject/1049344,BLAST annotation (0.96) against NCBI nr database,FC-054,"Valenciennes, 1847",Species,Animalia,Chordata,Teleostei,Clupeiformes,Clupeidae,Clupea,urn:lsid:marinespecies.org:taxname:151159,present
Hakai-FC-055,Hakai-FC-055-ASV6-occ,MaterialSample,Clupea pallasii,38,DNA sequence reads,38,DNA sequence reads,Clupea pallasii,Seawater was collected using a Niskin bottle; For each sample ~1L of seawater was passed through 0.22um sterivex filter,http://www.ncbi.nlm.nih.gov/bioproject/1049344,BLAST annotation (0.96) against NCBI nr database,FC-055,"Valenciennes, 1847",Species,Animalia,Chordata,Teleostei,Clupeiformes,Clupeidae,Clupea,urn:lsid:marinespecies.org:taxname:151159,present
Hakai-FC-056,Hakai-FC-056-ASV6-occ,MaterialSample,Clupea pallasii,176,DNA sequence reads,176,DNA sequence reads,Clupea pallasii,Seawater was collected using a Niskin bottle; For each sample ~1L of seawater was passed through 0.22um sterivex filter,http://www.ncbi.nlm.nih.gov/bioproject/1049344,BLAST annotation (0.96) against NCBI nr database,FC-056,"Valenciennes, 1847",Species,Animalia,Chordata,Teleostei,Clupeiformes,Clupeidae,Clupea,urn:lsid:marinespecies.org:taxname:151159,present
Hakai-FC-057,Hakai-FC-057-ASV6-occ,MaterialSample,Clupea pallasii,15298,DNA sequence reads,15298,DNA sequence reads,Clupea pallasii,Seawater was collected using a Niskin bottle; For each sample ~1L of seawater was passed through 0.22um sterivex filter,http://www.ncbi.nlm.nih.gov/bioproject/1049344,BLAST annotation (0.96) against NCBI nr database,FC-057,"Valenciennes, 1847",Species,Animalia,Chordata,Teleostei,Clupeiformes,Clupeidae,Clupea,urn:lsid:marinespecies.org:taxname:151159,present
Hakai-FC-058,Hakai-FC-058-ASV6-occ,MaterialSample,Clupea pallasii,29037,DNA sequence reads,29037,DNA sequence reads,Clupea pallasii,Seawater was collected using a Niskin bottle; For each sample ~1L of seawater was passed through 0.22um sterivex filter,http://www.ncbi.nlm.nih.gov/bioproject/1049344,BLAST annotation (0.96) against NCBI nr database,FC-058,"Valenciennes, 1847",Species,Animalia,Chordata,Teleostei,Clupeiformes,Clupeidae,Clupea,urn:lsid:marinespecies.org:taxname:151159,present
Hakai-FC-061,Hakai-FC-061-ASV6-occ,MaterialSample,Clupea pallasii,14,DNA sequence reads,14,DNA sequence reads,Clupea pallasii,Seawater was collected using a Niskin bottle; For each sample ~1L of seawater was passed through 0.22um sterivex filter,http://www.ncbi.nlm.nih.gov/bioproject/1049344,BLAST annotation (0.96) against NCBI nr database,FC-061,"Valenciennes, 1847",Species,Animalia,Chordata,Teleostei,Clupeiformes,Clupeidae,Clupea,urn:lsid:marinespecies.org:taxname:151159,present
Hakai-FC-064,Hakai-FC-064-ASV6-occ,MaterialSample,Clupea pallasii,30,DNA sequence reads,30,DNA sequence reads,Clupea pallasii,Seawater was collected using a Niskin bottle; For each sample ~1L of seawater was passed through 0.22um sterivex filter,http://www.ncbi.nlm.nih.gov/bioproject/1049344,BLAST annotation (0.96) against NCBI nr database,FC-064,"Valenciennes, 1847",Species,Animalia,Chordata,Teleostei,Clupeiformes,Clupeidae,Clupea,urn:lsid:marinespecies.org:taxname:151159,present
Hakai-FC-071,Hakai-FC-071-ASV6-occ,MaterialSample,Clupea pallasii,7,DNA sequence reads,7,DNA sequence reads,Clupea pallasii,Seawater was collected using a Niskin bottle; For each sample ~1L of seawater was passed through 0.22um sterivex filter,http://www.ncbi.nlm.nih.gov/bioproject/1049344,BLAST annotation (0.96) against NCBI nr database,FC-071,"Valenciennes, 1847",Species,Animalia,Chordata,Teleostei,Clupeiformes,Clupeidae,Clupea,urn:lsid:marinespecies.org:taxname:151159,present
Hakai-FC-072,Hakai-FC-072-ASV6-occ,MaterialSample,Clupea pallasii,13,DNA sequence reads,13,DNA sequence reads,Clupea pallasii,Seawater was collected using a Niskin bottle; For each sample ~1L of seawater was passed through 0.22um sterivex filter,http://www.ncbi.nlm.nih.gov/bioproject/1049344,BLAST annotation (0.96) against NCBI nr database,FC-072,"Valenciennes, 1847",Species,Animalia,Chordata,Teleostei,Clupeiformes,Clupeidae,Clupea,urn:lsid:marinespecies.org:taxname:151159,present
Hakai-FC-073,Hakai-FC-073-ASV6-occ,MaterialSample,Clupea pallasii,15663,DNA sequence reads,15663,DNA sequence reads,Clupea pallasii,Seawater was collected using a Niskin bottle; For each sample ~1L of seawater was passed through 0.22um sterivex filter,http://www.ncbi.nlm.nih.gov/bioproject/1049344,BLAST annotation (0.96) against NCBI nr database,FC-073,"Valenciennes, 1847",Species,Animalia,Chordata,Teleostei,Clupeiformes,Clupeidae,Clupea,urn:lsid:marinespecies.org:taxname:151159,present
Hakai-FC-033,Hakai-FC-033-ASV10-occ,MaterialSample,Clupea pallasii,118099,DNA sequence reads,118099,DNA sequence reads,Clupea pallasii,Seawater was collected using a Niskin bottle; For each sample ~1L of seawater was passed through 0.22um sterivex filter,http://www.ncbi.nlm.nih.gov/bioproject/1049344,BLAST annotation (0.96) against NCBI nr database,FC-033,"Valenciennes, 1847",Species,Animalia,Chordata,Teleostei,Clupeiformes,Clupeidae,Clupea,urn:lsid:marinespecies.org:taxname:151159,present
Hakai-FC-049,Hakai-FC-049-ASV10-occ,MaterialSample,Clupea pallasii,172,DNA sequence reads,172,DNA sequence reads,Clupea pallasii,Seawater was collected using a Niskin bottle; For each sample ~1L of seawater was passed through 0.22um sterivex filter,http://www.ncbi.nlm.nih.gov/bioproject/1049344,BLAST annotation (0.96) against NCBI nr database,FC-049,"Valenciennes, 1847",Species,Animalia,Chordata,Teleostei,Clupeiformes,Clupeidae,Clupea,urn:lsid:marinespecies.org:taxname:151159,present
Hakai-FC-006,Hakai-FC-006-ASV18-occ,MaterialSample,Clupea pallasii,14,DNA sequence reads,14,DNA sequence reads,Clupea pallasii,Seawater was collected using a Niskin bottle; For each sample ~1L of seawater was passed through 0.22um sterivex filter,http://www.ncbi.nlm.nih.gov/bioproject/1049344,BLAST annotation (0.96) against NCBI nr database,FC-006,"Valenciennes, 1847",Species,Animalia,Chordata,Teleostei,Clupeiformes,Clupeidae,Clupea,urn:lsid:marinespecies.org:taxname:151159,present
Hakai-FC-022,Hakai-FC-022-ASV18-occ,MaterialSample,Clupea pallasii,11,DNA sequence reads,11,DNA sequence reads,Clupea pallasii,Seawater was collected using a Niskin bottle; For each sample ~1L of seawater was passed through 0.22um sterivex filter,http://www.ncbi.nlm.nih.gov/bioproject/1049344,BLAST annotation (0.96) against NCBI nr database,FC-022,"Valenciennes, 1847",Species,Animalia,Chordata,Teleostei,Clupeiformes,Clupeidae,Clupea,urn:lsid:marinespecies.org:taxname:151159,present
Hakai-FC-070,Hakai-FC-070-ASV18-occ,MaterialSample,Clupea pallasii,61870,DNA sequence reads,61870,DNA sequence reads,Clupea pallasii,Seawater was collected using a Niskin bottle; For each sample ~1L of seawater was passed through 0.22um sterivex filter,http://www.ncbi.nlm.nih.gov/bioproject/1049344,BLAST annotation (0.96) against NCBI nr database,FC-070,"Valenciennes, 1847",Species,Animalia,Chordata,Teleostei,Clupeiformes,Clupeidae,Clupea,urn:lsid:marinespecies.org:taxname:151159,present
Hakai-FC-053,Hakai-FC-053-ASV21-occ,MaterialSample,Clupea pallasii,38718,DNA sequence reads,38718,DNA sequence reads,Clupea pallasii,Seawater was collected using a Niskin bottle; For each sample ~1L of seawater was passed through 0.22um sterivex filter,http://www.ncbi.nlm.nih.gov/bioproject/1049344,BLAST annotation (0.96) against NCBI nr database,FC-053,"Valenciennes, 1847",Species,Animalia,Chordata,Teleostei,Clupeiformes,Clupeidae,Clupea,urn:lsid:marinespecies.org:taxname:151159,present
Hakai-FC-034,Hakai-FC-034-ASV25-occ,MaterialSample,Clupea pallasii,25911,DNA sequence reads,25911,DNA sequence reads,Clupea pallasii,Seawater was collected using a Niskin bottle; For each sample ~1L of seawater was passed through 0.22um sterivex filter,http://www.ncbi.nlm.nih.gov/bioproject/1049344,BLAST annotation (0.96) against NCBI nr database,FC-034,"Valenciennes, 1847",Species,Animalia,Chordata,Teleostei,Clupeiformes,Clupeidae,Clupea,urn:lsid:marinespecies.org:taxname:151159,present
Hakai-FC-010,Hakai-FC-010-ASV29-occ,MaterialSample,Clupea pallasii,22456,DNA sequence reads,22456,DNA sequence reads,Clupea pallasii,Seawater was collected using a Niskin bottle; For each sample ~1L of seawater was passed through 0.22um sterivex filter,http://www.ncbi.nlm.nih.gov/bioproject/1049344,BLAST annotation (0.96) against NCBI nr database,FC-010,"Valenciennes, 1847",Species,Animalia,Chordata,Teleostei,Clupeiformes,Clupeidae,Clupea,urn:lsid:marinespecies.org:taxname:151159,present
Hakai-FC-027,Hakai-FC-027-ASV51-occ,MaterialSample,Clupea pallasii,6775,DNA sequence reads,6775,DNA sequence reads,Clupea pallasii,Seawater was collected using a Niskin bottle; For each sample ~1L of seawater was passed through 0.22um sterivex filter,http://www.ncbi.nlm.nih.gov/bioproject/1049344,BLAST annotation (0.96) against NCBI nr database,FC-027,"Valenciennes, 1847",Species,Animalia,Chordata,Teleostei,Clupeiformes,Clupeidae,Clupea,urn:lsid:marinespecies.org:taxname:151159,present
Hakai-FC-057,Hakai-FC-057-ASV53-occ,MaterialSample,Clupea pallasii,5721,DNA sequence reads,5721,DNA sequence reads,Clupea pallasii,Seawater was collected using a Niskin bottle; For each sample ~1L of seawater was passed through 0.22um sterivex filter,http://www.ncbi.nlm.nih.gov/bioproject/1049344,BLAST annotation (0.96) against NCBI nr database,FC-057,"Valenciennes, 1847",Species,Animalia,Chordata,Teleostei,Clupeiformes,Clupeidae,Clupea,urn:lsid:marinespecies.org:taxname:151159,present
Hakai-FC-049,Hakai-FC-049-ASV54-occ,MaterialSample,Cottus,3,DNA sequence reads,3,DNA sequence reads,Cottus sp.,Seawater was collected using a Niskin bottle; For each sample ~1L of seawater was passed through 0.22um sterivex filter,http://www.ncbi.nlm.nih.gov/bioproject/1049344,BLAST annotation (0.96) against NCBI nr database,FC-049,"Linnaeus, 1758",Genus,Animalia,Chordata,Teleostei,Perciformes,Cottidae,Cottus,urn:lsid:marinespecies.org:taxname:126148,present
Hakai-FC-057,Hakai-FC-057-ASV54-occ,MaterialSample,Cottus,4425,DNA sequence reads,4425,DNA sequence reads,Cottus sp.,Seawater was collected using a Niskin bottle; For each sample ~1L of seawater was passed through 0.22um sterivex filter,http://www.ncbi.nlm.nih.gov/bioproject/1049344,BLAST annotation (0.96) against NCBI nr database,FC-057,"Linnaeus, 1758",Genus,Animalia,Chordata,Teleostei,Perciformes,Cottidae,Cottus,urn:lsid:marinespecies.org:taxname:126148,present
Hakai-FC-004,Hakai-FC-004-ASV3-occ,MaterialSample,Cymatogaster aggregata,446,DNA sequence reads,446,DNA sequence reads,Cymatogaster aggregata,Seawater was collected using a Niskin bottle; For each sample ~1L of seawater was passed through 0.22um sterivex filter,http://www.ncbi.nlm.nih.gov/bioproject/1049344,BLAST annotation (0.96) against NCBI nr database,FC-004,"Gibbons, 1854",Species,Animalia,Chordata,Teleostei,Ovalentaria incertae sedis,Embiotocidae,Cymatogaster,urn:lsid:marinespecies.org:taxname:280461,present
Hakai-FC-005,Hakai-FC-005-ASV3-occ,MaterialSample,Cymatogaster aggregata,10,DNA sequence reads,10,DNA sequence reads,Cymatogaster aggregata,Seawater was collected using a Niskin bottle; For each sample ~1L of seawater was passed through 0.22um sterivex filter,http://www.ncbi.nlm.nih.gov/bioproject/1049344,BLAST annotation (0.96) against NCBI nr database,FC-005,"Gibbons, 1854",Species,Animalia,Chordata,Teleostei,Ovalentaria incertae sedis,Embiotocidae,Cymatogaster,urn:lsid:marinespecies.org:taxname:280461,present
Hakai-FC-007,Hakai-FC-007-ASV3-occ,MaterialSample,Cymatogaster aggregata,15,DNA sequence reads,15,DNA sequence reads,Cymatogaster aggregata,Seawater was collected using a Niskin bottle; For each sample ~1L of seawater was passed through 0.22um sterivex filter,http://www.ncbi.nlm.nih.gov/bioproject/1049344,BLAST annotation (0.96) against NCBI nr database,FC-007,"Gibbons, 1854",Species,Animalia,Chordata,Teleostei,Ovalentaria incertae sedis,Embiotocidae,Cymatogaster,urn:lsid:marinespecies.org:taxname:280461,present
Hakai-FC-008,Hakai-FC-008-ASV3-occ,MaterialSample,Cymatogaster aggregata,20798,DNA sequence reads,20798,DNA sequence reads,Cymatogaster aggregata,Seawater was collected using a Niskin bottle; For each sample ~1L of seawater was passed through 0.22um sterivex filter,http://www.ncbi.nlm.nih.gov/bioproject/1049344,BLAST annotation (0.96) against NCBI nr database,FC-008,"Gibbons, 1854",Species,Animalia,Chordata,Teleostei,Ovalentaria incertae sedis,Embiotocidae,Cymatogaster,urn:lsid:marinespecies.org:taxname:280461,present
Hakai-FC-009,Hakai-FC-009-ASV3-occ,MaterialSample,Cymatogaster aggregata,34650,DNA sequence reads,34650,DNA sequence reads,Cymatogaster aggregata,Seawater was collected using a Niskin bottle; For each sample ~1L of seawater was passed through 0.22um sterivex filter,http://www.ncbi.nlm.nih.gov/bioproject/1049344,BLAST annotation (0.96) against NCBI nr database,FC-009,"Gibbons, 1854",Species,Animalia,Chordata,Teleostei,Ovalentaria incertae sedis,Embiotocidae,Cymatogaster,urn:lsid:marinespecies.org:taxname:280461,present
Hakai-FC-010,Hakai-FC-010-ASV3-occ,MaterialSample,Cymatogaster aggregata,31047,DNA sequence reads,31047,DNA sequence reads,Cymatogaster aggregata,Seawater was collected using a Niskin bottle; For each sample ~1L of seawater was passed through 0.22um sterivex filter,http://www.ncbi.nlm.nih.gov/bioproject/1049344,BLAST annotation (0.96) against NCBI nr database,FC-010,"Gibbons, 1854",Species,Animalia,Chordata,Teleostei,Ovalentaria incertae sedis,Embiotocidae,Cymatogaster,urn:lsid:marinespecies.org:taxname:280461,present
Hakai-FC-012,Hakai-FC-012-ASV3-occ,MaterialSample,Cymatogaster aggregata,10,DNA sequence reads,10,DNA sequence reads,Cymatogaster aggregata,Seawater was collected using a Niskin bottle; For each sample ~1L of seawater was passed through 0.22um sterivex filter,http://www.ncbi.nlm.nih.gov/bioproject/1049344,BLAST annotation (0.96) against NCBI nr database,FC-012,"Gibbons, 1854",Species,Animalia,Chordata,Teleostei,Ovalentaria incertae sedis,Embiotocidae,Cymatogaster,urn:lsid:marinespecies.org:taxname:280461,present
Hakai-FC-013,Hakai-FC-013-ASV3-occ,MaterialSample,Cymatogaster aggregata,23,DNA sequence reads,23,DNA sequence reads,Cymatogaster aggregata,Seawater was collected using a Niskin bottle; For each sample ~1L of seawater was passed through 0.22um sterivex filter,http://www.ncbi.nlm.nih.gov/bioproject/1049344,BLAST annotation (0.96) against NCBI nr database,FC-013,"Gibbons, 1854",Species,Animalia,Chordata,Teleostei,Ovalentaria incertae sedis,Embiotocidae,Cymatogaster,urn:lsid:marinespecies.org:taxname:280461,present
Hakai-FC-014,Hakai-FC-014-ASV3-occ,MaterialSample,Cymatogaster aggregata,16848,DNA sequence reads,16848,DNA sequence reads,Cymatogaster aggregata,Seawater was collected using a Niskin bottle; For each sample ~1L of seawater was passed through 0.22um sterivex filter,http://www.ncbi.nlm.nih.gov/bioproject/1049344,BLAST annotation (0.96) against NCBI nr database,FC-014,"Gibbons, 1854",Species,Animalia,Chordata,Teleostei,Ovalentaria incertae sedis,Embiotocidae,Cymatogaster,urn:lsid:marinespecies.org:taxname:280461,present
Hakai-FC-015,Hakai-FC-015-ASV3-occ,MaterialSample,Cymatogaster aggregata,36459,DNA sequence reads,36459,DNA sequence reads,Cymatogaster aggregata,Seawater was collected using a Niskin bottle; For each sample ~1L of seawater was passed through 0.22um sterivex filter,http://www.ncbi.nlm.nih.gov/bioproject/1049344,BLAST annotation (0.96) against NCBI nr database,FC-015,"Gibbons, 1854",Species,Animalia,Chordata,Teleostei,Ovalentaria incertae sedis,Embiotocidae,Cymatogaster,urn:lsid:marinespecies.org:taxname:280461,present
Hakai-FC-016,Hakai-FC-016-ASV3-occ,MaterialSample,Cymatogaster aggregata,110,DNA sequence reads,110,DNA sequence reads,Cymatogaster aggregata,Seawater was collected using a Niskin bottle; For each sample ~1L of seawater was passed through 0.22um sterivex filter,http://www.ncbi.nlm.nih.gov/bioproject/1049344,BLAST annotation (0.96) against NCBI nr database,FC-016,"Gibbons, 1854",Species,Animalia,Chordata,Teleostei,Ovalentaria incertae sedis,Embiotocidae,Cymatogaster,urn:lsid:marinespecies.org:taxname:280461,present
Hakai-FC-021,Hakai-FC-021-ASV3-occ,MaterialSample,Cymatogaster aggregata,42194,DNA sequence reads,42194,DNA sequence reads,Cymatogaster aggregata,Seawater was collected using a Niskin bottle; For each sample ~1L of seawater was passed through 0.22um sterivex filter,http://www.ncbi.nlm.nih.gov/bioproject/1049344,BLAST annotation (0.96) against NCBI nr database,FC-021,"Gibbons, 1854",Species,Animalia,Chordata,Teleostei,Ovalentaria incertae sedis,Embiotocidae,Cymatogaster,urn:lsid:marinespecies.org:taxname:280461,present
Hakai-FC-022,Hakai-FC-022-ASV3-occ,MaterialSample,Cymatogaster aggregata,14,DNA sequence reads,14,DNA sequence reads,Cymatogaster aggregata,Seawater was collected using a Niskin bottle; For each sample ~1L of seawater was passed through 0.22um sterivex filter,http://www.ncbi.nlm.nih.gov/bioproject/1049344,BLAST annotation (0.96) against NCBI nr database,FC-022,"Gibbons, 1854",Species,Animalia,Chordata,Teleostei,Ovalentaria incertae sedis,Embiotocidae,Cymatogaster,urn:lsid:marinespecies.org:taxname:280461,present
Hakai-FC-023,Hakai-FC-023-ASV3-occ,MaterialSample,Cymatogaster aggregata,18,DNA sequence reads,18,DNA sequence reads,Cymatogaster aggregata,Seawater was collected using a Niskin bottle; For each sample ~1L of seawater was passed through 0.22um sterivex filter,http://www.ncbi.nlm.nih.gov/bioproject/1049344,BLAST annotation (0.96) against NCBI nr database,FC-023,"Gibbons, 1854",Species,Animalia,Chordata,Teleostei,Ovalentaria incertae sedis,Embiotocidae,Cymatogaster,urn:lsid:marinespecies.org:taxname:280461,present
Hakai-FC-024,Hakai-FC-024-ASV3-occ,MaterialSample,Cymatogaster aggregata,51,DNA sequence reads,51,DNA sequence reads,Cymatogaster aggregata,Seawater was collected using a Niskin bottle; For each sample ~1L of seawater was passed through 0.22um sterivex filter,http://www.ncbi.nlm.nih.gov/bioproject/1049344,BLAST annotation (0.96) against NCBI nr database,FC-024,"Gibbons, 1854",Species,Animalia,Chordata,Teleostei,Ovalentaria incertae sedis,Embiotocidae,Cymatogaster,urn:lsid:marinespecies.org:taxname:280461,present
Hakai-FC-025,Hakai-FC-025-ASV3-occ,MaterialSample,Cymatogaster aggregata,5,DNA sequence reads,5,DNA sequence reads,Cymatogaster aggregata,Seawater was collected using a Niskin bottle; For each sample ~1L of seawater was passed through 0.22um sterivex filter,http://www.ncbi.nlm.nih.gov/bioproject/1049344,BLAST annotation (0.96) against NCBI nr database,FC-025,"Gibbons, 1854",Species,Animalia,Chordata,Teleostei,Ovalentaria incertae sedis,Embiotocidae,Cymatogaster,urn:lsid:marinespecies.org:taxname:280461,present
Hakai-FC-026,Hakai-FC-026-ASV3-occ,MaterialSample,Cymatogaster aggregata,42242,DNA sequence reads,42242,DNA sequence reads,Cymatogaster aggregata,Seawater was collected using a Niskin bottle; For each sample ~1L of seawater was passed through 0.22um sterivex filter,http://www.ncbi.nlm.nih.gov/bioproject/1049344,BLAST annotation (0.96) against NCBI nr database,FC-026,"Gibbons, 1854",Species,Animalia,Chordata,Teleostei,Ovalentaria incertae sedis,Embiotocidae,Cymatogaster,urn:lsid:marinespecies.org:taxname:280461,present
Hakai-FC-028,Hakai-FC-028-ASV3-occ,MaterialSample,Cymatogaster aggregata,6,DNA sequence reads,6,DNA sequence reads,Cymatogaster aggregata,Seawater was collected using a Niskin bottle; For each sample ~1L of seawater was passed through 0.22um sterivex filter,http://www.ncbi.nlm.nih.gov/bioproject/1049344,BLAST annotation (0.96) against NCBI nr database,FC-028,"Gibbons, 1854",Species,Animalia,Chordata,Teleostei,Ovalentaria incertae sedis,Embiotocidae,Cymatogaster,urn:lsid:marinespecies.org:taxname:280461,present
Hakai-FC-029,Hakai-FC-029-ASV3-occ,MaterialSample,Cymatogaster aggregata,28,DNA sequence reads,28,DNA sequence reads,Cymatogaster aggregata,Seawater was collected using a Niskin bottle; For each sample ~1L of seawater was passed through 0.22um sterivex filter,http://www.ncbi.nlm.nih.gov/bioproject/1049344,BLAST annotation (0.96) against NCBI nr database,FC-029,"Gibbons, 1854",Species,Animalia,Chordata,Teleostei,Ovalentaria incertae sedis,Embiotocidae,Cymatogaster,urn:lsid:marinespecies.org:taxname:280461,present
Hakai-FC-030,Hakai-FC-030-ASV3-occ,MaterialSample,Cymatogaster aggregata,19,DNA sequence reads,19,DNA sequence reads,Cymatogaster aggregata,Seawater was collected using a Niskin bottle; For each sample ~1L of seawater was passed through 0.22um sterivex filter,http://www.ncbi.nlm.nih.gov/bioproject/1049344,BLAST annotation (0.96) against NCBI nr database,FC-030,"Gibbons, 1854",Species,Animalia,Chordata,Teleostei,Ovalentaria incertae sedis,Embiotocidae,Cymatogaster,urn:lsid:marinespecies.org:taxname:280461,present
Hakai-FC-031,Hakai-FC-031-ASV3-occ,MaterialSample,Cymatogaster aggregata,12,DNA sequence reads,12,DNA sequence reads,Cymatogaster aggregata,Seawater was collected using a Niskin bottle; For each sample ~1L of seawater was passed through 0.22um sterivex filter,http://www.ncbi.nlm.nih.gov/bioproject/1049344,BLAST annotation (0.96) against NCBI nr database,FC-031,"Gibbons, 1854",Species,Animalia,Chordata,Teleostei,Ovalentaria incertae sedis,Embiotocidae,Cymatogaster,urn:lsid:marinespecies.org:taxname:280461,present
Hakai-FC-033,Hakai-FC-033-ASV3-occ,MaterialSample,Cymatogaster aggregata,9,DNA sequence reads,9,DNA sequence reads,Cymatogaster aggregata,Seawater was collected using a Niskin bottle; For each sample ~1L of seawater was passed through 0.22um sterivex filter,http://www.ncbi.nlm.nih.gov/bioproject/1049344,BLAST annotation (0.96) against NCBI nr database,FC-033,"Gibbons, 1854",Species,Animalia,Chordata,Teleostei,Ovalentaria incertae sedis,Embiotocidae,Cymatogaster,urn:lsid:marinespecies.org:taxname:280461,present
Hakai-FC-034,Hakai-FC-034-ASV3-occ,MaterialSample,Cymatogaster aggregata,23,DNA sequence reads,23,DNA sequence reads,Cymatogaster aggregata,Seawater was collected using a Niskin bottle; For each sample ~1L of seawater was passed through 0.22um sterivex filter,http://www.ncbi.nlm.nih.gov/bioproject/1049344,BLAST annotation (0.96) against NCBI nr database,FC-034,"Gibbons, 1854",Species,Animalia,Chordata,Teleostei,Ovalentaria incertae sedis,Embiotocidae,Cymatogaster,urn:lsid:marinespecies.org:taxname:280461,present
Hakai-FC-037,Hakai-FC-037-ASV3-occ,MaterialSample,Cymatogaster aggregata,35,DNA sequence reads,35,DNA sequence reads,Cymatogaster aggregata,Seawater was collected using a Niskin bottle; For each sample ~1L of seawater was passed through 0.22um sterivex filter,http://www.ncbi.nlm.nih.gov/bioproject/1049344,BLAST annotation (0.96) against NCBI nr database,FC-037,"Gibbons, 1854",Species,Animalia,Chordata,Teleostei,Ovalentaria incertae sedis,Embiotocidae,Cymatogaster,urn:lsid:marinespecies.org:taxname:280461,present
Hakai-FC-038,Hakai-FC-038-ASV3-occ,MaterialSample,Cymatogaster aggregata,29,DNA sequence reads,29,DNA sequence reads,Cymatogaster aggregata,Seawater was collected using a Niskin bottle; For each sample ~1L of seawater was passed through 0.22um sterivex filter,http://www.ncbi.nlm.nih.gov/bioproject/1049344,BLAST annotation (0.96) against NCBI nr database,FC-038,"Gibbons, 1854",Species,Animalia,Chordata,Teleostei,Ovalentaria incertae sedis,Embiotocidae,Cymatogaster,urn:lsid:marinespecies.org:taxname:280461,present
Hakai-FC-039,Hakai-FC-039-ASV3-occ,MaterialSample,Cymatogaster aggregata,66181,DNA sequence reads,66181,DNA sequence reads,Cymatogaster aggregata,Seawater was collected using a Niskin bottle; For each sample ~1L of seawater was passed through 0.22um sterivex filter,http://www.ncbi.nlm.nih.gov/bioproject/1049344,BLAST annotation (0.96) against NCBI nr database,FC-039,"Gibbons, 1854",Species,Animalia,Chordata,Teleostei,Ovalentaria incertae sedis,Embiotocidae,Cymatogaster,urn:lsid:marinespecies.org:taxname:280461,present
Hakai-FC-040,Hakai-FC-040-ASV3-occ,MaterialSample,Cymatogaster aggregata,101,DNA sequence reads,101,DNA sequence reads,Cymatogaster aggregata,Seawater was collected using a Niskin bottle; For each sample ~1L of seawater was passed through 0.22um sterivex filter,http://www.ncbi.nlm.nih.gov/bioproject/1049344,BLAST annotation (0.96) against NCBI nr database,FC-040,"Gibbons, 1854",Species,Animalia,Chordata,Teleostei,Ovalentaria incertae sedis,Embiotocidae,Cymatogaster,urn:lsid:marinespecies.org:taxname:280461,present
Hakai-FC-041,Hakai-FC-041-ASV3-occ,MaterialSample,Cymatogaster aggregata,23,DNA sequence reads,23,DNA sequence reads,Cymatogaster aggregata,Seawater was collected using a Niskin bottle; For each sample ~1L of seawater was passed through 0.22um sterivex filter,http://www.ncbi.nlm.nih.gov/bioproject/1049344,BLAST annotation (0.96) against NCBI nr database,FC-041,"Gibbons, 1854",Species,Animalia,Chordata,Teleostei,Ovalentaria incertae sedis,Embiotocidae,Cymatogaster,urn:lsid:marinespecies.org:taxname:280461,present
Hakai-FC-042,Hakai-FC-042-ASV3-occ,MaterialSample,Cymatogaster aggregata,20,DNA sequence reads,20,DNA sequence reads,Cymatogaster aggregata,Seawater was collected using a Niskin bottle; For each sample ~1L of seawater was passed through 0.22um sterivex filter,http://www.ncbi.nlm.nih.gov/bioproject/1049344,BLAST annotation (0.96) against NCBI nr database,FC-042,"Gibbons, 1854",Species,Animalia,Chordata,Teleostei,Ovalentaria incertae sedis,Embiotocidae,Cymatogaster,urn:lsid:marinespecies.org:taxname:280461,present
Hakai-FC-044,Hakai-FC-044-ASV3-occ,MaterialSample,Cymatogaster aggregata,4,DNA sequence reads,4,DNA sequence reads,Cymatogaster aggregata,Seawater was collected using a Niskin bottle; For each sample ~1L of seawater was passed through 0.22um sterivex filter,http://www.ncbi.nlm.nih.gov/bioproject/1049344,BLAST annotation (0.96) against NCBI nr database,FC-044,"Gibbons, 1854",Species,Animalia,Chordata,Teleostei,Ovalentaria incertae sedis,Embiotocidae,Cymatogaster,urn:lsid:marinespecies.org:taxname:280461,present
Hakai-FC-045,Hakai-FC-045-ASV3-occ,MaterialSample,Cymatogaster aggregata,46271,DNA sequence reads,46271,DNA sequence reads,Cymatogaster aggregata,Seawater was collected using a Niskin bottle; For each sample ~1L of seawater was passed through 0.22um sterivex filter,http://www.ncbi.nlm.nih.gov/bioproject/1049344,BLAST annotation (0.96) against NCBI nr database,FC-045,"Gibbons, 1854",Species,Animalia,Chordata,Teleostei,Ovalentaria incertae sedis,Embiotocidae,Cymatogaster,urn:lsid:marinespecies.org:taxname:280461,present
Hakai-FC-046,Hakai-FC-046-ASV3-occ,MaterialSample,Cymatogaster aggregata,45059,DNA sequence reads,45059,DNA sequence reads,Cymatogaster aggregata,Seawater was collected using a Niskin bottle; For each sample ~1L of seawater was passed through 0.22um sterivex filter,http://www.ncbi.nlm.nih.gov/bioproject/1049344,BLAST annotation (0.96) against NCBI nr database,FC-046,"Gibbons, 1854",Species,Animalia,Chordata,Teleostei,Ovalentaria incertae sedis,Embiotocidae,Cymatogaster,urn:lsid:marinespecies.org:taxname:280461,present
Hakai-FC-047,Hakai-FC-047-ASV3-occ,MaterialSample,Cymatogaster aggregata,24,DNA sequence reads,24,DNA sequence reads,Cymatogaster aggregata,Seawater was collected using a Niskin bottle; For each sample ~1L of seawater was passed through 0.22um sterivex filter,http://www.ncbi.nlm.nih.gov/bioproject/1049344,BLAST annotation (0.96) against NCBI nr database,FC-047,"Gibbons, 1854",Species,Animalia,Chordata,Teleostei,Ovalentaria incertae sedis,Embiotocidae,Cymatogaster,urn:lsid:marinespecies.org:taxname:280461,present
Hakai-FC-048,Hakai-FC-048-ASV3-occ,MaterialSample,Cymatogaster aggregata,94,DNA sequence reads,94,DNA sequence reads,Cymatogaster aggregata,Seawater was collected using a Niskin bottle; For each sample ~1L of seawater was passed through 0.22um sterivex filter,http://www.ncbi.nlm.nih.gov/bioproject/1049344,BLAST annotation (0.96) against NCBI nr database,FC-048,"Gibbons, 1854",Species,Animalia,Chordata,Teleostei,Ovalentaria incertae sedis,Embiotocidae,Cymatogaster,urn:lsid:marinespecies.org:taxname:280461,present
Hakai-FC-049,Hakai-FC-049-ASV3-occ,MaterialSample,Cymatogaster aggregata,96,DNA sequence reads,96,DNA sequence reads,Cymatogaster aggregata,Seawater was collected using a Niskin bottle; For each sample ~1L of seawater was passed through 0.22um sterivex filter,http://www.ncbi.nlm.nih.gov/bioproject/1049344,BLAST annotation (0.96) against NCBI nr database,FC-049,"Gibbons, 1854",Species,Animalia,Chordata,Teleostei,Ovalentaria incertae sedis,Embiotocidae,Cymatogaster,urn:lsid:marinespecies.org:taxname:280461,present
Hakai-FC-050,Hakai-FC-050-ASV3-occ,MaterialSample,Cymatogaster aggregata,74627,DNA sequence reads,74627,DNA sequence reads,Cymatogaster aggregata,Seawater was collected using a Niskin bottle; For each sample ~1L of seawater was passed through 0.22um sterivex filter,http://www.ncbi.nlm.nih.gov/bioproject/1049344,BLAST annotation (0.96) against NCBI nr database,FC-050,"Gibbons, 1854",Species,Animalia,Chordata,Teleostei,Ovalentaria incertae sedis,Embiotocidae,Cymatogaster,urn:lsid:marinespecies.org:taxname:280461,present
Hakai-FC-051,Hakai-FC-051-ASV3-occ,MaterialSample,Cymatogaster aggregata,13759,DNA sequence reads,13759,DNA sequence reads,Cymatogaster aggregata,Seawater was collected using a Niskin bottle; For each sample ~1L of seawater was passed through 0.22um sterivex filter,http://www.ncbi.nlm.nih.gov/bioproject/1049344,BLAST annotation (0.96) against NCBI nr database,FC-051,"Gibbons, 1854",Species,Animalia,Chordata,Teleostei,Ovalentaria incertae sedis,Embiotocidae,Cymatogaster,urn:lsid:marinespecies.org:taxname:280461,present
Hakai-FC-052,Hakai-FC-052-ASV3-occ,MaterialSample,Cymatogaster aggregata,41831,DNA sequence reads,41831,DNA sequence reads,Cymatogaster aggregata,Seawater was collected using a Niskin bottle; For each sample ~1L of seawater was passed through 0.22um sterivex filter,http://www.ncbi.nlm.nih.gov/bioproject/1049344,BLAST annotation (0.96) against NCBI nr database,FC-052,"Gibbons, 1854",Species,Animalia,Chordata,Teleostei,Ovalentaria incertae sedis,Embiotocidae,Cymatogaster,urn:lsid:marinespecies.org:taxname:280461,present
Hakai-FC-053,Hakai-FC-053-ASV3-occ,MaterialSample,Cymatogaster aggregata,42121,DNA sequence reads,42121,DNA sequence reads,Cymatogaster aggregata,Seawater was collected using a Niskin bottle; For each sample ~1L of seawater was passed through 0.22um sterivex filter,http://www.ncbi.nlm.nih.gov/bioproject/1049344,BLAST annotation (0.96) against NCBI nr database,FC-053,"Gibbons, 1854",Species,Animalia,Chordata,Teleostei,Ovalentaria incertae sedis,Embiotocidae,Cymatogaster,urn:lsid:marinespecies.org:taxname:280461,present
Hakai-FC-054,Hakai-FC-054-ASV3-occ,MaterialSample,Cymatogaster aggregata,24830,DNA sequence reads,24830,DNA sequence reads,Cymatogaster aggregata,Seawater was collected using a Niskin bottle; For each sample ~1L of seawater was passed through 0.22um sterivex filter,http://www.ncbi.nlm.nih.gov/bioproject/1049344,BLAST annotation (0.96) against NCBI nr database,FC-054,"Gibbons, 1854",Species,Animalia,Chordata,Teleostei,Ovalentaria incertae sedis,Embiotocidae,Cymatogaster,urn:lsid:marinespecies.org:taxname:280461,present
Hakai-FC-055,Hakai-FC-055-ASV3-occ,MaterialSample,Cymatogaster aggregata,26556,DNA sequence reads,26556,DNA sequence reads,Cymatogaster aggregata,Seawater was collected using a Niskin bottle; For each sample ~1L of seawater was passed through 0.22um sterivex filter,http://www.ncbi.nlm.nih.gov/bioproject/1049344,BLAST annotation (0.96) against NCBI nr database,FC-055,"Gibbons, 1854",Species,Animalia,Chordata,Teleostei,Ovalentaria incertae sedis,Embiotocidae,Cymatogaster,urn:lsid:marinespecies.org:taxname:280461,present
Hakai-FC-056,Hakai-FC-056-ASV3-occ,MaterialSample,Cymatogaster aggregata,748717,DNA sequence reads,748717,DNA sequence reads,Cymatogaster aggregata,Seawater was collected using a Niskin bottle; For each sample ~1L of seawater was passed through 0.22um sterivex filter,http://www.ncbi.nlm.nih.gov/bioproject/1049344,BLAST annotation (0.96) against NCBI nr database,FC-056,"Gibbons, 1854",Species,Animalia,Chordata,Teleostei,Ovalentaria incertae sedis,Embiotocidae,Cymatogaster,urn:lsid:marinespecies.org:taxname:280461,present
Hakai-FC-057,Hakai-FC-057-ASV3-occ,MaterialSample,Cymatogaster aggregata,13763,DNA sequence reads,13763,DNA sequence reads,Cymatogaster aggregata,Seawater was collected using a Niskin bottle; For each sample ~1L of seawater was passed through 0.22um sterivex filter,http://www.ncbi.nlm.nih.gov/bioproject/1049344,BLAST annotation (0.96) against NCBI nr database,FC-057,"Gibbons, 1854",Species,Animalia,Chordata,Teleostei,Ovalentaria incertae sedis,Embiotocidae,Cymatogaster,urn:lsid:marinespecies.org:taxname:280461,present
Hakai-FC-058,Hakai-FC-058-ASV3-occ,MaterialSample,Cymatogaster aggregata,12,DNA sequence reads,12,DNA sequence reads,Cymatogaster aggregata,Seawater was collected using a Niskin bottle; For each sample ~1L of seawater was passed through 0.22um sterivex filter,http://www.ncbi.nlm.nih.gov/bioproject/1049344,BLAST annotation (0.96) against NCBI nr database,FC-058,"Gibbons, 1854",Species,Animalia,Chordata,Teleostei,Ovalentaria incertae sedis,Embiotocidae,Cymatogaster,urn:lsid:marinespecies.org:taxname:280461,present
Hakai-FC-061,Hakai-FC-061-ASV3-occ,MaterialSample,Cymatogaster aggregata,13,DNA sequence reads,13,DNA sequence reads,Cymatogaster aggregata,Seawater was collected using a Niskin bottle; For each sample ~1L of seawater was passed through 0.22um sterivex filter,http://www.ncbi.nlm.nih.gov/bioproject/1049344,BLAST annotation (0.96) against NCBI nr database,FC-061,"Gibbons, 1854",Species,Animalia,Chordata,Teleostei,Ovalentaria incertae sedis,Embiotocidae,Cymatogaster,urn:lsid:marinespecies.org:taxname:280461,present
Hakai-FC-063,Hakai-FC-063-ASV3-occ,MaterialSample,Cymatogaster aggregata,20,DNA sequence reads,20,DNA sequence reads,Cymatogaster aggregata,Seawater was collected using a Niskin bottle; For each sample ~1L of seawater was passed through 0.22um sterivex filter,http://www.ncbi.nlm.nih.gov/bioproject/1049344,BLAST annotation (0.96) against NCBI nr database,FC-063,"Gibbons, 1854",Species,Animalia,Chordata,Teleostei,Ovalentaria incertae sedis,Embiotocidae,Cymatogaster,urn:lsid:marinespecies.org:taxname:280461,present
Hakai-FC-064,Hakai-FC-064-ASV3-occ,MaterialSample,Cymatogaster aggregata,55,DNA sequence reads,55,DNA sequence reads,Cymatogaster aggregata,Seawater was collected using a Niskin bottle; For each sample ~1L of seawater was passed through 0.22um sterivex filter,http://www.ncbi.nlm.nih.gov/bioproject/1049344,BLAST annotation (0.96) against NCBI nr database,FC-064,"Gibbons, 1854",Species,Animalia,Chordata,Teleostei,Ovalentaria incertae sedis,Embiotocidae,Cymatogaster,urn:lsid:marinespecies.org:taxname:280461,present
Hakai-FC-066,Hakai-FC-066-ASV3-occ,MaterialSample,Cymatogaster aggregata,3992,DNA sequence reads,3992,DNA sequence reads,Cymatogaster aggregata,Seawater was collected using a Niskin bottle; For each sample ~1L of seawater was passed through 0.22um sterivex filter,http://www.ncbi.nlm.nih.gov/bioproject/1049344,BLAST annotation (0.96) against NCBI nr database,FC-066,"Gibbons, 1854",Species,Animalia,Chordata,Teleostei,Ovalentaria incertae sedis,Embiotocidae,Cymatogaster,urn:lsid:marinespecies.org:taxname:280461,present
Hakai-FC-069,Hakai-FC-069-ASV3-occ,MaterialSample,Cymatogaster aggregata,24,DNA sequence reads,24,DNA sequence reads,Cymatogaster aggregata,Seawater was collected using a Niskin bottle; For each sample ~1L of seawater was passed through 0.22um sterivex filter,http://www.ncbi.nlm.nih.gov/bioproject/1049344,BLAST annotation (0.96) against NCBI nr database,FC-069,"Gibbons, 1854",Species,Animalia,Chordata,Teleostei,Ovalentaria incertae sedis,Embiotocidae,Cymatogaster,urn:lsid:marinespecies.org:taxname:280461,present
Hakai-FC-072,Hakai-FC-072-ASV3-occ,MaterialSample,Cymatogaster aggregata,22,DNA sequence reads,22,DNA sequence reads,Cymatogaster aggregata,Seawater was collected using a Niskin bottle; For each sample ~1L of seawater was passed through 0.22um sterivex filter,http://www.ncbi.nlm.nih.gov/bioproject/1049344,BLAST annotation (0.96) against NCBI nr database,FC-072,"Gibbons, 1854",Species,Animalia,Chordata,Teleostei,Ovalentaria incertae sedis,Embiotocidae,Cymatogaster,urn:lsid:marinespecies.org:taxname:280461,present
Hakai-FC-056,Hakai-FC-056-ASV7-occ,MaterialSample,Cymatogaster aggregata,448568,DNA sequence reads,448568,DNA sequence reads,Cymatogaster aggregata,Seawater was collected using a Niskin bottle; For each sample ~1L of seawater was passed through 0.22um sterivex filter,http://www.ncbi.nlm.nih.gov/bioproject/1049344,BLAST annotation (0.96) against NCBI nr database,FC-056,"Gibbons, 1854",Species,Animalia,Chordata,Teleostei,Ovalentaria incertae sedis,Embiotocidae,Cymatogaster,urn:lsid:marinespecies.org:taxname:280461,present
Hakai-FC-046,Hakai-FC-046-ASV33-occ,MaterialSample,Cymatogaster aggregata,20378,DNA sequence reads,20378,DNA sequence reads,Cymatogaster aggregata,Seawater was collected using a Niskin bottle; For each sample ~1L of seawater was passed through 0.22um sterivex filter,http://www.ncbi.nlm.nih.gov/bioproject/1049344,BLAST annotation (0.96) against NCBI nr database,FC-046,"Gibbons, 1854",Species,Animalia,Chordata,Teleostei,Ovalentaria incertae sedis,Embiotocidae,Cymatogaster,urn:lsid:marinespecies.org:taxname:280461,present
Hakai-FC-054,Hakai-FC-054-ASV45-occ,MaterialSample,Cymatogaster aggregata,11058,DNA sequence reads,11058,DNA sequence reads,Cymatogaster aggregata,Seawater was collected using a Niskin bottle; For each sample ~1L of seawater was passed through 0.22um sterivex filter,http://www.ncbi.nlm.nih.gov/bioproject/1049344,BLAST annotation (0.96) against NCBI nr database,FC-054,"Gibbons, 1854",Species,Animalia,Chordata,Teleostei,Ovalentaria incertae sedis,Embiotocidae,Cymatogaster,urn:lsid:marinespecies.org:taxname:280461,present
Hakai-FC-052,Hakai-FC-052-ASV56-occ,MaterialSample,Cymatogaster aggregata,2535,DNA sequence reads,2535,DNA sequence reads,Cymatogaster aggregata,Seawater was collected using a Niskin bottle; For each sample ~1L of seawater was passed through 0.22um sterivex filter,http://www.ncbi.nlm.nih.gov/bioproject/1049344,BLAST annotation (0.96) against NCBI nr database,FC-052,"Gibbons, 1854",Species,Animalia,Chordata,Teleostei,Ovalentaria incertae sedis,Embiotocidae,Cymatogaster,urn:lsid:marinespecies.org:taxname:280461,present
Hakai-FC-002,Hakai-FC-002-ASV1-occ,MaterialSample,Engraulis mordax,178,DNA sequence reads,178,DNA sequence reads,Engraulis mordax,Seawater was collected using a Niskin bottle; For each sample ~1L of seawater was passed through 0.22um sterivex filter,http://www.ncbi.nlm.nih.gov/bioproject/1049344,BLAST annotation (0.96) against NCBI nr database,FC-002,"Girard, 1854",Species,Animalia,Chordata,Teleostei,Clupeiformes,Engraulidae,Engraulis,urn:lsid:marinespecies.org:taxname:272286,present
Hakai-FC-003,Hakai-FC-003-ASV1-occ,MaterialSample,Engraulis mordax,78253,DNA sequence reads,78253,DNA sequence reads,Engraulis mordax,Seawater was collected using a Niskin bottle; For each sample ~1L of seawater was passed through 0.22um sterivex filter,http://www.ncbi.nlm.nih.gov/bioproject/1049344,BLAST annotation (0.96) against NCBI nr database,FC-003,"Girard, 1854",Species,Animalia,Chordata,Teleostei,Clupeiformes,Engraulidae,Engraulis,urn:lsid:marinespecies.org:taxname:272286,present
Hakai-FC-004,Hakai-FC-004-ASV1-occ,MaterialSample,Engraulis mordax,223,DNA sequence reads,223,DNA sequence reads,Engraulis mordax,Seawater was collected using a Niskin bottle; For each sample ~1L of seawater was passed through 0.22um sterivex filter,http://www.ncbi.nlm.nih.gov/bioproject/1049344,BLAST annotation (0.96) against NCBI nr database,FC-004,"Girard, 1854",Species,Animalia,Chordata,Teleostei,Clupeiformes,Engraulidae,Engraulis,urn:lsid:marinespecies.org:taxname:272286,present
Hakai-FC-005,Hakai-FC-005-ASV1-occ,MaterialSample,Engraulis mordax,120694,DNA sequence reads,120694,DNA sequence reads,Engraulis mordax,Seawater was collected using a Niskin bottle; For each sample ~1L of seawater was passed through 0.22um sterivex filter,http://www.ncbi.nlm.nih.gov/bioproject/1049344,BLAST annotation (0.96) against NCBI nr database,FC-005,"Girard, 1854",Species,Animalia,Chordata,Teleostei,Clupeiformes,Engraulidae,Engraulis,urn:lsid:marinespecies.org:taxname:272286,present
Hakai-FC-006,Hakai-FC-006-ASV1-occ,MaterialSample,Engraulis mordax,27958,DNA sequence reads,27958,DNA sequence reads,Engraulis mordax,Seawater was collected using a Niskin bottle; For each sample ~1L of seawater was passed through 0.22um sterivex filter,http://www.ncbi.nlm.nih.gov/bioproject/1049344,BLAST annotation (0.96) against NCBI nr database,FC-006,"Girard, 1854",Species,Animalia,Chordata,Teleostei,Clupeiformes,Engraulidae,Engraulis,urn:lsid:marinespecies.org:taxname:272286,present
Hakai-FC-007,Hakai-FC-007-ASV1-occ,MaterialSample,Engraulis mordax,18751,DNA sequence reads,18751,DNA sequence reads,Engraulis mordax,Seawater was collected using a Niskin bottle; For each sample ~1L of seawater was passed through 0.22um sterivex filter,http://www.ncbi.nlm.nih.gov/bioproject/1049344,BLAST annotation (0.96) against NCBI nr database,FC-007,"Girard, 1854",Species,Animalia,Chordata,Teleostei,Clupeiformes,Engraulidae,Engraulis,urn:lsid:marinespecies.org:taxname:272286,present
Hakai-FC-008,Hakai-FC-008-ASV1-occ,MaterialSample,Engraulis mordax,113,DNA sequence reads,113,DNA sequence reads,Engraulis mordax,Seawater was collected using a Niskin bottle; For each sample ~1L of seawater was passed through 0.22um sterivex filter,http://www.ncbi.nlm.nih.gov/bioproject/1049344,BLAST annotation (0.96) against NCBI nr database,FC-008,"Girard, 1854",Species,Animalia,Chordata,Teleostei,Clupeiformes,Engraulidae,Engraulis,urn:lsid:marinespecies.org:taxname:272286,present
Hakai-FC-009,Hakai-FC-009-ASV1-occ,MaterialSample,Engraulis mordax,77879,DNA sequence reads,77879,DNA sequence reads,Engraulis mordax,Seawater was collected using a Niskin bottle; For each sample ~1L of seawater was passed through 0.22um sterivex filter,http://www.ncbi.nlm.nih.gov/bioproject/1049344,BLAST annotation (0.96) against NCBI nr database,FC-009,"Girard, 1854",Species,Animalia,Chordata,Teleostei,Clupeiformes,Engraulidae,Engraulis,urn:lsid:marinespecies.org:taxname:272286,present
Hakai-FC-010,Hakai-FC-010-ASV1-occ,MaterialSample,Engraulis mordax,100,DNA sequence reads,100,DNA sequence reads,Engraulis mordax,Seawater was collected using a Niskin bottle; For each sample ~1L of seawater was passed through 0.22um sterivex filter,http://www.ncbi.nlm.nih.gov/bioproject/1049344,BLAST annotation (0.96) against NCBI nr database,FC-010,"Girard, 1854",Species,Animalia,Chordata,Teleostei,Clupeiformes,Engraulidae,Engraulis,urn:lsid:marinespecies.org:taxname:272286,present
Hakai-FC-011,Hakai-FC-011-ASV1-occ,MaterialSample,Engraulis mordax,44359,DNA sequence reads,44359,DNA sequence reads,Engraulis mordax,Seawater was collected using a Niskin bottle; For each sample ~1L of seawater was passed through 0.22um sterivex filter,http://www.ncbi.nlm.nih.gov/bioproject/1049344,BLAST annotation (0.96) against NCBI nr database,FC-011,"Girard, 1854",Species,Animalia,Chordata,Teleostei,Clupeiformes,Engraulidae,Engraulis,urn:lsid:marinespecies.org:taxname:272286,present
Hakai-FC-013,Hakai-FC-013-ASV1-occ,MaterialSample,Engraulis mordax,15953,DNA sequence reads,15953,DNA sequence reads,Engraulis mordax,Seawater was collected using a Niskin bottle; For each sample ~1L of seawater was passed through 0.22um sterivex filter,http://www.ncbi.nlm.nih.gov/bioproject/1049344,BLAST annotation (0.96) against NCBI nr database,FC-013,"Girard, 1854",Species,Animalia,Chordata,Teleostei,Clupeiformes,Engraulidae,Engraulis,urn:lsid:marinespecies.org:taxname:272286,present
Hakai-FC-014,Hakai-FC-014-ASV1-occ,MaterialSample,Engraulis mordax,29190,DNA sequence reads,29190,DNA sequence reads,Engraulis mordax,Seawater was collected using a Niskin bottle; For each sample ~1L of seawater was passed through 0.22um sterivex filter,http://www.ncbi.nlm.nih.gov/bioproject/1049344,BLAST annotation (0.96) against NCBI nr database,FC-014,"Girard, 1854",Species,Animalia,Chordata,Teleostei,Clupeiformes,Engraulidae,Engraulis,urn:lsid:marinespecies.org:taxname:272286,present
Hakai-FC-015,Hakai-FC-015-ASV1-occ,MaterialSample,Engraulis mordax,4777,DNA sequence reads,4777,DNA sequence reads,Engraulis mordax,Seawater was collected using a Niskin bottle; For each sample ~1L of seawater was passed through 0.22um sterivex filter,http://www.ncbi.nlm.nih.gov/bioproject/1049344,BLAST annotation (0.96) against NCBI nr database,FC-015,"Girard, 1854",Species,Animalia,Chordata,Teleostei,Clupeiformes,Engraulidae,Engraulis,urn:lsid:marinespecies.org:taxname:272286,present
Hakai-FC-016,Hakai-FC-016-ASV1-occ,MaterialSample,Engraulis mordax,152,DNA sequence reads,152,DNA sequence reads,Engraulis mordax,Seawater was collected using a Niskin bottle; For each sample ~1L of seawater was passed through 0.22um sterivex filter,http://www.ncbi.nlm.nih.gov/bioproject/1049344,BLAST annotation (0.96) against NCBI nr database,FC-016,"Girard, 1854",Species,Animalia,Chordata,Teleostei,Clupeiformes,Engraulidae,Engraulis,urn:lsid:marinespecies.org:taxname:272286,present
Hakai-FC-017,Hakai-FC-017-ASV1-occ,MaterialSample,Engraulis mordax,17317,DNA sequence reads,17317,DNA sequence reads,Engraulis mordax,Seawater was collected using a Niskin bottle; For each sample ~1L of seawater was passed through 0.22um sterivex filter,http://www.ncbi.nlm.nih.gov/bioproject/1049344,BLAST annotation (0.96) against NCBI nr database,FC-017,"Girard, 1854",Species,Animalia,Chordata,Teleostei,Clupeiformes,Engraulidae,Engraulis,urn:lsid:marinespecies.org:taxname:272286,present
Hakai-FC-018,Hakai-FC-018-ASV1-occ,MaterialSample,Engraulis mordax,27900,DNA sequence reads,27900,DNA sequence reads,Engraulis mordax,Seawater was collected using a Niskin bottle; For each sample ~1L of seawater was passed through 0.22um sterivex filter,http://www.ncbi.nlm.nih.gov/bioproject/1049344,BLAST annotation (0.96) against NCBI nr database,FC-018,"Girard, 1854",Species,Animalia,Chordata,Teleostei,Clupeiformes,Engraulidae,Engraulis,urn:lsid:marinespecies.org:taxname:272286,present
Hakai-FC-019,Hakai-FC-019-ASV1-occ,MaterialSample,Engraulis mordax,35931,DNA sequence reads,35931,DNA sequence reads,Engraulis mordax,Seawater was collected using a Niskin bottle; For each sample ~1L of seawater was passed through 0.22um sterivex filter,http://www.ncbi.nlm.nih.gov/bioproject/1049344,BLAST annotation (0.96) against NCBI nr database,FC-019,"Girard, 1854",Species,Animalia,Chordata,Teleostei,Clupeiformes,Engraulidae,Engraulis,urn:lsid:marinespecies.org:taxname:272286,present
Hakai-FC-020,Hakai-FC-020-ASV1-occ,MaterialSample,Engraulis mordax,54190,DNA sequence reads,54190,DNA sequence reads,Engraulis mordax,Seawater was collected using a Niskin bottle; For each sample ~1L of seawater was passed through 0.22um sterivex filter,http://www.ncbi.nlm.nih.gov/bioproject/1049344,BLAST annotation (0.96) against NCBI nr database,FC-020,"Girard, 1854",Species,Animalia,Chordata,Teleostei,Clupeiformes,Engraulidae,Engraulis,urn:lsid:marinespecies.org:taxname:272286,present
Hakai-FC-021,Hakai-FC-021-ASV1-occ,MaterialSample,Engraulis mordax,97295,DNA sequence reads,97295,DNA sequence reads,Engraulis mordax,Seawater was collected using a Niskin bottle; For each sample ~1L of seawater was passed through 0.22um sterivex filter,http://www.ncbi.nlm.nih.gov/bioproject/1049344,BLAST annotation (0.96) against NCBI nr database,FC-021,"Girard, 1854",Species,Animalia,Chordata,Teleostei,Clupeiformes,Engraulidae,Engraulis,urn:lsid:marinespecies.org:taxname:272286,present
Hakai-FC-022,Hakai-FC-022-ASV1-occ,MaterialSample,Engraulis mordax,84312,DNA sequence reads,84312,DNA sequence reads,Engraulis mordax,Seawater was collected using a Niskin bottle; For each sample ~1L of seawater was passed through 0.22um sterivex filter,http://www.ncbi.nlm.nih.gov/bioproject/1049344,BLAST annotation (0.96) against NCBI nr database,FC-022,"Girard, 1854",Species,Animalia,Chordata,Teleostei,Clupeiformes,Engraulidae,Engraulis,urn:lsid:marinespecies.org:taxname:272286,present
Hakai-FC-024,Hakai-FC-024-ASV1-occ,MaterialSample,Engraulis mordax,81,DNA sequence reads,81,DNA sequence reads,Engraulis mordax,Seawater was collected using a Niskin bottle; For each sample ~1L of seawater was passed through 0.22um sterivex filter,http://www.ncbi.nlm.nih.gov/bioproject/1049344,BLAST annotation (0.96) against NCBI nr database,FC-024,"Girard, 1854",Species,Animalia,Chordata,Teleostei,Clupeiformes,Engraulidae,Engraulis,urn:lsid:marinespecies.org:taxname:272286,present
Hakai-FC-027,Hakai-FC-027-ASV1-occ,MaterialSample,Engraulis mordax,18537,DNA sequence reads,18537,DNA sequence reads,Engraulis mordax,Seawater was collected using a Niskin bottle; For each sample ~1L of seawater was passed through 0.22um sterivex filter,http://www.ncbi.nlm.nih.gov/bioproject/1049344,BLAST annotation (0.96) against NCBI nr database,FC-027,"Girard, 1854",Species,Animalia,Chordata,Teleostei,Clupeiformes,Engraulidae,Engraulis,urn:lsid:marinespecies.org:taxname:272286,present
Hakai-FC-028,Hakai-FC-028-ASV1-occ,MaterialSample,Engraulis mordax,35,DNA sequence reads,35,DNA sequence reads,Engraulis mordax,Seawater was collected using a Niskin bottle; For each sample ~1L of seawater was passed through 0.22um sterivex filter,http://www.ncbi.nlm.nih.gov/bioproject/1049344,BLAST annotation (0.96) against NCBI nr database,FC-028,"Girard, 1854",Species,Animalia,Chordata,Teleostei,Clupeiformes,Engraulidae,Engraulis,urn:lsid:marinespecies.org:taxname:272286,present
Hakai-FC-029,Hakai-FC-029-ASV1-occ,MaterialSample,Engraulis mordax,34038,DNA sequence reads,34038,DNA sequence reads,Engraulis mordax,Seawater was collected using a Niskin bottle; For each sample ~1L of seawater was passed through 0.22um sterivex filter,http://www.ncbi.nlm.nih.gov/bioproject/1049344,BLAST annotation (0.96) against NCBI nr database,FC-029,"Girard, 1854",Species,Animalia,Chordata,Teleostei,Clupeiformes,Engraulidae,Engraulis,urn:lsid:marinespecies.org:taxname:272286,present
Hakai-FC-030,Hakai-FC-030-ASV1-occ,MaterialSample,Engraulis mordax,73,DNA sequence reads,73,DNA sequence reads,Engraulis mordax,Seawater was collected using a Niskin bottle; For each sample ~1L of seawater was passed through 0.22um sterivex filter,http://www.ncbi.nlm.nih.gov/bioproject/1049344,BLAST annotation (0.96) against NCBI nr database,FC-030,"Girard, 1854",Species,Animalia,Chordata,Teleostei,Clupeiformes,Engraulidae,Engraulis,urn:lsid:marinespecies.org:taxname:272286,present
Hakai-FC-031,Hakai-FC-031-ASV1-occ,MaterialSample,Engraulis mordax,40651,DNA sequence reads,40651,DNA sequence reads,Engraulis mordax,Seawater was collected using a Niskin bottle; For each sample ~1L of seawater was passed through 0.22um sterivex filter,http://www.ncbi.nlm.nih.gov/bioproject/1049344,BLAST annotation (0.96) against NCBI nr database,FC-031,"Girard, 1854",Species,Animalia,Chordata,Teleostei,Clupeiformes,Engraulidae,Engraulis,urn:lsid:marinespecies.org:taxname:272286,present
Hakai-FC-033,Hakai-FC-033-ASV1-occ,MaterialSample,Engraulis mordax,54397,DNA sequence reads,54397,DNA sequence reads,Engraulis mordax,Seawater was collected using a Niskin bottle; For each sample ~1L of seawater was passed through 0.22um sterivex filter,http://www.ncbi.nlm.nih.gov/bioproject/1049344,BLAST annotation (0.96) against NCBI nr database,FC-033,"Girard, 1854",Species,Animalia,Chordata,Teleostei,Clupeiformes,Engraulidae,Engraulis,urn:lsid:marinespecies.org:taxname:272286,present
Hakai-FC-034,Hakai-FC-034-ASV1-occ,MaterialSample,Engraulis mordax,91722,DNA sequence reads,91722,DNA sequence reads,Engraulis mordax,Seawater was collected using a Niskin bottle; For each sample ~1L of seawater was passed through 0.22um sterivex filter,http://www.ncbi.nlm.nih.gov/bioproject/1049344,BLAST annotation (0.96) against NCBI nr database,FC-034,"Girard, 1854",Species,Animalia,Chordata,Teleostei,Clupeiformes,Engraulidae,Engraulis,urn:lsid:marinespecies.org:taxname:272286,present
Hakai-FC-035,Hakai-FC-035-ASV1-occ,MaterialSample,Engraulis mordax,145,DNA sequence reads,145,DNA sequence reads,Engraulis mordax,Seawater was collected using a Niskin bottle; For each sample ~1L of seawater was passed through 0.22um sterivex filter,http://www.ncbi.nlm.nih.gov/bioproject/1049344,BLAST annotation (0.96) against NCBI nr database,FC-035,"Girard, 1854",Species,Animalia,Chordata,Teleostei,Clupeiformes,Engraulidae,Engraulis,urn:lsid:marinespecies.org:taxname:272286,present
Hakai-FC-037,Hakai-FC-037-ASV1-occ,MaterialSample,Engraulis mordax,73049,DNA sequence reads,73049,DNA sequence reads,Engraulis mordax,Seawater was collected using a Niskin bottle; For each sample ~1L of seawater was passed through 0.22um sterivex filter,http://www.ncbi.nlm.nih.gov/bioproject/1049344,BLAST annotation (0.96) against NCBI nr database,FC-037,"Girard, 1854",Species,Animalia,Chordata,Teleostei,Clupeiformes,Engraulidae,Engraulis,urn:lsid:marinespecies.org:taxname:272286,present
Hakai-FC-038,Hakai-FC-038-ASV1-occ,MaterialSample,Engraulis mordax,155,DNA sequence reads,155,DNA sequence reads,Engraulis mordax,Seawater was collected using a Niskin bottle; For each sample ~1L of seawater was passed through 0.22um sterivex filter,http://www.ncbi.nlm.nih.gov/bioproject/1049344,BLAST annotation (0.96) against NCBI nr database,FC-038,"Girard, 1854",Species,Animalia,Chordata,Teleostei,Clupeiformes,Engraulidae,Engraulis,urn:lsid:marinespecies.org:taxname:272286,present
Hakai-FC-040,Hakai-FC-040-ASV1-occ,MaterialSample,Engraulis mordax,115447,DNA sequence reads,115447,DNA sequence reads,Engraulis mordax,Seawater was collected using a Niskin bottle; For each sample ~1L of seawater was passed through 0.22um sterivex filter,http://www.ncbi.nlm.nih.gov/bioproject/1049344,BLAST annotation (0.96) against NCBI nr database,FC-040,"Girard, 1854",Species,Animalia,Chordata,Teleostei,Clupeiformes,Engraulidae,Engraulis,urn:lsid:marinespecies.org:taxname:272286,present
Hakai-FC-041,Hakai-FC-041-ASV1-occ,MaterialSample,Engraulis mordax,47929,DNA sequence reads,47929,DNA sequence reads,Engraulis mordax,Seawater was collected using a Niskin bottle; For each sample ~1L of seawater was passed through 0.22um sterivex filter,http://www.ncbi.nlm.nih.gov/bioproject/1049344,BLAST annotation (0.96) against NCBI nr database,FC-041,"Girard, 1854",Species,Animalia,Chordata,Teleostei,Clupeiformes,Engraulidae,Engraulis,urn:lsid:marinespecies.org:taxname:272286,present
Hakai-FC-042,Hakai-FC-042-ASV1-occ,MaterialSample,Engraulis mordax,127,DNA sequence reads,127,DNA sequence reads,Engraulis mordax,Seawater was collected using a Niskin bottle; For each sample ~1L of seawater was passed through 0.22um sterivex filter,http://www.ncbi.nlm.nih.gov/bioproject/1049344,BLAST annotation (0.96) against NCBI nr database,FC-042,"Girard, 1854",Species,Animalia,Chordata,Teleostei,Clupeiformes,Engraulidae,Engraulis,urn:lsid:marinespecies.org:taxname:272286,present
Hakai-FC-043,Hakai-FC-043-ASV1-occ,MaterialSample,Engraulis mordax,28142,DNA sequence reads,28142,DNA sequence reads,Engraulis mordax,Seawater was collected using a Niskin bottle; For each sample ~1L of seawater was passed through 0.22um sterivex filter,http://www.ncbi.nlm.nih.gov/bioproject/1049344,BLAST annotation (0.96) against NCBI nr database,FC-043,"Girard, 1854",Species,Animalia,Chordata,Teleostei,Clupeiformes,Engraulidae,Engraulis,urn:lsid:marinespecies.org:taxname:272286,present
Hakai-FC-044,Hakai-FC-044-ASV1-occ,MaterialSample,Engraulis mordax,32,DNA sequence reads,32,DNA sequence reads,Engraulis mordax,Seawater was collected using a Niskin bottle; For each sample ~1L of seawater was passed through 0.22um sterivex filter,http://www.ncbi.nlm.nih.gov/bioproject/1049344,BLAST annotation (0.96) against NCBI nr database,FC-044,"Girard, 1854",Species,Animalia,Chordata,Teleostei,Clupeiformes,Engraulidae,Engraulis,urn:lsid:marinespecies.org:taxname:272286,present
Hakai-FC-045,Hakai-FC-045-ASV1-occ,MaterialSample,Engraulis mordax,54871,DNA sequence reads,54871,DNA sequence reads,Engraulis mordax,Seawater was collected using a Niskin bottle; For each sample ~1L of seawater was passed through 0.22um sterivex filter,http://www.ncbi.nlm.nih.gov/bioproject/1049344,BLAST annotation (0.96) against NCBI nr database,FC-045,"Girard, 1854",Species,Animalia,Chordata,Teleostei,Clupeiformes,Engraulidae,Engraulis,urn:lsid:marinespecies.org:taxname:272286,present
Hakai-FC-046,Hakai-FC-046-ASV1-occ,MaterialSample,Engraulis mordax,98983,DNA sequence reads,98983,DNA sequence reads,Engraulis mordax,Seawater was collected using a Niskin bottle; For each sample ~1L of seawater was passed through 0.22um sterivex filter,http://www.ncbi.nlm.nih.gov/bioproject/1049344,BLAST annotation (0.96) against NCBI nr database,FC-046,"Girard, 1854",Species,Animalia,Chordata,Teleostei,Clupeiformes,Engraulidae,Engraulis,urn:lsid:marinespecies.org:taxname:272286,present
Hakai-FC-047,Hakai-FC-047-ASV1-occ,MaterialSample,Engraulis mordax,41524,DNA sequence reads,41524,DNA sequence reads,Engraulis mordax,Seawater was collected using a Niskin bottle; For each sample ~1L of seawater was passed through 0.22um sterivex filter,http://www.ncbi.nlm.nih.gov/bioproject/1049344,BLAST annotation (0.96) against NCBI nr database,FC-047,"Girard, 1854",Species,Animalia,Chordata,Teleostei,Clupeiformes,Engraulidae,Engraulis,urn:lsid:marinespecies.org:taxname:272286,present
Hakai-FC-048,Hakai-FC-048-ASV1-occ,MaterialSample,Engraulis mordax,126,DNA sequence reads,126,DNA sequence reads,Engraulis mordax,Seawater was collected using a Niskin bottle; For each sample ~1L of seawater was passed through 0.22um sterivex filter,http://www.ncbi.nlm.nih.gov/bioproject/1049344,BLAST annotation (0.96) against NCBI nr database,FC-048,"Girard, 1854",Species,Animalia,Chordata,Teleostei,Clupeiformes,Engraulidae,Engraulis,urn:lsid:marinespecies.org:taxname:272286,present
Hakai-FC-049,Hakai-FC-049-ASV1-occ,MaterialSample,Engraulis mordax,188163,DNA sequence reads,188163,DNA sequence reads,Engraulis mordax,Seawater was collected using a Niskin bottle; For each sample ~1L of seawater was passed through 0.22um sterivex filter,http://www.ncbi.nlm.nih.gov/bioproject/1049344,BLAST annotation (0.96) against NCBI nr database,FC-049,"Girard, 1854",Species,Animalia,Chordata,Teleostei,Clupeiformes,Engraulidae,Engraulis,urn:lsid:marinespecies.org:taxname:272286,present
Hakai-FC-050,Hakai-FC-050-ASV1-occ,MaterialSample,Engraulis mordax,48431,DNA sequence reads,48431,DNA sequence reads,Engraulis mordax,Seawater was collected using a Niskin bottle; For each sample ~1L of seawater was passed through 0.22um sterivex filter,http://www.ncbi.nlm.nih.gov/bioproject/1049344,BLAST annotation (0.96) against NCBI nr database,FC-050,"Girard, 1854",Species,Animalia,Chordata,Teleostei,Clupeiformes,Engraulidae,Engraulis,urn:lsid:marinespecies.org:taxname:272286,present
Hakai-FC-051,Hakai-FC-051-ASV1-occ,MaterialSample,Engraulis mordax,92192,DNA sequence reads,92192,DNA sequence reads,Engraulis mordax,Seawater was collected using a Niskin bottle; For each sample ~1L of seawater was passed through 0.22um sterivex filter,http://www.ncbi.nlm.nih.gov/bioproject/1049344,BLAST annotation (0.96) against NCBI nr database,FC-051,"Girard, 1854",Species,Animalia,Chordata,Teleostei,Clupeiformes,Engraulidae,Engraulis,urn:lsid:marinespecies.org:taxname:272286,present
Hakai-FC-052,Hakai-FC-052-ASV1-occ,MaterialSample,Engraulis mordax,55125,DNA sequence reads,55125,DNA sequence reads,Engraulis mordax,Seawater was collected using a Niskin bottle; For each sample ~1L of seawater was passed through 0.22um sterivex filter,http://www.ncbi.nlm.nih.gov/bioproject/1049344,BLAST annotation (0.96) against NCBI nr database,FC-052,"Girard, 1854",Species,Animalia,Chordata,Teleostei,Clupeiformes,Engraulidae,Engraulis,urn:lsid:marinespecies.org:taxname:272286,present
Hakai-FC-053,Hakai-FC-053-ASV1-occ,MaterialSample,Engraulis mordax,45672,DNA sequence reads,45672,DNA sequence reads,Engraulis mordax,Seawater was collected using a Niskin bottle; For each sample ~1L of seawater was passed through 0.22um sterivex filter,http://www.ncbi.nlm.nih.gov/bioproject/1049344,BLAST annotation (0.96) against NCBI nr database,FC-053,"Girard, 1854",Species,Animalia,Chordata,Teleostei,Clupeiformes,Engraulidae,Engraulis,urn:lsid:marinespecies.org:taxname:272286,present
Hakai-FC-054,Hakai-FC-054-ASV1-occ,MaterialSample,Engraulis mordax,450,DNA sequence reads,450,DNA sequence reads,Engraulis mordax,Seawater was collected using a Niskin bottle; For each sample ~1L of seawater was passed through 0.22um sterivex filter,http://www.ncbi.nlm.nih.gov/bioproject/1049344,BLAST annotation (0.96) against NCBI nr database,FC-054,"Girard, 1854",Species,Animalia,Chordata,Teleostei,Clupeiformes,Engraulidae,Engraulis,urn:lsid:marinespecies.org:taxname:272286,present
Hakai-FC-055,Hakai-FC-055-ASV1-occ,MaterialSample,Engraulis mordax,12583,DNA sequence reads,12583,DNA sequence reads,Engraulis mordax,Seawater was collected using a Niskin bottle; For each sample ~1L of seawater was passed through 0.22um sterivex filter,http://www.ncbi.nlm.nih.gov/bioproject/1049344,BLAST annotation (0.96) against NCBI nr database,FC-055,"Girard, 1854",Species,Animalia,Chordata,Teleostei,Clupeiformes,Engraulidae,Engraulis,urn:lsid:marinespecies.org:taxname:272286,present
Hakai-FC-056,Hakai-FC-056-ASV1-occ,MaterialSample,Engraulis mordax,620981,DNA sequence reads,620981,DNA sequence reads,Engraulis mordax,Seawater was collected using a Niskin bottle; For each sample ~1L of seawater was passed through 0.22um sterivex filter,http://www.ncbi.nlm.nih.gov/bioproject/1049344,BLAST annotation (0.96) against NCBI nr database,FC-056,"Girard, 1854",Species,Animalia,Chordata,Teleostei,Clupeiformes,Engraulidae,Engraulis,urn:lsid:marinespecies.org:taxname:272286,present
Hakai-FC-057,Hakai-FC-057-ASV1-occ,MaterialSample,Engraulis mordax,72521,DNA sequence reads,72521,DNA sequence reads,Engraulis mordax,Seawater was collected using a Niskin bottle; For each sample ~1L of seawater was passed through 0.22um sterivex filter,http://www.ncbi.nlm.nih.gov/bioproject/1049344,BLAST annotation (0.96) against NCBI nr database,FC-057,"Girard, 1854",Species,Animalia,Chordata,Teleostei,Clupeiformes,Engraulidae,Engraulis,urn:lsid:marinespecies.org:taxname:272286,present
Hakai-FC-059,Hakai-FC-059-ASV1-occ,MaterialSample,Engraulis mordax,42349,DNA sequence reads,42349,DNA sequence reads,Engraulis mordax,Seawater was collected using a Niskin bottle; For each sample ~1L of seawater was passed through 0.22um sterivex filter,http://www.ncbi.nlm.nih.gov/bioproject/1049344,BLAST annotation (0.96) against NCBI nr database,FC-059,"Girard, 1854",Species,Animalia,Chordata,Teleostei,Clupeiformes,Engraulidae,Engraulis,urn:lsid:marinespecies.org:taxname:272286,present
Hakai-FC-060,Hakai-FC-060-ASV1-occ,MaterialSample,Engraulis mordax,54,DNA sequence reads,54,DNA sequence reads,Engraulis mordax,Seawater was collected using a Niskin bottle; For each sample ~1L of seawater was passed through 0.22um sterivex filter,http://www.ncbi.nlm.nih.gov/bioproject/1049344,BLAST annotation (0.96) against NCBI nr database,FC-060,"Girard, 1854",Species,Animalia,Chordata,Teleostei,Clupeiformes,Engraulidae,Engraulis,urn:lsid:marinespecies.org:taxname:272286,present
Hakai-FC-061,Hakai-FC-061-ASV1-occ,MaterialSample,Engraulis mordax,57411,DNA sequence reads,57411,DNA sequence reads,Engraulis mordax,Seawater was collected using a Niskin bottle; For each sample ~1L of seawater was passed through 0.22um sterivex filter,http://www.ncbi.nlm.nih.gov/bioproject/1049344,BLAST annotation (0.96) against NCBI nr database,FC-061,"Girard, 1854",Species,Animalia,Chordata,Teleostei,Clupeiformes,Engraulidae,Engraulis,urn:lsid:marinespecies.org:taxname:272286,present
Hakai-FC-062,Hakai-FC-062-ASV1-occ,MaterialSample,Engraulis mordax,69608,DNA sequence reads,69608,DNA sequence reads,Engraulis mordax,Seawater was collected using a Niskin bottle; For each sample ~1L of seawater was passed through 0.22um sterivex filter,http://www.ncbi.nlm.nih.gov/bioproject/1049344,BLAST annotation (0.96) against NCBI nr database,FC-062,"Girard, 1854",Species,Animalia,Chordata,Teleostei,Clupeiformes,Engraulidae,Engraulis,urn:lsid:marinespecies.org:taxname:272286,present
Hakai-FC-063,Hakai-FC-063-ASV1-occ,MaterialSample,Engraulis mordax,51207,DNA sequence reads,51207,DNA sequence reads,Engraulis mordax,Seawater was collected using a Niskin bottle; For each sample ~1L of seawater was passed through 0.22um sterivex filter,http://www.ncbi.nlm.nih.gov/bioproject/1049344,BLAST annotation (0.96) against NCBI nr database,FC-063,"Girard, 1854",Species,Animalia,Chordata,Teleostei,Clupeiformes,Engraulidae,Engraulis,urn:lsid:marinespecies.org:taxname:272286,present
Hakai-FC-064,Hakai-FC-064-ASV1-occ,MaterialSample,Engraulis mordax,159,DNA sequence reads,159,DNA sequence reads,Engraulis mordax,Seawater was collected using a Niskin bottle; For each sample ~1L of seawater was passed through 0.22um sterivex filter,http://www.ncbi.nlm.nih.gov/bioproject/1049344,BLAST annotation (0.96) against NCBI nr database,FC-064,"Girard, 1854",Species,Animalia,Chordata,Teleostei,Clupeiformes,Engraulidae,Engraulis,urn:lsid:marinespecies.org:taxname:272286,present
Hakai-FC-065,Hakai-FC-065-ASV1-occ,MaterialSample,Engraulis mordax,84,DNA sequence reads,84,DNA sequence reads,Engraulis mordax,Seawater was collected using a Niskin bottle; For each sample ~1L of seawater was passed through 0.22um sterivex filter,http://www.ncbi.nlm.nih.gov/bioproject/1049344,BLAST annotation (0.96) against NCBI nr database,FC-065,"Girard, 1854",Species,Animalia,Chordata,Teleostei,Clupeiformes,Engraulidae,Engraulis,urn:lsid:marinespecies.org:taxname:272286,present
Hakai-FC-066,Hakai-FC-066-ASV1-occ,MaterialSample,Engraulis mordax,59417,DNA sequence reads,59417,DNA sequence reads,Engraulis mordax,Seawater was collected using a Niskin bottle; For each sample ~1L of seawater was passed through 0.22um sterivex filter,http://www.ncbi.nlm.nih.gov/bioproject/1049344,BLAST annotation (0.96) against NCBI nr database,FC-066,"Girard, 1854",Species,Animalia,Chordata,Teleostei,Clupeiformes,Engraulidae,Engraulis,urn:lsid:marinespecies.org:taxname:272286,present
Hakai-FC-067,Hakai-FC-067-ASV1-occ,MaterialSample,Engraulis mordax,22516,DNA sequence reads,22516,DNA sequence reads,Engraulis mordax,Seawater was collected using a Niskin bottle; For each sample ~1L of seawater was passed through 0.22um sterivex filter,http://www.ncbi.nlm.nih.gov/bioproject/1049344,BLAST annotation (0.96) against NCBI nr database,FC-067,"Girard, 1854",Species,Animalia,Chordata,Teleostei,Clupeiformes,Engraulidae,Engraulis,urn:lsid:marinespecies.org:taxname:272286,present
Hakai-FC-068,Hakai-FC-068-ASV1-occ,MaterialSample,Engraulis mordax,38,DNA sequence reads,38,DNA sequence reads,Engraulis mordax,Seawater was collected using a Niskin bottle; For each sample ~1L of seawater was passed through 0.22um sterivex filter,http://www.ncbi.nlm.nih.gov/bioproject/1049344,BLAST annotation (0.96) against NCBI nr database,FC-068,"Girard, 1854",Species,Animalia,Chordata,Teleostei,Clupeiformes,Engraulidae,Engraulis,urn:lsid:marinespecies.org:taxname:272286,present
Hakai-FC-069,Hakai-FC-069-ASV1-occ,MaterialSample,Engraulis mordax,48105,DNA sequence reads,48105,DNA sequence reads,Engraulis mordax,Seawater was collected using a Niskin bottle; For each sample ~1L of seawater was passed through 0.22um sterivex filter,http://www.ncbi.nlm.nih.gov/bioproject/1049344,BLAST annotation (0.96) against NCBI nr database,FC-069,"Girard, 1854",Species,Animalia,Chordata,Teleostei,Clupeiformes,Engraulidae,Engraulis,urn:lsid:marinespecies.org:taxname:272286,present
Hakai-FC-070,Hakai-FC-070-ASV1-occ,MaterialSample,Engraulis mordax,115493,DNA sequence reads,115493,DNA sequence reads,Engraulis mordax,Seawater was collected using a Niskin bottle; For each sample ~1L of seawater was passed through 0.22um sterivex filter,http://www.ncbi.nlm.nih.gov/bioproject/1049344,BLAST annotation (0.96) against NCBI nr database,FC-070,"Girard, 1854",Species,Animalia,Chordata,Teleostei,Clupeiformes,Engraulidae,Engraulis,urn:lsid:marinespecies.org:taxname:272286,present
Hakai-FC-071,Hakai-FC-071-ASV1-occ,MaterialSample,Engraulis mordax,49,DNA sequence reads,49,DNA sequence reads,Engraulis mordax,Seawater was collected using a Niskin bottle; For each sample ~1L of seawater was passed through 0.22um sterivex filter,http://www.ncbi.nlm.nih.gov/bioproject/1049344,BLAST annotation (0.96) against NCBI nr database,FC-071,"Girard, 1854",Species,Animalia,Chordata,Teleostei,Clupeiformes,Engraulidae,Engraulis,urn:lsid:marinespecies.org:taxname:272286,present
Hakai-FC-072,Hakai-FC-072-ASV1-occ,MaterialSample,Engraulis mordax,36092,DNA sequence reads,36092,DNA sequence reads,Engraulis mordax,Seawater was collected using a Niskin bottle; For each sample ~1L of seawater was passed through 0.22um sterivex filter,http://www.ncbi.nlm.nih.gov/bioproject/1049344,BLAST annotation (0.96) against NCBI nr database,FC-072,"Girard, 1854",Species,Animalia,Chordata,Teleostei,Clupeiformes,Engraulidae,Engraulis,urn:lsid:marinespecies.org:taxname:272286,present
Hakai-FC-073,Hakai-FC-073-ASV1-occ,MaterialSample,Engraulis mordax,18101,DNA sequence reads,18101,DNA sequence reads,Engraulis mordax,Seawater was collected using a Niskin bottle; For each sample ~1L of seawater was passed through 0.22um sterivex filter,http://www.ncbi.nlm.nih.gov/bioproject/1049344,BLAST annotation (0.96) against NCBI nr database,FC-073,"Girard, 1854",Species,Animalia,Chordata,Teleostei,Clupeiformes,Engraulidae,Engraulis,urn:lsid:marinespecies.org:taxname:272286,present
Hakai-FC-074,Hakai-FC-074-ASV1-occ,MaterialSample,Engraulis mordax,76848,DNA sequence reads,76848,DNA sequence reads,Engraulis mordax,Seawater was collected using a Niskin bottle; For each sample ~1L of seawater was passed through 0.22um sterivex filter,http://www.ncbi.nlm.nih.gov/bioproject/1049344,BLAST annotation (0.96) against NCBI nr database,FC-074,"Girard, 1854",Species,Animalia,Chordata,Teleostei,Clupeiformes,Engraulidae,Engraulis,urn:lsid:marinespecies.org:taxname:272286,present
Hakai-FC-012,Hakai-FC-012-ASV8-occ,MaterialSample,Engraulis mordax,65403,DNA sequence reads,65403,DNA sequence reads,Engraulis mordax,Seawater was collected using a Niskin bottle; For each sample ~1L of seawater was passed through 0.22um sterivex filter,http://www.ncbi.nlm.nih.gov/bioproject/1049344,BLAST annotation (0.96) against NCBI nr database,FC-012,"Girard, 1854",Species,Animalia,Chordata,Teleostei,Clupeiformes,Engraulidae,Engraulis,urn:lsid:marinespecies.org:taxname:272286,present
Hakai-FC-039,Hakai-FC-039-ASV8-occ,MaterialSample,Engraulis mordax,119122,DNA sequence reads,119122,DNA sequence reads,Engraulis mordax,Seawater was collected using a Niskin bottle; For each sample ~1L of seawater was passed through 0.22um sterivex filter,http://www.ncbi.nlm.nih.gov/bioproject/1049344,BLAST annotation (0.96) against NCBI nr database,FC-039,"Girard, 1854",Species,Animalia,Chordata,Teleostei,Clupeiformes,Engraulidae,Engraulis,urn:lsid:marinespecies.org:taxname:272286,present
Hakai-FC-058,Hakai-FC-058-ASV8-occ,MaterialSample,Engraulis mordax,79454,DNA sequence reads,79454,DNA sequence reads,Engraulis mordax,Seawater was collected using a Niskin bottle; For each sample ~1L of seawater was passed through 0.22um sterivex filter,http://www.ncbi.nlm.nih.gov/bioproject/1049344,BLAST annotation (0.96) against NCBI nr database,FC-058,"Girard, 1854",Species,Animalia,Chordata,Teleostei,Clupeiformes,Engraulidae,Engraulis,urn:lsid:marinespecies.org:taxname:272286,present
Hakai-FC-003,Hakai-FC-003-ASV14-occ,MaterialSample,Engraulis mordax,2008,DNA sequence reads,2008,DNA sequence reads,Engraulis mordax,Seawater was collected using a Niskin bottle; For each sample ~1L of seawater was passed through 0.22um sterivex filter,http://www.ncbi.nlm.nih.gov/bioproject/1049344,BLAST annotation (0.96) against NCBI nr database,FC-003,"Girard, 1854",Species,Animalia,Chordata,Teleostei,Clupeiformes,Engraulidae,Engraulis,urn:lsid:marinespecies.org:taxname:272286,present
Hakai-FC-005,Hakai-FC-005-ASV14-occ,MaterialSample,Engraulis mordax,3348,DNA sequence reads,3348,DNA sequence reads,Engraulis mordax,Seawater was collected using a Niskin bottle; For each sample ~1L of seawater was passed through 0.22um sterivex filter,http://www.ncbi.nlm.nih.gov/bioproject/1049344,BLAST annotation (0.96) against NCBI nr database,FC-005,"Girard, 1854",Species,Animalia,Chordata,Teleostei,Clupeiformes,Engraulidae,Engraulis,urn:lsid:marinespecies.org:taxname:272286,present
Hakai-FC-006,Hakai-FC-006-ASV14-occ,MaterialSample,Engraulis mordax,817,DNA sequence reads,817,DNA sequence reads,Engraulis mordax,Seawater was collected using a Niskin bottle; For each sample ~1L of seawater was passed through 0.22um sterivex filter,http://www.ncbi.nlm.nih.gov/bioproject/1049344,BLAST annotation (0.96) against NCBI nr database,FC-006,"Girard, 1854",Species,Animalia,Chordata,Teleostei,Clupeiformes,Engraulidae,Engraulis,urn:lsid:marinespecies.org:taxname:272286,present
Hakai-FC-007,Hakai-FC-007-ASV14-occ,MaterialSample,Engraulis mordax,501,DNA sequence reads,501,DNA sequence reads,Engraulis mordax,Seawater was collected using a Niskin bottle; For each sample ~1L of seawater was passed through 0.22um sterivex filter,http://www.ncbi.nlm.nih.gov/bioproject/1049344,BLAST annotation (0.96) against NCBI nr database,FC-007,"Girard, 1854",Species,Animalia,Chordata,Teleostei,Clupeiformes,Engraulidae,Engraulis,urn:lsid:marinespecies.org:taxname:272286,present
Hakai-FC-009,Hakai-FC-009-ASV14-occ,MaterialSample,Engraulis mordax,2159,DNA sequence reads,2159,DNA sequence reads,Engraulis mordax,Seawater was collected using a Niskin bottle; For each sample ~1L of seawater was passed through 0.22um sterivex filter,http://www.ncbi.nlm.nih.gov/bioproject/1049344,BLAST annotation (0.96) against NCBI nr database,FC-009,"Girard, 1854",Species,Animalia,Chordata,Teleostei,Clupeiformes,Engraulidae,Engraulis,urn:lsid:marinespecies.org:taxname:272286,present
Hakai-FC-011,Hakai-FC-011-ASV14-occ,MaterialSample,Engraulis mordax,1254,DNA sequence reads,1254,DNA sequence reads,Engraulis mordax,Seawater was collected using a Niskin bottle; For each sample ~1L of seawater was passed through 0.22um sterivex filter,http://www.ncbi.nlm.nih.gov/bioproject/1049344,BLAST annotation (0.96) against NCBI nr database,FC-011,"Girard, 1854",Species,Animalia,Chordata,Teleostei,Clupeiformes,Engraulidae,Engraulis,urn:lsid:marinespecies.org:taxname:272286,present
Hakai-FC-013,Hakai-FC-013-ASV14-occ,MaterialSample,Engraulis mordax,470,DNA sequence reads,470,DNA sequence reads,Engraulis mordax,Seawater was collected using a Niskin bottle; For each sample ~1L of seawater was passed through 0.22um sterivex filter,http://www.ncbi.nlm.nih.gov/bioproject/1049344,BLAST annotation (0.96) against NCBI nr database,FC-013,"Girard, 1854",Species,Animalia,Chordata,Teleostei,Clupeiformes,Engraulidae,Engraulis,urn:lsid:marinespecies.org:taxname:272286,present
Hakai-FC-014,Hakai-FC-014-ASV14-occ,MaterialSample,Engraulis mordax,869,DNA sequence reads,869,DNA sequence reads,Engraulis mordax,Seawater was collected using a Niskin bottle; For each sample ~1L of seawater was passed through 0.22um sterivex filter,http://www.ncbi.nlm.nih.gov/bioproject/1049344,BLAST annotation (0.96) against NCBI nr database,FC-014,"Girard, 1854",Species,Animalia,Chordata,Teleostei,Clupeiformes,Engraulidae,Engraulis,urn:lsid:marinespecies.org:taxname:272286,present
Hakai-FC-015,Hakai-FC-015-ASV14-occ,MaterialSample,Engraulis mordax,145,DNA sequence reads,145,DNA sequence reads,Engraulis mordax,Seawater was collected using a Niskin bottle; For each sample ~1L of seawater was passed through 0.22um sterivex filter,http://www.ncbi.nlm.nih.gov/bioproject/1049344,BLAST annotation (0.96) against NCBI nr database,FC-015,"Girard, 1854",Species,Animalia,Chordata,Teleostei,Clupeiformes,Engraulidae,Engraulis,urn:lsid:marinespecies.org:taxname:272286,present
Hakai-FC-017,Hakai-FC-017-ASV14-occ,MaterialSample,Engraulis mordax,516,DNA sequence reads,516,DNA sequence reads,Engraulis mordax,Seawater was collected using a Niskin bottle; For each sample ~1L of seawater was passed through 0.22um sterivex filter,http://www.ncbi.nlm.nih.gov/bioproject/1049344,BLAST annotation (0.96) against NCBI nr database,FC-017,"Girard, 1854",Species,Animalia,Chordata,Teleostei,Clupeiformes,Engraulidae,Engraulis,urn:lsid:marinespecies.org:taxname:272286,present
Hakai-FC-018,Hakai-FC-018-ASV14-occ,MaterialSample,Engraulis mordax,852,DNA sequence reads,852,DNA sequence reads,Engraulis mordax,Seawater was collected using a Niskin bottle; For each sample ~1L of seawater was passed through 0.22um sterivex filter,http://www.ncbi.nlm.nih.gov/bioproject/1049344,BLAST annotation (0.96) against NCBI nr database,FC-018,"Girard, 1854",Species,Animalia,Chordata,Teleostei,Clupeiformes,Engraulidae,Engraulis,urn:lsid:marinespecies.org:taxname:272286,present
Hakai-FC-019,Hakai-FC-019-ASV14-occ,MaterialSample,Engraulis mordax,1068,DNA sequence reads,1068,DNA sequence reads,Engraulis mordax,Seawater was collected using a Niskin bottle; For each sample ~1L of seawater was passed through 0.22um sterivex filter,http://www.ncbi.nlm.nih.gov/bioproject/1049344,BLAST annotation (0.96) against NCBI nr database,FC-019,"Girard, 1854",Species,Animalia,Chordata,Teleostei,Clupeiformes,Engraulidae,Engraulis,urn:lsid:marinespecies.org:taxname:272286,present
Hakai-FC-020,Hakai-FC-020-ASV14-occ,MaterialSample,Engraulis mordax,1558,DNA sequence reads,1558,DNA sequence reads,Engraulis mordax,Seawater was collected using a Niskin bottle; For each sample ~1L of seawater was passed through 0.22um sterivex filter,http://www.ncbi.nlm.nih.gov/bioproject/1049344,BLAST annotation (0.96) against NCBI nr database,FC-020,"Girard, 1854",Species,Animalia,Chordata,Teleostei,Clupeiformes,Engraulidae,Engraulis,urn:lsid:marinespecies.org:taxname:272286,present
Hakai-FC-021,Hakai-FC-021-ASV14-occ,MaterialSample,Engraulis mordax,2850,DNA sequence reads,2850,DNA sequence reads,Engraulis mordax,Seawater was collected using a Niskin bottle; For each sample ~1L of seawater was passed through 0.22um sterivex filter,http://www.ncbi.nlm.nih.gov/bioproject/1049344,BLAST annotation (0.96) against NCBI nr database,FC-021,"Girard, 1854",Species,Animalia,Chordata,Teleostei,Clupeiformes,Engraulidae,Engraulis,urn:lsid:marinespecies.org:taxname:272286,present
Hakai-FC-022,Hakai-FC-022-ASV14-occ,MaterialSample,Engraulis mordax,2466,DNA sequence reads,2466,DNA sequence reads,Engraulis mordax,Seawater was collected using a Niskin bottle; For each sample ~1L of seawater was passed through 0.22um sterivex filter,http://www.ncbi.nlm.nih.gov/bioproject/1049344,BLAST annotation (0.96) against NCBI nr database,FC-022,"Girard, 1854",Species,Animalia,Chordata,Teleostei,Clupeiformes,Engraulidae,Engraulis,urn:lsid:marinespecies.org:taxname:272286,present
Hakai-FC-027,Hakai-FC-027-ASV14-occ,MaterialSample,Engraulis mordax,473,DNA sequence reads,473,DNA sequence reads,Engraulis mordax,Seawater was collected using a Niskin bottle; For each sample ~1L of seawater was passed through 0.22um sterivex filter,http://www.ncbi.nlm.nih.gov/bioproject/1049344,BLAST annotation (0.96) against NCBI nr database,FC-027,"Girard, 1854",Species,Animalia,Chordata,Teleostei,Clupeiformes,Engraulidae,Engraulis,urn:lsid:marinespecies.org:taxname:272286,present
Hakai-FC-029,Hakai-FC-029-ASV14-occ,MaterialSample,Engraulis mordax,1025,DNA sequence reads,1025,DNA sequence reads,Engraulis mordax,Seawater was collected using a Niskin bottle; For each sample ~1L of seawater was passed through 0.22um sterivex filter,http://www.ncbi.nlm.nih.gov/bioproject/1049344,BLAST annotation (0.96) against NCBI nr database,FC-029,"Girard, 1854",Species,Animalia,Chordata,Teleostei,Clupeiformes,Engraulidae,Engraulis,urn:lsid:marinespecies.org:taxname:272286,present
Hakai-FC-031,Hakai-FC-031-ASV14-occ,MaterialSample,Engraulis mordax,1076,DNA sequence reads,1076,DNA sequence reads,Engraulis mordax,Seawater was collected using a Niskin bottle; For each sample ~1L of seawater was passed through 0.22um sterivex filter,http://www.ncbi.nlm.nih.gov/bioproject/1049344,BLAST annotation (0.96) against NCBI nr database,FC-031,"Girard, 1854",Species,Animalia,Chordata,Teleostei,Clupeiformes,Engraulidae,Engraulis,urn:lsid:marinespecies.org:taxname:272286,present
Hakai-FC-033,Hakai-FC-033-ASV14-occ,MaterialSample,Engraulis mordax,1550,DNA sequence reads,1550,DNA sequence reads,Engraulis mordax,Seawater was collected using a Niskin bottle; For each sample ~1L of seawater was passed through 0.22um sterivex filter,http://www.ncbi.nlm.nih.gov/bioproject/1049344,BLAST annotation (0.96) against NCBI nr database,FC-033,"Girard, 1854",Species,Animalia,Chordata,Teleostei,Clupeiformes,Engraulidae,Engraulis,urn:lsid:marinespecies.org:taxname:272286,present
Hakai-FC-034,Hakai-FC-034-ASV14-occ,MaterialSample,Engraulis mordax,2660,DNA sequence reads,2660,DNA sequence reads,Engraulis mordax,Seawater was collected using a Niskin bottle; For each sample ~1L of seawater was passed through 0.22um sterivex filter,http://www.ncbi.nlm.nih.gov/bioproject/1049344,BLAST annotation (0.96) against NCBI nr database,FC-034,"Girard, 1854",Species,Animalia,Chordata,Teleostei,Clupeiformes,Engraulidae,Engraulis,urn:lsid:marinespecies.org:taxname:272286,present
Hakai-FC-037,Hakai-FC-037-ASV14-occ,MaterialSample,Engraulis mordax,2139,DNA sequence reads,2139,DNA sequence reads,Engraulis mordax,Seawater was collected using a Niskin bottle; For each sample ~1L of seawater was passed through 0.22um sterivex filter,http://www.ncbi.nlm.nih.gov/bioproject/1049344,BLAST annotation (0.96) against NCBI nr database,FC-037,"Girard, 1854",Species,Animalia,Chordata,Teleostei,Clupeiformes,Engraulidae,Engraulis,urn:lsid:marinespecies.org:taxname:272286,present
Hakai-FC-040,Hakai-FC-040-ASV14-occ,MaterialSample,Engraulis mordax,3216,DNA sequence reads,3216,DNA sequence reads,Engraulis mordax,Seawater was collected using a Niskin bottle; For each sample ~1L of seawater was passed through 0.22um sterivex filter,http://www.ncbi.nlm.nih.gov/bioproject/1049344,BLAST annotation (0.96) against NCBI nr database,FC-040,"Girard, 1854",Species,Animalia,Chordata,Teleostei,Clupeiformes,Engraulidae,Engraulis,urn:lsid:marinespecies.org:taxname:272286,present
Hakai-FC-041,Hakai-FC-041-ASV14-occ,MaterialSample,Engraulis mordax,1343,DNA sequence reads,1343,DNA sequence reads,Engraulis mordax,Seawater was collected using a Niskin bottle; For each sample ~1L of seawater was passed through 0.22um sterivex filter,http://www.ncbi.nlm.nih.gov/bioproject/1049344,BLAST annotation (0.96) against NCBI nr database,FC-041,"Girard, 1854",Species,Animalia,Chordata,Teleostei,Clupeiformes,Engraulidae,Engraulis,urn:lsid:marinespecies.org:taxname:272286,present
Hakai-FC-043,Hakai-FC-043-ASV14-occ,MaterialSample,Engraulis mordax,808,DNA sequence reads,808,DNA sequence reads,Engraulis mordax,Seawater was collected using a Niskin bottle; For each sample ~1L of seawater was passed through 0.22um sterivex filter,http://www.ncbi.nlm.nih.gov/bioproject/1049344,BLAST annotation (0.96) against NCBI nr database,FC-043,"Girard, 1854",Species,Animalia,Chordata,Teleostei,Clupeiformes,Engraulidae,Engraulis,urn:lsid:marinespecies.org:taxname:272286,present
Hakai-FC-045,Hakai-FC-045-ASV14-occ,MaterialSample,Engraulis mordax,1504,DNA sequence reads,1504,DNA sequence reads,Engraulis mordax,Seawater was collected using a Niskin bottle; For each sample ~1L of seawater was passed through 0.22um sterivex filter,http://www.ncbi.nlm.nih.gov/bioproject/1049344,BLAST annotation (0.96) against NCBI nr database,FC-045,"Girard, 1854",Species,Animalia,Chordata,Teleostei,Clupeiformes,Engraulidae,Engraulis,urn:lsid:marinespecies.org:taxname:272286,present
Hakai-FC-046,Hakai-FC-046-ASV14-occ,MaterialSample,Engraulis mordax,2710,DNA sequence reads,2710,DNA sequence reads,Engraulis mordax,Seawater was collected using a Niskin bottle; For each sample ~1L of seawater was passed through 0.22um sterivex filter,http://www.ncbi.nlm.nih.gov/bioproject/1049344,BLAST annotation (0.96) against NCBI nr database,FC-046,"Girard, 1854",Species,Animalia,Chordata,Teleostei,Clupeiformes,Engraulidae,Engraulis,urn:lsid:marinespecies.org:taxname:272286,present
Hakai-FC-047,Hakai-FC-047-ASV14-occ,MaterialSample,Engraulis mordax,1120,DNA sequence reads,1120,DNA sequence reads,Engraulis mordax,Seawater was collected using a Niskin bottle; For each sample ~1L of seawater was passed through 0.22um sterivex filter,http://www.ncbi.nlm.nih.gov/bioproject/1049344,BLAST annotation (0.96) against NCBI nr database,FC-047,"Girard, 1854",Species,Animalia,Chordata,Teleostei,Clupeiformes,Engraulidae,Engraulis,urn:lsid:marinespecies.org:taxname:272286,present
Hakai-FC-049,Hakai-FC-049-ASV14-occ,MaterialSample,Engraulis mordax,4964,DNA sequence reads,4964,DNA sequence reads,Engraulis mordax,Seawater was collected using a Niskin bottle; For each sample ~1L of seawater was passed through 0.22um sterivex filter,http://www.ncbi.nlm.nih.gov/bioproject/1049344,BLAST annotation (0.96) against NCBI nr database,FC-049,"Girard, 1854",Species,Animalia,Chordata,Teleostei,Clupeiformes,Engraulidae,Engraulis,urn:lsid:marinespecies.org:taxname:272286,present
Hakai-FC-050,Hakai-FC-050-ASV14-occ,MaterialSample,Engraulis mordax,1233,DNA sequence reads,1233,DNA sequence reads,Engraulis mordax,Seawater was collected using a Niskin bottle; For each sample ~1L of seawater was passed through 0.22um sterivex filter,http://www.ncbi.nlm.nih.gov/bioproject/1049344,BLAST annotation (0.96) against NCBI nr database,FC-050,"Girard, 1854",Species,Animalia,Chordata,Teleostei,Clupeiformes,Engraulidae,Engraulis,urn:lsid:marinespecies.org:taxname:272286,present
Hakai-FC-051,Hakai-FC-051-ASV14-occ,MaterialSample,Engraulis mordax,2353,DNA sequence reads,2353,DNA sequence reads,Engraulis mordax,Seawater was collected using a Niskin bottle; For each sample ~1L of seawater was passed through 0.22um sterivex filter,http://www.ncbi.nlm.nih.gov/bioproject/1049344,BLAST annotation (0.96) against NCBI nr database,FC-051,"Girard, 1854",Species,Animalia,Chordata,Teleostei,Clupeiformes,Engraulidae,Engraulis,urn:lsid:marinespecies.org:taxname:272286,present
Hakai-FC-052,Hakai-FC-052-ASV14-occ,MaterialSample,Engraulis mordax,1539,DNA sequence reads,1539,DNA sequence reads,Engraulis mordax,Seawater was collected using a Niskin bottle; For each sample ~1L of seawater was passed through 0.22um sterivex filter,http://www.ncbi.nlm.nih.gov/bioproject/1049344,BLAST annotation (0.96) against NCBI nr database,FC-052,"Girard, 1854",Species,Animalia,Chordata,Teleostei,Clupeiformes,Engraulidae,Engraulis,urn:lsid:marinespecies.org:taxname:272286,present
Hakai-FC-053,Hakai-FC-053-ASV14-occ,MaterialSample,Engraulis mordax,1298,DNA sequence reads,1298,DNA sequence reads,Engraulis mordax,Seawater was collected using a Niskin bottle; For each sample ~1L of seawater was passed through 0.22um sterivex filter,http://www.ncbi.nlm.nih.gov/bioproject/1049344,BLAST annotation (0.96) against NCBI nr database,FC-053,"Girard, 1854",Species,Animalia,Chordata,Teleostei,Clupeiformes,Engraulidae,Engraulis,urn:lsid:marinespecies.org:taxname:272286,present
Hakai-FC-055,Hakai-FC-055-ASV14-occ,MaterialSample,Engraulis mordax,368,DNA sequence reads,368,DNA sequence reads,Engraulis mordax,Seawater was collected using a Niskin bottle; For each sample ~1L of seawater was passed through 0.22um sterivex filter,http://www.ncbi.nlm.nih.gov/bioproject/1049344,BLAST annotation (0.96) against NCBI nr database,FC-055,"Girard, 1854",Species,Animalia,Chordata,Teleostei,Clupeiformes,Engraulidae,Engraulis,urn:lsid:marinespecies.org:taxname:272286,present
Hakai-FC-056,Hakai-FC-056-ASV14-occ,MaterialSample,Engraulis mordax,16767,DNA sequence reads,16767,DNA sequence reads,Engraulis mordax,Seawater was collected using a Niskin bottle; For each sample ~1L of seawater was passed through 0.22um sterivex filter,http://www.ncbi.nlm.nih.gov/bioproject/1049344,BLAST annotation (0.96) against NCBI nr database,FC-056,"Girard, 1854",Species,Animalia,Chordata,Teleostei,Clupeiformes,Engraulidae,Engraulis,urn:lsid:marinespecies.org:taxname:272286,present
Hakai-FC-057,Hakai-FC-057-ASV14-occ,MaterialSample,Engraulis mordax,1961,DNA sequence reads,1961,DNA sequence reads,Engraulis mordax,Seawater was collected using a Niskin bottle; For each sample ~1L of seawater was passed through 0.22um sterivex filter,http://www.ncbi.nlm.nih.gov/bioproject/1049344,BLAST annotation (0.96) against NCBI nr database,FC-057,"Girard, 1854",Species,Animalia,Chordata,Teleostei,Clupeiformes,Engraulidae,Engraulis,urn:lsid:marinespecies.org:taxname:272286,present
Hakai-FC-059,Hakai-FC-059-ASV14-occ,MaterialSample,Engraulis mordax,1127,DNA sequence reads,1127,DNA sequence reads,Engraulis mordax,Seawater was collected using a Niskin bottle; For each sample ~1L of seawater was passed through 0.22um sterivex filter,http://www.ncbi.nlm.nih.gov/bioproject/1049344,BLAST annotation (0.96) against NCBI nr database,FC-059,"Girard, 1854",Species,Animalia,Chordata,Teleostei,Clupeiformes,Engraulidae,Engraulis,urn:lsid:marinespecies.org:taxname:272286,present
Hakai-FC-061,Hakai-FC-061-ASV14-occ,MaterialSample,Engraulis mordax,1594,DNA sequence reads,1594,DNA sequence reads,Engraulis mordax,Seawater was collected using a Niskin bottle; For each sample ~1L of seawater was passed through 0.22um sterivex filter,http://www.ncbi.nlm.nih.gov/bioproject/1049344,BLAST annotation (0.96) against NCBI nr database,FC-061,"Girard, 1854",Species,Animalia,Chordata,Teleostei,Clupeiformes,Engraulidae,Engraulis,urn:lsid:marinespecies.org:taxname:272286,present
Hakai-FC-062,Hakai-FC-062-ASV14-occ,MaterialSample,Engraulis mordax,1971,DNA sequence reads,1971,DNA sequence reads,Engraulis mordax,Seawater was collected using a Niskin bottle; For each sample ~1L of seawater was passed through 0.22um sterivex filter,http://www.ncbi.nlm.nih.gov/bioproject/1049344,BLAST annotation (0.96) against NCBI nr database,FC-062,"Girard, 1854",Species,Animalia,Chordata,Teleostei,Clupeiformes,Engraulidae,Engraulis,urn:lsid:marinespecies.org:taxname:272286,present
Hakai-FC-063,Hakai-FC-063-ASV14-occ,MaterialSample,Engraulis mordax,1407,DNA sequence reads,1407,DNA sequence reads,Engraulis mordax,Seawater was collected using a Niskin bottle; For each sample ~1L of seawater was passed through 0.22um sterivex filter,http://www.ncbi.nlm.nih.gov/bioproject/1049344,BLAST annotation (0.96) against NCBI nr database,FC-063,"Girard, 1854",Species,Animalia,Chordata,Teleostei,Clupeiformes,Engraulidae,Engraulis,urn:lsid:marinespecies.org:taxname:272286,present
Hakai-FC-066,Hakai-FC-066-ASV14-occ,MaterialSample,Engraulis mordax,1483,DNA sequence reads,1483,DNA sequence reads,Engraulis mordax,Seawater was collected using a Niskin bottle; For each sample ~1L of seawater was passed through 0.22um sterivex filter,http://www.ncbi.nlm.nih.gov/bioproject/1049344,BLAST annotation (0.96) against NCBI nr database,FC-066,"Girard, 1854",Species,Animalia,Chordata,Teleostei,Clupeiformes,Engraulidae,Engraulis,urn:lsid:marinespecies.org:taxname:272286,present
Hakai-FC-067,Hakai-FC-067-ASV14-occ,MaterialSample,Engraulis mordax,650,DNA sequence reads,650,DNA sequence reads,Engraulis mordax,Seawater was collected using a Niskin bottle; For each sample ~1L of seawater was passed through 0.22um sterivex filter,http://www.ncbi.nlm.nih.gov/bioproject/1049344,BLAST annotation (0.96) against NCBI nr database,FC-067,"Girard, 1854",Species,Animalia,Chordata,Teleostei,Clupeiformes,Engraulidae,Engraulis,urn:lsid:marinespecies.org:taxname:272286,present
Hakai-FC-069,Hakai-FC-069-ASV14-occ,MaterialSample,Engraulis mordax,1424,DNA sequence reads,1424,DNA sequence reads,Engraulis mordax,Seawater was collected using a Niskin bottle; For each sample ~1L of seawater was passed through 0.22um sterivex filter,http://www.ncbi.nlm.nih.gov/bioproject/1049344,BLAST annotation (0.96) against NCBI nr database,FC-069,"Girard, 1854",Species,Animalia,Chordata,Teleostei,Clupeiformes,Engraulidae,Engraulis,urn:lsid:marinespecies.org:taxname:272286,present
Hakai-FC-070,Hakai-FC-070-ASV14-occ,MaterialSample,Engraulis mordax,3173,DNA sequence reads,3173,DNA sequence reads,Engraulis mordax,Seawater was collected using a Niskin bottle; For each sample ~1L of seawater was passed through 0.22um sterivex filter,http://www.ncbi.nlm.nih.gov/bioproject/1049344,BLAST annotation (0.96) against NCBI nr database,FC-070,"Girard, 1854",Species,Animalia,Chordata,Teleostei,Clupeiformes,Engraulidae,Engraulis,urn:lsid:marinespecies.org:taxname:272286,present
Hakai-FC-072,Hakai-FC-072-ASV14-occ,MaterialSample,Engraulis mordax,940,DNA sequence reads,940,DNA sequence reads,Engraulis mordax,Seawater was collected using a Niskin bottle; For each sample ~1L of seawater was passed through 0.22um sterivex filter,http://www.ncbi.nlm.nih.gov/bioproject/1049344,BLAST annotation (0.96) against NCBI nr database,FC-072,"Girard, 1854",Species,Animalia,Chordata,Teleostei,Clupeiformes,Engraulidae,Engraulis,urn:lsid:marinespecies.org:taxname:272286,present
Hakai-FC-073,Hakai-FC-073-ASV14-occ,MaterialSample,Engraulis mordax,543,DNA sequence reads,543,DNA sequence reads,Engraulis mordax,Seawater was collected using a Niskin bottle; For each sample ~1L of seawater was passed through 0.22um sterivex filter,http://www.ncbi.nlm.nih.gov/bioproject/1049344,BLAST annotation (0.96) against NCBI nr database,FC-073,"Girard, 1854",Species,Animalia,Chordata,Teleostei,Clupeiformes,Engraulidae,Engraulis,urn:lsid:marinespecies.org:taxname:272286,present
Hakai-FC-074,Hakai-FC-074-ASV14-occ,MaterialSample,Engraulis mordax,2087,DNA sequence reads,2087,DNA sequence reads,Engraulis mordax,Seawater was collected using a Niskin bottle; For each sample ~1L of seawater was passed through 0.22um sterivex filter,http://www.ncbi.nlm.nih.gov/bioproject/1049344,BLAST annotation (0.96) against NCBI nr database,FC-074,"Girard, 1854",Species,Animalia,Chordata,Teleostei,Clupeiformes,Engraulidae,Engraulis,urn:lsid:marinespecies.org:taxname:272286,present
Hakai-FC-003,Hakai-FC-003-ASV19-occ,MaterialSample,Engraulis mordax,51444,DNA sequence reads,51444,DNA sequence reads,Engraulis mordax,Seawater was collected using a Niskin bottle; For each sample ~1L of seawater was passed through 0.22um sterivex filter,http://www.ncbi.nlm.nih.gov/bioproject/1049344,BLAST annotation (0.96) against NCBI nr database,FC-003,"Girard, 1854",Species,Animalia,Chordata,Teleostei,Clupeiformes,Engraulidae,Engraulis,urn:lsid:marinespecies.org:taxname:272286,present
Hakai-FC-059,Hakai-FC-059-ASV20-occ,MaterialSample,Engraulis mordax,39330,DNA sequence reads,39330,DNA sequence reads,Engraulis mordax,Seawater was collected using a Niskin bottle; For each sample ~1L of seawater was passed through 0.22um sterivex filter,http://www.ncbi.nlm.nih.gov/bioproject/1049344,BLAST annotation (0.96) against NCBI nr database,FC-059,"Girard, 1854",Species,Animalia,Chordata,Teleostei,Clupeiformes,Engraulidae,Engraulis,urn:lsid:marinespecies.org:taxname:272286,present
Hakai-FC-061,Hakai-FC-061-ASV24-occ,MaterialSample,Engraulis mordax,28036,DNA sequence reads,28036,DNA sequence reads,Engraulis mordax,Seawater was collected using a Niskin bottle; For each sample ~1L of seawater was passed through 0.22um sterivex filter,http://www.ncbi.nlm.nih.gov/bioproject/1049344,BLAST annotation (0.96) against NCBI nr database,FC-061,"Girard, 1854",Species,Animalia,Chordata,Teleostei,Clupeiformes,Engraulidae,Engraulis,urn:lsid:marinespecies.org:taxname:272286,present
Hakai-FC-026,Hakai-FC-026-ASV31-occ,MaterialSample,Engraulis mordax,21103,DNA sequence reads,21103,DNA sequence reads,Engraulis mordax,Seawater was collected using a Niskin bottle; For each sample ~1L of seawater was passed through 0.22um sterivex filter,http://www.ncbi.nlm.nih.gov/bioproject/1049344,BLAST annotation (0.96) against NCBI nr database,FC-026,"Girard, 1854",Species,Animalia,Chordata,Teleostei,Clupeiformes,Engraulidae,Engraulis,urn:lsid:marinespecies.org:taxname:272286,present
Hakai-FC-041,Hakai-FC-041-ASV36-occ,MaterialSample,Engraulis mordax,18220,DNA sequence reads,18220,DNA sequence reads,Engraulis mordax,Seawater was collected using a Niskin bottle; For each sample ~1L of seawater was passed through 0.22um sterivex filter,http://www.ncbi.nlm.nih.gov/bioproject/1049344,BLAST annotation (0.96) against NCBI nr database,FC-041,"Girard, 1854",Species,Animalia,Chordata,Teleostei,Clupeiformes,Engraulidae,Engraulis,urn:lsid:marinespecies.org:taxname:272286,present
Hakai-FC-006,Hakai-FC-006-ASV39-occ,MaterialSample,Engraulis mordax,17032,DNA sequence reads,17032,DNA sequence reads,Engraulis mordax,Seawater was collected using a Niskin bottle; For each sample ~1L of seawater was passed through 0.22um sterivex filter,http://www.ncbi.nlm.nih.gov/bioproject/1049344,BLAST annotation (0.96) against NCBI nr database,FC-006,"Girard, 1854",Species,Animalia,Chordata,Teleostei,Clupeiformes,Engraulidae,Engraulis,urn:lsid:marinespecies.org:taxname:272286,present
Hakai-FC-027,Hakai-FC-027-ASV40-occ,MaterialSample,Engraulis mordax,15485,DNA sequence reads,15485,DNA sequence reads,Engraulis mordax,Seawater was collected using a Niskin bottle; For each sample ~1L of seawater was passed through 0.22um sterivex filter,http://www.ncbi.nlm.nih.gov/bioproject/1049344,BLAST annotation (0.96) against NCBI nr database,FC-027,"Girard, 1854",Species,Animalia,Chordata,Teleostei,Clupeiformes,Engraulidae,Engraulis,urn:lsid:marinespecies.org:taxname:272286,present
Hakai-FC-052,Hakai-FC-052-ASV55-occ,MaterialSample,Engraulis mordax,2928,DNA sequence reads,2928,DNA sequence reads,Engraulis mordax,Seawater was collected using a Niskin bottle; For each sample ~1L of seawater was passed through 0.22um sterivex filter,http://www.ncbi.nlm.nih.gov/bioproject/1049344,BLAST annotation (0.96) against NCBI nr database,FC-052,"Girard, 1854",Species,Animalia,Chordata,Teleostei,Clupeiformes,Engraulidae,Engraulis,urn:lsid:marinespecies.org:taxname:272286,present
Hakai-FC-042,Hakai-FC-042-ASV58-occ,MaterialSample,Engraulis mordax,1590,DNA sequence reads,1590,DNA sequence reads,Engraulis mordax,Seawater was collected using a Niskin bottle; For each sample ~1L of seawater was passed through 0.22um sterivex filter,http://www.ncbi.nlm.nih.gov/bioproject/1049344,BLAST annotation (0.96) against NCBI nr database,FC-042,"Girard, 1854",Species,Animalia,Chordata,Teleostei,Clupeiformes,Engraulidae,Engraulis,urn:lsid:marinespecies.org:taxname:272286,present
Hakai-FC-052,Hakai-FC-052-ASV59-occ,MaterialSample,Engraulis mordax,1454,DNA sequence reads,1454,DNA sequence reads,Engraulis mordax,Seawater was collected using a Niskin bottle; For each sample ~1L of seawater was passed through 0.22um sterivex filter,http://www.ncbi.nlm.nih.gov/bioproject/1049344,BLAST annotation (0.96) against NCBI nr database,FC-052,"Girard, 1854",Species,Animalia,Chordata,Teleostei,Clupeiformes,Engraulidae,Engraulis,urn:lsid:marinespecies.org:taxname:272286,present
Hakai-FC-052,Hakai-FC-052-ASV62-occ,MaterialSample,Engraulis mordax,1275,DNA sequence reads,1275,DNA sequence reads,Engraulis mordax,Seawater was collected using a Niskin bottle; For each sample ~1L of seawater was passed through 0.22um sterivex filter,http://www.ncbi.nlm.nih.gov/bioproject/1049344,BLAST annotation (0.96) against NCBI nr database,FC-052,"Girard, 1854",Species,Animalia,Chordata,Teleostei,Clupeiformes,Engraulidae,Engraulis,urn:lsid:marinespecies.org:taxname:272286,present
Hakai-FC-004,Hakai-FC-004-ASV74-occ,MaterialSample,Engraulis mordax,365,DNA sequence reads,365,DNA sequence reads,Engraulis mordax,Seawater was collected using a Niskin bottle; For each sample ~1L of seawater was passed through 0.22um sterivex filter,http://www.ncbi.nlm.nih.gov/bioproject/1049344,BLAST annotation (0.96) against NCBI nr database,FC-004,"Girard, 1854",Species,Animalia,Chordata,Teleostei,Clupeiformes,Engraulidae,Engraulis,urn:lsid:marinespecies.org:taxname:272286,present
Hakai-FC-012,Hakai-FC-012-ASV87-occ,MaterialSample,Engraulis mordax,39,DNA sequence reads,39,DNA sequence reads,Engraulis mordax,Seawater was collected using a Niskin bottle; For each sample ~1L of seawater was passed through 0.22um sterivex filter,http://www.ncbi.nlm.nih.gov/bioproject/1049344,BLAST annotation (0.96) against NCBI nr database,FC-012,"Girard, 1854",Species,Animalia,Chordata,Teleostei,Clupeiformes,Engraulidae,Engraulis,urn:lsid:marinespecies.org:taxname:272286,present
Hakai-FC-039,Hakai-FC-039-ASV87-occ,MaterialSample,Engraulis mordax,103,DNA sequence reads,103,DNA sequence reads,Engraulis mordax,Seawater was collected using a Niskin bottle; For each sample ~1L of seawater was passed through 0.22um sterivex filter,http://www.ncbi.nlm.nih.gov/bioproject/1049344,BLAST annotation (0.96) against NCBI nr database,FC-039,"Girard, 1854",Species,Animalia,Chordata,Teleostei,Clupeiformes,Engraulidae,Engraulis,urn:lsid:marinespecies.org:taxname:272286,present
Hakai-FC-058,Hakai-FC-058-ASV87-occ,MaterialSample,Engraulis mordax,92,DNA sequence reads,92,DNA sequence reads,Engraulis mordax,Seawater was collected using a Niskin bottle; For each sample ~1L of seawater was passed through 0.22um sterivex filter,http://www.ncbi.nlm.nih.gov/bioproject/1049344,BLAST annotation (0.96) against NCBI nr database,FC-058,"Girard, 1854",Species,Animalia,Chordata,Teleostei,Clupeiformes,Engraulidae,Engraulis,urn:lsid:marinespecies.org:taxname:272286,present
Hakai-FC-026,Hakai-FC-026-ASV91-occ,MaterialSample,Engraulis mordax,212,DNA sequence reads,212,DNA sequence reads,Engraulis mordax,Seawater was collected using a Niskin bottle; For each sample ~1L of seawater was passed through 0.22um sterivex filter,http://www.ncbi.nlm.nih.gov/bioproject/1049344,BLAST annotation (0.96) against NCBI nr database,FC-026,"Girard, 1854",Species,Animalia,Chordata,Teleostei,Clupeiformes,Engraulidae,Engraulis,urn:lsid:marinespecies.org:taxname:272286,present
Hakai-FC-052,Hakai-FC-052-ASV35-occ,MaterialSample,Enophrys bison,19598,DNA sequence reads,19598,DNA sequence reads,Enophrys bison,Seawater was collected using a Niskin bottle; For each sample ~1L of seawater was passed through 0.22um sterivex filter,http://www.ncbi.nlm.nih.gov/bioproject/1049344,BLAST annotation (0.96) against NCBI nr database,FC-052,"(Girard, 1854)",Species,Animalia,Chordata,Teleostei,Perciformes,Cottidae,Enophrys,urn:lsid:marinespecies.org:taxname:275355,present
Hakai-FC-002,Hakai-FC-002-ASV5-occ,MaterialSample,Gasterosteus aculeatus,22,DNA sequence reads,22,DNA sequence reads,Gasterosteus aculeatus,Seawater was collected using a Niskin bottle; For each sample ~1L of seawater was passed through 0.22um sterivex filter,http://www.ncbi.nlm.nih.gov/bioproject/1049344,BLAST annotation (0.96) against NCBI nr database,FC-002,"Linnaeus, 1758",Species,Animalia,Chordata,Teleostei,Perciformes,Gasterosteidae,Gasterosteus,urn:lsid:marinespecies.org:taxname:126505,present
Hakai-FC-004,Hakai-FC-004-ASV5-occ,MaterialSample,Gasterosteus aculeatus,25,DNA sequence reads,25,DNA sequence reads,Gasterosteus aculeatus,Seawater was collected using a Niskin bottle; For each sample ~1L of seawater was passed through 0.22um sterivex filter,http://www.ncbi.nlm.nih.gov/bioproject/1049344,BLAST annotation (0.96) against NCBI nr database,FC-004,"Linnaeus, 1758",Species,Animalia,Chordata,Teleostei,Perciformes,Gasterosteidae,Gasterosteus,urn:lsid:marinespecies.org:taxname:126505,present
Hakai-FC-006,Hakai-FC-006-ASV5-occ,MaterialSample,Gasterosteus aculeatus,21,DNA sequence reads,21,DNA sequence reads,Gasterosteus aculeatus,Seawater was collected using a Niskin bottle; For each sample ~1L of seawater was passed through 0.22um sterivex filter,http://www.ncbi.nlm.nih.gov/bioproject/1049344,BLAST annotation (0.96) against NCBI nr database,FC-006,"Linnaeus, 1758",Species,Animalia,Chordata,Teleostei,Perciformes,Gasterosteidae,Gasterosteus,urn:lsid:marinespecies.org:taxname:126505,present
Hakai-FC-007,Hakai-FC-007-ASV5-occ,MaterialSample,Gasterosteus aculeatus,33782,DNA sequence reads,33782,DNA sequence reads,Gasterosteus aculeatus,Seawater was collected using a Niskin bottle; For each sample ~1L of seawater was passed through 0.22um sterivex filter,http://www.ncbi.nlm.nih.gov/bioproject/1049344,BLAST annotation (0.96) against NCBI nr database,FC-007,"Linnaeus, 1758",Species,Animalia,Chordata,Teleostei,Perciformes,Gasterosteidae,Gasterosteus,urn:lsid:marinespecies.org:taxname:126505,present
Hakai-FC-008,Hakai-FC-008-ASV5-occ,MaterialSample,Gasterosteus aculeatus,10,DNA sequence reads,10,DNA sequence reads,Gasterosteus aculeatus,Seawater was collected using a Niskin bottle; For each sample ~1L of seawater was passed through 0.22um sterivex filter,http://www.ncbi.nlm.nih.gov/bioproject/1049344,BLAST annotation (0.96) against NCBI nr database,FC-008,"Linnaeus, 1758",Species,Animalia,Chordata,Teleostei,Perciformes,Gasterosteidae,Gasterosteus,urn:lsid:marinespecies.org:taxname:126505,present
Hakai-FC-010,Hakai-FC-010-ASV5-occ,MaterialSample,Gasterosteus aculeatus,12958,DNA sequence reads,12958,DNA sequence reads,Gasterosteus aculeatus,Seawater was collected using a Niskin bottle; For each sample ~1L of seawater was passed through 0.22um sterivex filter,http://www.ncbi.nlm.nih.gov/bioproject/1049344,BLAST annotation (0.96) against NCBI nr database,FC-010,"Linnaeus, 1758",Species,Animalia,Chordata,Teleostei,Perciformes,Gasterosteidae,Gasterosteus,urn:lsid:marinespecies.org:taxname:126505,present
Hakai-FC-012,Hakai-FC-012-ASV5-occ,MaterialSample,Gasterosteus aculeatus,32,DNA sequence reads,32,DNA sequence reads,Gasterosteus aculeatus,Seawater was collected using a Niskin bottle; For each sample ~1L of seawater was passed through 0.22um sterivex filter,http://www.ncbi.nlm.nih.gov/bioproject/1049344,BLAST annotation (0.96) against NCBI nr database,FC-012,"Linnaeus, 1758",Species,Animalia,Chordata,Teleostei,Perciformes,Gasterosteidae,Gasterosteus,urn:lsid:marinespecies.org:taxname:126505,present
Hakai-FC-014,Hakai-FC-014-ASV5-occ,MaterialSample,Gasterosteus aculeatus,24,DNA sequence reads,24,DNA sequence reads,Gasterosteus aculeatus,Seawater was collected using a Niskin bottle; For each sample ~1L of seawater was passed through 0.22um sterivex filter,http://www.ncbi.nlm.nih.gov/bioproject/1049344,BLAST annotation (0.96) against NCBI nr database,FC-014,"Linnaeus, 1758",Species,Animalia,Chordata,Teleostei,Perciformes,Gasterosteidae,Gasterosteus,urn:lsid:marinespecies.org:taxname:126505,present
Hakai-FC-016,Hakai-FC-016-ASV5-occ,MaterialSample,Gasterosteus aculeatus,35483,DNA sequence reads,35483,DNA sequence reads,Gasterosteus aculeatus,Seawater was collected using a Niskin bottle; For each sample ~1L of seawater was passed through 0.22um sterivex filter,http://www.ncbi.nlm.nih.gov/bioproject/1049344,BLAST annotation (0.96) against NCBI nr database,FC-016,"Linnaeus, 1758",Species,Animalia,Chordata,Teleostei,Perciformes,Gasterosteidae,Gasterosteus,urn:lsid:marinespecies.org:taxname:126505,present
Hakai-FC-017,Hakai-FC-017-ASV5-occ,MaterialSample,Gasterosteus aculeatus,18137,DNA sequence reads,18137,DNA sequence reads,Gasterosteus aculeatus,Seawater was collected using a Niskin bottle; For each sample ~1L of seawater was passed through 0.22um sterivex filter,http://www.ncbi.nlm.nih.gov/bioproject/1049344,BLAST annotation (0.96) against NCBI nr database,FC-017,"Linnaeus, 1758",Species,Animalia,Chordata,Teleostei,Perciformes,Gasterosteidae,Gasterosteus,urn:lsid:marinespecies.org:taxname:126505,present
Hakai-FC-018,Hakai-FC-018-ASV5-occ,MaterialSample,Gasterosteus aculeatus,42,DNA sequence reads,42,DNA sequence reads,Gasterosteus aculeatus,Seawater was collected using a Niskin bottle; For each sample ~1L of seawater was passed through 0.22um sterivex filter,http://www.ncbi.nlm.nih.gov/bioproject/1049344,BLAST annotation (0.96) against NCBI nr database,FC-018,"Linnaeus, 1758",Species,Animalia,Chordata,Teleostei,Perciformes,Gasterosteidae,Gasterosteus,urn:lsid:marinespecies.org:taxname:126505,present
Hakai-FC-019,Hakai-FC-019-ASV5-occ,MaterialSample,Gasterosteus aculeatus,14742,DNA sequence reads,14742,DNA sequence reads,Gasterosteus aculeatus,Seawater was collected using a Niskin bottle; For each sample ~1L of seawater was passed through 0.22um sterivex filter,http://www.ncbi.nlm.nih.gov/bioproject/1049344,BLAST annotation (0.96) against NCBI nr database,FC-019,"Linnaeus, 1758",Species,Animalia,Chordata,Teleostei,Perciformes,Gasterosteidae,Gasterosteus,urn:lsid:marinespecies.org:taxname:126505,present
Hakai-FC-020,Hakai-FC-020-ASV5-occ,MaterialSample,Gasterosteus aculeatus,43,DNA sequence reads,43,DNA sequence reads,Gasterosteus aculeatus,Seawater was collected using a Niskin bottle; For each sample ~1L of seawater was passed through 0.22um sterivex filter,http://www.ncbi.nlm.nih.gov/bioproject/1049344,BLAST annotation (0.96) against NCBI nr database,FC-020,"Linnaeus, 1758",Species,Animalia,Chordata,Teleostei,Perciformes,Gasterosteidae,Gasterosteus,urn:lsid:marinespecies.org:taxname:126505,present
Hakai-FC-021,Hakai-FC-021-ASV5-occ,MaterialSample,Gasterosteus aculeatus,54477,DNA sequence reads,54477,DNA sequence reads,Gasterosteus aculeatus,Seawater was collected using a Niskin bottle; For each sample ~1L of seawater was passed through 0.22um sterivex filter,http://www.ncbi.nlm.nih.gov/bioproject/1049344,BLAST annotation (0.96) against NCBI nr database,FC-021,"Linnaeus, 1758",Species,Animalia,Chordata,Teleostei,Perciformes,Gasterosteidae,Gasterosteus,urn:lsid:marinespecies.org:taxname:126505,present
Hakai-FC-022,Hakai-FC-022-ASV5-occ,MaterialSample,Gasterosteus aculeatus,30,DNA sequence reads,30,DNA sequence reads,Gasterosteus aculeatus,Seawater was collected using a Niskin bottle; For each sample ~1L of seawater was passed through 0.22um sterivex filter,http://www.ncbi.nlm.nih.gov/bioproject/1049344,BLAST annotation (0.96) against NCBI nr database,FC-022,"Linnaeus, 1758",Species,Animalia,Chordata,Teleostei,Perciformes,Gasterosteidae,Gasterosteus,urn:lsid:marinespecies.org:taxname:126505,present
Hakai-FC-024,Hakai-FC-024-ASV5-occ,MaterialSample,Gasterosteus aculeatus,16,DNA sequence reads,16,DNA sequence reads,Gasterosteus aculeatus,Seawater was collected using a Niskin bottle; For each sample ~1L of seawater was passed through 0.22um sterivex filter,http://www.ncbi.nlm.nih.gov/bioproject/1049344,BLAST annotation (0.96) against NCBI nr database,FC-024,"Linnaeus, 1758",Species,Animalia,Chordata,Teleostei,Perciformes,Gasterosteidae,Gasterosteus,urn:lsid:marinespecies.org:taxname:126505,present
Hakai-FC-025,Hakai-FC-025-ASV5-occ,MaterialSample,Gasterosteus aculeatus,15,DNA sequence reads,15,DNA sequence reads,Gasterosteus aculeatus,Seawater was collected using a Niskin bottle; For each sample ~1L of seawater was passed through 0.22um sterivex filter,http://www.ncbi.nlm.nih.gov/bioproject/1049344,BLAST annotation (0.96) against NCBI nr database,FC-025,"Linnaeus, 1758",Species,Animalia,Chordata,Teleostei,Perciformes,Gasterosteidae,Gasterosteus,urn:lsid:marinespecies.org:taxname:126505,present
Hakai-FC-026,Hakai-FC-026-ASV5-occ,MaterialSample,Gasterosteus aculeatus,54,DNA sequence reads,54,DNA sequence reads,Gasterosteus aculeatus,Seawater was collected using a Niskin bottle; For each sample ~1L of seawater was passed through 0.22um sterivex filter,http://www.ncbi.nlm.nih.gov/bioproject/1049344,BLAST annotation (0.96) against NCBI nr database,FC-026,"Linnaeus, 1758",Species,Animalia,Chordata,Teleostei,Perciformes,Gasterosteidae,Gasterosteus,urn:lsid:marinespecies.org:taxname:126505,present
Hakai-FC-027,Hakai-FC-027-ASV5-occ,MaterialSample,Gasterosteus aculeatus,19,DNA sequence reads,19,DNA sequence reads,Gasterosteus aculeatus,Seawater was collected using a Niskin bottle; For each sample ~1L of seawater was passed through 0.22um sterivex filter,http://www.ncbi.nlm.nih.gov/bioproject/1049344,BLAST annotation (0.96) against NCBI nr database,FC-027,"Linnaeus, 1758",Species,Animalia,Chordata,Teleostei,Perciformes,Gasterosteidae,Gasterosteus,urn:lsid:marinespecies.org:taxname:126505,present
Hakai-FC-028,Hakai-FC-028-ASV5-occ,MaterialSample,Gasterosteus aculeatus,69,DNA sequence reads,69,DNA sequence reads,Gasterosteus aculeatus,Seawater was collected using a Niskin bottle; For each sample ~1L of seawater was passed through 0.22um sterivex filter,http://www.ncbi.nlm.nih.gov/bioproject/1049344,BLAST annotation (0.96) against NCBI nr database,FC-028,"Linnaeus, 1758",Species,Animalia,Chordata,Teleostei,Perciformes,Gasterosteidae,Gasterosteus,urn:lsid:marinespecies.org:taxname:126505,present
Hakai-FC-029,Hakai-FC-029-ASV5-occ,MaterialSample,Gasterosteus aculeatus,81201,DNA sequence reads,81201,DNA sequence reads,Gasterosteus aculeatus,Seawater was collected using a Niskin bottle; For each sample ~1L of seawater was passed through 0.22um sterivex filter,http://www.ncbi.nlm.nih.gov/bioproject/1049344,BLAST annotation (0.96) against NCBI nr database,FC-029,"Linnaeus, 1758",Species,Animalia,Chordata,Teleostei,Perciformes,Gasterosteidae,Gasterosteus,urn:lsid:marinespecies.org:taxname:126505,present
Hakai-FC-030,Hakai-FC-030-ASV5-occ,MaterialSample,Gasterosteus aculeatus,84611,DNA sequence reads,84611,DNA sequence reads,Gasterosteus aculeatus,Seawater was collected using a Niskin bottle; For each sample ~1L of seawater was passed through 0.22um sterivex filter,http://www.ncbi.nlm.nih.gov/bioproject/1049344,BLAST annotation (0.96) against NCBI nr database,FC-030,"Linnaeus, 1758",Species,Animalia,Chordata,Teleostei,Perciformes,Gasterosteidae,Gasterosteus,urn:lsid:marinespecies.org:taxname:126505,present
Hakai-FC-031,Hakai-FC-031-ASV5-occ,MaterialSample,Gasterosteus aculeatus,22800,DNA sequence reads,22800,DNA sequence reads,Gasterosteus aculeatus,Seawater was collected using a Niskin bottle; For each sample ~1L of seawater was passed through 0.22um sterivex filter,http://www.ncbi.nlm.nih.gov/bioproject/1049344,BLAST annotation (0.96) against NCBI nr database,FC-031,"Linnaeus, 1758",Species,Animalia,Chordata,Teleostei,Perciformes,Gasterosteidae,Gasterosteus,urn:lsid:marinespecies.org:taxname:126505,present
Hakai-FC-033,Hakai-FC-033-ASV5-occ,MaterialSample,Gasterosteus aculeatus,21,DNA sequence reads,21,DNA sequence reads,Gasterosteus aculeatus,Seawater was collected using a Niskin bottle; For each sample ~1L of seawater was passed through 0.22um sterivex filter,http://www.ncbi.nlm.nih.gov/bioproject/1049344,BLAST annotation (0.96) against NCBI nr database,FC-033,"Linnaeus, 1758",Species,Animalia,Chordata,Teleostei,Perciformes,Gasterosteidae,Gasterosteus,urn:lsid:marinespecies.org:taxname:126505,present
Hakai-FC-034,Hakai-FC-034-ASV5-occ,MaterialSample,Gasterosteus aculeatus,83,DNA sequence reads,83,DNA sequence reads,Gasterosteus aculeatus,Seawater was collected using a Niskin bottle; For each sample ~1L of seawater was passed through 0.22um sterivex filter,http://www.ncbi.nlm.nih.gov/bioproject/1049344,BLAST annotation (0.96) against NCBI nr database,FC-034,"Linnaeus, 1758",Species,Animalia,Chordata,Teleostei,Perciformes,Gasterosteidae,Gasterosteus,urn:lsid:marinespecies.org:taxname:126505,present
Hakai-FC-035,Hakai-FC-035-ASV5-occ,MaterialSample,Gasterosteus aculeatus,33,DNA sequence reads,33,DNA sequence reads,Gasterosteus aculeatus,Seawater was collected using a Niskin bottle; For each sample ~1L of seawater was passed through 0.22um sterivex filter,http://www.ncbi.nlm.nih.gov/bioproject/1049344,BLAST annotation (0.96) against NCBI nr database,FC-035,"Linnaeus, 1758",Species,Animalia,Chordata,Teleostei,Perciformes,Gasterosteidae,Gasterosteus,urn:lsid:marinespecies.org:taxname:126505,present
Hakai-FC-036,Hakai-FC-036-ASV5-occ,MaterialSample,Gasterosteus aculeatus,145538,DNA sequence reads,145538,DNA sequence reads,Gasterosteus aculeatus,Seawater was collected using a Niskin bottle; For each sample ~1L of seawater was passed through 0.22um sterivex filter,http://www.ncbi.nlm.nih.gov/bioproject/1049344,BLAST annotation (0.96) against NCBI nr database,FC-036,"Linnaeus, 1758",Species,Animalia,Chordata,Teleostei,Perciformes,Gasterosteidae,Gasterosteus,urn:lsid:marinespecies.org:taxname:126505,present
Hakai-FC-037,Hakai-FC-037-ASV5-occ,MaterialSample,Gasterosteus aculeatus,46040,DNA sequence reads,46040,DNA sequence reads,Gasterosteus aculeatus,Seawater was collected using a Niskin bottle; For each sample ~1L of seawater was passed through 0.22um sterivex filter,http://www.ncbi.nlm.nih.gov/bioproject/1049344,BLAST annotation (0.96) against NCBI nr database,FC-037,"Linnaeus, 1758",Species,Animalia,Chordata,Teleostei,Perciformes,Gasterosteidae,Gasterosteus,urn:lsid:marinespecies.org:taxname:126505,present
Hakai-FC-038,Hakai-FC-038-ASV5-occ,MaterialSample,Gasterosteus aculeatus,77158,DNA sequence reads,77158,DNA sequence reads,Gasterosteus aculeatus,Seawater was collected using a Niskin bottle; For each sample ~1L of seawater was passed through 0.22um sterivex filter,http://www.ncbi.nlm.nih.gov/bioproject/1049344,BLAST annotation (0.96) against NCBI nr database,FC-038,"Linnaeus, 1758",Species,Animalia,Chordata,Teleostei,Perciformes,Gasterosteidae,Gasterosteus,urn:lsid:marinespecies.org:taxname:126505,present
Hakai-FC-039,Hakai-FC-039-ASV5-occ,MaterialSample,Gasterosteus aculeatus,24,DNA sequence reads,24,DNA sequence reads,Gasterosteus aculeatus,Seawater was collected using a Niskin bottle; For each sample ~1L of seawater was passed through 0.22um sterivex filter,http://www.ncbi.nlm.nih.gov/bioproject/1049344,BLAST annotation (0.96) against NCBI nr database,FC-039,"Linnaeus, 1758",Species,Animalia,Chordata,Teleostei,Perciformes,Gasterosteidae,Gasterosteus,urn:lsid:marinespecies.org:taxname:126505,present
Hakai-FC-040,Hakai-FC-040-ASV5-occ,MaterialSample,Gasterosteus aculeatus,32,DNA sequence reads,32,DNA sequence reads,Gasterosteus aculeatus,Seawater was collected using a Niskin bottle; For each sample ~1L of seawater was passed through 0.22um sterivex filter,http://www.ncbi.nlm.nih.gov/bioproject/1049344,BLAST annotation (0.96) against NCBI nr database,FC-040,"Linnaeus, 1758",Species,Animalia,Chordata,Teleostei,Perciformes,Gasterosteidae,Gasterosteus,urn:lsid:marinespecies.org:taxname:126505,present
Hakai-FC-042,Hakai-FC-042-ASV5-occ,MaterialSample,Gasterosteus aculeatus,44522,DNA sequence reads,44522,DNA sequence reads,Gasterosteus aculeatus,Seawater was collected using a Niskin bottle; For each sample ~1L of seawater was passed through 0.22um sterivex filter,http://www.ncbi.nlm.nih.gov/bioproject/1049344,BLAST annotation (0.96) against NCBI nr database,FC-042,"Linnaeus, 1758",Species,Animalia,Chordata,Teleostei,Perciformes,Gasterosteidae,Gasterosteus,urn:lsid:marinespecies.org:taxname:126505,present
Hakai-FC-043,Hakai-FC-043-ASV5-occ,MaterialSample,Gasterosteus aculeatus,23751,DNA sequence reads,23751,DNA sequence reads,Gasterosteus aculeatus,Seawater was collected using a Niskin bottle; For each sample ~1L of seawater was passed through 0.22um sterivex filter,http://www.ncbi.nlm.nih.gov/bioproject/1049344,BLAST annotation (0.96) against NCBI nr database,FC-043,"Linnaeus, 1758",Species,Animalia,Chordata,Teleostei,Perciformes,Gasterosteidae,Gasterosteus,urn:lsid:marinespecies.org:taxname:126505,present
Hakai-FC-044,Hakai-FC-044-ASV5-occ,MaterialSample,Gasterosteus aculeatus,51,DNA sequence reads,51,DNA sequence reads,Gasterosteus aculeatus,Seawater was collected using a Niskin bottle; For each sample ~1L of seawater was passed through 0.22um sterivex filter,http://www.ncbi.nlm.nih.gov/bioproject/1049344,BLAST annotation (0.96) against NCBI nr database,FC-044,"Linnaeus, 1758",Species,Animalia,Chordata,Teleostei,Perciformes,Gasterosteidae,Gasterosteus,urn:lsid:marinespecies.org:taxname:126505,present
Hakai-FC-045,Hakai-FC-045-ASV5-occ,MaterialSample,Gasterosteus aculeatus,50,DNA sequence reads,50,DNA sequence reads,Gasterosteus aculeatus,Seawater was collected using a Niskin bottle; For each sample ~1L of seawater was passed through 0.22um sterivex filter,http://www.ncbi.nlm.nih.gov/bioproject/1049344,BLAST annotation (0.96) against NCBI nr database,FC-045,"Linnaeus, 1758",Species,Animalia,Chordata,Teleostei,Perciformes,Gasterosteidae,Gasterosteus,urn:lsid:marinespecies.org:taxname:126505,present
Hakai-FC-046,Hakai-FC-046-ASV5-occ,MaterialSample,Gasterosteus aculeatus,30,DNA sequence reads,30,DNA sequence reads,Gasterosteus aculeatus,Seawater was collected using a Niskin bottle; For each sample ~1L of seawater was passed through 0.22um sterivex filter,http://www.ncbi.nlm.nih.gov/bioproject/1049344,BLAST annotation (0.96) against NCBI nr database,FC-046,"Linnaeus, 1758",Species,Animalia,Chordata,Teleostei,Perciformes,Gasterosteidae,Gasterosteus,urn:lsid:marinespecies.org:taxname:126505,present
Hakai-FC-048,Hakai-FC-048-ASV5-occ,MaterialSample,Gasterosteus aculeatus,24372,DNA sequence reads,24372,DNA sequence reads,Gasterosteus aculeatus,Seawater was collected using a Niskin bottle; For each sample ~1L of seawater was passed through 0.22um sterivex filter,http://www.ncbi.nlm.nih.gov/bioproject/1049344,BLAST annotation (0.96) against NCBI nr database,FC-048,"Linnaeus, 1758",Species,Animalia,Chordata,Teleostei,Perciformes,Gasterosteidae,Gasterosteus,urn:lsid:marinespecies.org:taxname:126505,present
Hakai-FC-049,Hakai-FC-049-ASV5-occ,MaterialSample,Gasterosteus aculeatus,40,DNA sequence reads,40,DNA sequence reads,Gasterosteus aculeatus,Seawater was collected using a Niskin bottle; For each sample ~1L of seawater was passed through 0.22um sterivex filter,http://www.ncbi.nlm.nih.gov/bioproject/1049344,BLAST annotation (0.96) against NCBI nr database,FC-049,"Linnaeus, 1758",Species,Animalia,Chordata,Teleostei,Perciformes,Gasterosteidae,Gasterosteus,urn:lsid:marinespecies.org:taxname:126505,present
Hakai-FC-050,Hakai-FC-050-ASV5-occ,MaterialSample,Gasterosteus aculeatus,228,DNA sequence reads,228,DNA sequence reads,Gasterosteus aculeatus,Seawater was collected using a Niskin bottle; For each sample ~1L of seawater was passed through 0.22um sterivex filter,http://www.ncbi.nlm.nih.gov/bioproject/1049344,BLAST annotation (0.96) against NCBI nr database,FC-050,"Linnaeus, 1758",Species,Animalia,Chordata,Teleostei,Perciformes,Gasterosteidae,Gasterosteus,urn:lsid:marinespecies.org:taxname:126505,present
Hakai-FC-051,Hakai-FC-051-ASV5-occ,MaterialSample,Gasterosteus aculeatus,46,DNA sequence reads,46,DNA sequence reads,Gasterosteus aculeatus,Seawater was collected using a Niskin bottle; For each sample ~1L of seawater was passed through 0.22um sterivex filter,http://www.ncbi.nlm.nih.gov/bioproject/1049344,BLAST annotation (0.96) against NCBI nr database,FC-051,"Linnaeus, 1758",Species,Animalia,Chordata,Teleostei,Perciformes,Gasterosteidae,Gasterosteus,urn:lsid:marinespecies.org:taxname:126505,present
Hakai-FC-052,Hakai-FC-052-ASV5-occ,MaterialSample,Gasterosteus aculeatus,323,DNA sequence reads,323,DNA sequence reads,Gasterosteus aculeatus,Seawater was collected using a Niskin bottle; For each sample ~1L of seawater was passed through 0.22um sterivex filter,http://www.ncbi.nlm.nih.gov/bioproject/1049344,BLAST annotation (0.96) against NCBI nr database,FC-052,"Linnaeus, 1758",Species,Animalia,Chordata,Teleostei,Perciformes,Gasterosteidae,Gasterosteus,urn:lsid:marinespecies.org:taxname:126505,present
Hakai-FC-053,Hakai-FC-053-ASV5-occ,MaterialSample,Gasterosteus aculeatus,293,DNA sequence reads,293,DNA sequence reads,Gasterosteus aculeatus,Seawater was collected using a Niskin bottle; For each sample ~1L of seawater was passed through 0.22um sterivex filter,http://www.ncbi.nlm.nih.gov/bioproject/1049344,BLAST annotation (0.96) against NCBI nr database,FC-053,"Linnaeus, 1758",Species,Animalia,Chordata,Teleostei,Perciformes,Gasterosteidae,Gasterosteus,urn:lsid:marinespecies.org:taxname:126505,present
Hakai-FC-054,Hakai-FC-054-ASV5-occ,MaterialSample,Gasterosteus aculeatus,236,DNA sequence reads,236,DNA sequence reads,Gasterosteus aculeatus,Seawater was collected using a Niskin bottle; For each sample ~1L of seawater was passed through 0.22um sterivex filter,http://www.ncbi.nlm.nih.gov/bioproject/1049344,BLAST annotation (0.96) against NCBI nr database,FC-054,"Linnaeus, 1758",Species,Animalia,Chordata,Teleostei,Perciformes,Gasterosteidae,Gasterosteus,urn:lsid:marinespecies.org:taxname:126505,present
Hakai-FC-055,Hakai-FC-055-ASV5-occ,MaterialSample,Gasterosteus aculeatus,31282,DNA sequence reads,31282,DNA sequence reads,Gasterosteus aculeatus,Seawater was collected using a Niskin bottle; For each sample ~1L of seawater was passed through 0.22um sterivex filter,http://www.ncbi.nlm.nih.gov/bioproject/1049344,BLAST annotation (0.96) against NCBI nr database,FC-055,"Linnaeus, 1758",Species,Animalia,Chordata,Teleostei,Perciformes,Gasterosteidae,Gasterosteus,urn:lsid:marinespecies.org:taxname:126505,present
Hakai-FC-056,Hakai-FC-056-ASV5-occ,MaterialSample,Gasterosteus aculeatus,248,DNA sequence reads,248,DNA sequence reads,Gasterosteus aculeatus,Seawater was collected using a Niskin bottle; For each sample ~1L of seawater was passed through 0.22um sterivex filter,http://www.ncbi.nlm.nih.gov/bioproject/1049344,BLAST annotation (0.96) against NCBI nr database,FC-056,"Linnaeus, 1758",Species,Animalia,Chordata,Teleostei,Perciformes,Gasterosteidae,Gasterosteus,urn:lsid:marinespecies.org:taxname:126505,present
Hakai-FC-058,Hakai-FC-058-ASV5-occ,MaterialSample,Gasterosteus aculeatus,28,DNA sequence reads,28,DNA sequence reads,Gasterosteus aculeatus,Seawater was collected using a Niskin bottle; For each sample ~1L of seawater was passed through 0.22um sterivex filter,http://www.ncbi.nlm.nih.gov/bioproject/1049344,BLAST annotation (0.96) against NCBI nr database,FC-058,"Linnaeus, 1758",Species,Animalia,Chordata,Teleostei,Perciformes,Gasterosteidae,Gasterosteus,urn:lsid:marinespecies.org:taxname:126505,present
Hakai-FC-061,Hakai-FC-061-ASV5-occ,MaterialSample,Gasterosteus aculeatus,15,DNA sequence reads,15,DNA sequence reads,Gasterosteus aculeatus,Seawater was collected using a Niskin bottle; For each sample ~1L of seawater was passed through 0.22um sterivex filter,http://www.ncbi.nlm.nih.gov/bioproject/1049344,BLAST annotation (0.96) against NCBI nr database,FC-061,"Linnaeus, 1758",Species,Animalia,Chordata,Teleostei,Perciformes,Gasterosteidae,Gasterosteus,urn:lsid:marinespecies.org:taxname:126505,present
Hakai-FC-062,Hakai-FC-062-ASV5-occ,MaterialSample,Gasterosteus aculeatus,27,DNA sequence reads,27,DNA sequence reads,Gasterosteus aculeatus,Seawater was collected using a Niskin bottle; For each sample ~1L of seawater was passed through 0.22um sterivex filter,http://www.ncbi.nlm.nih.gov/bioproject/1049344,BLAST annotation (0.96) against NCBI nr database,FC-062,"Linnaeus, 1758",Species,Animalia,Chordata,Teleostei,Perciformes,Gasterosteidae,Gasterosteus,urn:lsid:marinespecies.org:taxname:126505,present
Hakai-FC-066,Hakai-FC-066-ASV5-occ,MaterialSample,Gasterosteus aculeatus,12,DNA sequence reads,12,DNA sequence reads,Gasterosteus aculeatus,Seawater was collected using a Niskin bottle; For each sample ~1L of seawater was passed through 0.22um sterivex filter,http://www.ncbi.nlm.nih.gov/bioproject/1049344,BLAST annotation (0.96) against NCBI nr database,FC-066,"Linnaeus, 1758",Species,Animalia,Chordata,Teleostei,Perciformes,Gasterosteidae,Gasterosteus,urn:lsid:marinespecies.org:taxname:126505,present
Hakai-FC-067,Hakai-FC-067-ASV5-occ,MaterialSample,Gasterosteus aculeatus,6,DNA sequence reads,6,DNA sequence reads,Gasterosteus aculeatus,Seawater was collected using a Niskin bottle; For each sample ~1L of seawater was passed through 0.22um sterivex filter,http://www.ncbi.nlm.nih.gov/bioproject/1049344,BLAST annotation (0.96) against NCBI nr database,FC-067,"Linnaeus, 1758",Species,Animalia,Chordata,Teleostei,Perciformes,Gasterosteidae,Gasterosteus,urn:lsid:marinespecies.org:taxname:126505,present
Hakai-FC-068,Hakai-FC-068-ASV5-occ,MaterialSample,Gasterosteus aculeatus,24,DNA sequence reads,24,DNA sequence reads,Gasterosteus aculeatus,Seawater was collected using a Niskin bottle; For each sample ~1L of seawater was passed through 0.22um sterivex filter,http://www.ncbi.nlm.nih.gov/bioproject/1049344,BLAST annotation (0.96) against NCBI nr database,FC-068,"Linnaeus, 1758",Species,Animalia,Chordata,Teleostei,Perciformes,Gasterosteidae,Gasterosteus,urn:lsid:marinespecies.org:taxname:126505,present
Hakai-FC-069,Hakai-FC-069-ASV5-occ,MaterialSample,Gasterosteus aculeatus,23,DNA sequence reads,23,DNA sequence reads,Gasterosteus aculeatus,Seawater was collected using a Niskin bottle; For each sample ~1L of seawater was passed through 0.22um sterivex filter,http://www.ncbi.nlm.nih.gov/bioproject/1049344,BLAST annotation (0.96) against NCBI nr database,FC-069,"Linnaeus, 1758",Species,Animalia,Chordata,Teleostei,Perciformes,Gasterosteidae,Gasterosteus,urn:lsid:marinespecies.org:taxname:126505,present
Hakai-FC-070,Hakai-FC-070-ASV5-occ,MaterialSample,Gasterosteus aculeatus,8,DNA sequence reads,8,DNA sequence reads,Gasterosteus aculeatus,Seawater was collected using a Niskin bottle; For each sample ~1L of seawater was passed through 0.22um sterivex filter,http://www.ncbi.nlm.nih.gov/bioproject/1049344,BLAST annotation (0.96) against NCBI nr database,FC-070,"Linnaeus, 1758",Species,Animalia,Chordata,Teleostei,Perciformes,Gasterosteidae,Gasterosteus,urn:lsid:marinespecies.org:taxname:126505,present
Hakai-FC-074,Hakai-FC-074-ASV5-occ,MaterialSample,Gasterosteus aculeatus,63303,DNA sequence reads,63303,DNA sequence reads,Gasterosteus aculeatus,Seawater was collected using a Niskin bottle; For each sample ~1L of seawater was passed through 0.22um sterivex filter,http://www.ncbi.nlm.nih.gov/bioproject/1049344,BLAST annotation (0.96) against NCBI nr database,FC-074,"Linnaeus, 1758",Species,Animalia,Chordata,Teleostei,Perciformes,Gasterosteidae,Gasterosteus,urn:lsid:marinespecies.org:taxname:126505,present
Hakai-FC-036,Hakai-FC-036-ASV30-occ,MaterialSample,Gasterosteus aculeatus,22263,DNA sequence reads,22263,DNA sequence reads,Gasterosteus aculeatus,Seawater was collected using a Niskin bottle; For each sample ~1L of seawater was passed through 0.22um sterivex filter,http://www.ncbi.nlm.nih.gov/bioproject/1049344,BLAST annotation (0.96) against NCBI nr database,FC-036,"Linnaeus, 1758",Species,Animalia,Chordata,Teleostei,Perciformes,Gasterosteidae,Gasterosteus,urn:lsid:marinespecies.org:taxname:126505,present
Hakai-FC-042,Hakai-FC-042-ASV37-occ,MaterialSample,Gasterosteus aculeatus,17783,DNA sequence reads,17783,DNA sequence reads,Gasterosteus aculeatus,Seawater was collected using a Niskin bottle; For each sample ~1L of seawater was passed through 0.22um sterivex filter,http://www.ncbi.nlm.nih.gov/bioproject/1049344,BLAST annotation (0.96) against NCBI nr database,FC-042,"Linnaeus, 1758",Species,Animalia,Chordata,Teleostei,Perciformes,Gasterosteidae,Gasterosteus,urn:lsid:marinespecies.org:taxname:126505,present
Hakai-FC-030,Hakai-FC-030-ASV38-occ,MaterialSample,Gasterosteus aculeatus,17691,DNA sequence reads,17691,DNA sequence reads,Gasterosteus aculeatus,Seawater was collected using a Niskin bottle; For each sample ~1L of seawater was passed through 0.22um sterivex filter,http://www.ncbi.nlm.nih.gov/bioproject/1049344,BLAST annotation (0.96) against NCBI nr database,FC-030,"Linnaeus, 1758",Species,Animalia,Chordata,Teleostei,Perciformes,Gasterosteidae,Gasterosteus,urn:lsid:marinespecies.org:taxname:126505,present
Hakai-FC-013,Hakai-FC-013-ASV43-occ,MaterialSample,Gasterosteus aculeatus,13029,DNA sequence reads,13029,DNA sequence reads,Gasterosteus aculeatus,Seawater was collected using a Niskin bottle; For each sample ~1L of seawater was passed through 0.22um sterivex filter,http://www.ncbi.nlm.nih.gov/bioproject/1049344,BLAST annotation (0.96) against NCBI nr database,FC-013,"Linnaeus, 1758",Species,Animalia,Chordata,Teleostei,Perciformes,Gasterosteidae,Gasterosteus,urn:lsid:marinespecies.org:taxname:126505,present
Hakai-FC-007,Hakai-FC-007-ASV57-occ,MaterialSample,Gasterosteus aculeatus,92,DNA sequence reads,92,DNA sequence reads,Gasterosteus aculeatus,Seawater was collected using a Niskin bottle; For each sample ~1L of seawater was passed through 0.22um sterivex filter,http://www.ncbi.nlm.nih.gov/bioproject/1049344,BLAST annotation (0.96) against NCBI nr database,FC-007,"Linnaeus, 1758",Species,Animalia,Chordata,Teleostei,Perciformes,Gasterosteidae,Gasterosteus,urn:lsid:marinespecies.org:taxname:126505,present
Hakai-FC-016,Hakai-FC-016-ASV57-occ,MaterialSample,Gasterosteus aculeatus,57,DNA sequence reads,57,DNA sequence reads,Gasterosteus aculeatus,Seawater was collected using a Niskin bottle; For each sample ~1L of seawater was passed through 0.22um sterivex filter,http://www.ncbi.nlm.nih.gov/bioproject/1049344,BLAST annotation (0.96) against NCBI nr database,FC-016,"Linnaeus, 1758",Species,Animalia,Chordata,Teleostei,Perciformes,Gasterosteidae,Gasterosteus,urn:lsid:marinespecies.org:taxname:126505,present
Hakai-FC-021,Hakai-FC-021-ASV57-occ,MaterialSample,Gasterosteus aculeatus,133,DNA sequence reads,133,DNA sequence reads,Gasterosteus aculeatus,Seawater was collected using a Niskin bottle; For each sample ~1L of seawater was passed through 0.22um sterivex filter,http://www.ncbi.nlm.nih.gov/bioproject/1049344,BLAST annotation (0.96) against NCBI nr database,FC-021,"Linnaeus, 1758",Species,Animalia,Chordata,Teleostei,Perciformes,Gasterosteidae,Gasterosteus,urn:lsid:marinespecies.org:taxname:126505,present
Hakai-FC-029,Hakai-FC-029-ASV57-occ,MaterialSample,Gasterosteus aculeatus,188,DNA sequence reads,188,DNA sequence reads,Gasterosteus aculeatus,Seawater was collected using a Niskin bottle; For each sample ~1L of seawater was passed through 0.22um sterivex filter,http://www.ncbi.nlm.nih.gov/bioproject/1049344,BLAST annotation (0.96) against NCBI nr database,FC-029,"Linnaeus, 1758",Species,Animalia,Chordata,Teleostei,Perciformes,Gasterosteidae,Gasterosteus,urn:lsid:marinespecies.org:taxname:126505,present
Hakai-FC-030,Hakai-FC-030-ASV57-occ,MaterialSample,Gasterosteus aculeatus,261,DNA sequence reads,261,DNA sequence reads,Gasterosteus aculeatus,Seawater was collected using a Niskin bottle; For each sample ~1L of seawater was passed through 0.22um sterivex filter,http://www.ncbi.nlm.nih.gov/bioproject/1049344,BLAST annotation (0.96) against NCBI nr database,FC-030,"Linnaeus, 1758",Species,Animalia,Chordata,Teleostei,Perciformes,Gasterosteidae,Gasterosteus,urn:lsid:marinespecies.org:taxname:126505,present
Hakai-FC-031,Hakai-FC-031-ASV57-occ,MaterialSample,Gasterosteus aculeatus,50,DNA sequence reads,50,DNA sequence reads,Gasterosteus aculeatus,Seawater was collected using a Niskin bottle; For each sample ~1L of seawater was passed through 0.22um sterivex filter,http://www.ncbi.nlm.nih.gov/bioproject/1049344,BLAST annotation (0.96) against NCBI nr database,FC-031,"Linnaeus, 1758",Species,Animalia,Chordata,Teleostei,Perciformes,Gasterosteidae,Gasterosteus,urn:lsid:marinespecies.org:taxname:126505,present
Hakai-FC-036,Hakai-FC-036-ASV57-occ,MaterialSample,Gasterosteus aculeatus,345,DNA sequence reads,345,DNA sequence reads,Gasterosteus aculeatus,Seawater was collected using a Niskin bottle; For each sample ~1L of seawater was passed through 0.22um sterivex filter,http://www.ncbi.nlm.nih.gov/bioproject/1049344,BLAST annotation (0.96) against NCBI nr database,FC-036,"Linnaeus, 1758",Species,Animalia,Chordata,Teleostei,Perciformes,Gasterosteidae,Gasterosteus,urn:lsid:marinespecies.org:taxname:126505,present
Hakai-FC-037,Hakai-FC-037-ASV57-occ,MaterialSample,Gasterosteus aculeatus,111,DNA sequence reads,111,DNA sequence reads,Gasterosteus aculeatus,Seawater was collected using a Niskin bottle; For each sample ~1L of seawater was passed through 0.22um sterivex filter,http://www.ncbi.nlm.nih.gov/bioproject/1049344,BLAST annotation (0.96) against NCBI nr database,FC-037,"Linnaeus, 1758",Species,Animalia,Chordata,Teleostei,Perciformes,Gasterosteidae,Gasterosteus,urn:lsid:marinespecies.org:taxname:126505,present
Hakai-FC-038,Hakai-FC-038-ASV57-occ,MaterialSample,Gasterosteus aculeatus,161,DNA sequence reads,161,DNA sequence reads,Gasterosteus aculeatus,Seawater was collected using a Niskin bottle; For each sample ~1L of seawater was passed through 0.22um sterivex filter,http://www.ncbi.nlm.nih.gov/bioproject/1049344,BLAST annotation (0.96) against NCBI nr database,FC-038,"Linnaeus, 1758",Species,Animalia,Chordata,Teleostei,Perciformes,Gasterosteidae,Gasterosteus,urn:lsid:marinespecies.org:taxname:126505,present
Hakai-FC-042,Hakai-FC-042-ASV57-occ,MaterialSample,Gasterosteus aculeatus,101,DNA sequence reads,101,DNA sequence reads,Gasterosteus aculeatus,Seawater was collected using a Niskin bottle; For each sample ~1L of seawater was passed through 0.22um sterivex filter,http://www.ncbi.nlm.nih.gov/bioproject/1049344,BLAST annotation (0.96) against NCBI nr database,FC-042,"Linnaeus, 1758",Species,Animalia,Chordata,Teleostei,Perciformes,Gasterosteidae,Gasterosteus,urn:lsid:marinespecies.org:taxname:126505,present
Hakai-FC-043,Hakai-FC-043-ASV57-occ,MaterialSample,Gasterosteus aculeatus,53,DNA sequence reads,53,DNA sequence reads,Gasterosteus aculeatus,Seawater was collected using a Niskin bottle; For each sample ~1L of seawater was passed through 0.22um sterivex filter,http://www.ncbi.nlm.nih.gov/bioproject/1049344,BLAST annotation (0.96) against NCBI nr database,FC-043,"Linnaeus, 1758",Species,Animalia,Chordata,Teleostei,Perciformes,Gasterosteidae,Gasterosteus,urn:lsid:marinespecies.org:taxname:126505,present
Hakai-FC-055,Hakai-FC-055-ASV57-occ,MaterialSample,Gasterosteus aculeatus,76,DNA sequence reads,76,DNA sequence reads,Gasterosteus aculeatus,Seawater was collected using a Niskin bottle; For each sample ~1L of seawater was passed through 0.22um sterivex filter,http://www.ncbi.nlm.nih.gov/bioproject/1049344,BLAST annotation (0.96) against NCBI nr database,FC-055,"Linnaeus, 1758",Species,Animalia,Chordata,Teleostei,Perciformes,Gasterosteidae,Gasterosteus,urn:lsid:marinespecies.org:taxname:126505,present
Hakai-FC-074,Hakai-FC-074-ASV57-occ,MaterialSample,Gasterosteus aculeatus,164,DNA sequence reads,164,DNA sequence reads,Gasterosteus aculeatus,Seawater was collected using a Niskin bottle; For each sample ~1L of seawater was passed through 0.22um sterivex filter,http://www.ncbi.nlm.nih.gov/bioproject/1049344,BLAST annotation (0.96) against NCBI nr database,FC-074,"Linnaeus, 1758",Species,Animalia,Chordata,Teleostei,Perciformes,Gasterosteidae,Gasterosteus,urn:lsid:marinespecies.org:taxname:126505,present
Hakai-FC-052,Hakai-FC-052-ASV77-occ,MaterialSample,Gasterosteus aculeatus,330,DNA sequence reads,330,DNA sequence reads,Gasterosteus aculeatus,Seawater was collected using a Niskin bottle; For each sample ~1L of seawater was passed through 0.22um sterivex filter,http://www.ncbi.nlm.nih.gov/bioproject/1049344,BLAST annotation (0.96) against NCBI nr database,FC-052,"Linnaeus, 1758",Species,Animalia,Chordata,Teleostei,Perciformes,Gasterosteidae,Gasterosteus,urn:lsid:marinespecies.org:taxname:126505,present
Hakai-FC-052,Hakai-FC-052-ASV48-occ,MaterialSample,Hexagrammos agrammus,10229,DNA sequence reads,10229,DNA sequence reads,Hexagrammos agrammus,Seawater was collected using a Niskin bottle; For each sample ~1L of seawater was passed through 0.22um sterivex filter,http://www.ncbi.nlm.nih.gov/bioproject/1049344,BLAST annotation (0.96) against NCBI nr database,FC-052,"(Temminck & Schlegel, 1843)",Species,Animalia,Chordata,Teleostei,Perciformes,Hexagrammidae,Hexagrammos,urn:lsid:marinespecies.org:taxname:279410,present
Hakai-FC-035,Hakai-FC-035-ASV26-occ,MaterialSample,Hexanchus griseus,25486,DNA sequence reads,25486,DNA sequence reads,Hexanchus griseus,Seawater was collected using a Niskin bottle; For each sample ~1L of seawater was passed through 0.22um sterivex filter,http://www.ncbi.nlm.nih.gov/bioproject/1049344,BLAST annotation (0.96) against NCBI nr database,FC-035,"(Bonnaterre, 1788)",Species,Animalia,Chordata,Elasmobranchii,Hexanchiformes,Hexanchidae,Hexanchus,urn:lsid:marinespecies.org:taxname:105833,present
Hakai-FC-043,Hakai-FC-043-ASV26-occ,MaterialSample,Hexanchus griseus,8,DNA sequence reads,8,DNA sequence reads,Hexanchus griseus,Seawater was collected using a Niskin bottle; For each sample ~1L of seawater was passed through 0.22um sterivex filter,http://www.ncbi.nlm.nih.gov/bioproject/1049344,BLAST annotation (0.96) against NCBI nr database,FC-043,"(Bonnaterre, 1788)",Species,Animalia,Chordata,Elasmobranchii,Hexanchiformes,Hexanchidae,Hexanchus,urn:lsid:marinespecies.org:taxname:105833,present
Hakai-FC-051,Hakai-FC-051-ASV26-occ,MaterialSample,Hexanchus griseus,38,DNA sequence reads,38,DNA sequence reads,Hexanchus griseus,Seawater was collected using a Niskin bottle; For each sample ~1L of seawater was passed through 0.22um sterivex filter,http://www.ncbi.nlm.nih.gov/bioproject/1049344,BLAST annotation (0.96) against NCBI nr database,FC-051,"(Bonnaterre, 1788)",Species,Animalia,Chordata,Elasmobranchii,Hexanchiformes,Hexanchidae,Hexanchus,urn:lsid:marinespecies.org:taxname:105833,present
Hakai-FC-028,Hakai-FC-028-ASV27-occ,MaterialSample,Lepidogobius lepidus,23793,DNA sequence reads,23793,DNA sequence reads,Lepidogobius lepidus,Seawater was collected using a Niskin bottle; For each sample ~1L of seawater was passed through 0.22um sterivex filter,http://www.ncbi.nlm.nih.gov/bioproject/1049344,BLAST annotation (0.96) against NCBI nr database,FC-028,"(Girard, 1858)",Species,Animalia,Chordata,Teleostei,Gobiiformes,Gobiidae,Lepidogobius,urn:lsid:marinespecies.org:taxname:281292,present
Hakai-FC-052,Hakai-FC-052-ASV27-occ,MaterialSample,Lepidogobius lepidus,30,DNA sequence reads,30,DNA sequence reads,Lepidogobius lepidus,Seawater was collected using a Niskin bottle; For each sample ~1L of seawater was passed through 0.22um sterivex filter,http://www.ncbi.nlm.nih.gov/bioproject/1049344,BLAST annotation (0.96) against NCBI nr database,FC-052,"(Girard, 1858)",Species,Animalia,Chordata,Teleostei,Gobiiformes,Gobiidae,Lepidogobius,urn:lsid:marinespecies.org:taxname:281292,present
Hakai-FC-016,Hakai-FC-016-ASV16-occ,MaterialSample,Lumpenus sagitta,14,DNA sequence reads,14,DNA sequence reads,Lumpenus sagitta,Seawater was collected using a Niskin bottle; For each sample ~1L of seawater was passed through 0.22um sterivex filter,http://www.ncbi.nlm.nih.gov/bioproject/1049344,BLAST annotation (0.96) against NCBI nr database,FC-016,"Wilimovsky, 1956",Species,Animalia,Chordata,Teleostei,Perciformes,Lumpenidae,Lumpenus,urn:lsid:marinespecies.org:taxname:254579,present
Hakai-FC-033,Hakai-FC-033-ASV16-occ,MaterialSample,Lumpenus sagitta,27040,DNA sequence reads,27040,DNA sequence reads,Lumpenus sagitta,Seawater was collected using a Niskin bottle; For each sample ~1L of seawater was passed through 0.22um sterivex filter,http://www.ncbi.nlm.nih.gov/bioproject/1049344,BLAST annotation (0.96) against NCBI nr database,FC-033,"Wilimovsky, 1956",Species,Animalia,Chordata,Teleostei,Perciformes,Lumpenidae,Lumpenus,urn:lsid:marinespecies.org:taxname:254579,present
Hakai-FC-040,Hakai-FC-040-ASV16-occ,MaterialSample,Lumpenus sagitta,50615,DNA sequence reads,50615,DNA sequence reads,Lumpenus sagitta,Seawater was collected using a Niskin bottle; For each sample ~1L of seawater was passed through 0.22um sterivex filter,http://www.ncbi.nlm.nih.gov/bioproject/1049344,BLAST annotation (0.96) against NCBI nr database,FC-040,"Wilimovsky, 1956",Species,Animalia,Chordata,Teleostei,Perciformes,Lumpenidae,Lumpenus,urn:lsid:marinespecies.org:taxname:254579,present
Hakai-FC-048,Hakai-FC-048-ASV16-occ,MaterialSample,Lumpenus sagitta,11,DNA sequence reads,11,DNA sequence reads,Lumpenus sagitta,Seawater was collected using a Niskin bottle; For each sample ~1L of seawater was passed through 0.22um sterivex filter,http://www.ncbi.nlm.nih.gov/bioproject/1049344,BLAST annotation (0.96) against NCBI nr database,FC-048,"Wilimovsky, 1956",Species,Animalia,Chordata,Teleostei,Perciformes,Lumpenidae,Lumpenus,urn:lsid:marinespecies.org:taxname:254579,present
Hakai-FC-049,Hakai-FC-049-ASV16-occ,MaterialSample,Lumpenus sagitta,54,DNA sequence reads,54,DNA sequence reads,Lumpenus sagitta,Seawater was collected using a Niskin bottle; For each sample ~1L of seawater was passed through 0.22um sterivex filter,http://www.ncbi.nlm.nih.gov/bioproject/1049344,BLAST annotation (0.96) against NCBI nr database,FC-049,"Wilimovsky, 1956",Species,Animalia,Chordata,Teleostei,Perciformes,Lumpenidae,Lumpenus,urn:lsid:marinespecies.org:taxname:254579,present
Hakai-FC-056,Hakai-FC-056-ASV16-occ,MaterialSample,Lumpenus sagitta,146,DNA sequence reads,146,DNA sequence reads,Lumpenus sagitta,Seawater was collected using a Niskin bottle; For each sample ~1L of seawater was passed through 0.22um sterivex filter,http://www.ncbi.nlm.nih.gov/bioproject/1049344,BLAST annotation (0.96) against NCBI nr database,FC-056,"Wilimovsky, 1956",Species,Animalia,Chordata,Teleostei,Perciformes,Lumpenidae,Lumpenus,urn:lsid:marinespecies.org:taxname:254579,present
Hakai-FC-064,Hakai-FC-064-ASV16-occ,MaterialSample,Lumpenus sagitta,10,DNA sequence reads,10,DNA sequence reads,Lumpenus sagitta,Seawater was collected using a Niskin bottle; For each sample ~1L of seawater was passed through 0.22um sterivex filter,http://www.ncbi.nlm.nih.gov/bioproject/1049344,BLAST annotation (0.96) against NCBI nr database,FC-064,"Wilimovsky, 1956",Species,Animalia,Chordata,Teleostei,Perciformes,Lumpenidae,Lumpenus,urn:lsid:marinespecies.org:taxname:254579,present
Hakai-FC-072,Hakai-FC-072-ASV16-occ,MaterialSample,Lumpenus sagitta,5,DNA sequence reads,5,DNA sequence reads,Lumpenus sagitta,Seawater was collected using a Niskin bottle; For each sample ~1L of seawater was passed through 0.22um sterivex filter,http://www.ncbi.nlm.nih.gov/bioproject/1049344,BLAST annotation (0.96) against NCBI nr database,FC-072,"Wilimovsky, 1956",Species,Animalia,Chordata,Teleostei,Perciformes,Lumpenidae,Lumpenus,urn:lsid:marinespecies.org:taxname:254579,present
Hakai-FC-057,Hakai-FC-057-ASV65-occ,MaterialSample,Merluccius productus,719,DNA sequence reads,719,DNA sequence reads,Merluccius productus,Seawater was collected using a Niskin bottle; For each sample ~1L of seawater was passed through 0.22um sterivex filter,http://www.ncbi.nlm.nih.gov/bioproject/1049344,BLAST annotation (0.96) against NCBI nr database,FC-057,"(Ayres, 1855)",Species,Animalia,Chordata,Teleostei,Gadiformes,Merlucciidae,Merluccius,urn:lsid:marinespecies.org:taxname:272458,present
Hakai-FC-016,Hakai-FC-016-ASV4-occ,MaterialSample,Oncorhynchus kisutch,75,DNA sequence reads,75,DNA sequence reads,Oncorhynchus kisutch,Seawater was collected using a Niskin bottle; For each sample ~1L of seawater was passed through 0.22um sterivex filter,http://www.ncbi.nlm.nih.gov/bioproject/1049344,BLAST annotation (0.96) against NCBI nr database,FC-016,"(Walbaum, 1792)",Species,Animalia,Chordata,Teleostei,Salmoniformes,Salmonidae,Oncorhynchus,urn:lsid:marinespecies.org:taxname:127184,present
Hakai-FC-040,Hakai-FC-040-ASV4-occ,MaterialSample,Oncorhynchus kisutch,50,DNA sequence reads,50,DNA sequence reads,Oncorhynchus kisutch,Seawater was collected using a Niskin bottle; For each sample ~1L of seawater was passed through 0.22um sterivex filter,http://www.ncbi.nlm.nih.gov/bioproject/1049344,BLAST annotation (0.96) against NCBI nr database,FC-040,"(Walbaum, 1792)",Species,Animalia,Chordata,Teleostei,Salmoniformes,Salmonidae,Oncorhynchus,urn:lsid:marinespecies.org:taxname:127184,present
Hakai-FC-050,Hakai-FC-050-ASV4-occ,MaterialSample,Oncorhynchus kisutch,71,DNA sequence reads,71,DNA sequence reads,Oncorhynchus kisutch,Seawater was collected using a Niskin bottle; For each sample ~1L of seawater was passed through 0.22um sterivex filter,http://www.ncbi.nlm.nih.gov/bioproject/1049344,BLAST annotation (0.96) against NCBI nr database,FC-050,"(Walbaum, 1792)",Species,Animalia,Chordata,Teleostei,Salmoniformes,Salmonidae,Oncorhynchus,urn:lsid:marinespecies.org:taxname:127184,present
Hakai-FC-056,Hakai-FC-056-ASV4-occ,MaterialSample,Oncorhynchus kisutch,916189,DNA sequence reads,916189,DNA sequence reads,Oncorhynchus kisutch,Seawater was collected using a Niskin bottle; For each sample ~1L of seawater was passed through 0.22um sterivex filter,http://www.ncbi.nlm.nih.gov/bioproject/1049344,BLAST annotation (0.96) against NCBI nr database,FC-056,"(Walbaum, 1792)",Species,Animalia,Chordata,Teleostei,Salmoniformes,Salmonidae,Oncorhynchus,urn:lsid:marinespecies.org:taxname:127184,present
Hakai-FC-011,Hakai-FC-011-ASV17-occ,MaterialSample,Oncorhynchus nerka,44602,DNA sequence reads,44602,DNA sequence reads,Oncorhynchus nerka,Seawater was collected using a Niskin bottle; For each sample ~1L of seawater was passed through 0.22um sterivex filter,http://www.ncbi.nlm.nih.gov/bioproject/1049344,BLAST annotation (0.96) against NCBI nr database,FC-011,"(Walbaum, 1792)",Species,Animalia,Chordata,Teleostei,Salmoniformes,Salmonidae,Oncorhynchus,urn:lsid:marinespecies.org:taxname:254569,present
Hakai-FC-027,Hakai-FC-027-ASV17-occ,MaterialSample,Oncorhynchus nerka,18967,DNA sequence reads,18967,DNA sequence reads,Oncorhynchus nerka,Seawater was collected using a Niskin bottle; For each sample ~1L of seawater was passed through 0.22um sterivex filter,http://www.ncbi.nlm.nih.gov/bioproject/1049344,BLAST annotation (0.96) against NCBI nr database,FC-027,"(Walbaum, 1792)",Species,Animalia,Chordata,Teleostei,Salmoniformes,Salmonidae,Oncorhynchus,urn:lsid:marinespecies.org:taxname:254569,present
Hakai-FC-051,Hakai-FC-051-ASV17-occ,MaterialSample,Oncorhynchus nerka,106,DNA sequence reads,106,DNA sequence reads,Oncorhynchus nerka,Seawater was collected using a Niskin bottle; For each sample ~1L of seawater was passed through 0.22um sterivex filter,http://www.ncbi.nlm.nih.gov/bioproject/1049344,BLAST annotation (0.96) against NCBI nr database,FC-051,"(Walbaum, 1792)",Species,Animalia,Chordata,Teleostei,Salmoniformes,Salmonidae,Oncorhynchus,urn:lsid:marinespecies.org:taxname:254569,present
Hakai-FC-004,Hakai-FC-004-ASV28-occ,MaterialSample,Oncorhynchus nerka,33,DNA sequence reads,33,DNA sequence reads,Oncorhynchus nerka,Seawater was collected using a Niskin bottle; For each sample ~1L of seawater was passed through 0.22um sterivex filter,http://www.ncbi.nlm.nih.gov/bioproject/1049344,BLAST annotation (0.96) against NCBI nr database,FC-004,"(Walbaum, 1792)",Species,Animalia,Chordata,Teleostei,Salmoniformes,Salmonidae,Oncorhynchus,urn:lsid:marinespecies.org:taxname:254569,present
Hakai-FC-061,Hakai-FC-061-ASV28-occ,MaterialSample,Oncorhynchus nerka,21405,DNA sequence reads,21405,DNA sequence reads,Oncorhynchus nerka,Seawater was collected using a Niskin bottle; For each sample ~1L of seawater was passed through 0.22um sterivex filter,http://www.ncbi.nlm.nih.gov/bioproject/1049344,BLAST annotation (0.96) against NCBI nr database,FC-061,"(Walbaum, 1792)",Species,Animalia,Chordata,Teleostei,Salmoniformes,Salmonidae,Oncorhynchus,urn:lsid:marinespecies.org:taxname:254569,present
Hakai-FC-066,Hakai-FC-066-ASV28-occ,MaterialSample,Oncorhynchus nerka,1301,DNA sequence reads,1301,DNA sequence reads,Oncorhynchus nerka,Seawater was collected using a Niskin bottle; For each sample ~1L of seawater was passed through 0.22um sterivex filter,http://www.ncbi.nlm.nih.gov/bioproject/1049344,BLAST annotation (0.96) against NCBI nr database,FC-066,"(Walbaum, 1792)",Species,Animalia,Chordata,Teleostei,Salmoniformes,Salmonidae,Oncorhynchus,urn:lsid:marinespecies.org:taxname:254569,present
Hakai-FC-055,Hakai-FC-055-ASV49-occ,MaterialSample,Oncorhynchus nerka,7504,DNA sequence reads,7504,DNA sequence reads,Oncorhynchus nerka,Seawater was collected using a Niskin bottle; For each sample ~1L of seawater was passed through 0.22um sterivex filter,http://www.ncbi.nlm.nih.gov/bioproject/1049344,BLAST annotation (0.96) against NCBI nr database,FC-055,"(Walbaum, 1792)",Species,Animalia,Chordata,Teleostei,Salmoniformes,Salmonidae,Oncorhynchus,urn:lsid:marinespecies.org:taxname:254569,present
Hakai-FC-002,Hakai-FC-002-ASV2-occ,MaterialSample,Oncorhynchus tshawytscha,20,DNA sequence reads,20,DNA sequence reads,Oncorhynchus tshawytscha,Seawater was collected using a Niskin bottle; For each sample ~1L of seawater was passed through 0.22um sterivex filter,http://www.ncbi.nlm.nih.gov/bioproject/1049344,BLAST annotation (0.96) against NCBI nr database,FC-002,"(Walbaum, 1792)",Species,Animalia,Chordata,Teleostei,Salmoniformes,Salmonidae,Oncorhynchus,urn:lsid:marinespecies.org:taxname:158075,present
Hakai-FC-003,Hakai-FC-003-ASV2-occ,MaterialSample,Oncorhynchus tshawytscha,19,DNA sequence reads,19,DNA sequence reads,Oncorhynchus tshawytscha,Seawater was collected using a Niskin bottle; For each sample ~1L of seawater was passed through 0.22um sterivex filter,http://www.ncbi.nlm.nih.gov/bioproject/1049344,BLAST annotation (0.96) against NCBI nr database,FC-003,"(Walbaum, 1792)",Species,Animalia,Chordata,Teleostei,Salmoniformes,Salmonidae,Oncorhynchus,urn:lsid:marinespecies.org:taxname:158075,present
Hakai-FC-006,Hakai-FC-006-ASV2-occ,MaterialSample,Oncorhynchus tshawytscha,16,DNA sequence reads,16,DNA sequence reads,Oncorhynchus tshawytscha,Seawater was collected using a Niskin bottle; For each sample ~1L of seawater was passed through 0.22um sterivex filter,http://www.ncbi.nlm.nih.gov/bioproject/1049344,BLAST annotation (0.96) against NCBI nr database,FC-006,"(Walbaum, 1792)",Species,Animalia,Chordata,Teleostei,Salmoniformes,Salmonidae,Oncorhynchus,urn:lsid:marinespecies.org:taxname:158075,present
Hakai-FC-008,Hakai-FC-008-ASV2-occ,MaterialSample,Oncorhynchus tshawytscha,42624,DNA sequence reads,42624,DNA sequence reads,Oncorhynchus tshawytscha,Seawater was collected using a Niskin bottle; For each sample ~1L of seawater was passed through 0.22um sterivex filter,http://www.ncbi.nlm.nih.gov/bioproject/1049344,BLAST annotation (0.96) against NCBI nr database,FC-008,"(Walbaum, 1792)",Species,Animalia,Chordata,Teleostei,Salmoniformes,Salmonidae,Oncorhynchus,urn:lsid:marinespecies.org:taxname:158075,present
Hakai-FC-010,Hakai-FC-010-ASV2-occ,MaterialSample,Oncorhynchus tshawytscha,34348,DNA sequence reads,34348,DNA sequence reads,Oncorhynchus tshawytscha,Seawater was collected using a Niskin bottle; For each sample ~1L of seawater was passed through 0.22um sterivex filter,http://www.ncbi.nlm.nih.gov/bioproject/1049344,BLAST annotation (0.96) against NCBI nr database,FC-010,"(Walbaum, 1792)",Species,Animalia,Chordata,Teleostei,Salmoniformes,Salmonidae,Oncorhynchus,urn:lsid:marinespecies.org:taxname:158075,present
Hakai-FC-012,Hakai-FC-012-ASV2-occ,MaterialSample,Oncorhynchus tshawytscha,22,DNA sequence reads,22,DNA sequence reads,Oncorhynchus tshawytscha,Seawater was collected using a Niskin bottle; For each sample ~1L of seawater was passed through 0.22um sterivex filter,http://www.ncbi.nlm.nih.gov/bioproject/1049344,BLAST annotation (0.96) against NCBI nr database,FC-012,"(Walbaum, 1792)",Species,Animalia,Chordata,Teleostei,Salmoniformes,Salmonidae,Oncorhynchus,urn:lsid:marinespecies.org:taxname:158075,present
Hakai-FC-013,Hakai-FC-013-ASV2-occ,MaterialSample,Oncorhynchus tshawytscha,19,DNA sequence reads,19,DNA sequence reads,Oncorhynchus tshawytscha,Seawater was collected using a Niskin bottle; For each sample ~1L of seawater was passed through 0.22um sterivex filter,http://www.ncbi.nlm.nih.gov/bioproject/1049344,BLAST annotation (0.96) against NCBI nr database,FC-013,"(Walbaum, 1792)",Species,Animalia,Chordata,Teleostei,Salmoniformes,Salmonidae,Oncorhynchus,urn:lsid:marinespecies.org:taxname:158075,present
Hakai-FC-014,Hakai-FC-014-ASV2-occ,MaterialSample,Oncorhynchus tshawytscha,21938,DNA sequence reads,21938,DNA sequence reads,Oncorhynchus tshawytscha,Seawater was collected using a Niskin bottle; For each sample ~1L of seawater was passed through 0.22um sterivex filter,http://www.ncbi.nlm.nih.gov/bioproject/1049344,BLAST annotation (0.96) against NCBI nr database,FC-014,"(Walbaum, 1792)",Species,Animalia,Chordata,Teleostei,Salmoniformes,Salmonidae,Oncorhynchus,urn:lsid:marinespecies.org:taxname:158075,present
Hakai-FC-016,Hakai-FC-016-ASV2-occ,MaterialSample,Oncorhynchus tshawytscha,68766,DNA sequence reads,68766,DNA sequence reads,Oncorhynchus tshawytscha,Seawater was collected using a Niskin bottle; For each sample ~1L of seawater was passed through 0.22um sterivex filter,http://www.ncbi.nlm.nih.gov/bioproject/1049344,BLAST annotation (0.96) against NCBI nr database,FC-016,"(Walbaum, 1792)",Species,Animalia,Chordata,Teleostei,Salmoniformes,Salmonidae,Oncorhynchus,urn:lsid:marinespecies.org:taxname:158075,present
Hakai-FC-018,Hakai-FC-018-ASV2-occ,MaterialSample,Oncorhynchus tshawytscha,22,DNA sequence reads,22,DNA sequence reads,Oncorhynchus tshawytscha,Seawater was collected using a Niskin bottle; For each sample ~1L of seawater was passed through 0.22um sterivex filter,http://www.ncbi.nlm.nih.gov/bioproject/1049344,BLAST annotation (0.96) against NCBI nr database,FC-018,"(Walbaum, 1792)",Species,Animalia,Chordata,Teleostei,Salmoniformes,Salmonidae,Oncorhynchus,urn:lsid:marinespecies.org:taxname:158075,present
Hakai-FC-019,Hakai-FC-019-ASV2-occ,MaterialSample,Oncorhynchus tshawytscha,42,DNA sequence reads,42,DNA sequence reads,Oncorhynchus tshawytscha,Seawater was collected using a Niskin bottle; For each sample ~1L of seawater was passed through 0.22um sterivex filter,http://www.ncbi.nlm.nih.gov/bioproject/1049344,BLAST annotation (0.96) against NCBI nr database,FC-019,"(Walbaum, 1792)",Species,Animalia,Chordata,Teleostei,Salmoniformes,Salmonidae,Oncorhynchus,urn:lsid:marinespecies.org:taxname:158075,present
Hakai-FC-020,Hakai-FC-020-ASV2-occ,MaterialSample,Oncorhynchus tshawytscha,49495,DNA sequence reads,49495,DNA sequence reads,Oncorhynchus tshawytscha,Seawater was collected using a Niskin bottle; For each sample ~1L of seawater was passed through 0.22um sterivex filter,http://www.ncbi.nlm.nih.gov/bioproject/1049344,BLAST annotation (0.96) against NCBI nr database,FC-020,"(Walbaum, 1792)",Species,Animalia,Chordata,Teleostei,Salmoniformes,Salmonidae,Oncorhynchus,urn:lsid:marinespecies.org:taxname:158075,present
Hakai-FC-021,Hakai-FC-021-ASV2-occ,MaterialSample,Oncorhynchus tshawytscha,35653,DNA sequence reads,35653,DNA sequence reads,Oncorhynchus tshawytscha,Seawater was collected using a Niskin bottle; For each sample ~1L of seawater was passed through 0.22um sterivex filter,http://www.ncbi.nlm.nih.gov/bioproject/1049344,BLAST annotation (0.96) against NCBI nr database,FC-021,"(Walbaum, 1792)",Species,Animalia,Chordata,Teleostei,Salmoniformes,Salmonidae,Oncorhynchus,urn:lsid:marinespecies.org:taxname:158075,present
Hakai-FC-022,Hakai-FC-022-ASV2-occ,MaterialSample,Oncorhynchus tshawytscha,75244,DNA sequence reads,75244,DNA sequence reads,Oncorhynchus tshawytscha,Seawater was collected using a Niskin bottle; For each sample ~1L of seawater was passed through 0.22um sterivex filter,http://www.ncbi.nlm.nih.gov/bioproject/1049344,BLAST annotation (0.96) against NCBI nr database,FC-022,"(Walbaum, 1792)",Species,Animalia,Chordata,Teleostei,Salmoniformes,Salmonidae,Oncorhynchus,urn:lsid:marinespecies.org:taxname:158075,present
Hakai-FC-023,Hakai-FC-023-ASV2-occ,MaterialSample,Oncorhynchus tshawytscha,6,DNA sequence reads,6,DNA sequence reads,Oncorhynchus tshawytscha,Seawater was collected using a Niskin bottle; For each sample ~1L of seawater was passed through 0.22um sterivex filter,http://www.ncbi.nlm.nih.gov/bioproject/1049344,BLAST annotation (0.96) against NCBI nr database,FC-023,"(Walbaum, 1792)",Species,Animalia,Chordata,Teleostei,Salmoniformes,Salmonidae,Oncorhynchus,urn:lsid:marinespecies.org:taxname:158075,present
Hakai-FC-024,Hakai-FC-024-ASV2-occ,MaterialSample,Oncorhynchus tshawytscha,79,DNA sequence reads,79,DNA sequence reads,Oncorhynchus tshawytscha,Seawater was collected using a Niskin bottle; For each sample ~1L of seawater was passed through 0.22um sterivex filter,http://www.ncbi.nlm.nih.gov/bioproject/1049344,BLAST annotation (0.96) against NCBI nr database,FC-024,"(Walbaum, 1792)",Species,Animalia,Chordata,Teleostei,Salmoniformes,Salmonidae,Oncorhynchus,urn:lsid:marinespecies.org:taxname:158075,present
Hakai-FC-026,Hakai-FC-026-ASV2-occ,MaterialSample,Oncorhynchus tshawytscha,55550,DNA sequence reads,55550,DNA sequence reads,Oncorhynchus tshawytscha,Seawater was collected using a Niskin bottle; For each sample ~1L of seawater was passed through 0.22um sterivex filter,http://www.ncbi.nlm.nih.gov/bioproject/1049344,BLAST annotation (0.96) against NCBI nr database,FC-026,"(Walbaum, 1792)",Species,Animalia,Chordata,Teleostei,Salmoniformes,Salmonidae,Oncorhynchus,urn:lsid:marinespecies.org:taxname:158075,present
Hakai-FC-028,Hakai-FC-028-ASV2-occ,MaterialSample,Oncorhynchus tshawytscha,76954,DNA sequence reads,76954,DNA sequence reads,Oncorhynchus tshawytscha,Seawater was collected using a Niskin bottle; For each sample ~1L of seawater was passed through 0.22um sterivex filter,http://www.ncbi.nlm.nih.gov/bioproject/1049344,BLAST annotation (0.96) against NCBI nr database,FC-028,"(Walbaum, 1792)",Species,Animalia,Chordata,Teleostei,Salmoniformes,Salmonidae,Oncorhynchus,urn:lsid:marinespecies.org:taxname:158075,present
Hakai-FC-029,Hakai-FC-029-ASV2-occ,MaterialSample,Oncorhynchus tshawytscha,16,DNA sequence reads,16,DNA sequence reads,Oncorhynchus tshawytscha,Seawater was collected using a Niskin bottle; For each sample ~1L of seawater was passed through 0.22um sterivex filter,http://www.ncbi.nlm.nih.gov/bioproject/1049344,BLAST annotation (0.96) against NCBI nr database,FC-029,"(Walbaum, 1792)",Species,Animalia,Chordata,Teleostei,Salmoniformes,Salmonidae,Oncorhynchus,urn:lsid:marinespecies.org:taxname:158075,present
Hakai-FC-030,Hakai-FC-030-ASV2-occ,MaterialSample,Oncorhynchus tshawytscha,25,DNA sequence reads,25,DNA sequence reads,Oncorhynchus tshawytscha,Seawater was collected using a Niskin bottle; For each sample ~1L of seawater was passed through 0.22um sterivex filter,http://www.ncbi.nlm.nih.gov/bioproject/1049344,BLAST annotation (0.96) against NCBI nr database,FC-030,"(Walbaum, 1792)",Species,Animalia,Chordata,Teleostei,Salmoniformes,Salmonidae,Oncorhynchus,urn:lsid:marinespecies.org:taxname:158075,present
Hakai-FC-033,Hakai-FC-033-ASV2-occ,MaterialSample,Oncorhynchus tshawytscha,5,DNA sequence reads,5,DNA sequence reads,Oncorhynchus tshawytscha,Seawater was collected using a Niskin bottle; For each sample ~1L of seawater was passed through 0.22um sterivex filter,http://www.ncbi.nlm.nih.gov/bioproject/1049344,BLAST annotation (0.96) against NCBI nr database,FC-033,"(Walbaum, 1792)",Species,Animalia,Chordata,Teleostei,Salmoniformes,Salmonidae,Oncorhynchus,urn:lsid:marinespecies.org:taxname:158075,present
Hakai-FC-034,Hakai-FC-034-ASV2-occ,MaterialSample,Oncorhynchus tshawytscha,34065,DNA sequence reads,34065,DNA sequence reads,Oncorhynchus tshawytscha,Seawater was collected using a Niskin bottle; For each sample ~1L of seawater was passed through 0.22um sterivex filter,http://www.ncbi.nlm.nih.gov/bioproject/1049344,BLAST annotation (0.96) against NCBI nr database,FC-034,"(Walbaum, 1792)",Species,Animalia,Chordata,Teleostei,Salmoniformes,Salmonidae,Oncorhynchus,urn:lsid:marinespecies.org:taxname:158075,present
Hakai-FC-035,Hakai-FC-035-ASV2-occ,MaterialSample,Oncorhynchus tshawytscha,147566,DNA sequence reads,147566,DNA sequence reads,Oncorhynchus tshawytscha,Seawater was collected using a Niskin bottle; For each sample ~1L of seawater was passed through 0.22um sterivex filter,http://www.ncbi.nlm.nih.gov/bioproject/1049344,BLAST annotation (0.96) against NCBI nr database,FC-035,"(Walbaum, 1792)",Species,Animalia,Chordata,Teleostei,Salmoniformes,Salmonidae,Oncorhynchus,urn:lsid:marinespecies.org:taxname:158075,present
Hakai-FC-036,Hakai-FC-036-ASV2-occ,MaterialSample,Oncorhynchus tshawytscha,46,DNA sequence reads,46,DNA sequence reads,Oncorhynchus tshawytscha,Seawater was collected using a Niskin bottle; For each sample ~1L of seawater was passed through 0.22um sterivex filter,http://www.ncbi.nlm.nih.gov/bioproject/1049344,BLAST annotation (0.96) against NCBI nr database,FC-036,"(Walbaum, 1792)",Species,Animalia,Chordata,Teleostei,Salmoniformes,Salmonidae,Oncorhynchus,urn:lsid:marinespecies.org:taxname:158075,present
Hakai-FC-037,Hakai-FC-037-ASV2-occ,MaterialSample,Oncorhynchus tshawytscha,22,DNA sequence reads,22,DNA sequence reads,Oncorhynchus tshawytscha,Seawater was collected using a Niskin bottle; For each sample ~1L of seawater was passed through 0.22um sterivex filter,http://www.ncbi.nlm.nih.gov/bioproject/1049344,BLAST annotation (0.96) against NCBI nr database,FC-037,"(Walbaum, 1792)",Species,Animalia,Chordata,Teleostei,Salmoniformes,Salmonidae,Oncorhynchus,urn:lsid:marinespecies.org:taxname:158075,present
Hakai-FC-038,Hakai-FC-038-ASV2-occ,MaterialSample,Oncorhynchus tshawytscha,39008,DNA sequence reads,39008,DNA sequence reads,Oncorhynchus tshawytscha,Seawater was collected using a Niskin bottle; For each sample ~1L of seawater was passed through 0.22um sterivex filter,http://www.ncbi.nlm.nih.gov/bioproject/1049344,BLAST annotation (0.96) against NCBI nr database,FC-038,"(Walbaum, 1792)",Species,Animalia,Chordata,Teleostei,Salmoniformes,Salmonidae,Oncorhynchus,urn:lsid:marinespecies.org:taxname:158075,present
Hakai-FC-040,Hakai-FC-040-ASV2-occ,MaterialSample,Oncorhynchus tshawytscha,156,DNA sequence reads,156,DNA sequence reads,Oncorhynchus tshawytscha,Seawater was collected using a Niskin bottle; For each sample ~1L of seawater was passed through 0.22um sterivex filter,http://www.ncbi.nlm.nih.gov/bioproject/1049344,BLAST annotation (0.96) against NCBI nr database,FC-040,"(Walbaum, 1792)",Species,Animalia,Chordata,Teleostei,Salmoniformes,Salmonidae,Oncorhynchus,urn:lsid:marinespecies.org:taxname:158075,present
Hakai-FC-042,Hakai-FC-042-ASV2-occ,MaterialSample,Oncorhynchus tshawytscha,24,DNA sequence reads,24,DNA sequence reads,Oncorhynchus tshawytscha,Seawater was collected using a Niskin bottle; For each sample ~1L of seawater was passed through 0.22um sterivex filter,http://www.ncbi.nlm.nih.gov/bioproject/1049344,BLAST annotation (0.96) against NCBI nr database,FC-042,"(Walbaum, 1792)",Species,Animalia,Chordata,Teleostei,Salmoniformes,Salmonidae,Oncorhynchus,urn:lsid:marinespecies.org:taxname:158075,present
Hakai-FC-043,Hakai-FC-043-ASV2-occ,MaterialSample,Oncorhynchus tshawytscha,24,DNA sequence reads,24,DNA sequence reads,Oncorhynchus tshawytscha,Seawater was collected using a Niskin bottle; For each sample ~1L of seawater was passed through 0.22um sterivex filter,http://www.ncbi.nlm.nih.gov/bioproject/1049344,BLAST annotation (0.96) against NCBI nr database,FC-043,"(Walbaum, 1792)",Species,Animalia,Chordata,Teleostei,Salmoniformes,Salmonidae,Oncorhynchus,urn:lsid:marinespecies.org:taxname:158075,present
Hakai-FC-044,Hakai-FC-044-ASV2-occ,MaterialSample,Oncorhynchus tshawytscha,11,DNA sequence reads,11,DNA sequence reads,Oncorhynchus tshawytscha,Seawater was collected using a Niskin bottle; For each sample ~1L of seawater was passed through 0.22um sterivex filter,http://www.ncbi.nlm.nih.gov/bioproject/1049344,BLAST annotation (0.96) against NCBI nr database,FC-044,"(Walbaum, 1792)",Species,Animalia,Chordata,Teleostei,Salmoniformes,Salmonidae,Oncorhynchus,urn:lsid:marinespecies.org:taxname:158075,present
Hakai-FC-046,Hakai-FC-046-ASV2-occ,MaterialSample,Oncorhynchus tshawytscha,12655,DNA sequence reads,12655,DNA sequence reads,Oncorhynchus tshawytscha,Seawater was collected using a Niskin bottle; For each sample ~1L of seawater was passed through 0.22um sterivex filter,http://www.ncbi.nlm.nih.gov/bioproject/1049344,BLAST annotation (0.96) against NCBI nr database,FC-046,"(Walbaum, 1792)",Species,Animalia,Chordata,Teleostei,Salmoniformes,Salmonidae,Oncorhynchus,urn:lsid:marinespecies.org:taxname:158075,present
Hakai-FC-048,Hakai-FC-048-ASV2-occ,MaterialSample,Oncorhynchus tshawytscha,25541,DNA sequence reads,25541,DNA sequence reads,Oncorhynchus tshawytscha,Seawater was collected using a Niskin bottle; For each sample ~1L of seawater was passed through 0.22um sterivex filter,http://www.ncbi.nlm.nih.gov/bioproject/1049344,BLAST annotation (0.96) against NCBI nr database,FC-048,"(Walbaum, 1792)",Species,Animalia,Chordata,Teleostei,Salmoniformes,Salmonidae,Oncorhynchus,urn:lsid:marinespecies.org:taxname:158075,present
Hakai-FC-050,Hakai-FC-050-ASV2-occ,MaterialSample,Oncorhynchus tshawytscha,496,DNA sequence reads,496,DNA sequence reads,Oncorhynchus tshawytscha,Seawater was collected using a Niskin bottle; For each sample ~1L of seawater was passed through 0.22um sterivex filter,http://www.ncbi.nlm.nih.gov/bioproject/1049344,BLAST annotation (0.96) against NCBI nr database,FC-050,"(Walbaum, 1792)",Species,Animalia,Chordata,Teleostei,Salmoniformes,Salmonidae,Oncorhynchus,urn:lsid:marinespecies.org:taxname:158075,present
Hakai-FC-051,Hakai-FC-051-ASV2-occ,MaterialSample,Oncorhynchus tshawytscha,274,DNA sequence reads,274,DNA sequence reads,Oncorhynchus tshawytscha,Seawater was collected using a Niskin bottle; For each sample ~1L of seawater was passed through 0.22um sterivex filter,http://www.ncbi.nlm.nih.gov/bioproject/1049344,BLAST annotation (0.96) against NCBI nr database,FC-051,"(Walbaum, 1792)",Species,Animalia,Chordata,Teleostei,Salmoniformes,Salmonidae,Oncorhynchus,urn:lsid:marinespecies.org:taxname:158075,present
Hakai-FC-052,Hakai-FC-052-ASV2-occ,MaterialSample,Oncorhynchus tshawytscha,4254,DNA sequence reads,4254,DNA sequence reads,Oncorhynchus tshawytscha,Seawater was collected using a Niskin bottle; For each sample ~1L of seawater was passed through 0.22um sterivex filter,http://www.ncbi.nlm.nih.gov/bioproject/1049344,BLAST annotation (0.96) against NCBI nr database,FC-052,"(Walbaum, 1792)",Species,Animalia,Chordata,Teleostei,Salmoniformes,Salmonidae,Oncorhynchus,urn:lsid:marinespecies.org:taxname:158075,present
Hakai-FC-053,Hakai-FC-053-ASV2-occ,MaterialSample,Oncorhynchus tshawytscha,21385,DNA sequence reads,21385,DNA sequence reads,Oncorhynchus tshawytscha,Seawater was collected using a Niskin bottle; For each sample ~1L of seawater was passed through 0.22um sterivex filter,http://www.ncbi.nlm.nih.gov/bioproject/1049344,BLAST annotation (0.96) against NCBI nr database,FC-053,"(Walbaum, 1792)",Species,Animalia,Chordata,Teleostei,Salmoniformes,Salmonidae,Oncorhynchus,urn:lsid:marinespecies.org:taxname:158075,present
Hakai-FC-054,Hakai-FC-054-ASV2-occ,MaterialSample,Oncorhynchus tshawytscha,226,DNA sequence reads,226,DNA sequence reads,Oncorhynchus tshawytscha,Seawater was collected using a Niskin bottle; For each sample ~1L of seawater was passed through 0.22um sterivex filter,http://www.ncbi.nlm.nih.gov/bioproject/1049344,BLAST annotation (0.96) against NCBI nr database,FC-054,"(Walbaum, 1792)",Species,Animalia,Chordata,Teleostei,Salmoniformes,Salmonidae,Oncorhynchus,urn:lsid:marinespecies.org:taxname:158075,present
Hakai-FC-055,Hakai-FC-055-ASV2-occ,MaterialSample,Oncorhynchus tshawytscha,33107,DNA sequence reads,33107,DNA sequence reads,Oncorhynchus tshawytscha,Seawater was collected using a Niskin bottle; For each sample ~1L of seawater was passed through 0.22um sterivex filter,http://www.ncbi.nlm.nih.gov/bioproject/1049344,BLAST annotation (0.96) against NCBI nr database,FC-055,"(Walbaum, 1792)",Species,Animalia,Chordata,Teleostei,Salmoniformes,Salmonidae,Oncorhynchus,urn:lsid:marinespecies.org:taxname:158075,present
Hakai-FC-056,Hakai-FC-056-ASV2-occ,MaterialSample,Oncorhynchus tshawytscha,797960,DNA sequence reads,797960,DNA sequence reads,Oncorhynchus tshawytscha,Seawater was collected using a Niskin bottle; For each sample ~1L of seawater was passed through 0.22um sterivex filter,http://www.ncbi.nlm.nih.gov/bioproject/1049344,BLAST annotation (0.96) against NCBI nr database,FC-056,"(Walbaum, 1792)",Species,Animalia,Chordata,Teleostei,Salmoniformes,Salmonidae,Oncorhynchus,urn:lsid:marinespecies.org:taxname:158075,present
Hakai-FC-057,Hakai-FC-057-ASV2-occ,MaterialSample,Oncorhynchus tshawytscha,15748,DNA sequence reads,15748,DNA sequence reads,Oncorhynchus tshawytscha,Seawater was collected using a Niskin bottle; For each sample ~1L of seawater was passed through 0.22um sterivex filter,http://www.ncbi.nlm.nih.gov/bioproject/1049344,BLAST annotation (0.96) against NCBI nr database,FC-057,"(Walbaum, 1792)",Species,Animalia,Chordata,Teleostei,Salmoniformes,Salmonidae,Oncorhynchus,urn:lsid:marinespecies.org:taxname:158075,present
Hakai-FC-058,Hakai-FC-058-ASV2-occ,MaterialSample,Oncorhynchus tshawytscha,71818,DNA sequence reads,71818,DNA sequence reads,Oncorhynchus tshawytscha,Seawater was collected using a Niskin bottle; For each sample ~1L of seawater was passed through 0.22um sterivex filter,http://www.ncbi.nlm.nih.gov/bioproject/1049344,BLAST annotation (0.96) against NCBI nr database,FC-058,"(Walbaum, 1792)",Species,Animalia,Chordata,Teleostei,Salmoniformes,Salmonidae,Oncorhynchus,urn:lsid:marinespecies.org:taxname:158075,present
Hakai-FC-059,Hakai-FC-059-ASV2-occ,MaterialSample,Oncorhynchus tshawytscha,33,DNA sequence reads,33,DNA sequence reads,Oncorhynchus tshawytscha,Seawater was collected using a Niskin bottle; For each sample ~1L of seawater was passed through 0.22um sterivex filter,http://www.ncbi.nlm.nih.gov/bioproject/1049344,BLAST annotation (0.96) against NCBI nr database,FC-059,"(Walbaum, 1792)",Species,Animalia,Chordata,Teleostei,Salmoniformes,Salmonidae,Oncorhynchus,urn:lsid:marinespecies.org:taxname:158075,present
Hakai-FC-060,Hakai-FC-060-ASV2-occ,MaterialSample,Oncorhynchus tshawytscha,15,DNA sequence reads,15,DNA sequence reads,Oncorhynchus tshawytscha,Seawater was collected using a Niskin bottle; For each sample ~1L of seawater was passed through 0.22um sterivex filter,http://www.ncbi.nlm.nih.gov/bioproject/1049344,BLAST annotation (0.96) against NCBI nr database,FC-060,"(Walbaum, 1792)",Species,Animalia,Chordata,Teleostei,Salmoniformes,Salmonidae,Oncorhynchus,urn:lsid:marinespecies.org:taxname:158075,present
Hakai-FC-062,Hakai-FC-062-ASV2-occ,MaterialSample,Oncorhynchus tshawytscha,29,DNA sequence reads,29,DNA sequence reads,Oncorhynchus tshawytscha,Seawater was collected using a Niskin bottle; For each sample ~1L of seawater was passed through 0.22um sterivex filter,http://www.ncbi.nlm.nih.gov/bioproject/1049344,BLAST annotation (0.96) against NCBI nr database,FC-062,"(Walbaum, 1792)",Species,Animalia,Chordata,Teleostei,Salmoniformes,Salmonidae,Oncorhynchus,urn:lsid:marinespecies.org:taxname:158075,present
Hakai-FC-064,Hakai-FC-064-ASV2-occ,MaterialSample,Oncorhynchus tshawytscha,30576,DNA sequence reads,30576,DNA sequence reads,Oncorhynchus tshawytscha,Seawater was collected using a Niskin bottle; For each sample ~1L of seawater was passed through 0.22um sterivex filter,http://www.ncbi.nlm.nih.gov/bioproject/1049344,BLAST annotation (0.96) against NCBI nr database,FC-064,"(Walbaum, 1792)",Species,Animalia,Chordata,Teleostei,Salmoniformes,Salmonidae,Oncorhynchus,urn:lsid:marinespecies.org:taxname:158075,present
Hakai-FC-066,Hakai-FC-066-ASV2-occ,MaterialSample,Oncorhynchus tshawytscha,9480,DNA sequence reads,9480,DNA sequence reads,Oncorhynchus tshawytscha,Seawater was collected using a Niskin bottle; For each sample ~1L of seawater was passed through 0.22um sterivex filter,http://www.ncbi.nlm.nih.gov/bioproject/1049344,BLAST annotation (0.96) against NCBI nr database,FC-066,"(Walbaum, 1792)",Species,Animalia,Chordata,Teleostei,Salmoniformes,Salmonidae,Oncorhynchus,urn:lsid:marinespecies.org:taxname:158075,present
Hakai-FC-067,Hakai-FC-067-ASV2-occ,MaterialSample,Oncorhynchus tshawytscha,10,DNA sequence reads,10,DNA sequence reads,Oncorhynchus tshawytscha,Seawater was collected using a Niskin bottle; For each sample ~1L of seawater was passed through 0.22um sterivex filter,http://www.ncbi.nlm.nih.gov/bioproject/1049344,BLAST annotation (0.96) against NCBI nr database,FC-067,"(Walbaum, 1792)",Species,Animalia,Chordata,Teleostei,Salmoniformes,Salmonidae,Oncorhynchus,urn:lsid:marinespecies.org:taxname:158075,present
Hakai-FC-068,Hakai-FC-068-ASV2-occ,MaterialSample,Oncorhynchus tshawytscha,9,DNA sequence reads,9,DNA sequence reads,Oncorhynchus tshawytscha,Seawater was collected using a Niskin bottle; For each sample ~1L of seawater was passed through 0.22um sterivex filter,http://www.ncbi.nlm.nih.gov/bioproject/1049344,BLAST annotation (0.96) against NCBI nr database,FC-068,"(Walbaum, 1792)",Species,Animalia,Chordata,Teleostei,Salmoniformes,Salmonidae,Oncorhynchus,urn:lsid:marinespecies.org:taxname:158075,present
Hakai-FC-069,Hakai-FC-069-ASV2-occ,MaterialSample,Oncorhynchus tshawytscha,9,DNA sequence reads,9,DNA sequence reads,Oncorhynchus tshawytscha,Seawater was collected using a Niskin bottle; For each sample ~1L of seawater was passed through 0.22um sterivex filter,http://www.ncbi.nlm.nih.gov/bioproject/1049344,BLAST annotation (0.96) against NCBI nr database,FC-069,"(Walbaum, 1792)",Species,Animalia,Chordata,Teleostei,Salmoniformes,Salmonidae,Oncorhynchus,urn:lsid:marinespecies.org:taxname:158075,present
Hakai-FC-072,Hakai-FC-072-ASV2-occ,MaterialSample,Oncorhynchus tshawytscha,25,DNA sequence reads,25,DNA sequence reads,Oncorhynchus tshawytscha,Seawater was collected using a Niskin bottle; For each sample ~1L of seawater was passed through 0.22um sterivex filter,http://www.ncbi.nlm.nih.gov/bioproject/1049344,BLAST annotation (0.96) against NCBI nr database,FC-072,"(Walbaum, 1792)",Species,Animalia,Chordata,Teleostei,Salmoniformes,Salmonidae,Oncorhynchus,urn:lsid:marinespecies.org:taxname:158075,present
Hakai-FC-055,Hakai-FC-055-ASV47-occ,MaterialSample,Oncorhynchus tshawytscha,10843,DNA sequence reads,10843,DNA sequence reads,Oncorhynchus tshawytscha,Seawater was collected using a Niskin bottle; For each sample ~1L of seawater was passed through 0.22um sterivex filter,http://www.ncbi.nlm.nih.gov/bioproject/1049344,BLAST annotation (0.96) against NCBI nr database,FC-055,"(Walbaum, 1792)",Species,Animalia,Chordata,Teleostei,Salmoniformes,Salmonidae,Oncorhynchus,urn:lsid:marinespecies.org:taxname:158075,present
Hakai-FC-014,Hakai-FC-014-ASV52-occ,MaterialSample,Oncorhynchus tshawytscha,6126,DNA sequence reads,6126,DNA sequence reads,Oncorhynchus tshawytscha,Seawater was collected using a Niskin bottle; For each sample ~1L of seawater was passed through 0.22um sterivex filter,http://www.ncbi.nlm.nih.gov/bioproject/1049344,BLAST annotation (0.96) against NCBI nr database,FC-014,"(Walbaum, 1792)",Species,Animalia,Chordata,Teleostei,Salmoniformes,Salmonidae,Oncorhynchus,urn:lsid:marinespecies.org:taxname:158075,present
Hakai-FC-058,Hakai-FC-058-ASV80-occ,MaterialSample,Oncorhynchus tshawytscha,299,DNA sequence reads,299,DNA sequence reads,Oncorhynchus tshawytscha,Seawater was collected using a Niskin bottle; For each sample ~1L of seawater was passed through 0.22um sterivex filter,http://www.ncbi.nlm.nih.gov/bioproject/1049344,BLAST annotation (0.96) against NCBI nr database,FC-058,"(Walbaum, 1792)",Species,Animalia,Chordata,Teleostei,Salmoniformes,Salmonidae,Oncorhynchus,urn:lsid:marinespecies.org:taxname:158075,present
Hakai-FC-004,Hakai-FC-004-ASV12-occ,MaterialSample,Pholis ornata,6,DNA sequence reads,6,DNA sequence reads,Pholis ornata,Seawater was collected using a Niskin bottle; For each sample ~1L of seawater was passed through 0.22um sterivex filter,http://www.ncbi.nlm.nih.gov/bioproject/1049344,BLAST annotation (0.96) against NCBI nr database,FC-004,"(Girard, 1854)",Species,Animalia,Chordata,Teleostei,Perciformes,Pholidae,Pholis,urn:lsid:marinespecies.org:taxname:273692,present
Hakai-FC-020,Hakai-FC-020-ASV12-occ,MaterialSample,Pholis ornata,49797,DNA sequence reads,49797,DNA sequence reads,Pholis ornata,Seawater was collected using a Niskin bottle; For each sample ~1L of seawater was passed through 0.22um sterivex filter,http://www.ncbi.nlm.nih.gov/bioproject/1049344,BLAST annotation (0.96) against NCBI nr database,FC-020,"(Girard, 1854)",Species,Animalia,Chordata,Teleostei,Perciformes,Pholidae,Pholis,urn:lsid:marinespecies.org:taxname:273692,present
Hakai-FC-036,Hakai-FC-036-ASV12-occ,MaterialSample,Pholis ornata,30,DNA sequence reads,30,DNA sequence reads,Pholis ornata,Seawater was collected using a Niskin bottle; For each sample ~1L of seawater was passed through 0.22um sterivex filter,http://www.ncbi.nlm.nih.gov/bioproject/1049344,BLAST annotation (0.96) against NCBI nr database,FC-036,"(Girard, 1854)",Species,Animalia,Chordata,Teleostei,Perciformes,Pholidae,Pholis,urn:lsid:marinespecies.org:taxname:273692,present
Hakai-FC-044,Hakai-FC-044-ASV12-occ,MaterialSample,Pholis ornata,8,DNA sequence reads,8,DNA sequence reads,Pholis ornata,Seawater was collected using a Niskin bottle; For each sample ~1L of seawater was passed through 0.22um sterivex filter,http://www.ncbi.nlm.nih.gov/bioproject/1049344,BLAST annotation (0.96) against NCBI nr database,FC-044,"(Girard, 1854)",Species,Animalia,Chordata,Teleostei,Perciformes,Pholidae,Pholis,urn:lsid:marinespecies.org:taxname:273692,present
Hakai-FC-045,Hakai-FC-045-ASV12-occ,MaterialSample,Pholis ornata,45377,DNA sequence reads,45377,DNA sequence reads,Pholis ornata,Seawater was collected using a Niskin bottle; For each sample ~1L of seawater was passed through 0.22um sterivex filter,http://www.ncbi.nlm.nih.gov/bioproject/1049344,BLAST annotation (0.96) against NCBI nr database,FC-045,"(Girard, 1854)",Species,Animalia,Chordata,Teleostei,Perciformes,Pholidae,Pholis,urn:lsid:marinespecies.org:taxname:273692,present
Hakai-FC-052,Hakai-FC-052-ASV12-occ,MaterialSample,Pholis ornata,115,DNA sequence reads,115,DNA sequence reads,Pholis ornata,Seawater was collected using a Niskin bottle; For each sample ~1L of seawater was passed through 0.22um sterivex filter,http://www.ncbi.nlm.nih.gov/bioproject/1049344,BLAST annotation (0.96) against NCBI nr database,FC-052,"(Girard, 1854)",Species,Animalia,Chordata,Teleostei,Perciformes,Pholidae,Pholis,urn:lsid:marinespecies.org:taxname:273692,present
Hakai-FC-053,Hakai-FC-053-ASV12-occ,MaterialSample,Pholis ornata,45,DNA sequence reads,45,DNA sequence reads,Pholis ornata,Seawater was collected using a Niskin bottle; For each sample ~1L of seawater was passed through 0.22um sterivex filter,http://www.ncbi.nlm.nih.gov/bioproject/1049344,BLAST annotation (0.96) against NCBI nr database,FC-053,"(Girard, 1854)",Species,Animalia,Chordata,Teleostei,Perciformes,Pholidae,Pholis,urn:lsid:marinespecies.org:taxname:273692,present
Hakai-FC-068,Hakai-FC-068-ASV12-occ,MaterialSample,Pholis ornata,11,DNA sequence reads,11,DNA sequence reads,Pholis ornata,Seawater was collected using a Niskin bottle; For each sample ~1L of seawater was passed through 0.22um sterivex filter,http://www.ncbi.nlm.nih.gov/bioproject/1049344,BLAST annotation (0.96) against NCBI nr database,FC-068,"(Girard, 1854)",Species,Animalia,Chordata,Teleostei,Perciformes,Pholidae,Pholis,urn:lsid:marinespecies.org:taxname:273692,present
Hakai-FC-013,Hakai-FC-013-ASV13-occ,MaterialSample,Platichthys stellatus,7,DNA sequence reads,7,DNA sequence reads,Platichthys stellatus,Seawater was collected using a Niskin bottle; For each sample ~1L of seawater was passed through 0.22um sterivex filter,http://www.ncbi.nlm.nih.gov/bioproject/1049344,BLAST annotation (0.96) against NCBI nr database,FC-013,"(Pallas, 1787)",Species,Animalia,Chordata,Teleostei,Pleuronectiformes,Pleuronectidae,Platichthys,urn:lsid:marinespecies.org:taxname:154781,present
Hakai-FC-021,Hakai-FC-021-ASV13-occ,MaterialSample,Platichthys stellatus,49038,DNA sequence reads,49038,DNA sequence reads,Platichthys stellatus,Seawater was collected using a Niskin bottle; For each sample ~1L of seawater was passed through 0.22um sterivex filter,http://www.ncbi.nlm.nih.gov/bioproject/1049344,BLAST annotation (0.96) against NCBI nr database,FC-021,"(Pallas, 1787)",Species,Animalia,Chordata,Teleostei,Pleuronectiformes,Pleuronectidae,Platichthys,urn:lsid:marinespecies.org:taxname:154781,present
Hakai-FC-026,Hakai-FC-026-ASV13-occ,MaterialSample,Platichthys stellatus,23796,DNA sequence reads,23796,DNA sequence reads,Platichthys stellatus,Seawater was collected using a Niskin bottle; For each sample ~1L of seawater was passed through 0.22um sterivex filter,http://www.ncbi.nlm.nih.gov/bioproject/1049344,BLAST annotation (0.96) against NCBI nr database,FC-026,"(Pallas, 1787)",Species,Animalia,Chordata,Teleostei,Pleuronectiformes,Pleuronectidae,Platichthys,urn:lsid:marinespecies.org:taxname:154781,present
Hakai-FC-029,Hakai-FC-029-ASV13-occ,MaterialSample,Platichthys stellatus,11,DNA sequence reads,11,DNA sequence reads,Platichthys stellatus,Seawater was collected using a Niskin bottle; For each sample ~1L of seawater was passed through 0.22um sterivex filter,http://www.ncbi.nlm.nih.gov/bioproject/1049344,BLAST annotation (0.96) against NCBI nr database,FC-029,"(Pallas, 1787)",Species,Animalia,Chordata,Teleostei,Pleuronectiformes,Pleuronectidae,Platichthys,urn:lsid:marinespecies.org:taxname:154781,present
Hakai-FC-037,Hakai-FC-037-ASV13-occ,MaterialSample,Platichthys stellatus,42,DNA sequence reads,42,DNA sequence reads,Platichthys stellatus,Seawater was collected using a Niskin bottle; For each sample ~1L of seawater was passed through 0.22um sterivex filter,http://www.ncbi.nlm.nih.gov/bioproject/1049344,BLAST annotation (0.96) against NCBI nr database,FC-037,"(Pallas, 1787)",Species,Animalia,Chordata,Teleostei,Pleuronectiformes,Pleuronectidae,Platichthys,urn:lsid:marinespecies.org:taxname:154781,present
Hakai-FC-045,Hakai-FC-045-ASV13-occ,MaterialSample,Platichthys stellatus,17,DNA sequence reads,17,DNA sequence reads,Platichthys stellatus,Seawater was collected using a Niskin bottle; For each sample ~1L of seawater was passed through 0.22um sterivex filter,http://www.ncbi.nlm.nih.gov/bioproject/1049344,BLAST annotation (0.96) against NCBI nr database,FC-045,"(Pallas, 1787)",Species,Animalia,Chordata,Teleostei,Pleuronectiformes,Pleuronectidae,Platichthys,urn:lsid:marinespecies.org:taxname:154781,present
Hakai-FC-050,Hakai-FC-050-ASV13-occ,MaterialSample,Platichthys stellatus,75,DNA sequence reads,75,DNA sequence reads,Platichthys stellatus,Seawater was collected using a Niskin bottle; For each sample ~1L of seawater was passed through 0.22um sterivex filter,http://www.ncbi.nlm.nih.gov/bioproject/1049344,BLAST annotation (0.96) against NCBI nr database,FC-050,"(Pallas, 1787)",Species,Animalia,Chordata,Teleostei,Pleuronectiformes,Pleuronectidae,Platichthys,urn:lsid:marinespecies.org:taxname:154781,present
Hakai-FC-057,Hakai-FC-057-ASV13-occ,MaterialSample,Platichthys stellatus,7694,DNA sequence reads,7694,DNA sequence reads,Platichthys stellatus,Seawater was collected using a Niskin bottle; For each sample ~1L of seawater was passed through 0.22um sterivex filter,http://www.ncbi.nlm.nih.gov/bioproject/1049344,BLAST annotation (0.96) against NCBI nr database,FC-057,"(Pallas, 1787)",Species,Animalia,Chordata,Teleostei,Pleuronectiformes,Pleuronectidae,Platichthys,urn:lsid:marinespecies.org:taxname:154781,present
Hakai-FC-066,Hakai-FC-066-ASV13-occ,MaterialSample,Platichthys stellatus,8052,DNA sequence reads,8052,DNA sequence reads,Platichthys stellatus,Seawater was collected using a Niskin bottle; For each sample ~1L of seawater was passed through 0.22um sterivex filter,http://www.ncbi.nlm.nih.gov/bioproject/1049344,BLAST annotation (0.96) against NCBI nr database,FC-066,"(Pallas, 1787)",Species,Animalia,Chordata,Teleostei,Pleuronectiformes,Pleuronectidae,Platichthys,urn:lsid:marinespecies.org:taxname:154781,present
Hakai-FC-069,Hakai-FC-069-ASV13-occ,MaterialSample,Platichthys stellatus,10,DNA sequence reads,10,DNA sequence reads,Platichthys stellatus,Seawater was collected using a Niskin bottle; For each sample ~1L of seawater was passed through 0.22um sterivex filter,http://www.ncbi.nlm.nih.gov/bioproject/1049344,BLAST annotation (0.96) against NCBI nr database,FC-069,"(Pallas, 1787)",Species,Animalia,Chordata,Teleostei,Pleuronectiformes,Pleuronectidae,Platichthys,urn:lsid:marinespecies.org:taxname:154781,present
Hakai-FC-010,Hakai-FC-010-ASV9-occ,MaterialSample,Pleuronectidae,25016,DNA sequence reads,25016,DNA sequence reads,NA,Seawater was collected using a Niskin bottle; For each sample ~1L of seawater was passed through 0.22um sterivex filter,http://www.ncbi.nlm.nih.gov/bioproject/1049344,BLAST annotation (0.96) against NCBI nr database,FC-010,"Rafinesque, 1815",Family,Animalia,Chordata,Teleostei,Pleuronectiformes,Pleuronectidae,NA,urn:lsid:marinespecies.org:taxname:125579,present
Hakai-FC-018,Hakai-FC-018-ASV9-occ,MaterialSample,Pleuronectidae,7,DNA sequence reads,7,DNA sequence reads,NA,Seawater was collected using a Niskin bottle; For each sample ~1L of seawater was passed through 0.22um sterivex filter,http://www.ncbi.nlm.nih.gov/bioproject/1049344,BLAST annotation (0.96) against NCBI nr database,FC-018,"Rafinesque, 1815",Family,Animalia,Chordata,Teleostei,Pleuronectiformes,Pleuronectidae,NA,urn:lsid:marinespecies.org:taxname:125579,present
Hakai-FC-020,Hakai-FC-020-ASV9-occ,MaterialSample,Pleuronectidae,50939,DNA sequence reads,50939,DNA sequence reads,NA,Seawater was collected using a Niskin bottle; For each sample ~1L of seawater was passed through 0.22um sterivex filter,http://www.ncbi.nlm.nih.gov/bioproject/1049344,BLAST annotation (0.96) against NCBI nr database,FC-020,"Rafinesque, 1815",Family,Animalia,Chordata,Teleostei,Pleuronectiformes,Pleuronectidae,NA,urn:lsid:marinespecies.org:taxname:125579,present
Hakai-FC-027,Hakai-FC-027-ASV9-occ,MaterialSample,Pleuronectidae,23028,DNA sequence reads,23028,DNA sequence reads,NA,Seawater was collected using a Niskin bottle; For each sample ~1L of seawater was passed through 0.22um sterivex filter,http://www.ncbi.nlm.nih.gov/bioproject/1049344,BLAST annotation (0.96) against NCBI nr database,FC-027,"Rafinesque, 1815",Family,Animalia,Chordata,Teleostei,Pleuronectiformes,Pleuronectidae,NA,urn:lsid:marinespecies.org:taxname:125579,present
Hakai-FC-028,Hakai-FC-028-ASV9-occ,MaterialSample,Pleuronectidae,9,DNA sequence reads,9,DNA sequence reads,NA,Seawater was collected using a Niskin bottle; For each sample ~1L of seawater was passed through 0.22um sterivex filter,http://www.ncbi.nlm.nih.gov/bioproject/1049344,BLAST annotation (0.96) against NCBI nr database,FC-028,"Rafinesque, 1815",Family,Animalia,Chordata,Teleostei,Pleuronectiformes,Pleuronectidae,NA,urn:lsid:marinespecies.org:taxname:125579,present
Hakai-FC-036,Hakai-FC-036-ASV9-occ,MaterialSample,Pleuronectidae,28,DNA sequence reads,28,DNA sequence reads,NA,Seawater was collected using a Niskin bottle; For each sample ~1L of seawater was passed through 0.22um sterivex filter,http://www.ncbi.nlm.nih.gov/bioproject/1049344,BLAST annotation (0.96) against NCBI nr database,FC-036,"Rafinesque, 1815",Family,Animalia,Chordata,Teleostei,Pleuronectiformes,Pleuronectidae,NA,urn:lsid:marinespecies.org:taxname:125579,present
Hakai-FC-051,Hakai-FC-051-ASV9-occ,MaterialSample,Pleuronectidae,40082,DNA sequence reads,40082,DNA sequence reads,NA,Seawater was collected using a Niskin bottle; For each sample ~1L of seawater was passed through 0.22um sterivex filter,http://www.ncbi.nlm.nih.gov/bioproject/1049344,BLAST annotation (0.96) against NCBI nr database,FC-051,"Rafinesque, 1815",Family,Animalia,Chordata,Teleostei,Pleuronectiformes,Pleuronectidae,NA,urn:lsid:marinespecies.org:taxname:125579,present
Hakai-FC-052,Hakai-FC-052-ASV9-occ,MaterialSample,Pleuronectidae,19248,DNA sequence reads,19248,DNA sequence reads,NA,Seawater was collected using a Niskin bottle; For each sample ~1L of seawater was passed through 0.22um sterivex filter,http://www.ncbi.nlm.nih.gov/bioproject/1049344,BLAST annotation (0.96) against NCBI nr database,FC-052,"Rafinesque, 1815",Family,Animalia,Chordata,Teleostei,Pleuronectiformes,Pleuronectidae,NA,urn:lsid:marinespecies.org:taxname:125579,present
Hakai-FC-053,Hakai-FC-053-ASV9-occ,MaterialSample,Pleuronectidae,48197,DNA sequence reads,48197,DNA sequence reads,NA,Seawater was collected using a Niskin bottle; For each sample ~1L of seawater was passed through 0.22um sterivex filter,http://www.ncbi.nlm.nih.gov/bioproject/1049344,BLAST annotation (0.96) against NCBI nr database,FC-053,"Rafinesque, 1815",Family,Animalia,Chordata,Teleostei,Pleuronectiformes,Pleuronectidae,NA,urn:lsid:marinespecies.org:taxname:125579,present
Hakai-FC-056,Hakai-FC-056-ASV9-occ,MaterialSample,Pleuronectidae,37,DNA sequence reads,37,DNA sequence reads,NA,Seawater was collected using a Niskin bottle; For each sample ~1L of seawater was passed through 0.22um sterivex filter,http://www.ncbi.nlm.nih.gov/bioproject/1049344,BLAST annotation (0.96) against NCBI nr database,FC-056,"Rafinesque, 1815",Family,Animalia,Chordata,Teleostei,Pleuronectiformes,Pleuronectidae,NA,urn:lsid:marinespecies.org:taxname:125579,present
Hakai-FC-068,Hakai-FC-068-ASV9-occ,MaterialSample,Pleuronectidae,6,DNA sequence reads,6,DNA sequence reads,NA,Seawater was collected using a Niskin bottle; For each sample ~1L of seawater was passed through 0.22um sterivex filter,http://www.ncbi.nlm.nih.gov/bioproject/1049344,BLAST annotation (0.96) against NCBI nr database,FC-068,"Rafinesque, 1815",Family,Animalia,Chordata,Teleostei,Pleuronectiformes,Pleuronectidae,NA,urn:lsid:marinespecies.org:taxname:125579,present
Hakai-FC-053,Hakai-FC-053-ASV72-occ,MaterialSample,Pleuronectidae,368,DNA sequence reads,368,DNA sequence reads,NA,Seawater was collected using a Niskin bottle; For each sample ~1L of seawater was passed through 0.22um sterivex filter,http://www.ncbi.nlm.nih.gov/bioproject/1049344,BLAST annotation (0.96) against NCBI nr database,FC-053,"Rafinesque, 1815",Family,Animalia,Chordata,Teleostei,Pleuronectiformes,Pleuronectidae,NA,urn:lsid:marinespecies.org:taxname:125579,present
Hakai-FC-066,Hakai-FC-066-ASV50-occ,MaterialSample,Ptychocheilus,6846,DNA sequence reads,6846,DNA sequence reads,Ptychocheilus sp.,Seawater was collected using a Niskin bottle; For each sample ~1L of seawater was passed through 0.22um sterivex filter,http://www.ncbi.nlm.nih.gov/bioproject/1049344,BLAST annotation (0.96) against NCBI nr database,FC-066,"Agassiz, 1855",Genus,Animalia,Chordata,Teleostei,Cypriniformes,Cyprinidae,Ptychocheilus,urn:lsid:marinespecies.org:taxname:270659,present
Hakai-FC-021,Hakai-FC-021-ASV15-occ,MaterialSample,Thunnus alalunga,17,DNA sequence reads,17,DNA sequence reads,Thunnus alalunga,Seawater was collected using a Niskin bottle; For each sample ~1L of seawater was passed through 0.22um sterivex filter,http://www.ncbi.nlm.nih.gov/bioproject/1049344,BLAST annotation (0.96) against NCBI nr database,FC-021,"(Bonnaterre, 1788)",Species,Animalia,Chordata,Teleostei,Scombriformes,Scombridae,Thunnus,urn:lsid:marinespecies.org:taxname:127026,present
Hakai-FC-053,Hakai-FC-053-ASV15-occ,MaterialSample,Thunnus alalunga,81,DNA sequence reads,81,DNA sequence reads,Thunnus alalunga,Seawater was collected using a Niskin bottle; For each sample ~1L of seawater was passed through 0.22um sterivex filter,http://www.ncbi.nlm.nih.gov/bioproject/1049344,BLAST annotation (0.96) against NCBI nr database,FC-053,"(Bonnaterre, 1788)",Species,Animalia,Chordata,Teleostei,Scombriformes,Scombridae,Thunnus,urn:lsid:marinespecies.org:taxname:127026,present
Hakai-FC-069,Hakai-FC-069-ASV15-occ,MaterialSample,Thunnus alalunga,79761,DNA sequence reads,79761,DNA sequence reads,Thunnus alalunga,Seawater was collected using a Niskin bottle; For each sample ~1L of seawater was passed through 0.22um sterivex filter,http://www.ncbi.nlm.nih.gov/bioproject/1049344,BLAST annotation (0.96) against NCBI nr database,FC-069,"(Bonnaterre, 1788)",Species,Animalia,Chordata,Teleostei,Scombriformes,Scombridae,Thunnus,urn:lsid:marinespecies.org:taxname:127026,present
