eventID,occurrenceID,basisOfRecord,scientificName,scientificNameID,taxonRank,scientificNameAuthorship,kingdom,phylum,class,order,family,genus,organismQuantity,organismQuantityType,sampleSizeValue,sampleSizeUnit,verbatimIdentification,associatedSequences,identificationRemarks,materialSampleID,occurrenceStatus
Hakai-FCBB-FC-002,Hakai-FCBB-FC-002-ASV1-12S-occ,MaterialSample,"Engraulis mordax Girard, 1854",urn:lsid:marinespecies.org:taxname:272286,Species,"Girard, 1854",Animalia,Chordata,Teleostei,Clupeiformes,Engraulidae,Engraulis,178,DNA sequence reads,178,DNA sequence reads,Engraulis mordax,http://www.ncbi.nlm.nih.gov/bioproject/1049344,BLAST annotation (0.96) against NCBI nr database,FC-002,present
Hakai-FCBB-FC-003,Hakai-FCBB-FC-003-ASV1-12S-occ,MaterialSample,"Engraulis mordax Girard, 1854",urn:lsid:marinespecies.org:taxname:272286,Species,"Girard, 1854",Animalia,Chordata,Teleostei,Clupeiformes,Engraulidae,Engraulis,78253,DNA sequence reads,78253,DNA sequence reads,Engraulis mordax,http://www.ncbi.nlm.nih.gov/bioproject/1049344,BLAST annotation (0.96) against NCBI nr database,FC-003,present
Hakai-FCBB-FC-004,Hakai-FCBB-FC-004-ASV1-12S-occ,MaterialSample,"Engraulis mordax Girard, 1854",urn:lsid:marinespecies.org:taxname:272286,Species,"Girard, 1854",Animalia,Chordata,Teleostei,Clupeiformes,Engraulidae,Engraulis,223,DNA sequence reads,223,DNA sequence reads,Engraulis mordax,http://www.ncbi.nlm.nih.gov/bioproject/1049344,BLAST annotation (0.96) against NCBI nr database,FC-004,present
Hakai-FCBB-FC-005,Hakai-FCBB-FC-005-ASV1-12S-occ,MaterialSample,"Engraulis mordax Girard, 1854",urn:lsid:marinespecies.org:taxname:272286,Species,"Girard, 1854",Animalia,Chordata,Teleostei,Clupeiformes,Engraulidae,Engraulis,120694,DNA sequence reads,120694,DNA sequence reads,Engraulis mordax,http://www.ncbi.nlm.nih.gov/bioproject/1049344,BLAST annotation (0.96) against NCBI nr database,FC-005,present
Hakai-FCBB-FC-006,Hakai-FCBB-FC-006-ASV1-12S-occ,MaterialSample,"Engraulis mordax Girard, 1854",urn:lsid:marinespecies.org:taxname:272286,Species,"Girard, 1854",Animalia,Chordata,Teleostei,Clupeiformes,Engraulidae,Engraulis,27958,DNA sequence reads,27958,DNA sequence reads,Engraulis mordax,http://www.ncbi.nlm.nih.gov/bioproject/1049344,BLAST annotation (0.96) against NCBI nr database,FC-006,present
Hakai-FCBB-FC-007,Hakai-FCBB-FC-007-ASV1-12S-occ,MaterialSample,"Engraulis mordax Girard, 1854",urn:lsid:marinespecies.org:taxname:272286,Species,"Girard, 1854",Animalia,Chordata,Teleostei,Clupeiformes,Engraulidae,Engraulis,18751,DNA sequence reads,18751,DNA sequence reads,Engraulis mordax,http://www.ncbi.nlm.nih.gov/bioproject/1049344,BLAST annotation (0.96) against NCBI nr database,FC-007,present
Hakai-FCBB-FC-008,Hakai-FCBB-FC-008-ASV1-12S-occ,MaterialSample,"Engraulis mordax Girard, 1854",urn:lsid:marinespecies.org:taxname:272286,Species,"Girard, 1854",Animalia,Chordata,Teleostei,Clupeiformes,Engraulidae,Engraulis,113,DNA sequence reads,113,DNA sequence reads,Engraulis mordax,http://www.ncbi.nlm.nih.gov/bioproject/1049344,BLAST annotation (0.96) against NCBI nr database,FC-008,present
Hakai-FCBB-FC-009,Hakai-FCBB-FC-009-ASV1-12S-occ,MaterialSample,"Engraulis mordax Girard, 1854",urn:lsid:marinespecies.org:taxname:272286,Species,"Girard, 1854",Animalia,Chordata,Teleostei,Clupeiformes,Engraulidae,Engraulis,77879,DNA sequence reads,77879,DNA sequence reads,Engraulis mordax,http://www.ncbi.nlm.nih.gov/bioproject/1049344,BLAST annotation (0.96) against NCBI nr database,FC-009,present
Hakai-FCBB-FC-010,Hakai-FCBB-FC-010-ASV1-12S-occ,MaterialSample,"Engraulis mordax Girard, 1854",urn:lsid:marinespecies.org:taxname:272286,Species,"Girard, 1854",Animalia,Chordata,Teleostei,Clupeiformes,Engraulidae,Engraulis,100,DNA sequence reads,100,DNA sequence reads,Engraulis mordax,http://www.ncbi.nlm.nih.gov/bioproject/1049344,BLAST annotation (0.96) against NCBI nr database,FC-010,present
Hakai-FCBB-FC-011,Hakai-FCBB-FC-011-ASV1-12S-occ,MaterialSample,"Engraulis mordax Girard, 1854",urn:lsid:marinespecies.org:taxname:272286,Species,"Girard, 1854",Animalia,Chordata,Teleostei,Clupeiformes,Engraulidae,Engraulis,44359,DNA sequence reads,44359,DNA sequence reads,Engraulis mordax,http://www.ncbi.nlm.nih.gov/bioproject/1049344,BLAST annotation (0.96) against NCBI nr database,FC-011,present
Hakai-FCBB-FC-013,Hakai-FCBB-FC-013-ASV1-12S-occ,MaterialSample,"Engraulis mordax Girard, 1854",urn:lsid:marinespecies.org:taxname:272286,Species,"Girard, 1854",Animalia,Chordata,Teleostei,Clupeiformes,Engraulidae,Engraulis,15953,DNA sequence reads,15953,DNA sequence reads,Engraulis mordax,http://www.ncbi.nlm.nih.gov/bioproject/1049344,BLAST annotation (0.96) against NCBI nr database,FC-013,present
Hakai-FCBB-FC-014,Hakai-FCBB-FC-014-ASV1-12S-occ,MaterialSample,"Engraulis mordax Girard, 1854",urn:lsid:marinespecies.org:taxname:272286,Species,"Girard, 1854",Animalia,Chordata,Teleostei,Clupeiformes,Engraulidae,Engraulis,29190,DNA sequence reads,29190,DNA sequence reads,Engraulis mordax,http://www.ncbi.nlm.nih.gov/bioproject/1049344,BLAST annotation (0.96) against NCBI nr database,FC-014,present
Hakai-FCBB-FC-015,Hakai-FCBB-FC-015-ASV1-12S-occ,MaterialSample,"Engraulis mordax Girard, 1854",urn:lsid:marinespecies.org:taxname:272286,Species,"Girard, 1854",Animalia,Chordata,Teleostei,Clupeiformes,Engraulidae,Engraulis,4777,DNA sequence reads,4777,DNA sequence reads,Engraulis mordax,http://www.ncbi.nlm.nih.gov/bioproject/1049344,BLAST annotation (0.96) against NCBI nr database,FC-015,present
Hakai-FCBB-FC-016,Hakai-FCBB-FC-016-ASV1-12S-occ,MaterialSample,"Engraulis mordax Girard, 1854",urn:lsid:marinespecies.org:taxname:272286,Species,"Girard, 1854",Animalia,Chordata,Teleostei,Clupeiformes,Engraulidae,Engraulis,152,DNA sequence reads,152,DNA sequence reads,Engraulis mordax,http://www.ncbi.nlm.nih.gov/bioproject/1049344,BLAST annotation (0.96) against NCBI nr database,FC-016,present
Hakai-FCBB-FC-017,Hakai-FCBB-FC-017-ASV1-12S-occ,MaterialSample,"Engraulis mordax Girard, 1854",urn:lsid:marinespecies.org:taxname:272286,Species,"Girard, 1854",Animalia,Chordata,Teleostei,Clupeiformes,Engraulidae,Engraulis,17317,DNA sequence reads,17317,DNA sequence reads,Engraulis mordax,http://www.ncbi.nlm.nih.gov/bioproject/1049344,BLAST annotation (0.96) against NCBI nr database,FC-017,present
Hakai-FCBB-FC-018,Hakai-FCBB-FC-018-ASV1-12S-occ,MaterialSample,"Engraulis mordax Girard, 1854",urn:lsid:marinespecies.org:taxname:272286,Species,"Girard, 1854",Animalia,Chordata,Teleostei,Clupeiformes,Engraulidae,Engraulis,27900,DNA sequence reads,27900,DNA sequence reads,Engraulis mordax,http://www.ncbi.nlm.nih.gov/bioproject/1049344,BLAST annotation (0.96) against NCBI nr database,FC-018,present
Hakai-FCBB-FC-019,Hakai-FCBB-FC-019-ASV1-12S-occ,MaterialSample,"Engraulis mordax Girard, 1854",urn:lsid:marinespecies.org:taxname:272286,Species,"Girard, 1854",Animalia,Chordata,Teleostei,Clupeiformes,Engraulidae,Engraulis,35931,DNA sequence reads,35931,DNA sequence reads,Engraulis mordax,http://www.ncbi.nlm.nih.gov/bioproject/1049344,BLAST annotation (0.96) against NCBI nr database,FC-019,present
Hakai-FCBB-FC-020,Hakai-FCBB-FC-020-ASV1-12S-occ,MaterialSample,"Engraulis mordax Girard, 1854",urn:lsid:marinespecies.org:taxname:272286,Species,"Girard, 1854",Animalia,Chordata,Teleostei,Clupeiformes,Engraulidae,Engraulis,54190,DNA sequence reads,54190,DNA sequence reads,Engraulis mordax,http://www.ncbi.nlm.nih.gov/bioproject/1049344,BLAST annotation (0.96) against NCBI nr database,FC-020,present
Hakai-FCBB-FC-021,Hakai-FCBB-FC-021-ASV1-12S-occ,MaterialSample,"Engraulis mordax Girard, 1854",urn:lsid:marinespecies.org:taxname:272286,Species,"Girard, 1854",Animalia,Chordata,Teleostei,Clupeiformes,Engraulidae,Engraulis,97295,DNA sequence reads,97295,DNA sequence reads,Engraulis mordax,http://www.ncbi.nlm.nih.gov/bioproject/1049344,BLAST annotation (0.96) against NCBI nr database,FC-021,present
Hakai-FCBB-FC-022,Hakai-FCBB-FC-022-ASV1-12S-occ,MaterialSample,"Engraulis mordax Girard, 1854",urn:lsid:marinespecies.org:taxname:272286,Species,"Girard, 1854",Animalia,Chordata,Teleostei,Clupeiformes,Engraulidae,Engraulis,84312,DNA sequence reads,84312,DNA sequence reads,Engraulis mordax,http://www.ncbi.nlm.nih.gov/bioproject/1049344,BLAST annotation (0.96) against NCBI nr database,FC-022,present
Hakai-FCBB-FC-024,Hakai-FCBB-FC-024-ASV1-12S-occ,MaterialSample,"Engraulis mordax Girard, 1854",urn:lsid:marinespecies.org:taxname:272286,Species,"Girard, 1854",Animalia,Chordata,Teleostei,Clupeiformes,Engraulidae,Engraulis,81,DNA sequence reads,81,DNA sequence reads,Engraulis mordax,http://www.ncbi.nlm.nih.gov/bioproject/1049344,BLAST annotation (0.96) against NCBI nr database,FC-024,present
Hakai-FCBB-FC-027,Hakai-FCBB-FC-027-ASV1-12S-occ,MaterialSample,"Engraulis mordax Girard, 1854",urn:lsid:marinespecies.org:taxname:272286,Species,"Girard, 1854",Animalia,Chordata,Teleostei,Clupeiformes,Engraulidae,Engraulis,18537,DNA sequence reads,18537,DNA sequence reads,Engraulis mordax,http://www.ncbi.nlm.nih.gov/bioproject/1049344,BLAST annotation (0.96) against NCBI nr database,FC-027,present
Hakai-FCBB-FC-028,Hakai-FCBB-FC-028-ASV1-12S-occ,MaterialSample,"Engraulis mordax Girard, 1854",urn:lsid:marinespecies.org:taxname:272286,Species,"Girard, 1854",Animalia,Chordata,Teleostei,Clupeiformes,Engraulidae,Engraulis,35,DNA sequence reads,35,DNA sequence reads,Engraulis mordax,http://www.ncbi.nlm.nih.gov/bioproject/1049344,BLAST annotation (0.96) against NCBI nr database,FC-028,present
Hakai-FCBB-FC-029,Hakai-FCBB-FC-029-ASV1-12S-occ,MaterialSample,"Engraulis mordax Girard, 1854",urn:lsid:marinespecies.org:taxname:272286,Species,"Girard, 1854",Animalia,Chordata,Teleostei,Clupeiformes,Engraulidae,Engraulis,34038,DNA sequence reads,34038,DNA sequence reads,Engraulis mordax,http://www.ncbi.nlm.nih.gov/bioproject/1049344,BLAST annotation (0.96) against NCBI nr database,FC-029,present
Hakai-FCBB-FC-030,Hakai-FCBB-FC-030-ASV1-12S-occ,MaterialSample,"Engraulis mordax Girard, 1854",urn:lsid:marinespecies.org:taxname:272286,Species,"Girard, 1854",Animalia,Chordata,Teleostei,Clupeiformes,Engraulidae,Engraulis,73,DNA sequence reads,73,DNA sequence reads,Engraulis mordax,http://www.ncbi.nlm.nih.gov/bioproject/1049344,BLAST annotation (0.96) against NCBI nr database,FC-030,present
Hakai-FCBB-FC-031,Hakai-FCBB-FC-031-ASV1-12S-occ,MaterialSample,"Engraulis mordax Girard, 1854",urn:lsid:marinespecies.org:taxname:272286,Species,"Girard, 1854",Animalia,Chordata,Teleostei,Clupeiformes,Engraulidae,Engraulis,40651,DNA sequence reads,40651,DNA sequence reads,Engraulis mordax,http://www.ncbi.nlm.nih.gov/bioproject/1049344,BLAST annotation (0.96) against NCBI nr database,FC-031,present
Hakai-FCBB-FC-033,Hakai-FCBB-FC-033-ASV1-12S-occ,MaterialSample,"Engraulis mordax Girard, 1854",urn:lsid:marinespecies.org:taxname:272286,Species,"Girard, 1854",Animalia,Chordata,Teleostei,Clupeiformes,Engraulidae,Engraulis,54397,DNA sequence reads,54397,DNA sequence reads,Engraulis mordax,http://www.ncbi.nlm.nih.gov/bioproject/1049344,BLAST annotation (0.96) against NCBI nr database,FC-033,present
Hakai-FCBB-FC-034,Hakai-FCBB-FC-034-ASV1-12S-occ,MaterialSample,"Engraulis mordax Girard, 1854",urn:lsid:marinespecies.org:taxname:272286,Species,"Girard, 1854",Animalia,Chordata,Teleostei,Clupeiformes,Engraulidae,Engraulis,91722,DNA sequence reads,91722,DNA sequence reads,Engraulis mordax,http://www.ncbi.nlm.nih.gov/bioproject/1049344,BLAST annotation (0.96) against NCBI nr database,FC-034,present
Hakai-FCBB-FC-035,Hakai-FCBB-FC-035-ASV1-12S-occ,MaterialSample,"Engraulis mordax Girard, 1854",urn:lsid:marinespecies.org:taxname:272286,Species,"Girard, 1854",Animalia,Chordata,Teleostei,Clupeiformes,Engraulidae,Engraulis,145,DNA sequence reads,145,DNA sequence reads,Engraulis mordax,http://www.ncbi.nlm.nih.gov/bioproject/1049344,BLAST annotation (0.96) against NCBI nr database,FC-035,present
Hakai-FCBB-FC-037,Hakai-FCBB-FC-037-ASV1-12S-occ,MaterialSample,"Engraulis mordax Girard, 1854",urn:lsid:marinespecies.org:taxname:272286,Species,"Girard, 1854",Animalia,Chordata,Teleostei,Clupeiformes,Engraulidae,Engraulis,73049,DNA sequence reads,73049,DNA sequence reads,Engraulis mordax,http://www.ncbi.nlm.nih.gov/bioproject/1049344,BLAST annotation (0.96) against NCBI nr database,FC-037,present
Hakai-FCBB-FC-038,Hakai-FCBB-FC-038-ASV1-12S-occ,MaterialSample,"Engraulis mordax Girard, 1854",urn:lsid:marinespecies.org:taxname:272286,Species,"Girard, 1854",Animalia,Chordata,Teleostei,Clupeiformes,Engraulidae,Engraulis,155,DNA sequence reads,155,DNA sequence reads,Engraulis mordax,http://www.ncbi.nlm.nih.gov/bioproject/1049344,BLAST annotation (0.96) against NCBI nr database,FC-038,present
Hakai-FCBB-FC-040,Hakai-FCBB-FC-040-ASV1-12S-occ,MaterialSample,"Engraulis mordax Girard, 1854",urn:lsid:marinespecies.org:taxname:272286,Species,"Girard, 1854",Animalia,Chordata,Teleostei,Clupeiformes,Engraulidae,Engraulis,115447,DNA sequence reads,115447,DNA sequence reads,Engraulis mordax,http://www.ncbi.nlm.nih.gov/bioproject/1049344,BLAST annotation (0.96) against NCBI nr database,FC-040,present
Hakai-FCBB-FC-041,Hakai-FCBB-FC-041-ASV1-12S-occ,MaterialSample,"Engraulis mordax Girard, 1854",urn:lsid:marinespecies.org:taxname:272286,Species,"Girard, 1854",Animalia,Chordata,Teleostei,Clupeiformes,Engraulidae,Engraulis,47929,DNA sequence reads,47929,DNA sequence reads,Engraulis mordax,http://www.ncbi.nlm.nih.gov/bioproject/1049344,BLAST annotation (0.96) against NCBI nr database,FC-041,present
Hakai-FCBB-FC-042,Hakai-FCBB-FC-042-ASV1-12S-occ,MaterialSample,"Engraulis mordax Girard, 1854",urn:lsid:marinespecies.org:taxname:272286,Species,"Girard, 1854",Animalia,Chordata,Teleostei,Clupeiformes,Engraulidae,Engraulis,127,DNA sequence reads,127,DNA sequence reads,Engraulis mordax,http://www.ncbi.nlm.nih.gov/bioproject/1049344,BLAST annotation (0.96) against NCBI nr database,FC-042,present
Hakai-FCBB-FC-043,Hakai-FCBB-FC-043-ASV1-12S-occ,MaterialSample,"Engraulis mordax Girard, 1854",urn:lsid:marinespecies.org:taxname:272286,Species,"Girard, 1854",Animalia,Chordata,Teleostei,Clupeiformes,Engraulidae,Engraulis,28142,DNA sequence reads,28142,DNA sequence reads,Engraulis mordax,http://www.ncbi.nlm.nih.gov/bioproject/1049344,BLAST annotation (0.96) against NCBI nr database,FC-043,present
Hakai-FCBB-FC-044,Hakai-FCBB-FC-044-ASV1-12S-occ,MaterialSample,"Engraulis mordax Girard, 1854",urn:lsid:marinespecies.org:taxname:272286,Species,"Girard, 1854",Animalia,Chordata,Teleostei,Clupeiformes,Engraulidae,Engraulis,32,DNA sequence reads,32,DNA sequence reads,Engraulis mordax,http://www.ncbi.nlm.nih.gov/bioproject/1049344,BLAST annotation (0.96) against NCBI nr database,FC-044,present
Hakai-FCBB-FC-045,Hakai-FCBB-FC-045-ASV1-12S-occ,MaterialSample,"Engraulis mordax Girard, 1854",urn:lsid:marinespecies.org:taxname:272286,Species,"Girard, 1854",Animalia,Chordata,Teleostei,Clupeiformes,Engraulidae,Engraulis,54871,DNA sequence reads,54871,DNA sequence reads,Engraulis mordax,http://www.ncbi.nlm.nih.gov/bioproject/1049344,BLAST annotation (0.96) against NCBI nr database,FC-045,present
Hakai-FCBB-FC-046,Hakai-FCBB-FC-046-ASV1-12S-occ,MaterialSample,"Engraulis mordax Girard, 1854",urn:lsid:marinespecies.org:taxname:272286,Species,"Girard, 1854",Animalia,Chordata,Teleostei,Clupeiformes,Engraulidae,Engraulis,98983,DNA sequence reads,98983,DNA sequence reads,Engraulis mordax,http://www.ncbi.nlm.nih.gov/bioproject/1049344,BLAST annotation (0.96) against NCBI nr database,FC-046,present
Hakai-FCBB-FC-047,Hakai-FCBB-FC-047-ASV1-12S-occ,MaterialSample,"Engraulis mordax Girard, 1854",urn:lsid:marinespecies.org:taxname:272286,Species,"Girard, 1854",Animalia,Chordata,Teleostei,Clupeiformes,Engraulidae,Engraulis,41524,DNA sequence reads,41524,DNA sequence reads,Engraulis mordax,http://www.ncbi.nlm.nih.gov/bioproject/1049344,BLAST annotation (0.96) against NCBI nr database,FC-047,present
Hakai-FCBB-FC-048,Hakai-FCBB-FC-048-ASV1-12S-occ,MaterialSample,"Engraulis mordax Girard, 1854",urn:lsid:marinespecies.org:taxname:272286,Species,"Girard, 1854",Animalia,Chordata,Teleostei,Clupeiformes,Engraulidae,Engraulis,126,DNA sequence reads,126,DNA sequence reads,Engraulis mordax,http://www.ncbi.nlm.nih.gov/bioproject/1049344,BLAST annotation (0.96) against NCBI nr database,FC-048,present
Hakai-FCBB-FC-049,Hakai-FCBB-FC-049-ASV1-12S-occ,MaterialSample,"Engraulis mordax Girard, 1854",urn:lsid:marinespecies.org:taxname:272286,Species,"Girard, 1854",Animalia,Chordata,Teleostei,Clupeiformes,Engraulidae,Engraulis,188163,DNA sequence reads,188163,DNA sequence reads,Engraulis mordax,http://www.ncbi.nlm.nih.gov/bioproject/1049344,BLAST annotation (0.96) against NCBI nr database,FC-049,present
Hakai-FCBB-FC-050,Hakai-FCBB-FC-050-ASV1-12S-occ,MaterialSample,"Engraulis mordax Girard, 1854",urn:lsid:marinespecies.org:taxname:272286,Species,"Girard, 1854",Animalia,Chordata,Teleostei,Clupeiformes,Engraulidae,Engraulis,48431,DNA sequence reads,48431,DNA sequence reads,Engraulis mordax,http://www.ncbi.nlm.nih.gov/bioproject/1049344,BLAST annotation (0.96) against NCBI nr database,FC-050,present
Hakai-FCBB-FC-051,Hakai-FCBB-FC-051-ASV1-12S-occ,MaterialSample,"Engraulis mordax Girard, 1854",urn:lsid:marinespecies.org:taxname:272286,Species,"Girard, 1854",Animalia,Chordata,Teleostei,Clupeiformes,Engraulidae,Engraulis,92192,DNA sequence reads,92192,DNA sequence reads,Engraulis mordax,http://www.ncbi.nlm.nih.gov/bioproject/1049344,BLAST annotation (0.96) against NCBI nr database,FC-051,present
Hakai-FCBB-FC-052,Hakai-FCBB-FC-052-ASV1-12S-occ,MaterialSample,"Engraulis mordax Girard, 1854",urn:lsid:marinespecies.org:taxname:272286,Species,"Girard, 1854",Animalia,Chordata,Teleostei,Clupeiformes,Engraulidae,Engraulis,55125,DNA sequence reads,55125,DNA sequence reads,Engraulis mordax,http://www.ncbi.nlm.nih.gov/bioproject/1049344,BLAST annotation (0.96) against NCBI nr database,FC-052,present
Hakai-FCBB-FC-053,Hakai-FCBB-FC-053-ASV1-12S-occ,MaterialSample,"Engraulis mordax Girard, 1854",urn:lsid:marinespecies.org:taxname:272286,Species,"Girard, 1854",Animalia,Chordata,Teleostei,Clupeiformes,Engraulidae,Engraulis,45672,DNA sequence reads,45672,DNA sequence reads,Engraulis mordax,http://www.ncbi.nlm.nih.gov/bioproject/1049344,BLAST annotation (0.96) against NCBI nr database,FC-053,present
Hakai-FCBB-FC-054,Hakai-FCBB-FC-054-ASV1-12S-occ,MaterialSample,"Engraulis mordax Girard, 1854",urn:lsid:marinespecies.org:taxname:272286,Species,"Girard, 1854",Animalia,Chordata,Teleostei,Clupeiformes,Engraulidae,Engraulis,450,DNA sequence reads,450,DNA sequence reads,Engraulis mordax,http://www.ncbi.nlm.nih.gov/bioproject/1049344,BLAST annotation (0.96) against NCBI nr database,FC-054,present
Hakai-FCBB-FC-055,Hakai-FCBB-FC-055-ASV1-12S-occ,MaterialSample,"Engraulis mordax Girard, 1854",urn:lsid:marinespecies.org:taxname:272286,Species,"Girard, 1854",Animalia,Chordata,Teleostei,Clupeiformes,Engraulidae,Engraulis,12583,DNA sequence reads,12583,DNA sequence reads,Engraulis mordax,http://www.ncbi.nlm.nih.gov/bioproject/1049344,BLAST annotation (0.96) against NCBI nr database,FC-055,present
Hakai-FCBB-FC-056,Hakai-FCBB-FC-056-ASV1-12S-occ,MaterialSample,"Engraulis mordax Girard, 1854",urn:lsid:marinespecies.org:taxname:272286,Species,"Girard, 1854",Animalia,Chordata,Teleostei,Clupeiformes,Engraulidae,Engraulis,620981,DNA sequence reads,620981,DNA sequence reads,Engraulis mordax,http://www.ncbi.nlm.nih.gov/bioproject/1049344,BLAST annotation (0.96) against NCBI nr database,FC-056,present
Hakai-FCBB-FC-057,Hakai-FCBB-FC-057-ASV1-12S-occ,MaterialSample,"Engraulis mordax Girard, 1854",urn:lsid:marinespecies.org:taxname:272286,Species,"Girard, 1854",Animalia,Chordata,Teleostei,Clupeiformes,Engraulidae,Engraulis,72521,DNA sequence reads,72521,DNA sequence reads,Engraulis mordax,http://www.ncbi.nlm.nih.gov/bioproject/1049344,BLAST annotation (0.96) against NCBI nr database,FC-057,present
Hakai-FCBB-FC-059,Hakai-FCBB-FC-059-ASV1-12S-occ,MaterialSample,"Engraulis mordax Girard, 1854",urn:lsid:marinespecies.org:taxname:272286,Species,"Girard, 1854",Animalia,Chordata,Teleostei,Clupeiformes,Engraulidae,Engraulis,42349,DNA sequence reads,42349,DNA sequence reads,Engraulis mordax,http://www.ncbi.nlm.nih.gov/bioproject/1049344,BLAST annotation (0.96) against NCBI nr database,FC-059,present
Hakai-FCBB-FC-060,Hakai-FCBB-FC-060-ASV1-12S-occ,MaterialSample,"Engraulis mordax Girard, 1854",urn:lsid:marinespecies.org:taxname:272286,Species,"Girard, 1854",Animalia,Chordata,Teleostei,Clupeiformes,Engraulidae,Engraulis,54,DNA sequence reads,54,DNA sequence reads,Engraulis mordax,http://www.ncbi.nlm.nih.gov/bioproject/1049344,BLAST annotation (0.96) against NCBI nr database,FC-060,present
Hakai-FCBB-FC-061,Hakai-FCBB-FC-061-ASV1-12S-occ,MaterialSample,"Engraulis mordax Girard, 1854",urn:lsid:marinespecies.org:taxname:272286,Species,"Girard, 1854",Animalia,Chordata,Teleostei,Clupeiformes,Engraulidae,Engraulis,57411,DNA sequence reads,57411,DNA sequence reads,Engraulis mordax,http://www.ncbi.nlm.nih.gov/bioproject/1049344,BLAST annotation (0.96) against NCBI nr database,FC-061,present
Hakai-FCBB-FC-062,Hakai-FCBB-FC-062-ASV1-12S-occ,MaterialSample,"Engraulis mordax Girard, 1854",urn:lsid:marinespecies.org:taxname:272286,Species,"Girard, 1854",Animalia,Chordata,Teleostei,Clupeiformes,Engraulidae,Engraulis,69608,DNA sequence reads,69608,DNA sequence reads,Engraulis mordax,http://www.ncbi.nlm.nih.gov/bioproject/1049344,BLAST annotation (0.96) against NCBI nr database,FC-062,present
Hakai-FCBB-FC-063,Hakai-FCBB-FC-063-ASV1-12S-occ,MaterialSample,"Engraulis mordax Girard, 1854",urn:lsid:marinespecies.org:taxname:272286,Species,"Girard, 1854",Animalia,Chordata,Teleostei,Clupeiformes,Engraulidae,Engraulis,51207,DNA sequence reads,51207,DNA sequence reads,Engraulis mordax,http://www.ncbi.nlm.nih.gov/bioproject/1049344,BLAST annotation (0.96) against NCBI nr database,FC-063,present
Hakai-FCBB-FC-064,Hakai-FCBB-FC-064-ASV1-12S-occ,MaterialSample,"Engraulis mordax Girard, 1854",urn:lsid:marinespecies.org:taxname:272286,Species,"Girard, 1854",Animalia,Chordata,Teleostei,Clupeiformes,Engraulidae,Engraulis,159,DNA sequence reads,159,DNA sequence reads,Engraulis mordax,http://www.ncbi.nlm.nih.gov/bioproject/1049344,BLAST annotation (0.96) against NCBI nr database,FC-064,present
Hakai-FCBB-FC-065,Hakai-FCBB-FC-065-ASV1-12S-occ,MaterialSample,"Engraulis mordax Girard, 1854",urn:lsid:marinespecies.org:taxname:272286,Species,"Girard, 1854",Animalia,Chordata,Teleostei,Clupeiformes,Engraulidae,Engraulis,84,DNA sequence reads,84,DNA sequence reads,Engraulis mordax,http://www.ncbi.nlm.nih.gov/bioproject/1049344,BLAST annotation (0.96) against NCBI nr database,FC-065,present
Hakai-FCBB-FC-066,Hakai-FCBB-FC-066-ASV1-12S-occ,MaterialSample,"Engraulis mordax Girard, 1854",urn:lsid:marinespecies.org:taxname:272286,Species,"Girard, 1854",Animalia,Chordata,Teleostei,Clupeiformes,Engraulidae,Engraulis,59417,DNA sequence reads,59417,DNA sequence reads,Engraulis mordax,http://www.ncbi.nlm.nih.gov/bioproject/1049344,BLAST annotation (0.96) against NCBI nr database,FC-066,present
Hakai-FCBB-FC-067,Hakai-FCBB-FC-067-ASV1-12S-occ,MaterialSample,"Engraulis mordax Girard, 1854",urn:lsid:marinespecies.org:taxname:272286,Species,"Girard, 1854",Animalia,Chordata,Teleostei,Clupeiformes,Engraulidae,Engraulis,22516,DNA sequence reads,22516,DNA sequence reads,Engraulis mordax,http://www.ncbi.nlm.nih.gov/bioproject/1049344,BLAST annotation (0.96) against NCBI nr database,FC-067,present
Hakai-FCBB-FC-068,Hakai-FCBB-FC-068-ASV1-12S-occ,MaterialSample,"Engraulis mordax Girard, 1854",urn:lsid:marinespecies.org:taxname:272286,Species,"Girard, 1854",Animalia,Chordata,Teleostei,Clupeiformes,Engraulidae,Engraulis,38,DNA sequence reads,38,DNA sequence reads,Engraulis mordax,http://www.ncbi.nlm.nih.gov/bioproject/1049344,BLAST annotation (0.96) against NCBI nr database,FC-068,present
Hakai-FCBB-FC-069,Hakai-FCBB-FC-069-ASV1-12S-occ,MaterialSample,"Engraulis mordax Girard, 1854",urn:lsid:marinespecies.org:taxname:272286,Species,"Girard, 1854",Animalia,Chordata,Teleostei,Clupeiformes,Engraulidae,Engraulis,48105,DNA sequence reads,48105,DNA sequence reads,Engraulis mordax,http://www.ncbi.nlm.nih.gov/bioproject/1049344,BLAST annotation (0.96) against NCBI nr database,FC-069,present
Hakai-FCBB-FC-070,Hakai-FCBB-FC-070-ASV1-12S-occ,MaterialSample,"Engraulis mordax Girard, 1854",urn:lsid:marinespecies.org:taxname:272286,Species,"Girard, 1854",Animalia,Chordata,Teleostei,Clupeiformes,Engraulidae,Engraulis,115493,DNA sequence reads,115493,DNA sequence reads,Engraulis mordax,http://www.ncbi.nlm.nih.gov/bioproject/1049344,BLAST annotation (0.96) against NCBI nr database,FC-070,present
Hakai-FCBB-FC-071,Hakai-FCBB-FC-071-ASV1-12S-occ,MaterialSample,"Engraulis mordax Girard, 1854",urn:lsid:marinespecies.org:taxname:272286,Species,"Girard, 1854",Animalia,Chordata,Teleostei,Clupeiformes,Engraulidae,Engraulis,49,DNA sequence reads,49,DNA sequence reads,Engraulis mordax,http://www.ncbi.nlm.nih.gov/bioproject/1049344,BLAST annotation (0.96) against NCBI nr database,FC-071,present
Hakai-FCBB-FC-072,Hakai-FCBB-FC-072-ASV1-12S-occ,MaterialSample,"Engraulis mordax Girard, 1854",urn:lsid:marinespecies.org:taxname:272286,Species,"Girard, 1854",Animalia,Chordata,Teleostei,Clupeiformes,Engraulidae,Engraulis,36092,DNA sequence reads,36092,DNA sequence reads,Engraulis mordax,http://www.ncbi.nlm.nih.gov/bioproject/1049344,BLAST annotation (0.96) against NCBI nr database,FC-072,present
Hakai-FCBB-FC-073,Hakai-FCBB-FC-073-ASV1-12S-occ,MaterialSample,"Engraulis mordax Girard, 1854",urn:lsid:marinespecies.org:taxname:272286,Species,"Girard, 1854",Animalia,Chordata,Teleostei,Clupeiformes,Engraulidae,Engraulis,18101,DNA sequence reads,18101,DNA sequence reads,Engraulis mordax,http://www.ncbi.nlm.nih.gov/bioproject/1049344,BLAST annotation (0.96) against NCBI nr database,FC-073,present
Hakai-FCBB-FC-074,Hakai-FCBB-FC-074-ASV1-12S-occ,MaterialSample,"Engraulis mordax Girard, 1854",urn:lsid:marinespecies.org:taxname:272286,Species,"Girard, 1854",Animalia,Chordata,Teleostei,Clupeiformes,Engraulidae,Engraulis,76848,DNA sequence reads,76848,DNA sequence reads,Engraulis mordax,http://www.ncbi.nlm.nih.gov/bioproject/1049344,BLAST annotation (0.96) against NCBI nr database,FC-074,present
Hakai-FCBB-FC-033,Hakai-FCBB-FC-033-ASV10-12S-occ,MaterialSample,"Clupea pallasii Valenciennes, 1847",urn:lsid:marinespecies.org:taxname:151159,Species,"Valenciennes, 1847",Animalia,Chordata,Teleostei,Clupeiformes,Clupeidae,Clupea,118099,DNA sequence reads,118099,DNA sequence reads,Clupea pallasii,http://www.ncbi.nlm.nih.gov/bioproject/1049344,BLAST annotation (0.96) against NCBI nr database,FC-033,present
Hakai-FCBB-FC-049,Hakai-FCBB-FC-049-ASV10-12S-occ,MaterialSample,"Clupea pallasii Valenciennes, 1847",urn:lsid:marinespecies.org:taxname:151159,Species,"Valenciennes, 1847",Animalia,Chordata,Teleostei,Clupeiformes,Clupeidae,Clupea,172,DNA sequence reads,172,DNA sequence reads,Clupea pallasii,http://www.ncbi.nlm.nih.gov/bioproject/1049344,BLAST annotation (0.96) against NCBI nr database,FC-049,present
Hakai-FCBB-FC-009,Hakai-FCBB-FC-009-ASV11-12S-occ,MaterialSample,"Ammodytes personatus Girard, 1856",urn:lsid:marinespecies.org:taxname:272967,Species,"Girard, 1856",Animalia,Chordata,Teleostei,Perciformes,Ammodytidae,Ammodytes,11,DNA sequence reads,11,DNA sequence reads,Ammodytes personatus,http://www.ncbi.nlm.nih.gov/bioproject/1049344,BLAST annotation (0.96) against NCBI nr database,FC-009,present
Hakai-FCBB-FC-033,Hakai-FCBB-FC-033-ASV11-12S-occ,MaterialSample,"Ammodytes personatus Girard, 1856",urn:lsid:marinespecies.org:taxname:272967,Species,"Girard, 1856",Animalia,Chordata,Teleostei,Perciformes,Ammodytidae,Ammodytes,22609,DNA sequence reads,22609,DNA sequence reads,Ammodytes personatus,http://www.ncbi.nlm.nih.gov/bioproject/1049344,BLAST annotation (0.96) against NCBI nr database,FC-033,present
Hakai-FCBB-FC-034,Hakai-FCBB-FC-034-ASV11-12S-occ,MaterialSample,"Ammodytes personatus Girard, 1856",urn:lsid:marinespecies.org:taxname:272967,Species,"Girard, 1856",Animalia,Chordata,Teleostei,Perciformes,Ammodytidae,Ammodytes,3782,DNA sequence reads,3782,DNA sequence reads,Ammodytes personatus,http://www.ncbi.nlm.nih.gov/bioproject/1049344,BLAST annotation (0.96) against NCBI nr database,FC-034,present
Hakai-FCBB-FC-035,Hakai-FCBB-FC-035-ASV11-12S-occ,MaterialSample,"Ammodytes personatus Girard, 1856",urn:lsid:marinespecies.org:taxname:272967,Species,"Girard, 1856",Animalia,Chordata,Teleostei,Perciformes,Ammodytidae,Ammodytes,16,DNA sequence reads,16,DNA sequence reads,Ammodytes personatus,http://www.ncbi.nlm.nih.gov/bioproject/1049344,BLAST annotation (0.96) against NCBI nr database,FC-035,present
Hakai-FCBB-FC-046,Hakai-FCBB-FC-046-ASV11-12S-occ,MaterialSample,"Ammodytes personatus Girard, 1856",urn:lsid:marinespecies.org:taxname:272967,Species,"Girard, 1856",Animalia,Chordata,Teleostei,Perciformes,Ammodytidae,Ammodytes,18349,DNA sequence reads,18349,DNA sequence reads,Ammodytes personatus,http://www.ncbi.nlm.nih.gov/bioproject/1049344,BLAST annotation (0.96) against NCBI nr database,FC-046,present
Hakai-FCBB-FC-049,Hakai-FCBB-FC-049-ASV11-12S-occ,MaterialSample,"Ammodytes personatus Girard, 1856",urn:lsid:marinespecies.org:taxname:272967,Species,"Girard, 1856",Animalia,Chordata,Teleostei,Perciformes,Ammodytidae,Ammodytes,24,DNA sequence reads,24,DNA sequence reads,Ammodytes personatus,http://www.ncbi.nlm.nih.gov/bioproject/1049344,BLAST annotation (0.96) against NCBI nr database,FC-049,present
Hakai-FCBB-FC-050,Hakai-FCBB-FC-050-ASV11-12S-occ,MaterialSample,"Ammodytes personatus Girard, 1856",urn:lsid:marinespecies.org:taxname:272967,Species,"Girard, 1856",Animalia,Chordata,Teleostei,Perciformes,Ammodytidae,Ammodytes,7,DNA sequence reads,7,DNA sequence reads,Ammodytes personatus,http://www.ncbi.nlm.nih.gov/bioproject/1049344,BLAST annotation (0.96) against NCBI nr database,FC-050,present
Hakai-FCBB-FC-051,Hakai-FCBB-FC-051-ASV11-12S-occ,MaterialSample,"Ammodytes personatus Girard, 1856",urn:lsid:marinespecies.org:taxname:272967,Species,"Girard, 1856",Animalia,Chordata,Teleostei,Perciformes,Ammodytidae,Ammodytes,36678,DNA sequence reads,36678,DNA sequence reads,Ammodytes personatus,http://www.ncbi.nlm.nih.gov/bioproject/1049344,BLAST annotation (0.96) against NCBI nr database,FC-051,present
Hakai-FCBB-FC-054,Hakai-FCBB-FC-054-ASV11-12S-occ,MaterialSample,"Ammodytes personatus Girard, 1856",urn:lsid:marinespecies.org:taxname:272967,Species,"Girard, 1856",Animalia,Chordata,Teleostei,Perciformes,Ammodytidae,Ammodytes,12,DNA sequence reads,12,DNA sequence reads,Ammodytes personatus,http://www.ncbi.nlm.nih.gov/bioproject/1049344,BLAST annotation (0.96) against NCBI nr database,FC-054,present
Hakai-FCBB-FC-059,Hakai-FCBB-FC-059-ASV11-12S-occ,MaterialSample,"Ammodytes personatus Girard, 1856",urn:lsid:marinespecies.org:taxname:272967,Species,"Girard, 1856",Animalia,Chordata,Teleostei,Perciformes,Ammodytidae,Ammodytes,34892,DNA sequence reads,34892,DNA sequence reads,Ammodytes personatus,http://www.ncbi.nlm.nih.gov/bioproject/1049344,BLAST annotation (0.96) against NCBI nr database,FC-059,present
Hakai-FCBB-FC-004,Hakai-FCBB-FC-004-ASV12-12S-occ,MaterialSample,"Pholis ornata (Girard, 1854)",urn:lsid:marinespecies.org:taxname:273692,Species,"(Girard, 1854)",Animalia,Chordata,Teleostei,Perciformes,Pholidae,Pholis,6,DNA sequence reads,6,DNA sequence reads,Pholis ornata,http://www.ncbi.nlm.nih.gov/bioproject/1049344,BLAST annotation (0.96) against NCBI nr database,FC-004,present
Hakai-FCBB-FC-020,Hakai-FCBB-FC-020-ASV12-12S-occ,MaterialSample,"Pholis ornata (Girard, 1854)",urn:lsid:marinespecies.org:taxname:273692,Species,"(Girard, 1854)",Animalia,Chordata,Teleostei,Perciformes,Pholidae,Pholis,49797,DNA sequence reads,49797,DNA sequence reads,Pholis ornata,http://www.ncbi.nlm.nih.gov/bioproject/1049344,BLAST annotation (0.96) against NCBI nr database,FC-020,present
Hakai-FCBB-FC-036,Hakai-FCBB-FC-036-ASV12-12S-occ,MaterialSample,"Pholis ornata (Girard, 1854)",urn:lsid:marinespecies.org:taxname:273692,Species,"(Girard, 1854)",Animalia,Chordata,Teleostei,Perciformes,Pholidae,Pholis,30,DNA sequence reads,30,DNA sequence reads,Pholis ornata,http://www.ncbi.nlm.nih.gov/bioproject/1049344,BLAST annotation (0.96) against NCBI nr database,FC-036,present
Hakai-FCBB-FC-044,Hakai-FCBB-FC-044-ASV12-12S-occ,MaterialSample,"Pholis ornata (Girard, 1854)",urn:lsid:marinespecies.org:taxname:273692,Species,"(Girard, 1854)",Animalia,Chordata,Teleostei,Perciformes,Pholidae,Pholis,8,DNA sequence reads,8,DNA sequence reads,Pholis ornata,http://www.ncbi.nlm.nih.gov/bioproject/1049344,BLAST annotation (0.96) against NCBI nr database,FC-044,present
Hakai-FCBB-FC-045,Hakai-FCBB-FC-045-ASV12-12S-occ,MaterialSample,"Pholis ornata (Girard, 1854)",urn:lsid:marinespecies.org:taxname:273692,Species,"(Girard, 1854)",Animalia,Chordata,Teleostei,Perciformes,Pholidae,Pholis,45377,DNA sequence reads,45377,DNA sequence reads,Pholis ornata,http://www.ncbi.nlm.nih.gov/bioproject/1049344,BLAST annotation (0.96) against NCBI nr database,FC-045,present
Hakai-FCBB-FC-052,Hakai-FCBB-FC-052-ASV12-12S-occ,MaterialSample,"Pholis ornata (Girard, 1854)",urn:lsid:marinespecies.org:taxname:273692,Species,"(Girard, 1854)",Animalia,Chordata,Teleostei,Perciformes,Pholidae,Pholis,115,DNA sequence reads,115,DNA sequence reads,Pholis ornata,http://www.ncbi.nlm.nih.gov/bioproject/1049344,BLAST annotation (0.96) against NCBI nr database,FC-052,present
Hakai-FCBB-FC-053,Hakai-FCBB-FC-053-ASV12-12S-occ,MaterialSample,"Pholis ornata (Girard, 1854)",urn:lsid:marinespecies.org:taxname:273692,Species,"(Girard, 1854)",Animalia,Chordata,Teleostei,Perciformes,Pholidae,Pholis,45,DNA sequence reads,45,DNA sequence reads,Pholis ornata,http://www.ncbi.nlm.nih.gov/bioproject/1049344,BLAST annotation (0.96) against NCBI nr database,FC-053,present
Hakai-FCBB-FC-068,Hakai-FCBB-FC-068-ASV12-12S-occ,MaterialSample,"Pholis ornata (Girard, 1854)",urn:lsid:marinespecies.org:taxname:273692,Species,"(Girard, 1854)",Animalia,Chordata,Teleostei,Perciformes,Pholidae,Pholis,11,DNA sequence reads,11,DNA sequence reads,Pholis ornata,http://www.ncbi.nlm.nih.gov/bioproject/1049344,BLAST annotation (0.96) against NCBI nr database,FC-068,present
Hakai-FCBB-FC-013,Hakai-FCBB-FC-013-ASV13-12S-occ,MaterialSample,"Platichthys stellatus (Pallas, 1787)",urn:lsid:marinespecies.org:taxname:154781,Species,"(Pallas, 1787)",Animalia,Chordata,Teleostei,Pleuronectiformes,Pleuronectidae,Platichthys,7,DNA sequence reads,7,DNA sequence reads,Platichthys stellatus,http://www.ncbi.nlm.nih.gov/bioproject/1049344,BLAST annotation (0.96) against NCBI nr database,FC-013,present
Hakai-FCBB-FC-021,Hakai-FCBB-FC-021-ASV13-12S-occ,MaterialSample,"Platichthys stellatus (Pallas, 1787)",urn:lsid:marinespecies.org:taxname:154781,Species,"(Pallas, 1787)",Animalia,Chordata,Teleostei,Pleuronectiformes,Pleuronectidae,Platichthys,49038,DNA sequence reads,49038,DNA sequence reads,Platichthys stellatus,http://www.ncbi.nlm.nih.gov/bioproject/1049344,BLAST annotation (0.96) against NCBI nr database,FC-021,present
Hakai-FCBB-FC-026,Hakai-FCBB-FC-026-ASV13-12S-occ,MaterialSample,"Platichthys stellatus (Pallas, 1787)",urn:lsid:marinespecies.org:taxname:154781,Species,"(Pallas, 1787)",Animalia,Chordata,Teleostei,Pleuronectiformes,Pleuronectidae,Platichthys,23796,DNA sequence reads,23796,DNA sequence reads,Platichthys stellatus,http://www.ncbi.nlm.nih.gov/bioproject/1049344,BLAST annotation (0.96) against NCBI nr database,FC-026,present
Hakai-FCBB-FC-029,Hakai-FCBB-FC-029-ASV13-12S-occ,MaterialSample,"Platichthys stellatus (Pallas, 1787)",urn:lsid:marinespecies.org:taxname:154781,Species,"(Pallas, 1787)",Animalia,Chordata,Teleostei,Pleuronectiformes,Pleuronectidae,Platichthys,11,DNA sequence reads,11,DNA sequence reads,Platichthys stellatus,http://www.ncbi.nlm.nih.gov/bioproject/1049344,BLAST annotation (0.96) against NCBI nr database,FC-029,present
Hakai-FCBB-FC-037,Hakai-FCBB-FC-037-ASV13-12S-occ,MaterialSample,"Platichthys stellatus (Pallas, 1787)",urn:lsid:marinespecies.org:taxname:154781,Species,"(Pallas, 1787)",Animalia,Chordata,Teleostei,Pleuronectiformes,Pleuronectidae,Platichthys,42,DNA sequence reads,42,DNA sequence reads,Platichthys stellatus,http://www.ncbi.nlm.nih.gov/bioproject/1049344,BLAST annotation (0.96) against NCBI nr database,FC-037,present
Hakai-FCBB-FC-045,Hakai-FCBB-FC-045-ASV13-12S-occ,MaterialSample,"Platichthys stellatus (Pallas, 1787)",urn:lsid:marinespecies.org:taxname:154781,Species,"(Pallas, 1787)",Animalia,Chordata,Teleostei,Pleuronectiformes,Pleuronectidae,Platichthys,17,DNA sequence reads,17,DNA sequence reads,Platichthys stellatus,http://www.ncbi.nlm.nih.gov/bioproject/1049344,BLAST annotation (0.96) against NCBI nr database,FC-045,present
Hakai-FCBB-FC-050,Hakai-FCBB-FC-050-ASV13-12S-occ,MaterialSample,"Platichthys stellatus (Pallas, 1787)",urn:lsid:marinespecies.org:taxname:154781,Species,"(Pallas, 1787)",Animalia,Chordata,Teleostei,Pleuronectiformes,Pleuronectidae,Platichthys,75,DNA sequence reads,75,DNA sequence reads,Platichthys stellatus,http://www.ncbi.nlm.nih.gov/bioproject/1049344,BLAST annotation (0.96) against NCBI nr database,FC-050,present
Hakai-FCBB-FC-057,Hakai-FCBB-FC-057-ASV13-12S-occ,MaterialSample,"Platichthys stellatus (Pallas, 1787)",urn:lsid:marinespecies.org:taxname:154781,Species,"(Pallas, 1787)",Animalia,Chordata,Teleostei,Pleuronectiformes,Pleuronectidae,Platichthys,7694,DNA sequence reads,7694,DNA sequence reads,Platichthys stellatus,http://www.ncbi.nlm.nih.gov/bioproject/1049344,BLAST annotation (0.96) against NCBI nr database,FC-057,present
Hakai-FCBB-FC-066,Hakai-FCBB-FC-066-ASV13-12S-occ,MaterialSample,"Platichthys stellatus (Pallas, 1787)",urn:lsid:marinespecies.org:taxname:154781,Species,"(Pallas, 1787)",Animalia,Chordata,Teleostei,Pleuronectiformes,Pleuronectidae,Platichthys,8052,DNA sequence reads,8052,DNA sequence reads,Platichthys stellatus,http://www.ncbi.nlm.nih.gov/bioproject/1049344,BLAST annotation (0.96) against NCBI nr database,FC-066,present
Hakai-FCBB-FC-069,Hakai-FCBB-FC-069-ASV13-12S-occ,MaterialSample,"Platichthys stellatus (Pallas, 1787)",urn:lsid:marinespecies.org:taxname:154781,Species,"(Pallas, 1787)",Animalia,Chordata,Teleostei,Pleuronectiformes,Pleuronectidae,Platichthys,10,DNA sequence reads,10,DNA sequence reads,Platichthys stellatus,http://www.ncbi.nlm.nih.gov/bioproject/1049344,BLAST annotation (0.96) against NCBI nr database,FC-069,present
Hakai-FCBB-FC-003,Hakai-FCBB-FC-003-ASV14-12S-occ,MaterialSample,"Engraulis mordax Girard, 1854",urn:lsid:marinespecies.org:taxname:272286,Species,"Girard, 1854",Animalia,Chordata,Teleostei,Clupeiformes,Engraulidae,Engraulis,2008,DNA sequence reads,2008,DNA sequence reads,Engraulis mordax,http://www.ncbi.nlm.nih.gov/bioproject/1049344,BLAST annotation (0.96) against NCBI nr database,FC-003,present
Hakai-FCBB-FC-005,Hakai-FCBB-FC-005-ASV14-12S-occ,MaterialSample,"Engraulis mordax Girard, 1854",urn:lsid:marinespecies.org:taxname:272286,Species,"Girard, 1854",Animalia,Chordata,Teleostei,Clupeiformes,Engraulidae,Engraulis,3348,DNA sequence reads,3348,DNA sequence reads,Engraulis mordax,http://www.ncbi.nlm.nih.gov/bioproject/1049344,BLAST annotation (0.96) against NCBI nr database,FC-005,present
Hakai-FCBB-FC-006,Hakai-FCBB-FC-006-ASV14-12S-occ,MaterialSample,"Engraulis mordax Girard, 1854",urn:lsid:marinespecies.org:taxname:272286,Species,"Girard, 1854",Animalia,Chordata,Teleostei,Clupeiformes,Engraulidae,Engraulis,817,DNA sequence reads,817,DNA sequence reads,Engraulis mordax,http://www.ncbi.nlm.nih.gov/bioproject/1049344,BLAST annotation (0.96) against NCBI nr database,FC-006,present
Hakai-FCBB-FC-007,Hakai-FCBB-FC-007-ASV14-12S-occ,MaterialSample,"Engraulis mordax Girard, 1854",urn:lsid:marinespecies.org:taxname:272286,Species,"Girard, 1854",Animalia,Chordata,Teleostei,Clupeiformes,Engraulidae,Engraulis,501,DNA sequence reads,501,DNA sequence reads,Engraulis mordax,http://www.ncbi.nlm.nih.gov/bioproject/1049344,BLAST annotation (0.96) against NCBI nr database,FC-007,present
Hakai-FCBB-FC-009,Hakai-FCBB-FC-009-ASV14-12S-occ,MaterialSample,"Engraulis mordax Girard, 1854",urn:lsid:marinespecies.org:taxname:272286,Species,"Girard, 1854",Animalia,Chordata,Teleostei,Clupeiformes,Engraulidae,Engraulis,2159,DNA sequence reads,2159,DNA sequence reads,Engraulis mordax,http://www.ncbi.nlm.nih.gov/bioproject/1049344,BLAST annotation (0.96) against NCBI nr database,FC-009,present
Hakai-FCBB-FC-011,Hakai-FCBB-FC-011-ASV14-12S-occ,MaterialSample,"Engraulis mordax Girard, 1854",urn:lsid:marinespecies.org:taxname:272286,Species,"Girard, 1854",Animalia,Chordata,Teleostei,Clupeiformes,Engraulidae,Engraulis,1254,DNA sequence reads,1254,DNA sequence reads,Engraulis mordax,http://www.ncbi.nlm.nih.gov/bioproject/1049344,BLAST annotation (0.96) against NCBI nr database,FC-011,present
Hakai-FCBB-FC-013,Hakai-FCBB-FC-013-ASV14-12S-occ,MaterialSample,"Engraulis mordax Girard, 1854",urn:lsid:marinespecies.org:taxname:272286,Species,"Girard, 1854",Animalia,Chordata,Teleostei,Clupeiformes,Engraulidae,Engraulis,470,DNA sequence reads,470,DNA sequence reads,Engraulis mordax,http://www.ncbi.nlm.nih.gov/bioproject/1049344,BLAST annotation (0.96) against NCBI nr database,FC-013,present
Hakai-FCBB-FC-014,Hakai-FCBB-FC-014-ASV14-12S-occ,MaterialSample,"Engraulis mordax Girard, 1854",urn:lsid:marinespecies.org:taxname:272286,Species,"Girard, 1854",Animalia,Chordata,Teleostei,Clupeiformes,Engraulidae,Engraulis,869,DNA sequence reads,869,DNA sequence reads,Engraulis mordax,http://www.ncbi.nlm.nih.gov/bioproject/1049344,BLAST annotation (0.96) against NCBI nr database,FC-014,present
Hakai-FCBB-FC-015,Hakai-FCBB-FC-015-ASV14-12S-occ,MaterialSample,"Engraulis mordax Girard, 1854",urn:lsid:marinespecies.org:taxname:272286,Species,"Girard, 1854",Animalia,Chordata,Teleostei,Clupeiformes,Engraulidae,Engraulis,145,DNA sequence reads,145,DNA sequence reads,Engraulis mordax,http://www.ncbi.nlm.nih.gov/bioproject/1049344,BLAST annotation (0.96) against NCBI nr database,FC-015,present
Hakai-FCBB-FC-017,Hakai-FCBB-FC-017-ASV14-12S-occ,MaterialSample,"Engraulis mordax Girard, 1854",urn:lsid:marinespecies.org:taxname:272286,Species,"Girard, 1854",Animalia,Chordata,Teleostei,Clupeiformes,Engraulidae,Engraulis,516,DNA sequence reads,516,DNA sequence reads,Engraulis mordax,http://www.ncbi.nlm.nih.gov/bioproject/1049344,BLAST annotation (0.96) against NCBI nr database,FC-017,present
Hakai-FCBB-FC-018,Hakai-FCBB-FC-018-ASV14-12S-occ,MaterialSample,"Engraulis mordax Girard, 1854",urn:lsid:marinespecies.org:taxname:272286,Species,"Girard, 1854",Animalia,Chordata,Teleostei,Clupeiformes,Engraulidae,Engraulis,852,DNA sequence reads,852,DNA sequence reads,Engraulis mordax,http://www.ncbi.nlm.nih.gov/bioproject/1049344,BLAST annotation (0.96) against NCBI nr database,FC-018,present
Hakai-FCBB-FC-019,Hakai-FCBB-FC-019-ASV14-12S-occ,MaterialSample,"Engraulis mordax Girard, 1854",urn:lsid:marinespecies.org:taxname:272286,Species,"Girard, 1854",Animalia,Chordata,Teleostei,Clupeiformes,Engraulidae,Engraulis,1068,DNA sequence reads,1068,DNA sequence reads,Engraulis mordax,http://www.ncbi.nlm.nih.gov/bioproject/1049344,BLAST annotation (0.96) against NCBI nr database,FC-019,present
Hakai-FCBB-FC-020,Hakai-FCBB-FC-020-ASV14-12S-occ,MaterialSample,"Engraulis mordax Girard, 1854",urn:lsid:marinespecies.org:taxname:272286,Species,"Girard, 1854",Animalia,Chordata,Teleostei,Clupeiformes,Engraulidae,Engraulis,1558,DNA sequence reads,1558,DNA sequence reads,Engraulis mordax,http://www.ncbi.nlm.nih.gov/bioproject/1049344,BLAST annotation (0.96) against NCBI nr database,FC-020,present
Hakai-FCBB-FC-021,Hakai-FCBB-FC-021-ASV14-12S-occ,MaterialSample,"Engraulis mordax Girard, 1854",urn:lsid:marinespecies.org:taxname:272286,Species,"Girard, 1854",Animalia,Chordata,Teleostei,Clupeiformes,Engraulidae,Engraulis,2850,DNA sequence reads,2850,DNA sequence reads,Engraulis mordax,http://www.ncbi.nlm.nih.gov/bioproject/1049344,BLAST annotation (0.96) against NCBI nr database,FC-021,present
Hakai-FCBB-FC-022,Hakai-FCBB-FC-022-ASV14-12S-occ,MaterialSample,"Engraulis mordax Girard, 1854",urn:lsid:marinespecies.org:taxname:272286,Species,"Girard, 1854",Animalia,Chordata,Teleostei,Clupeiformes,Engraulidae,Engraulis,2466,DNA sequence reads,2466,DNA sequence reads,Engraulis mordax,http://www.ncbi.nlm.nih.gov/bioproject/1049344,BLAST annotation (0.96) against NCBI nr database,FC-022,present
Hakai-FCBB-FC-027,Hakai-FCBB-FC-027-ASV14-12S-occ,MaterialSample,"Engraulis mordax Girard, 1854",urn:lsid:marinespecies.org:taxname:272286,Species,"Girard, 1854",Animalia,Chordata,Teleostei,Clupeiformes,Engraulidae,Engraulis,473,DNA sequence reads,473,DNA sequence reads,Engraulis mordax,http://www.ncbi.nlm.nih.gov/bioproject/1049344,BLAST annotation (0.96) against NCBI nr database,FC-027,present
Hakai-FCBB-FC-029,Hakai-FCBB-FC-029-ASV14-12S-occ,MaterialSample,"Engraulis mordax Girard, 1854",urn:lsid:marinespecies.org:taxname:272286,Species,"Girard, 1854",Animalia,Chordata,Teleostei,Clupeiformes,Engraulidae,Engraulis,1025,DNA sequence reads,1025,DNA sequence reads,Engraulis mordax,http://www.ncbi.nlm.nih.gov/bioproject/1049344,BLAST annotation (0.96) against NCBI nr database,FC-029,present
Hakai-FCBB-FC-031,Hakai-FCBB-FC-031-ASV14-12S-occ,MaterialSample,"Engraulis mordax Girard, 1854",urn:lsid:marinespecies.org:taxname:272286,Species,"Girard, 1854",Animalia,Chordata,Teleostei,Clupeiformes,Engraulidae,Engraulis,1076,DNA sequence reads,1076,DNA sequence reads,Engraulis mordax,http://www.ncbi.nlm.nih.gov/bioproject/1049344,BLAST annotation (0.96) against NCBI nr database,FC-031,present
Hakai-FCBB-FC-033,Hakai-FCBB-FC-033-ASV14-12S-occ,MaterialSample,"Engraulis mordax Girard, 1854",urn:lsid:marinespecies.org:taxname:272286,Species,"Girard, 1854",Animalia,Chordata,Teleostei,Clupeiformes,Engraulidae,Engraulis,1550,DNA sequence reads,1550,DNA sequence reads,Engraulis mordax,http://www.ncbi.nlm.nih.gov/bioproject/1049344,BLAST annotation (0.96) against NCBI nr database,FC-033,present
Hakai-FCBB-FC-034,Hakai-FCBB-FC-034-ASV14-12S-occ,MaterialSample,"Engraulis mordax Girard, 1854",urn:lsid:marinespecies.org:taxname:272286,Species,"Girard, 1854",Animalia,Chordata,Teleostei,Clupeiformes,Engraulidae,Engraulis,2660,DNA sequence reads,2660,DNA sequence reads,Engraulis mordax,http://www.ncbi.nlm.nih.gov/bioproject/1049344,BLAST annotation (0.96) against NCBI nr database,FC-034,present
Hakai-FCBB-FC-037,Hakai-FCBB-FC-037-ASV14-12S-occ,MaterialSample,"Engraulis mordax Girard, 1854",urn:lsid:marinespecies.org:taxname:272286,Species,"Girard, 1854",Animalia,Chordata,Teleostei,Clupeiformes,Engraulidae,Engraulis,2139,DNA sequence reads,2139,DNA sequence reads,Engraulis mordax,http://www.ncbi.nlm.nih.gov/bioproject/1049344,BLAST annotation (0.96) against NCBI nr database,FC-037,present
Hakai-FCBB-FC-040,Hakai-FCBB-FC-040-ASV14-12S-occ,MaterialSample,"Engraulis mordax Girard, 1854",urn:lsid:marinespecies.org:taxname:272286,Species,"Girard, 1854",Animalia,Chordata,Teleostei,Clupeiformes,Engraulidae,Engraulis,3216,DNA sequence reads,3216,DNA sequence reads,Engraulis mordax,http://www.ncbi.nlm.nih.gov/bioproject/1049344,BLAST annotation (0.96) against NCBI nr database,FC-040,present
Hakai-FCBB-FC-041,Hakai-FCBB-FC-041-ASV14-12S-occ,MaterialSample,"Engraulis mordax Girard, 1854",urn:lsid:marinespecies.org:taxname:272286,Species,"Girard, 1854",Animalia,Chordata,Teleostei,Clupeiformes,Engraulidae,Engraulis,1343,DNA sequence reads,1343,DNA sequence reads,Engraulis mordax,http://www.ncbi.nlm.nih.gov/bioproject/1049344,BLAST annotation (0.96) against NCBI nr database,FC-041,present
Hakai-FCBB-FC-043,Hakai-FCBB-FC-043-ASV14-12S-occ,MaterialSample,"Engraulis mordax Girard, 1854",urn:lsid:marinespecies.org:taxname:272286,Species,"Girard, 1854",Animalia,Chordata,Teleostei,Clupeiformes,Engraulidae,Engraulis,808,DNA sequence reads,808,DNA sequence reads,Engraulis mordax,http://www.ncbi.nlm.nih.gov/bioproject/1049344,BLAST annotation (0.96) against NCBI nr database,FC-043,present
Hakai-FCBB-FC-045,Hakai-FCBB-FC-045-ASV14-12S-occ,MaterialSample,"Engraulis mordax Girard, 1854",urn:lsid:marinespecies.org:taxname:272286,Species,"Girard, 1854",Animalia,Chordata,Teleostei,Clupeiformes,Engraulidae,Engraulis,1504,DNA sequence reads,1504,DNA sequence reads,Engraulis mordax,http://www.ncbi.nlm.nih.gov/bioproject/1049344,BLAST annotation (0.96) against NCBI nr database,FC-045,present
Hakai-FCBB-FC-046,Hakai-FCBB-FC-046-ASV14-12S-occ,MaterialSample,"Engraulis mordax Girard, 1854",urn:lsid:marinespecies.org:taxname:272286,Species,"Girard, 1854",Animalia,Chordata,Teleostei,Clupeiformes,Engraulidae,Engraulis,2710,DNA sequence reads,2710,DNA sequence reads,Engraulis mordax,http://www.ncbi.nlm.nih.gov/bioproject/1049344,BLAST annotation (0.96) against NCBI nr database,FC-046,present
Hakai-FCBB-FC-047,Hakai-FCBB-FC-047-ASV14-12S-occ,MaterialSample,"Engraulis mordax Girard, 1854",urn:lsid:marinespecies.org:taxname:272286,Species,"Girard, 1854",Animalia,Chordata,Teleostei,Clupeiformes,Engraulidae,Engraulis,1120,DNA sequence reads,1120,DNA sequence reads,Engraulis mordax,http://www.ncbi.nlm.nih.gov/bioproject/1049344,BLAST annotation (0.96) against NCBI nr database,FC-047,present
Hakai-FCBB-FC-049,Hakai-FCBB-FC-049-ASV14-12S-occ,MaterialSample,"Engraulis mordax Girard, 1854",urn:lsid:marinespecies.org:taxname:272286,Species,"Girard, 1854",Animalia,Chordata,Teleostei,Clupeiformes,Engraulidae,Engraulis,4964,DNA sequence reads,4964,DNA sequence reads,Engraulis mordax,http://www.ncbi.nlm.nih.gov/bioproject/1049344,BLAST annotation (0.96) against NCBI nr database,FC-049,present
Hakai-FCBB-FC-050,Hakai-FCBB-FC-050-ASV14-12S-occ,MaterialSample,"Engraulis mordax Girard, 1854",urn:lsid:marinespecies.org:taxname:272286,Species,"Girard, 1854",Animalia,Chordata,Teleostei,Clupeiformes,Engraulidae,Engraulis,1233,DNA sequence reads,1233,DNA sequence reads,Engraulis mordax,http://www.ncbi.nlm.nih.gov/bioproject/1049344,BLAST annotation (0.96) against NCBI nr database,FC-050,present
Hakai-FCBB-FC-051,Hakai-FCBB-FC-051-ASV14-12S-occ,MaterialSample,"Engraulis mordax Girard, 1854",urn:lsid:marinespecies.org:taxname:272286,Species,"Girard, 1854",Animalia,Chordata,Teleostei,Clupeiformes,Engraulidae,Engraulis,2353,DNA sequence reads,2353,DNA sequence reads,Engraulis mordax,http://www.ncbi.nlm.nih.gov/bioproject/1049344,BLAST annotation (0.96) against NCBI nr database,FC-051,present
Hakai-FCBB-FC-052,Hakai-FCBB-FC-052-ASV14-12S-occ,MaterialSample,"Engraulis mordax Girard, 1854",urn:lsid:marinespecies.org:taxname:272286,Species,"Girard, 1854",Animalia,Chordata,Teleostei,Clupeiformes,Engraulidae,Engraulis,1539,DNA sequence reads,1539,DNA sequence reads,Engraulis mordax,http://www.ncbi.nlm.nih.gov/bioproject/1049344,BLAST annotation (0.96) against NCBI nr database,FC-052,present
Hakai-FCBB-FC-053,Hakai-FCBB-FC-053-ASV14-12S-occ,MaterialSample,"Engraulis mordax Girard, 1854",urn:lsid:marinespecies.org:taxname:272286,Species,"Girard, 1854",Animalia,Chordata,Teleostei,Clupeiformes,Engraulidae,Engraulis,1298,DNA sequence reads,1298,DNA sequence reads,Engraulis mordax,http://www.ncbi.nlm.nih.gov/bioproject/1049344,BLAST annotation (0.96) against NCBI nr database,FC-053,present
Hakai-FCBB-FC-055,Hakai-FCBB-FC-055-ASV14-12S-occ,MaterialSample,"Engraulis mordax Girard, 1854",urn:lsid:marinespecies.org:taxname:272286,Species,"Girard, 1854",Animalia,Chordata,Teleostei,Clupeiformes,Engraulidae,Engraulis,368,DNA sequence reads,368,DNA sequence reads,Engraulis mordax,http://www.ncbi.nlm.nih.gov/bioproject/1049344,BLAST annotation (0.96) against NCBI nr database,FC-055,present
Hakai-FCBB-FC-056,Hakai-FCBB-FC-056-ASV14-12S-occ,MaterialSample,"Engraulis mordax Girard, 1854",urn:lsid:marinespecies.org:taxname:272286,Species,"Girard, 1854",Animalia,Chordata,Teleostei,Clupeiformes,Engraulidae,Engraulis,16767,DNA sequence reads,16767,DNA sequence reads,Engraulis mordax,http://www.ncbi.nlm.nih.gov/bioproject/1049344,BLAST annotation (0.96) against NCBI nr database,FC-056,present
Hakai-FCBB-FC-057,Hakai-FCBB-FC-057-ASV14-12S-occ,MaterialSample,"Engraulis mordax Girard, 1854",urn:lsid:marinespecies.org:taxname:272286,Species,"Girard, 1854",Animalia,Chordata,Teleostei,Clupeiformes,Engraulidae,Engraulis,1961,DNA sequence reads,1961,DNA sequence reads,Engraulis mordax,http://www.ncbi.nlm.nih.gov/bioproject/1049344,BLAST annotation (0.96) against NCBI nr database,FC-057,present
Hakai-FCBB-FC-059,Hakai-FCBB-FC-059-ASV14-12S-occ,MaterialSample,"Engraulis mordax Girard, 1854",urn:lsid:marinespecies.org:taxname:272286,Species,"Girard, 1854",Animalia,Chordata,Teleostei,Clupeiformes,Engraulidae,Engraulis,1127,DNA sequence reads,1127,DNA sequence reads,Engraulis mordax,http://www.ncbi.nlm.nih.gov/bioproject/1049344,BLAST annotation (0.96) against NCBI nr database,FC-059,present
Hakai-FCBB-FC-061,Hakai-FCBB-FC-061-ASV14-12S-occ,MaterialSample,"Engraulis mordax Girard, 1854",urn:lsid:marinespecies.org:taxname:272286,Species,"Girard, 1854",Animalia,Chordata,Teleostei,Clupeiformes,Engraulidae,Engraulis,1594,DNA sequence reads,1594,DNA sequence reads,Engraulis mordax,http://www.ncbi.nlm.nih.gov/bioproject/1049344,BLAST annotation (0.96) against NCBI nr database,FC-061,present
Hakai-FCBB-FC-062,Hakai-FCBB-FC-062-ASV14-12S-occ,MaterialSample,"Engraulis mordax Girard, 1854",urn:lsid:marinespecies.org:taxname:272286,Species,"Girard, 1854",Animalia,Chordata,Teleostei,Clupeiformes,Engraulidae,Engraulis,1971,DNA sequence reads,1971,DNA sequence reads,Engraulis mordax,http://www.ncbi.nlm.nih.gov/bioproject/1049344,BLAST annotation (0.96) against NCBI nr database,FC-062,present
Hakai-FCBB-FC-063,Hakai-FCBB-FC-063-ASV14-12S-occ,MaterialSample,"Engraulis mordax Girard, 1854",urn:lsid:marinespecies.org:taxname:272286,Species,"Girard, 1854",Animalia,Chordata,Teleostei,Clupeiformes,Engraulidae,Engraulis,1407,DNA sequence reads,1407,DNA sequence reads,Engraulis mordax,http://www.ncbi.nlm.nih.gov/bioproject/1049344,BLAST annotation (0.96) against NCBI nr database,FC-063,present
Hakai-FCBB-FC-066,Hakai-FCBB-FC-066-ASV14-12S-occ,MaterialSample,"Engraulis mordax Girard, 1854",urn:lsid:marinespecies.org:taxname:272286,Species,"Girard, 1854",Animalia,Chordata,Teleostei,Clupeiformes,Engraulidae,Engraulis,1483,DNA sequence reads,1483,DNA sequence reads,Engraulis mordax,http://www.ncbi.nlm.nih.gov/bioproject/1049344,BLAST annotation (0.96) against NCBI nr database,FC-066,present
Hakai-FCBB-FC-067,Hakai-FCBB-FC-067-ASV14-12S-occ,MaterialSample,"Engraulis mordax Girard, 1854",urn:lsid:marinespecies.org:taxname:272286,Species,"Girard, 1854",Animalia,Chordata,Teleostei,Clupeiformes,Engraulidae,Engraulis,650,DNA sequence reads,650,DNA sequence reads,Engraulis mordax,http://www.ncbi.nlm.nih.gov/bioproject/1049344,BLAST annotation (0.96) against NCBI nr database,FC-067,present
Hakai-FCBB-FC-069,Hakai-FCBB-FC-069-ASV14-12S-occ,MaterialSample,"Engraulis mordax Girard, 1854",urn:lsid:marinespecies.org:taxname:272286,Species,"Girard, 1854",Animalia,Chordata,Teleostei,Clupeiformes,Engraulidae,Engraulis,1424,DNA sequence reads,1424,DNA sequence reads,Engraulis mordax,http://www.ncbi.nlm.nih.gov/bioproject/1049344,BLAST annotation (0.96) against NCBI nr database,FC-069,present
Hakai-FCBB-FC-070,Hakai-FCBB-FC-070-ASV14-12S-occ,MaterialSample,"Engraulis mordax Girard, 1854",urn:lsid:marinespecies.org:taxname:272286,Species,"Girard, 1854",Animalia,Chordata,Teleostei,Clupeiformes,Engraulidae,Engraulis,3173,DNA sequence reads,3173,DNA sequence reads,Engraulis mordax,http://www.ncbi.nlm.nih.gov/bioproject/1049344,BLAST annotation (0.96) against NCBI nr database,FC-070,present
Hakai-FCBB-FC-072,Hakai-FCBB-FC-072-ASV14-12S-occ,MaterialSample,"Engraulis mordax Girard, 1854",urn:lsid:marinespecies.org:taxname:272286,Species,"Girard, 1854",Animalia,Chordata,Teleostei,Clupeiformes,Engraulidae,Engraulis,940,DNA sequence reads,940,DNA sequence reads,Engraulis mordax,http://www.ncbi.nlm.nih.gov/bioproject/1049344,BLAST annotation (0.96) against NCBI nr database,FC-072,present
Hakai-FCBB-FC-073,Hakai-FCBB-FC-073-ASV14-12S-occ,MaterialSample,"Engraulis mordax Girard, 1854",urn:lsid:marinespecies.org:taxname:272286,Species,"Girard, 1854",Animalia,Chordata,Teleostei,Clupeiformes,Engraulidae,Engraulis,543,DNA sequence reads,543,DNA sequence reads,Engraulis mordax,http://www.ncbi.nlm.nih.gov/bioproject/1049344,BLAST annotation (0.96) against NCBI nr database,FC-073,present
Hakai-FCBB-FC-074,Hakai-FCBB-FC-074-ASV14-12S-occ,MaterialSample,"Engraulis mordax Girard, 1854",urn:lsid:marinespecies.org:taxname:272286,Species,"Girard, 1854",Animalia,Chordata,Teleostei,Clupeiformes,Engraulidae,Engraulis,2087,DNA sequence reads,2087,DNA sequence reads,Engraulis mordax,http://www.ncbi.nlm.nih.gov/bioproject/1049344,BLAST annotation (0.96) against NCBI nr database,FC-074,present
Hakai-FCBB-FC-021,Hakai-FCBB-FC-021-ASV15-12S-occ,MaterialSample,"Thunnus alalunga (Bonnaterre, 1788)",urn:lsid:marinespecies.org:taxname:127026,Species,"(Bonnaterre, 1788)",Animalia,Chordata,Teleostei,Scombriformes,Scombridae,Thunnus,17,DNA sequence reads,17,DNA sequence reads,Thunnus alalunga,http://www.ncbi.nlm.nih.gov/bioproject/1049344,BLAST annotation (0.96) against NCBI nr database,FC-021,present
Hakai-FCBB-FC-053,Hakai-FCBB-FC-053-ASV15-12S-occ,MaterialSample,"Thunnus alalunga (Bonnaterre, 1788)",urn:lsid:marinespecies.org:taxname:127026,Species,"(Bonnaterre, 1788)",Animalia,Chordata,Teleostei,Scombriformes,Scombridae,Thunnus,81,DNA sequence reads,81,DNA sequence reads,Thunnus alalunga,http://www.ncbi.nlm.nih.gov/bioproject/1049344,BLAST annotation (0.96) against NCBI nr database,FC-053,present
Hakai-FCBB-FC-069,Hakai-FCBB-FC-069-ASV15-12S-occ,MaterialSample,"Thunnus alalunga (Bonnaterre, 1788)",urn:lsid:marinespecies.org:taxname:127026,Species,"(Bonnaterre, 1788)",Animalia,Chordata,Teleostei,Scombriformes,Scombridae,Thunnus,79761,DNA sequence reads,79761,DNA sequence reads,Thunnus alalunga,http://www.ncbi.nlm.nih.gov/bioproject/1049344,BLAST annotation (0.96) against NCBI nr database,FC-069,present
Hakai-FCBB-FC-016,Hakai-FCBB-FC-016-ASV16-12S-occ,MaterialSample,"Lumpenus sagitta Wilimovsky, 1956",urn:lsid:marinespecies.org:taxname:254579,Species,"Wilimovsky, 1956",Animalia,Chordata,Teleostei,Perciformes,Lumpenidae,Lumpenus,14,DNA sequence reads,14,DNA sequence reads,Lumpenus sagitta,http://www.ncbi.nlm.nih.gov/bioproject/1049344,BLAST annotation (0.96) against NCBI nr database,FC-016,present
Hakai-FCBB-FC-033,Hakai-FCBB-FC-033-ASV16-12S-occ,MaterialSample,"Lumpenus sagitta Wilimovsky, 1956",urn:lsid:marinespecies.org:taxname:254579,Species,"Wilimovsky, 1956",Animalia,Chordata,Teleostei,Perciformes,Lumpenidae,Lumpenus,27040,DNA sequence reads,27040,DNA sequence reads,Lumpenus sagitta,http://www.ncbi.nlm.nih.gov/bioproject/1049344,BLAST annotation (0.96) against NCBI nr database,FC-033,present
Hakai-FCBB-FC-040,Hakai-FCBB-FC-040-ASV16-12S-occ,MaterialSample,"Lumpenus sagitta Wilimovsky, 1956",urn:lsid:marinespecies.org:taxname:254579,Species,"Wilimovsky, 1956",Animalia,Chordata,Teleostei,Perciformes,Lumpenidae,Lumpenus,50615,DNA sequence reads,50615,DNA sequence reads,Lumpenus sagitta,http://www.ncbi.nlm.nih.gov/bioproject/1049344,BLAST annotation (0.96) against NCBI nr database,FC-040,present
Hakai-FCBB-FC-048,Hakai-FCBB-FC-048-ASV16-12S-occ,MaterialSample,"Lumpenus sagitta Wilimovsky, 1956",urn:lsid:marinespecies.org:taxname:254579,Species,"Wilimovsky, 1956",Animalia,Chordata,Teleostei,Perciformes,Lumpenidae,Lumpenus,11,DNA sequence reads,11,DNA sequence reads,Lumpenus sagitta,http://www.ncbi.nlm.nih.gov/bioproject/1049344,BLAST annotation (0.96) against NCBI nr database,FC-048,present
Hakai-FCBB-FC-049,Hakai-FCBB-FC-049-ASV16-12S-occ,MaterialSample,"Lumpenus sagitta Wilimovsky, 1956",urn:lsid:marinespecies.org:taxname:254579,Species,"Wilimovsky, 1956",Animalia,Chordata,Teleostei,Perciformes,Lumpenidae,Lumpenus,54,DNA sequence reads,54,DNA sequence reads,Lumpenus sagitta,http://www.ncbi.nlm.nih.gov/bioproject/1049344,BLAST annotation (0.96) against NCBI nr database,FC-049,present
Hakai-FCBB-FC-056,Hakai-FCBB-FC-056-ASV16-12S-occ,MaterialSample,"Lumpenus sagitta Wilimovsky, 1956",urn:lsid:marinespecies.org:taxname:254579,Species,"Wilimovsky, 1956",Animalia,Chordata,Teleostei,Perciformes,Lumpenidae,Lumpenus,146,DNA sequence reads,146,DNA sequence reads,Lumpenus sagitta,http://www.ncbi.nlm.nih.gov/bioproject/1049344,BLAST annotation (0.96) against NCBI nr database,FC-056,present
Hakai-FCBB-FC-064,Hakai-FCBB-FC-064-ASV16-12S-occ,MaterialSample,"Lumpenus sagitta Wilimovsky, 1956",urn:lsid:marinespecies.org:taxname:254579,Species,"Wilimovsky, 1956",Animalia,Chordata,Teleostei,Perciformes,Lumpenidae,Lumpenus,10,DNA sequence reads,10,DNA sequence reads,Lumpenus sagitta,http://www.ncbi.nlm.nih.gov/bioproject/1049344,BLAST annotation (0.96) against NCBI nr database,FC-064,present
Hakai-FCBB-FC-072,Hakai-FCBB-FC-072-ASV16-12S-occ,MaterialSample,"Lumpenus sagitta Wilimovsky, 1956",urn:lsid:marinespecies.org:taxname:254579,Species,"Wilimovsky, 1956",Animalia,Chordata,Teleostei,Perciformes,Lumpenidae,Lumpenus,5,DNA sequence reads,5,DNA sequence reads,Lumpenus sagitta,http://www.ncbi.nlm.nih.gov/bioproject/1049344,BLAST annotation (0.96) against NCBI nr database,FC-072,present
Hakai-FCBB-FC-011,Hakai-FCBB-FC-011-ASV17-12S-occ,MaterialSample,"Oncorhynchus nerka (Walbaum, 1792)",urn:lsid:marinespecies.org:taxname:254569,Species,"(Walbaum, 1792)",Animalia,Chordata,Teleostei,Salmoniformes,Salmonidae,Oncorhynchus,44602,DNA sequence reads,44602,DNA sequence reads,Oncorhynchus nerka,http://www.ncbi.nlm.nih.gov/bioproject/1049344,BLAST annotation (0.96) against NCBI nr database,FC-011,present
Hakai-FCBB-FC-027,Hakai-FCBB-FC-027-ASV17-12S-occ,MaterialSample,"Oncorhynchus nerka (Walbaum, 1792)",urn:lsid:marinespecies.org:taxname:254569,Species,"(Walbaum, 1792)",Animalia,Chordata,Teleostei,Salmoniformes,Salmonidae,Oncorhynchus,18967,DNA sequence reads,18967,DNA sequence reads,Oncorhynchus nerka,http://www.ncbi.nlm.nih.gov/bioproject/1049344,BLAST annotation (0.96) against NCBI nr database,FC-027,present
Hakai-FCBB-FC-051,Hakai-FCBB-FC-051-ASV17-12S-occ,MaterialSample,"Oncorhynchus nerka (Walbaum, 1792)",urn:lsid:marinespecies.org:taxname:254569,Species,"(Walbaum, 1792)",Animalia,Chordata,Teleostei,Salmoniformes,Salmonidae,Oncorhynchus,106,DNA sequence reads,106,DNA sequence reads,Oncorhynchus nerka,http://www.ncbi.nlm.nih.gov/bioproject/1049344,BLAST annotation (0.96) against NCBI nr database,FC-051,present
Hakai-FCBB-FC-006,Hakai-FCBB-FC-006-ASV18-12S-occ,MaterialSample,"Clupea pallasii Valenciennes, 1847",urn:lsid:marinespecies.org:taxname:151159,Species,"Valenciennes, 1847",Animalia,Chordata,Teleostei,Clupeiformes,Clupeidae,Clupea,14,DNA sequence reads,14,DNA sequence reads,Clupea pallasii,http://www.ncbi.nlm.nih.gov/bioproject/1049344,BLAST annotation (0.96) against NCBI nr database,FC-006,present
Hakai-FCBB-FC-022,Hakai-FCBB-FC-022-ASV18-12S-occ,MaterialSample,"Clupea pallasii Valenciennes, 1847",urn:lsid:marinespecies.org:taxname:151159,Species,"Valenciennes, 1847",Animalia,Chordata,Teleostei,Clupeiformes,Clupeidae,Clupea,11,DNA sequence reads,11,DNA sequence reads,Clupea pallasii,http://www.ncbi.nlm.nih.gov/bioproject/1049344,BLAST annotation (0.96) against NCBI nr database,FC-022,present
Hakai-FCBB-FC-070,Hakai-FCBB-FC-070-ASV18-12S-occ,MaterialSample,"Clupea pallasii Valenciennes, 1847",urn:lsid:marinespecies.org:taxname:151159,Species,"Valenciennes, 1847",Animalia,Chordata,Teleostei,Clupeiformes,Clupeidae,Clupea,61870,DNA sequence reads,61870,DNA sequence reads,Clupea pallasii,http://www.ncbi.nlm.nih.gov/bioproject/1049344,BLAST annotation (0.96) against NCBI nr database,FC-070,present
Hakai-FCBB-FC-003,Hakai-FCBB-FC-003-ASV19-12S-occ,MaterialSample,"Engraulis mordax Girard, 1854",urn:lsid:marinespecies.org:taxname:272286,Species,"Girard, 1854",Animalia,Chordata,Teleostei,Clupeiformes,Engraulidae,Engraulis,51444,DNA sequence reads,51444,DNA sequence reads,Engraulis mordax,http://www.ncbi.nlm.nih.gov/bioproject/1049344,BLAST annotation (0.96) against NCBI nr database,FC-003,present
Hakai-FCBB-FC-002,Hakai-FCBB-FC-002-ASV2-12S-occ,MaterialSample,"Oncorhynchus tshawytscha (Walbaum, 1792)",urn:lsid:marinespecies.org:taxname:158075,Species,"(Walbaum, 1792)",Animalia,Chordata,Teleostei,Salmoniformes,Salmonidae,Oncorhynchus,20,DNA sequence reads,20,DNA sequence reads,Oncorhynchus tshawytscha,http://www.ncbi.nlm.nih.gov/bioproject/1049344,BLAST annotation (0.96) against NCBI nr database,FC-002,present
Hakai-FCBB-FC-003,Hakai-FCBB-FC-003-ASV2-12S-occ,MaterialSample,"Oncorhynchus tshawytscha (Walbaum, 1792)",urn:lsid:marinespecies.org:taxname:158075,Species,"(Walbaum, 1792)",Animalia,Chordata,Teleostei,Salmoniformes,Salmonidae,Oncorhynchus,19,DNA sequence reads,19,DNA sequence reads,Oncorhynchus tshawytscha,http://www.ncbi.nlm.nih.gov/bioproject/1049344,BLAST annotation (0.96) against NCBI nr database,FC-003,present
Hakai-FCBB-FC-006,Hakai-FCBB-FC-006-ASV2-12S-occ,MaterialSample,"Oncorhynchus tshawytscha (Walbaum, 1792)",urn:lsid:marinespecies.org:taxname:158075,Species,"(Walbaum, 1792)",Animalia,Chordata,Teleostei,Salmoniformes,Salmonidae,Oncorhynchus,16,DNA sequence reads,16,DNA sequence reads,Oncorhynchus tshawytscha,http://www.ncbi.nlm.nih.gov/bioproject/1049344,BLAST annotation (0.96) against NCBI nr database,FC-006,present
Hakai-FCBB-FC-008,Hakai-FCBB-FC-008-ASV2-12S-occ,MaterialSample,"Oncorhynchus tshawytscha (Walbaum, 1792)",urn:lsid:marinespecies.org:taxname:158075,Species,"(Walbaum, 1792)",Animalia,Chordata,Teleostei,Salmoniformes,Salmonidae,Oncorhynchus,42624,DNA sequence reads,42624,DNA sequence reads,Oncorhynchus tshawytscha,http://www.ncbi.nlm.nih.gov/bioproject/1049344,BLAST annotation (0.96) against NCBI nr database,FC-008,present
Hakai-FCBB-FC-010,Hakai-FCBB-FC-010-ASV2-12S-occ,MaterialSample,"Oncorhynchus tshawytscha (Walbaum, 1792)",urn:lsid:marinespecies.org:taxname:158075,Species,"(Walbaum, 1792)",Animalia,Chordata,Teleostei,Salmoniformes,Salmonidae,Oncorhynchus,34348,DNA sequence reads,34348,DNA sequence reads,Oncorhynchus tshawytscha,http://www.ncbi.nlm.nih.gov/bioproject/1049344,BLAST annotation (0.96) against NCBI nr database,FC-010,present
Hakai-FCBB-FC-012,Hakai-FCBB-FC-012-ASV2-12S-occ,MaterialSample,"Oncorhynchus tshawytscha (Walbaum, 1792)",urn:lsid:marinespecies.org:taxname:158075,Species,"(Walbaum, 1792)",Animalia,Chordata,Teleostei,Salmoniformes,Salmonidae,Oncorhynchus,22,DNA sequence reads,22,DNA sequence reads,Oncorhynchus tshawytscha,http://www.ncbi.nlm.nih.gov/bioproject/1049344,BLAST annotation (0.96) against NCBI nr database,FC-012,present
Hakai-FCBB-FC-013,Hakai-FCBB-FC-013-ASV2-12S-occ,MaterialSample,"Oncorhynchus tshawytscha (Walbaum, 1792)",urn:lsid:marinespecies.org:taxname:158075,Species,"(Walbaum, 1792)",Animalia,Chordata,Teleostei,Salmoniformes,Salmonidae,Oncorhynchus,19,DNA sequence reads,19,DNA sequence reads,Oncorhynchus tshawytscha,http://www.ncbi.nlm.nih.gov/bioproject/1049344,BLAST annotation (0.96) against NCBI nr database,FC-013,present
Hakai-FCBB-FC-014,Hakai-FCBB-FC-014-ASV2-12S-occ,MaterialSample,"Oncorhynchus tshawytscha (Walbaum, 1792)",urn:lsid:marinespecies.org:taxname:158075,Species,"(Walbaum, 1792)",Animalia,Chordata,Teleostei,Salmoniformes,Salmonidae,Oncorhynchus,21938,DNA sequence reads,21938,DNA sequence reads,Oncorhynchus tshawytscha,http://www.ncbi.nlm.nih.gov/bioproject/1049344,BLAST annotation (0.96) against NCBI nr database,FC-014,present
Hakai-FCBB-FC-016,Hakai-FCBB-FC-016-ASV2-12S-occ,MaterialSample,"Oncorhynchus tshawytscha (Walbaum, 1792)",urn:lsid:marinespecies.org:taxname:158075,Species,"(Walbaum, 1792)",Animalia,Chordata,Teleostei,Salmoniformes,Salmonidae,Oncorhynchus,68766,DNA sequence reads,68766,DNA sequence reads,Oncorhynchus tshawytscha,http://www.ncbi.nlm.nih.gov/bioproject/1049344,BLAST annotation (0.96) against NCBI nr database,FC-016,present
Hakai-FCBB-FC-018,Hakai-FCBB-FC-018-ASV2-12S-occ,MaterialSample,"Oncorhynchus tshawytscha (Walbaum, 1792)",urn:lsid:marinespecies.org:taxname:158075,Species,"(Walbaum, 1792)",Animalia,Chordata,Teleostei,Salmoniformes,Salmonidae,Oncorhynchus,22,DNA sequence reads,22,DNA sequence reads,Oncorhynchus tshawytscha,http://www.ncbi.nlm.nih.gov/bioproject/1049344,BLAST annotation (0.96) against NCBI nr database,FC-018,present
Hakai-FCBB-FC-019,Hakai-FCBB-FC-019-ASV2-12S-occ,MaterialSample,"Oncorhynchus tshawytscha (Walbaum, 1792)",urn:lsid:marinespecies.org:taxname:158075,Species,"(Walbaum, 1792)",Animalia,Chordata,Teleostei,Salmoniformes,Salmonidae,Oncorhynchus,42,DNA sequence reads,42,DNA sequence reads,Oncorhynchus tshawytscha,http://www.ncbi.nlm.nih.gov/bioproject/1049344,BLAST annotation (0.96) against NCBI nr database,FC-019,present
Hakai-FCBB-FC-020,Hakai-FCBB-FC-020-ASV2-12S-occ,MaterialSample,"Oncorhynchus tshawytscha (Walbaum, 1792)",urn:lsid:marinespecies.org:taxname:158075,Species,"(Walbaum, 1792)",Animalia,Chordata,Teleostei,Salmoniformes,Salmonidae,Oncorhynchus,49495,DNA sequence reads,49495,DNA sequence reads,Oncorhynchus tshawytscha,http://www.ncbi.nlm.nih.gov/bioproject/1049344,BLAST annotation (0.96) against NCBI nr database,FC-020,present
Hakai-FCBB-FC-021,Hakai-FCBB-FC-021-ASV2-12S-occ,MaterialSample,"Oncorhynchus tshawytscha (Walbaum, 1792)",urn:lsid:marinespecies.org:taxname:158075,Species,"(Walbaum, 1792)",Animalia,Chordata,Teleostei,Salmoniformes,Salmonidae,Oncorhynchus,35653,DNA sequence reads,35653,DNA sequence reads,Oncorhynchus tshawytscha,http://www.ncbi.nlm.nih.gov/bioproject/1049344,BLAST annotation (0.96) against NCBI nr database,FC-021,present
Hakai-FCBB-FC-022,Hakai-FCBB-FC-022-ASV2-12S-occ,MaterialSample,"Oncorhynchus tshawytscha (Walbaum, 1792)",urn:lsid:marinespecies.org:taxname:158075,Species,"(Walbaum, 1792)",Animalia,Chordata,Teleostei,Salmoniformes,Salmonidae,Oncorhynchus,75244,DNA sequence reads,75244,DNA sequence reads,Oncorhynchus tshawytscha,http://www.ncbi.nlm.nih.gov/bioproject/1049344,BLAST annotation (0.96) against NCBI nr database,FC-022,present
Hakai-FCBB-FC-023,Hakai-FCBB-FC-023-ASV2-12S-occ,MaterialSample,"Oncorhynchus tshawytscha (Walbaum, 1792)",urn:lsid:marinespecies.org:taxname:158075,Species,"(Walbaum, 1792)",Animalia,Chordata,Teleostei,Salmoniformes,Salmonidae,Oncorhynchus,6,DNA sequence reads,6,DNA sequence reads,Oncorhynchus tshawytscha,http://www.ncbi.nlm.nih.gov/bioproject/1049344,BLAST annotation (0.96) against NCBI nr database,FC-023,present
Hakai-FCBB-FC-024,Hakai-FCBB-FC-024-ASV2-12S-occ,MaterialSample,"Oncorhynchus tshawytscha (Walbaum, 1792)",urn:lsid:marinespecies.org:taxname:158075,Species,"(Walbaum, 1792)",Animalia,Chordata,Teleostei,Salmoniformes,Salmonidae,Oncorhynchus,79,DNA sequence reads,79,DNA sequence reads,Oncorhynchus tshawytscha,http://www.ncbi.nlm.nih.gov/bioproject/1049344,BLAST annotation (0.96) against NCBI nr database,FC-024,present
Hakai-FCBB-FC-026,Hakai-FCBB-FC-026-ASV2-12S-occ,MaterialSample,"Oncorhynchus tshawytscha (Walbaum, 1792)",urn:lsid:marinespecies.org:taxname:158075,Species,"(Walbaum, 1792)",Animalia,Chordata,Teleostei,Salmoniformes,Salmonidae,Oncorhynchus,55550,DNA sequence reads,55550,DNA sequence reads,Oncorhynchus tshawytscha,http://www.ncbi.nlm.nih.gov/bioproject/1049344,BLAST annotation (0.96) against NCBI nr database,FC-026,present
Hakai-FCBB-FC-028,Hakai-FCBB-FC-028-ASV2-12S-occ,MaterialSample,"Oncorhynchus tshawytscha (Walbaum, 1792)",urn:lsid:marinespecies.org:taxname:158075,Species,"(Walbaum, 1792)",Animalia,Chordata,Teleostei,Salmoniformes,Salmonidae,Oncorhynchus,76954,DNA sequence reads,76954,DNA sequence reads,Oncorhynchus tshawytscha,http://www.ncbi.nlm.nih.gov/bioproject/1049344,BLAST annotation (0.96) against NCBI nr database,FC-028,present
Hakai-FCBB-FC-029,Hakai-FCBB-FC-029-ASV2-12S-occ,MaterialSample,"Oncorhynchus tshawytscha (Walbaum, 1792)",urn:lsid:marinespecies.org:taxname:158075,Species,"(Walbaum, 1792)",Animalia,Chordata,Teleostei,Salmoniformes,Salmonidae,Oncorhynchus,16,DNA sequence reads,16,DNA sequence reads,Oncorhynchus tshawytscha,http://www.ncbi.nlm.nih.gov/bioproject/1049344,BLAST annotation (0.96) against NCBI nr database,FC-029,present
Hakai-FCBB-FC-030,Hakai-FCBB-FC-030-ASV2-12S-occ,MaterialSample,"Oncorhynchus tshawytscha (Walbaum, 1792)",urn:lsid:marinespecies.org:taxname:158075,Species,"(Walbaum, 1792)",Animalia,Chordata,Teleostei,Salmoniformes,Salmonidae,Oncorhynchus,25,DNA sequence reads,25,DNA sequence reads,Oncorhynchus tshawytscha,http://www.ncbi.nlm.nih.gov/bioproject/1049344,BLAST annotation (0.96) against NCBI nr database,FC-030,present
Hakai-FCBB-FC-033,Hakai-FCBB-FC-033-ASV2-12S-occ,MaterialSample,"Oncorhynchus tshawytscha (Walbaum, 1792)",urn:lsid:marinespecies.org:taxname:158075,Species,"(Walbaum, 1792)",Animalia,Chordata,Teleostei,Salmoniformes,Salmonidae,Oncorhynchus,5,DNA sequence reads,5,DNA sequence reads,Oncorhynchus tshawytscha,http://www.ncbi.nlm.nih.gov/bioproject/1049344,BLAST annotation (0.96) against NCBI nr database,FC-033,present
Hakai-FCBB-FC-034,Hakai-FCBB-FC-034-ASV2-12S-occ,MaterialSample,"Oncorhynchus tshawytscha (Walbaum, 1792)",urn:lsid:marinespecies.org:taxname:158075,Species,"(Walbaum, 1792)",Animalia,Chordata,Teleostei,Salmoniformes,Salmonidae,Oncorhynchus,34065,DNA sequence reads,34065,DNA sequence reads,Oncorhynchus tshawytscha,http://www.ncbi.nlm.nih.gov/bioproject/1049344,BLAST annotation (0.96) against NCBI nr database,FC-034,present
Hakai-FCBB-FC-035,Hakai-FCBB-FC-035-ASV2-12S-occ,MaterialSample,"Oncorhynchus tshawytscha (Walbaum, 1792)",urn:lsid:marinespecies.org:taxname:158075,Species,"(Walbaum, 1792)",Animalia,Chordata,Teleostei,Salmoniformes,Salmonidae,Oncorhynchus,147566,DNA sequence reads,147566,DNA sequence reads,Oncorhynchus tshawytscha,http://www.ncbi.nlm.nih.gov/bioproject/1049344,BLAST annotation (0.96) against NCBI nr database,FC-035,present
Hakai-FCBB-FC-036,Hakai-FCBB-FC-036-ASV2-12S-occ,MaterialSample,"Oncorhynchus tshawytscha (Walbaum, 1792)",urn:lsid:marinespecies.org:taxname:158075,Species,"(Walbaum, 1792)",Animalia,Chordata,Teleostei,Salmoniformes,Salmonidae,Oncorhynchus,46,DNA sequence reads,46,DNA sequence reads,Oncorhynchus tshawytscha,http://www.ncbi.nlm.nih.gov/bioproject/1049344,BLAST annotation (0.96) against NCBI nr database,FC-036,present
Hakai-FCBB-FC-037,Hakai-FCBB-FC-037-ASV2-12S-occ,MaterialSample,"Oncorhynchus tshawytscha (Walbaum, 1792)",urn:lsid:marinespecies.org:taxname:158075,Species,"(Walbaum, 1792)",Animalia,Chordata,Teleostei,Salmoniformes,Salmonidae,Oncorhynchus,22,DNA sequence reads,22,DNA sequence reads,Oncorhynchus tshawytscha,http://www.ncbi.nlm.nih.gov/bioproject/1049344,BLAST annotation (0.96) against NCBI nr database,FC-037,present
Hakai-FCBB-FC-038,Hakai-FCBB-FC-038-ASV2-12S-occ,MaterialSample,"Oncorhynchus tshawytscha (Walbaum, 1792)",urn:lsid:marinespecies.org:taxname:158075,Species,"(Walbaum, 1792)",Animalia,Chordata,Teleostei,Salmoniformes,Salmonidae,Oncorhynchus,39008,DNA sequence reads,39008,DNA sequence reads,Oncorhynchus tshawytscha,http://www.ncbi.nlm.nih.gov/bioproject/1049344,BLAST annotation (0.96) against NCBI nr database,FC-038,present
Hakai-FCBB-FC-040,Hakai-FCBB-FC-040-ASV2-12S-occ,MaterialSample,"Oncorhynchus tshawytscha (Walbaum, 1792)",urn:lsid:marinespecies.org:taxname:158075,Species,"(Walbaum, 1792)",Animalia,Chordata,Teleostei,Salmoniformes,Salmonidae,Oncorhynchus,156,DNA sequence reads,156,DNA sequence reads,Oncorhynchus tshawytscha,http://www.ncbi.nlm.nih.gov/bioproject/1049344,BLAST annotation (0.96) against NCBI nr database,FC-040,present
Hakai-FCBB-FC-042,Hakai-FCBB-FC-042-ASV2-12S-occ,MaterialSample,"Oncorhynchus tshawytscha (Walbaum, 1792)",urn:lsid:marinespecies.org:taxname:158075,Species,"(Walbaum, 1792)",Animalia,Chordata,Teleostei,Salmoniformes,Salmonidae,Oncorhynchus,24,DNA sequence reads,24,DNA sequence reads,Oncorhynchus tshawytscha,http://www.ncbi.nlm.nih.gov/bioproject/1049344,BLAST annotation (0.96) against NCBI nr database,FC-042,present
Hakai-FCBB-FC-043,Hakai-FCBB-FC-043-ASV2-12S-occ,MaterialSample,"Oncorhynchus tshawytscha (Walbaum, 1792)",urn:lsid:marinespecies.org:taxname:158075,Species,"(Walbaum, 1792)",Animalia,Chordata,Teleostei,Salmoniformes,Salmonidae,Oncorhynchus,24,DNA sequence reads,24,DNA sequence reads,Oncorhynchus tshawytscha,http://www.ncbi.nlm.nih.gov/bioproject/1049344,BLAST annotation (0.96) against NCBI nr database,FC-043,present
Hakai-FCBB-FC-044,Hakai-FCBB-FC-044-ASV2-12S-occ,MaterialSample,"Oncorhynchus tshawytscha (Walbaum, 1792)",urn:lsid:marinespecies.org:taxname:158075,Species,"(Walbaum, 1792)",Animalia,Chordata,Teleostei,Salmoniformes,Salmonidae,Oncorhynchus,11,DNA sequence reads,11,DNA sequence reads,Oncorhynchus tshawytscha,http://www.ncbi.nlm.nih.gov/bioproject/1049344,BLAST annotation (0.96) against NCBI nr database,FC-044,present
Hakai-FCBB-FC-046,Hakai-FCBB-FC-046-ASV2-12S-occ,MaterialSample,"Oncorhynchus tshawytscha (Walbaum, 1792)",urn:lsid:marinespecies.org:taxname:158075,Species,"(Walbaum, 1792)",Animalia,Chordata,Teleostei,Salmoniformes,Salmonidae,Oncorhynchus,12655,DNA sequence reads,12655,DNA sequence reads,Oncorhynchus tshawytscha,http://www.ncbi.nlm.nih.gov/bioproject/1049344,BLAST annotation (0.96) against NCBI nr database,FC-046,present
Hakai-FCBB-FC-048,Hakai-FCBB-FC-048-ASV2-12S-occ,MaterialSample,"Oncorhynchus tshawytscha (Walbaum, 1792)",urn:lsid:marinespecies.org:taxname:158075,Species,"(Walbaum, 1792)",Animalia,Chordata,Teleostei,Salmoniformes,Salmonidae,Oncorhynchus,25541,DNA sequence reads,25541,DNA sequence reads,Oncorhynchus tshawytscha,http://www.ncbi.nlm.nih.gov/bioproject/1049344,BLAST annotation (0.96) against NCBI nr database,FC-048,present
Hakai-FCBB-FC-050,Hakai-FCBB-FC-050-ASV2-12S-occ,MaterialSample,"Oncorhynchus tshawytscha (Walbaum, 1792)",urn:lsid:marinespecies.org:taxname:158075,Species,"(Walbaum, 1792)",Animalia,Chordata,Teleostei,Salmoniformes,Salmonidae,Oncorhynchus,496,DNA sequence reads,496,DNA sequence reads,Oncorhynchus tshawytscha,http://www.ncbi.nlm.nih.gov/bioproject/1049344,BLAST annotation (0.96) against NCBI nr database,FC-050,present
Hakai-FCBB-FC-051,Hakai-FCBB-FC-051-ASV2-12S-occ,MaterialSample,"Oncorhynchus tshawytscha (Walbaum, 1792)",urn:lsid:marinespecies.org:taxname:158075,Species,"(Walbaum, 1792)",Animalia,Chordata,Teleostei,Salmoniformes,Salmonidae,Oncorhynchus,274,DNA sequence reads,274,DNA sequence reads,Oncorhynchus tshawytscha,http://www.ncbi.nlm.nih.gov/bioproject/1049344,BLAST annotation (0.96) against NCBI nr database,FC-051,present
Hakai-FCBB-FC-052,Hakai-FCBB-FC-052-ASV2-12S-occ,MaterialSample,"Oncorhynchus tshawytscha (Walbaum, 1792)",urn:lsid:marinespecies.org:taxname:158075,Species,"(Walbaum, 1792)",Animalia,Chordata,Teleostei,Salmoniformes,Salmonidae,Oncorhynchus,4254,DNA sequence reads,4254,DNA sequence reads,Oncorhynchus tshawytscha,http://www.ncbi.nlm.nih.gov/bioproject/1049344,BLAST annotation (0.96) against NCBI nr database,FC-052,present
Hakai-FCBB-FC-053,Hakai-FCBB-FC-053-ASV2-12S-occ,MaterialSample,"Oncorhynchus tshawytscha (Walbaum, 1792)",urn:lsid:marinespecies.org:taxname:158075,Species,"(Walbaum, 1792)",Animalia,Chordata,Teleostei,Salmoniformes,Salmonidae,Oncorhynchus,21385,DNA sequence reads,21385,DNA sequence reads,Oncorhynchus tshawytscha,http://www.ncbi.nlm.nih.gov/bioproject/1049344,BLAST annotation (0.96) against NCBI nr database,FC-053,present
Hakai-FCBB-FC-054,Hakai-FCBB-FC-054-ASV2-12S-occ,MaterialSample,"Oncorhynchus tshawytscha (Walbaum, 1792)",urn:lsid:marinespecies.org:taxname:158075,Species,"(Walbaum, 1792)",Animalia,Chordata,Teleostei,Salmoniformes,Salmonidae,Oncorhynchus,226,DNA sequence reads,226,DNA sequence reads,Oncorhynchus tshawytscha,http://www.ncbi.nlm.nih.gov/bioproject/1049344,BLAST annotation (0.96) against NCBI nr database,FC-054,present
Hakai-FCBB-FC-055,Hakai-FCBB-FC-055-ASV2-12S-occ,MaterialSample,"Oncorhynchus tshawytscha (Walbaum, 1792)",urn:lsid:marinespecies.org:taxname:158075,Species,"(Walbaum, 1792)",Animalia,Chordata,Teleostei,Salmoniformes,Salmonidae,Oncorhynchus,33107,DNA sequence reads,33107,DNA sequence reads,Oncorhynchus tshawytscha,http://www.ncbi.nlm.nih.gov/bioproject/1049344,BLAST annotation (0.96) against NCBI nr database,FC-055,present
Hakai-FCBB-FC-056,Hakai-FCBB-FC-056-ASV2-12S-occ,MaterialSample,"Oncorhynchus tshawytscha (Walbaum, 1792)",urn:lsid:marinespecies.org:taxname:158075,Species,"(Walbaum, 1792)",Animalia,Chordata,Teleostei,Salmoniformes,Salmonidae,Oncorhynchus,797960,DNA sequence reads,797960,DNA sequence reads,Oncorhynchus tshawytscha,http://www.ncbi.nlm.nih.gov/bioproject/1049344,BLAST annotation (0.96) against NCBI nr database,FC-056,present
Hakai-FCBB-FC-057,Hakai-FCBB-FC-057-ASV2-12S-occ,MaterialSample,"Oncorhynchus tshawytscha (Walbaum, 1792)",urn:lsid:marinespecies.org:taxname:158075,Species,"(Walbaum, 1792)",Animalia,Chordata,Teleostei,Salmoniformes,Salmonidae,Oncorhynchus,15748,DNA sequence reads,15748,DNA sequence reads,Oncorhynchus tshawytscha,http://www.ncbi.nlm.nih.gov/bioproject/1049344,BLAST annotation (0.96) against NCBI nr database,FC-057,present
Hakai-FCBB-FC-058,Hakai-FCBB-FC-058-ASV2-12S-occ,MaterialSample,"Oncorhynchus tshawytscha (Walbaum, 1792)",urn:lsid:marinespecies.org:taxname:158075,Species,"(Walbaum, 1792)",Animalia,Chordata,Teleostei,Salmoniformes,Salmonidae,Oncorhynchus,71818,DNA sequence reads,71818,DNA sequence reads,Oncorhynchus tshawytscha,http://www.ncbi.nlm.nih.gov/bioproject/1049344,BLAST annotation (0.96) against NCBI nr database,FC-058,present
Hakai-FCBB-FC-059,Hakai-FCBB-FC-059-ASV2-12S-occ,MaterialSample,"Oncorhynchus tshawytscha (Walbaum, 1792)",urn:lsid:marinespecies.org:taxname:158075,Species,"(Walbaum, 1792)",Animalia,Chordata,Teleostei,Salmoniformes,Salmonidae,Oncorhynchus,33,DNA sequence reads,33,DNA sequence reads,Oncorhynchus tshawytscha,http://www.ncbi.nlm.nih.gov/bioproject/1049344,BLAST annotation (0.96) against NCBI nr database,FC-059,present
Hakai-FCBB-FC-060,Hakai-FCBB-FC-060-ASV2-12S-occ,MaterialSample,"Oncorhynchus tshawytscha (Walbaum, 1792)",urn:lsid:marinespecies.org:taxname:158075,Species,"(Walbaum, 1792)",Animalia,Chordata,Teleostei,Salmoniformes,Salmonidae,Oncorhynchus,15,DNA sequence reads,15,DNA sequence reads,Oncorhynchus tshawytscha,http://www.ncbi.nlm.nih.gov/bioproject/1049344,BLAST annotation (0.96) against NCBI nr database,FC-060,present
Hakai-FCBB-FC-062,Hakai-FCBB-FC-062-ASV2-12S-occ,MaterialSample,"Oncorhynchus tshawytscha (Walbaum, 1792)",urn:lsid:marinespecies.org:taxname:158075,Species,"(Walbaum, 1792)",Animalia,Chordata,Teleostei,Salmoniformes,Salmonidae,Oncorhynchus,29,DNA sequence reads,29,DNA sequence reads,Oncorhynchus tshawytscha,http://www.ncbi.nlm.nih.gov/bioproject/1049344,BLAST annotation (0.96) against NCBI nr database,FC-062,present
Hakai-FCBB-FC-064,Hakai-FCBB-FC-064-ASV2-12S-occ,MaterialSample,"Oncorhynchus tshawytscha (Walbaum, 1792)",urn:lsid:marinespecies.org:taxname:158075,Species,"(Walbaum, 1792)",Animalia,Chordata,Teleostei,Salmoniformes,Salmonidae,Oncorhynchus,30576,DNA sequence reads,30576,DNA sequence reads,Oncorhynchus tshawytscha,http://www.ncbi.nlm.nih.gov/bioproject/1049344,BLAST annotation (0.96) against NCBI nr database,FC-064,present
Hakai-FCBB-FC-066,Hakai-FCBB-FC-066-ASV2-12S-occ,MaterialSample,"Oncorhynchus tshawytscha (Walbaum, 1792)",urn:lsid:marinespecies.org:taxname:158075,Species,"(Walbaum, 1792)",Animalia,Chordata,Teleostei,Salmoniformes,Salmonidae,Oncorhynchus,9480,DNA sequence reads,9480,DNA sequence reads,Oncorhynchus tshawytscha,http://www.ncbi.nlm.nih.gov/bioproject/1049344,BLAST annotation (0.96) against NCBI nr database,FC-066,present
Hakai-FCBB-FC-067,Hakai-FCBB-FC-067-ASV2-12S-occ,MaterialSample,"Oncorhynchus tshawytscha (Walbaum, 1792)",urn:lsid:marinespecies.org:taxname:158075,Species,"(Walbaum, 1792)",Animalia,Chordata,Teleostei,Salmoniformes,Salmonidae,Oncorhynchus,10,DNA sequence reads,10,DNA sequence reads,Oncorhynchus tshawytscha,http://www.ncbi.nlm.nih.gov/bioproject/1049344,BLAST annotation (0.96) against NCBI nr database,FC-067,present
Hakai-FCBB-FC-068,Hakai-FCBB-FC-068-ASV2-12S-occ,MaterialSample,"Oncorhynchus tshawytscha (Walbaum, 1792)",urn:lsid:marinespecies.org:taxname:158075,Species,"(Walbaum, 1792)",Animalia,Chordata,Teleostei,Salmoniformes,Salmonidae,Oncorhynchus,9,DNA sequence reads,9,DNA sequence reads,Oncorhynchus tshawytscha,http://www.ncbi.nlm.nih.gov/bioproject/1049344,BLAST annotation (0.96) against NCBI nr database,FC-068,present
Hakai-FCBB-FC-069,Hakai-FCBB-FC-069-ASV2-12S-occ,MaterialSample,"Oncorhynchus tshawytscha (Walbaum, 1792)",urn:lsid:marinespecies.org:taxname:158075,Species,"(Walbaum, 1792)",Animalia,Chordata,Teleostei,Salmoniformes,Salmonidae,Oncorhynchus,9,DNA sequence reads,9,DNA sequence reads,Oncorhynchus tshawytscha,http://www.ncbi.nlm.nih.gov/bioproject/1049344,BLAST annotation (0.96) against NCBI nr database,FC-069,present
Hakai-FCBB-FC-072,Hakai-FCBB-FC-072-ASV2-12S-occ,MaterialSample,"Oncorhynchus tshawytscha (Walbaum, 1792)",urn:lsid:marinespecies.org:taxname:158075,Species,"(Walbaum, 1792)",Animalia,Chordata,Teleostei,Salmoniformes,Salmonidae,Oncorhynchus,25,DNA sequence reads,25,DNA sequence reads,Oncorhynchus tshawytscha,http://www.ncbi.nlm.nih.gov/bioproject/1049344,BLAST annotation (0.96) against NCBI nr database,FC-072,present
Hakai-FCBB-FC-059,Hakai-FCBB-FC-059-ASV20-12S-occ,MaterialSample,"Engraulis mordax Girard, 1854",urn:lsid:marinespecies.org:taxname:272286,Species,"Girard, 1854",Animalia,Chordata,Teleostei,Clupeiformes,Engraulidae,Engraulis,39330,DNA sequence reads,39330,DNA sequence reads,Engraulis mordax,http://www.ncbi.nlm.nih.gov/bioproject/1049344,BLAST annotation (0.96) against NCBI nr database,FC-059,present
Hakai-FCBB-FC-053,Hakai-FCBB-FC-053-ASV21-12S-occ,MaterialSample,"Clupea pallasii Valenciennes, 1847",urn:lsid:marinespecies.org:taxname:151159,Species,"Valenciennes, 1847",Animalia,Chordata,Teleostei,Clupeiformes,Clupeidae,Clupea,38718,DNA sequence reads,38718,DNA sequence reads,Clupea pallasii,http://www.ncbi.nlm.nih.gov/bioproject/1049344,BLAST annotation (0.96) against NCBI nr database,FC-053,present
Hakai-FCBB-FC-014,Hakai-FCBB-FC-014-ASV22-12S-occ,MaterialSample,"Citharichthys stigmaeus Jordan & Gilbert, 1882",urn:lsid:marinespecies.org:taxname:275696,Species,"Jordan & Gilbert, 1882",Animalia,Chordata,Teleostei,Pleuronectiformes,Paralichthyidae,Citharichthys,6,DNA sequence reads,6,DNA sequence reads,Citharichthys stigmaeus,http://www.ncbi.nlm.nih.gov/bioproject/1049344,BLAST annotation (0.96) against NCBI nr database,FC-014,present
Hakai-FCBB-FC-022,Hakai-FCBB-FC-022-ASV22-12S-occ,MaterialSample,"Citharichthys stigmaeus Jordan & Gilbert, 1882",urn:lsid:marinespecies.org:taxname:275696,Species,"Jordan & Gilbert, 1882",Animalia,Chordata,Teleostei,Pleuronectiformes,Paralichthyidae,Citharichthys,34856,DNA sequence reads,34856,DNA sequence reads,Citharichthys stigmaeus,http://www.ncbi.nlm.nih.gov/bioproject/1049344,BLAST annotation (0.96) against NCBI nr database,FC-022,present
Hakai-FCBB-FC-038,Hakai-FCBB-FC-038-ASV22-12S-occ,MaterialSample,"Citharichthys stigmaeus Jordan & Gilbert, 1882",urn:lsid:marinespecies.org:taxname:275696,Species,"Jordan & Gilbert, 1882",Animalia,Chordata,Teleostei,Pleuronectiformes,Paralichthyidae,Citharichthys,21,DNA sequence reads,21,DNA sequence reads,Citharichthys stigmaeus,http://www.ncbi.nlm.nih.gov/bioproject/1049344,BLAST annotation (0.96) against NCBI nr database,FC-038,present
Hakai-FCBB-FC-046,Hakai-FCBB-FC-046-ASV22-12S-occ,MaterialSample,"Citharichthys stigmaeus Jordan & Gilbert, 1882",urn:lsid:marinespecies.org:taxname:275696,Species,"Jordan & Gilbert, 1882",Animalia,Chordata,Teleostei,Pleuronectiformes,Paralichthyidae,Citharichthys,8,DNA sequence reads,8,DNA sequence reads,Citharichthys stigmaeus,http://www.ncbi.nlm.nih.gov/bioproject/1049344,BLAST annotation (0.96) against NCBI nr database,FC-046,present
Hakai-FCBB-FC-054,Hakai-FCBB-FC-054-ASV22-12S-occ,MaterialSample,"Citharichthys stigmaeus Jordan & Gilbert, 1882",urn:lsid:marinespecies.org:taxname:275696,Species,"Jordan & Gilbert, 1882",Animalia,Chordata,Teleostei,Pleuronectiformes,Paralichthyidae,Citharichthys,46,DNA sequence reads,46,DNA sequence reads,Citharichthys stigmaeus,http://www.ncbi.nlm.nih.gov/bioproject/1049344,BLAST annotation (0.96) against NCBI nr database,FC-054,present
Hakai-FCBB-FC-061,Hakai-FCBB-FC-061-ASV24-12S-occ,MaterialSample,"Engraulis mordax Girard, 1854",urn:lsid:marinespecies.org:taxname:272286,Species,"Girard, 1854",Animalia,Chordata,Teleostei,Clupeiformes,Engraulidae,Engraulis,28036,DNA sequence reads,28036,DNA sequence reads,Engraulis mordax,http://www.ncbi.nlm.nih.gov/bioproject/1049344,BLAST annotation (0.96) against NCBI nr database,FC-061,present
Hakai-FCBB-FC-034,Hakai-FCBB-FC-034-ASV25-12S-occ,MaterialSample,"Clupea pallasii Valenciennes, 1847",urn:lsid:marinespecies.org:taxname:151159,Species,"Valenciennes, 1847",Animalia,Chordata,Teleostei,Clupeiformes,Clupeidae,Clupea,25911,DNA sequence reads,25911,DNA sequence reads,Clupea pallasii,http://www.ncbi.nlm.nih.gov/bioproject/1049344,BLAST annotation (0.96) against NCBI nr database,FC-034,present
Hakai-FCBB-FC-035,Hakai-FCBB-FC-035-ASV26-12S-occ,MaterialSample,"Hexanchus griseus (Bonnaterre, 1788)",urn:lsid:marinespecies.org:taxname:105833,Species,"(Bonnaterre, 1788)",Animalia,Chordata,Elasmobranchii,Hexanchiformes,Hexanchidae,Hexanchus,25486,DNA sequence reads,25486,DNA sequence reads,Hexanchus griseus,http://www.ncbi.nlm.nih.gov/bioproject/1049344,BLAST annotation (0.96) against NCBI nr database,FC-035,present
Hakai-FCBB-FC-043,Hakai-FCBB-FC-043-ASV26-12S-occ,MaterialSample,"Hexanchus griseus (Bonnaterre, 1788)",urn:lsid:marinespecies.org:taxname:105833,Species,"(Bonnaterre, 1788)",Animalia,Chordata,Elasmobranchii,Hexanchiformes,Hexanchidae,Hexanchus,8,DNA sequence reads,8,DNA sequence reads,Hexanchus griseus,http://www.ncbi.nlm.nih.gov/bioproject/1049344,BLAST annotation (0.96) against NCBI nr database,FC-043,present
Hakai-FCBB-FC-051,Hakai-FCBB-FC-051-ASV26-12S-occ,MaterialSample,"Hexanchus griseus (Bonnaterre, 1788)",urn:lsid:marinespecies.org:taxname:105833,Species,"(Bonnaterre, 1788)",Animalia,Chordata,Elasmobranchii,Hexanchiformes,Hexanchidae,Hexanchus,38,DNA sequence reads,38,DNA sequence reads,Hexanchus griseus,http://www.ncbi.nlm.nih.gov/bioproject/1049344,BLAST annotation (0.96) against NCBI nr database,FC-051,present
Hakai-FCBB-FC-028,Hakai-FCBB-FC-028-ASV27-12S-occ,MaterialSample,"Lepidogobius lepidus (Girard, 1858)",urn:lsid:marinespecies.org:taxname:281292,Species,"(Girard, 1858)",Animalia,Chordata,Teleostei,Gobiiformes,Gobiidae,Lepidogobius,23793,DNA sequence reads,23793,DNA sequence reads,Lepidogobius lepidus,http://www.ncbi.nlm.nih.gov/bioproject/1049344,BLAST annotation (0.96) against NCBI nr database,FC-028,present
Hakai-FCBB-FC-052,Hakai-FCBB-FC-052-ASV27-12S-occ,MaterialSample,"Lepidogobius lepidus (Girard, 1858)",urn:lsid:marinespecies.org:taxname:281292,Species,"(Girard, 1858)",Animalia,Chordata,Teleostei,Gobiiformes,Gobiidae,Lepidogobius,30,DNA sequence reads,30,DNA sequence reads,Lepidogobius lepidus,http://www.ncbi.nlm.nih.gov/bioproject/1049344,BLAST annotation (0.96) against NCBI nr database,FC-052,present
Hakai-FCBB-FC-004,Hakai-FCBB-FC-004-ASV28-12S-occ,MaterialSample,"Oncorhynchus nerka (Walbaum, 1792)",urn:lsid:marinespecies.org:taxname:254569,Species,"(Walbaum, 1792)",Animalia,Chordata,Teleostei,Salmoniformes,Salmonidae,Oncorhynchus,33,DNA sequence reads,33,DNA sequence reads,Oncorhynchus nerka,http://www.ncbi.nlm.nih.gov/bioproject/1049344,BLAST annotation (0.96) against NCBI nr database,FC-004,present
Hakai-FCBB-FC-061,Hakai-FCBB-FC-061-ASV28-12S-occ,MaterialSample,"Oncorhynchus nerka (Walbaum, 1792)",urn:lsid:marinespecies.org:taxname:254569,Species,"(Walbaum, 1792)",Animalia,Chordata,Teleostei,Salmoniformes,Salmonidae,Oncorhynchus,21405,DNA sequence reads,21405,DNA sequence reads,Oncorhynchus nerka,http://www.ncbi.nlm.nih.gov/bioproject/1049344,BLAST annotation (0.96) against NCBI nr database,FC-061,present
Hakai-FCBB-FC-066,Hakai-FCBB-FC-066-ASV28-12S-occ,MaterialSample,"Oncorhynchus nerka (Walbaum, 1792)",urn:lsid:marinespecies.org:taxname:254569,Species,"(Walbaum, 1792)",Animalia,Chordata,Teleostei,Salmoniformes,Salmonidae,Oncorhynchus,1301,DNA sequence reads,1301,DNA sequence reads,Oncorhynchus nerka,http://www.ncbi.nlm.nih.gov/bioproject/1049344,BLAST annotation (0.96) against NCBI nr database,FC-066,present
Hakai-FCBB-FC-010,Hakai-FCBB-FC-010-ASV29-12S-occ,MaterialSample,"Clupea pallasii Valenciennes, 1847",urn:lsid:marinespecies.org:taxname:151159,Species,"Valenciennes, 1847",Animalia,Chordata,Teleostei,Clupeiformes,Clupeidae,Clupea,22456,DNA sequence reads,22456,DNA sequence reads,Clupea pallasii,http://www.ncbi.nlm.nih.gov/bioproject/1049344,BLAST annotation (0.96) against NCBI nr database,FC-010,present
Hakai-FCBB-FC-004,Hakai-FCBB-FC-004-ASV3-12S-occ,MaterialSample,"Cymatogaster aggregata Gibbons, 1854",urn:lsid:marinespecies.org:taxname:280461,Species,"Gibbons, 1854",Animalia,Chordata,Teleostei,Ovalentaria incertae sedis,Embiotocidae,Cymatogaster,446,DNA sequence reads,446,DNA sequence reads,Cymatogaster aggregata,http://www.ncbi.nlm.nih.gov/bioproject/1049344,BLAST annotation (0.96) against NCBI nr database,FC-004,present
Hakai-FCBB-FC-005,Hakai-FCBB-FC-005-ASV3-12S-occ,MaterialSample,"Cymatogaster aggregata Gibbons, 1854",urn:lsid:marinespecies.org:taxname:280461,Species,"Gibbons, 1854",Animalia,Chordata,Teleostei,Ovalentaria incertae sedis,Embiotocidae,Cymatogaster,10,DNA sequence reads,10,DNA sequence reads,Cymatogaster aggregata,http://www.ncbi.nlm.nih.gov/bioproject/1049344,BLAST annotation (0.96) against NCBI nr database,FC-005,present
Hakai-FCBB-FC-007,Hakai-FCBB-FC-007-ASV3-12S-occ,MaterialSample,"Cymatogaster aggregata Gibbons, 1854",urn:lsid:marinespecies.org:taxname:280461,Species,"Gibbons, 1854",Animalia,Chordata,Teleostei,Ovalentaria incertae sedis,Embiotocidae,Cymatogaster,15,DNA sequence reads,15,DNA sequence reads,Cymatogaster aggregata,http://www.ncbi.nlm.nih.gov/bioproject/1049344,BLAST annotation (0.96) against NCBI nr database,FC-007,present
Hakai-FCBB-FC-008,Hakai-FCBB-FC-008-ASV3-12S-occ,MaterialSample,"Cymatogaster aggregata Gibbons, 1854",urn:lsid:marinespecies.org:taxname:280461,Species,"Gibbons, 1854",Animalia,Chordata,Teleostei,Ovalentaria incertae sedis,Embiotocidae,Cymatogaster,20798,DNA sequence reads,20798,DNA sequence reads,Cymatogaster aggregata,http://www.ncbi.nlm.nih.gov/bioproject/1049344,BLAST annotation (0.96) against NCBI nr database,FC-008,present
Hakai-FCBB-FC-009,Hakai-FCBB-FC-009-ASV3-12S-occ,MaterialSample,"Cymatogaster aggregata Gibbons, 1854",urn:lsid:marinespecies.org:taxname:280461,Species,"Gibbons, 1854",Animalia,Chordata,Teleostei,Ovalentaria incertae sedis,Embiotocidae,Cymatogaster,34650,DNA sequence reads,34650,DNA sequence reads,Cymatogaster aggregata,http://www.ncbi.nlm.nih.gov/bioproject/1049344,BLAST annotation (0.96) against NCBI nr database,FC-009,present
Hakai-FCBB-FC-010,Hakai-FCBB-FC-010-ASV3-12S-occ,MaterialSample,"Cymatogaster aggregata Gibbons, 1854",urn:lsid:marinespecies.org:taxname:280461,Species,"Gibbons, 1854",Animalia,Chordata,Teleostei,Ovalentaria incertae sedis,Embiotocidae,Cymatogaster,31047,DNA sequence reads,31047,DNA sequence reads,Cymatogaster aggregata,http://www.ncbi.nlm.nih.gov/bioproject/1049344,BLAST annotation (0.96) against NCBI nr database,FC-010,present
Hakai-FCBB-FC-012,Hakai-FCBB-FC-012-ASV3-12S-occ,MaterialSample,"Cymatogaster aggregata Gibbons, 1854",urn:lsid:marinespecies.org:taxname:280461,Species,"Gibbons, 1854",Animalia,Chordata,Teleostei,Ovalentaria incertae sedis,Embiotocidae,Cymatogaster,10,DNA sequence reads,10,DNA sequence reads,Cymatogaster aggregata,http://www.ncbi.nlm.nih.gov/bioproject/1049344,BLAST annotation (0.96) against NCBI nr database,FC-012,present
Hakai-FCBB-FC-013,Hakai-FCBB-FC-013-ASV3-12S-occ,MaterialSample,"Cymatogaster aggregata Gibbons, 1854",urn:lsid:marinespecies.org:taxname:280461,Species,"Gibbons, 1854",Animalia,Chordata,Teleostei,Ovalentaria incertae sedis,Embiotocidae,Cymatogaster,23,DNA sequence reads,23,DNA sequence reads,Cymatogaster aggregata,http://www.ncbi.nlm.nih.gov/bioproject/1049344,BLAST annotation (0.96) against NCBI nr database,FC-013,present
Hakai-FCBB-FC-014,Hakai-FCBB-FC-014-ASV3-12S-occ,MaterialSample,"Cymatogaster aggregata Gibbons, 1854",urn:lsid:marinespecies.org:taxname:280461,Species,"Gibbons, 1854",Animalia,Chordata,Teleostei,Ovalentaria incertae sedis,Embiotocidae,Cymatogaster,16848,DNA sequence reads,16848,DNA sequence reads,Cymatogaster aggregata,http://www.ncbi.nlm.nih.gov/bioproject/1049344,BLAST annotation (0.96) against NCBI nr database,FC-014,present
Hakai-FCBB-FC-015,Hakai-FCBB-FC-015-ASV3-12S-occ,MaterialSample,"Cymatogaster aggregata Gibbons, 1854",urn:lsid:marinespecies.org:taxname:280461,Species,"Gibbons, 1854",Animalia,Chordata,Teleostei,Ovalentaria incertae sedis,Embiotocidae,Cymatogaster,36459,DNA sequence reads,36459,DNA sequence reads,Cymatogaster aggregata,http://www.ncbi.nlm.nih.gov/bioproject/1049344,BLAST annotation (0.96) against NCBI nr database,FC-015,present
Hakai-FCBB-FC-016,Hakai-FCBB-FC-016-ASV3-12S-occ,MaterialSample,"Cymatogaster aggregata Gibbons, 1854",urn:lsid:marinespecies.org:taxname:280461,Species,"Gibbons, 1854",Animalia,Chordata,Teleostei,Ovalentaria incertae sedis,Embiotocidae,Cymatogaster,110,DNA sequence reads,110,DNA sequence reads,Cymatogaster aggregata,http://www.ncbi.nlm.nih.gov/bioproject/1049344,BLAST annotation (0.96) against NCBI nr database,FC-016,present
Hakai-FCBB-FC-021,Hakai-FCBB-FC-021-ASV3-12S-occ,MaterialSample,"Cymatogaster aggregata Gibbons, 1854",urn:lsid:marinespecies.org:taxname:280461,Species,"Gibbons, 1854",Animalia,Chordata,Teleostei,Ovalentaria incertae sedis,Embiotocidae,Cymatogaster,42194,DNA sequence reads,42194,DNA sequence reads,Cymatogaster aggregata,http://www.ncbi.nlm.nih.gov/bioproject/1049344,BLAST annotation (0.96) against NCBI nr database,FC-021,present
Hakai-FCBB-FC-022,Hakai-FCBB-FC-022-ASV3-12S-occ,MaterialSample,"Cymatogaster aggregata Gibbons, 1854",urn:lsid:marinespecies.org:taxname:280461,Species,"Gibbons, 1854",Animalia,Chordata,Teleostei,Ovalentaria incertae sedis,Embiotocidae,Cymatogaster,14,DNA sequence reads,14,DNA sequence reads,Cymatogaster aggregata,http://www.ncbi.nlm.nih.gov/bioproject/1049344,BLAST annotation (0.96) against NCBI nr database,FC-022,present
Hakai-FCBB-FC-023,Hakai-FCBB-FC-023-ASV3-12S-occ,MaterialSample,"Cymatogaster aggregata Gibbons, 1854",urn:lsid:marinespecies.org:taxname:280461,Species,"Gibbons, 1854",Animalia,Chordata,Teleostei,Ovalentaria incertae sedis,Embiotocidae,Cymatogaster,18,DNA sequence reads,18,DNA sequence reads,Cymatogaster aggregata,http://www.ncbi.nlm.nih.gov/bioproject/1049344,BLAST annotation (0.96) against NCBI nr database,FC-023,present
Hakai-FCBB-FC-024,Hakai-FCBB-FC-024-ASV3-12S-occ,MaterialSample,"Cymatogaster aggregata Gibbons, 1854",urn:lsid:marinespecies.org:taxname:280461,Species,"Gibbons, 1854",Animalia,Chordata,Teleostei,Ovalentaria incertae sedis,Embiotocidae,Cymatogaster,51,DNA sequence reads,51,DNA sequence reads,Cymatogaster aggregata,http://www.ncbi.nlm.nih.gov/bioproject/1049344,BLAST annotation (0.96) against NCBI nr database,FC-024,present
Hakai-FCBB-FC-025,Hakai-FCBB-FC-025-ASV3-12S-occ,MaterialSample,"Cymatogaster aggregata Gibbons, 1854",urn:lsid:marinespecies.org:taxname:280461,Species,"Gibbons, 1854",Animalia,Chordata,Teleostei,Ovalentaria incertae sedis,Embiotocidae,Cymatogaster,5,DNA sequence reads,5,DNA sequence reads,Cymatogaster aggregata,http://www.ncbi.nlm.nih.gov/bioproject/1049344,BLAST annotation (0.96) against NCBI nr database,FC-025,present
Hakai-FCBB-FC-026,Hakai-FCBB-FC-026-ASV3-12S-occ,MaterialSample,"Cymatogaster aggregata Gibbons, 1854",urn:lsid:marinespecies.org:taxname:280461,Species,"Gibbons, 1854",Animalia,Chordata,Teleostei,Ovalentaria incertae sedis,Embiotocidae,Cymatogaster,42242,DNA sequence reads,42242,DNA sequence reads,Cymatogaster aggregata,http://www.ncbi.nlm.nih.gov/bioproject/1049344,BLAST annotation (0.96) against NCBI nr database,FC-026,present
Hakai-FCBB-FC-028,Hakai-FCBB-FC-028-ASV3-12S-occ,MaterialSample,"Cymatogaster aggregata Gibbons, 1854",urn:lsid:marinespecies.org:taxname:280461,Species,"Gibbons, 1854",Animalia,Chordata,Teleostei,Ovalentaria incertae sedis,Embiotocidae,Cymatogaster,6,DNA sequence reads,6,DNA sequence reads,Cymatogaster aggregata,http://www.ncbi.nlm.nih.gov/bioproject/1049344,BLAST annotation (0.96) against NCBI nr database,FC-028,present
Hakai-FCBB-FC-029,Hakai-FCBB-FC-029-ASV3-12S-occ,MaterialSample,"Cymatogaster aggregata Gibbons, 1854",urn:lsid:marinespecies.org:taxname:280461,Species,"Gibbons, 1854",Animalia,Chordata,Teleostei,Ovalentaria incertae sedis,Embiotocidae,Cymatogaster,28,DNA sequence reads,28,DNA sequence reads,Cymatogaster aggregata,http://www.ncbi.nlm.nih.gov/bioproject/1049344,BLAST annotation (0.96) against NCBI nr database,FC-029,present
Hakai-FCBB-FC-030,Hakai-FCBB-FC-030-ASV3-12S-occ,MaterialSample,"Cymatogaster aggregata Gibbons, 1854",urn:lsid:marinespecies.org:taxname:280461,Species,"Gibbons, 1854",Animalia,Chordata,Teleostei,Ovalentaria incertae sedis,Embiotocidae,Cymatogaster,19,DNA sequence reads,19,DNA sequence reads,Cymatogaster aggregata,http://www.ncbi.nlm.nih.gov/bioproject/1049344,BLAST annotation (0.96) against NCBI nr database,FC-030,present
Hakai-FCBB-FC-031,Hakai-FCBB-FC-031-ASV3-12S-occ,MaterialSample,"Cymatogaster aggregata Gibbons, 1854",urn:lsid:marinespecies.org:taxname:280461,Species,"Gibbons, 1854",Animalia,Chordata,Teleostei,Ovalentaria incertae sedis,Embiotocidae,Cymatogaster,12,DNA sequence reads,12,DNA sequence reads,Cymatogaster aggregata,http://www.ncbi.nlm.nih.gov/bioproject/1049344,BLAST annotation (0.96) against NCBI nr database,FC-031,present
Hakai-FCBB-FC-033,Hakai-FCBB-FC-033-ASV3-12S-occ,MaterialSample,"Cymatogaster aggregata Gibbons, 1854",urn:lsid:marinespecies.org:taxname:280461,Species,"Gibbons, 1854",Animalia,Chordata,Teleostei,Ovalentaria incertae sedis,Embiotocidae,Cymatogaster,9,DNA sequence reads,9,DNA sequence reads,Cymatogaster aggregata,http://www.ncbi.nlm.nih.gov/bioproject/1049344,BLAST annotation (0.96) against NCBI nr database,FC-033,present
Hakai-FCBB-FC-034,Hakai-FCBB-FC-034-ASV3-12S-occ,MaterialSample,"Cymatogaster aggregata Gibbons, 1854",urn:lsid:marinespecies.org:taxname:280461,Species,"Gibbons, 1854",Animalia,Chordata,Teleostei,Ovalentaria incertae sedis,Embiotocidae,Cymatogaster,23,DNA sequence reads,23,DNA sequence reads,Cymatogaster aggregata,http://www.ncbi.nlm.nih.gov/bioproject/1049344,BLAST annotation (0.96) against NCBI nr database,FC-034,present
Hakai-FCBB-FC-037,Hakai-FCBB-FC-037-ASV3-12S-occ,MaterialSample,"Cymatogaster aggregata Gibbons, 1854",urn:lsid:marinespecies.org:taxname:280461,Species,"Gibbons, 1854",Animalia,Chordata,Teleostei,Ovalentaria incertae sedis,Embiotocidae,Cymatogaster,35,DNA sequence reads,35,DNA sequence reads,Cymatogaster aggregata,http://www.ncbi.nlm.nih.gov/bioproject/1049344,BLAST annotation (0.96) against NCBI nr database,FC-037,present
Hakai-FCBB-FC-038,Hakai-FCBB-FC-038-ASV3-12S-occ,MaterialSample,"Cymatogaster aggregata Gibbons, 1854",urn:lsid:marinespecies.org:taxname:280461,Species,"Gibbons, 1854",Animalia,Chordata,Teleostei,Ovalentaria incertae sedis,Embiotocidae,Cymatogaster,29,DNA sequence reads,29,DNA sequence reads,Cymatogaster aggregata,http://www.ncbi.nlm.nih.gov/bioproject/1049344,BLAST annotation (0.96) against NCBI nr database,FC-038,present
Hakai-FCBB-FC-039,Hakai-FCBB-FC-039-ASV3-12S-occ,MaterialSample,"Cymatogaster aggregata Gibbons, 1854",urn:lsid:marinespecies.org:taxname:280461,Species,"Gibbons, 1854",Animalia,Chordata,Teleostei,Ovalentaria incertae sedis,Embiotocidae,Cymatogaster,66181,DNA sequence reads,66181,DNA sequence reads,Cymatogaster aggregata,http://www.ncbi.nlm.nih.gov/bioproject/1049344,BLAST annotation (0.96) against NCBI nr database,FC-039,present
Hakai-FCBB-FC-040,Hakai-FCBB-FC-040-ASV3-12S-occ,MaterialSample,"Cymatogaster aggregata Gibbons, 1854",urn:lsid:marinespecies.org:taxname:280461,Species,"Gibbons, 1854",Animalia,Chordata,Teleostei,Ovalentaria incertae sedis,Embiotocidae,Cymatogaster,101,DNA sequence reads,101,DNA sequence reads,Cymatogaster aggregata,http://www.ncbi.nlm.nih.gov/bioproject/1049344,BLAST annotation (0.96) against NCBI nr database,FC-040,present
Hakai-FCBB-FC-041,Hakai-FCBB-FC-041-ASV3-12S-occ,MaterialSample,"Cymatogaster aggregata Gibbons, 1854",urn:lsid:marinespecies.org:taxname:280461,Species,"Gibbons, 1854",Animalia,Chordata,Teleostei,Ovalentaria incertae sedis,Embiotocidae,Cymatogaster,23,DNA sequence reads,23,DNA sequence reads,Cymatogaster aggregata,http://www.ncbi.nlm.nih.gov/bioproject/1049344,BLAST annotation (0.96) against NCBI nr database,FC-041,present
Hakai-FCBB-FC-042,Hakai-FCBB-FC-042-ASV3-12S-occ,MaterialSample,"Cymatogaster aggregata Gibbons, 1854",urn:lsid:marinespecies.org:taxname:280461,Species,"Gibbons, 1854",Animalia,Chordata,Teleostei,Ovalentaria incertae sedis,Embiotocidae,Cymatogaster,20,DNA sequence reads,20,DNA sequence reads,Cymatogaster aggregata,http://www.ncbi.nlm.nih.gov/bioproject/1049344,BLAST annotation (0.96) against NCBI nr database,FC-042,present
Hakai-FCBB-FC-044,Hakai-FCBB-FC-044-ASV3-12S-occ,MaterialSample,"Cymatogaster aggregata Gibbons, 1854",urn:lsid:marinespecies.org:taxname:280461,Species,"Gibbons, 1854",Animalia,Chordata,Teleostei,Ovalentaria incertae sedis,Embiotocidae,Cymatogaster,4,DNA sequence reads,4,DNA sequence reads,Cymatogaster aggregata,http://www.ncbi.nlm.nih.gov/bioproject/1049344,BLAST annotation (0.96) against NCBI nr database,FC-044,present
Hakai-FCBB-FC-045,Hakai-FCBB-FC-045-ASV3-12S-occ,MaterialSample,"Cymatogaster aggregata Gibbons, 1854",urn:lsid:marinespecies.org:taxname:280461,Species,"Gibbons, 1854",Animalia,Chordata,Teleostei,Ovalentaria incertae sedis,Embiotocidae,Cymatogaster,46271,DNA sequence reads,46271,DNA sequence reads,Cymatogaster aggregata,http://www.ncbi.nlm.nih.gov/bioproject/1049344,BLAST annotation (0.96) against NCBI nr database,FC-045,present
Hakai-FCBB-FC-046,Hakai-FCBB-FC-046-ASV3-12S-occ,MaterialSample,"Cymatogaster aggregata Gibbons, 1854",urn:lsid:marinespecies.org:taxname:280461,Species,"Gibbons, 1854",Animalia,Chordata,Teleostei,Ovalentaria incertae sedis,Embiotocidae,Cymatogaster,45059,DNA sequence reads,45059,DNA sequence reads,Cymatogaster aggregata,http://www.ncbi.nlm.nih.gov/bioproject/1049344,BLAST annotation (0.96) against NCBI nr database,FC-046,present
Hakai-FCBB-FC-047,Hakai-FCBB-FC-047-ASV3-12S-occ,MaterialSample,"Cymatogaster aggregata Gibbons, 1854",urn:lsid:marinespecies.org:taxname:280461,Species,"Gibbons, 1854",Animalia,Chordata,Teleostei,Ovalentaria incertae sedis,Embiotocidae,Cymatogaster,24,DNA sequence reads,24,DNA sequence reads,Cymatogaster aggregata,http://www.ncbi.nlm.nih.gov/bioproject/1049344,BLAST annotation (0.96) against NCBI nr database,FC-047,present
Hakai-FCBB-FC-048,Hakai-FCBB-FC-048-ASV3-12S-occ,MaterialSample,"Cymatogaster aggregata Gibbons, 1854",urn:lsid:marinespecies.org:taxname:280461,Species,"Gibbons, 1854",Animalia,Chordata,Teleostei,Ovalentaria incertae sedis,Embiotocidae,Cymatogaster,94,DNA sequence reads,94,DNA sequence reads,Cymatogaster aggregata,http://www.ncbi.nlm.nih.gov/bioproject/1049344,BLAST annotation (0.96) against NCBI nr database,FC-048,present
Hakai-FCBB-FC-049,Hakai-FCBB-FC-049-ASV3-12S-occ,MaterialSample,"Cymatogaster aggregata Gibbons, 1854",urn:lsid:marinespecies.org:taxname:280461,Species,"Gibbons, 1854",Animalia,Chordata,Teleostei,Ovalentaria incertae sedis,Embiotocidae,Cymatogaster,96,DNA sequence reads,96,DNA sequence reads,Cymatogaster aggregata,http://www.ncbi.nlm.nih.gov/bioproject/1049344,BLAST annotation (0.96) against NCBI nr database,FC-049,present
Hakai-FCBB-FC-050,Hakai-FCBB-FC-050-ASV3-12S-occ,MaterialSample,"Cymatogaster aggregata Gibbons, 1854",urn:lsid:marinespecies.org:taxname:280461,Species,"Gibbons, 1854",Animalia,Chordata,Teleostei,Ovalentaria incertae sedis,Embiotocidae,Cymatogaster,74627,DNA sequence reads,74627,DNA sequence reads,Cymatogaster aggregata,http://www.ncbi.nlm.nih.gov/bioproject/1049344,BLAST annotation (0.96) against NCBI nr database,FC-050,present
Hakai-FCBB-FC-051,Hakai-FCBB-FC-051-ASV3-12S-occ,MaterialSample,"Cymatogaster aggregata Gibbons, 1854",urn:lsid:marinespecies.org:taxname:280461,Species,"Gibbons, 1854",Animalia,Chordata,Teleostei,Ovalentaria incertae sedis,Embiotocidae,Cymatogaster,13759,DNA sequence reads,13759,DNA sequence reads,Cymatogaster aggregata,http://www.ncbi.nlm.nih.gov/bioproject/1049344,BLAST annotation (0.96) against NCBI nr database,FC-051,present
Hakai-FCBB-FC-052,Hakai-FCBB-FC-052-ASV3-12S-occ,MaterialSample,"Cymatogaster aggregata Gibbons, 1854",urn:lsid:marinespecies.org:taxname:280461,Species,"Gibbons, 1854",Animalia,Chordata,Teleostei,Ovalentaria incertae sedis,Embiotocidae,Cymatogaster,41831,DNA sequence reads,41831,DNA sequence reads,Cymatogaster aggregata,http://www.ncbi.nlm.nih.gov/bioproject/1049344,BLAST annotation (0.96) against NCBI nr database,FC-052,present
Hakai-FCBB-FC-053,Hakai-FCBB-FC-053-ASV3-12S-occ,MaterialSample,"Cymatogaster aggregata Gibbons, 1854",urn:lsid:marinespecies.org:taxname:280461,Species,"Gibbons, 1854",Animalia,Chordata,Teleostei,Ovalentaria incertae sedis,Embiotocidae,Cymatogaster,42121,DNA sequence reads,42121,DNA sequence reads,Cymatogaster aggregata,http://www.ncbi.nlm.nih.gov/bioproject/1049344,BLAST annotation (0.96) against NCBI nr database,FC-053,present
Hakai-FCBB-FC-054,Hakai-FCBB-FC-054-ASV3-12S-occ,MaterialSample,"Cymatogaster aggregata Gibbons, 1854",urn:lsid:marinespecies.org:taxname:280461,Species,"Gibbons, 1854",Animalia,Chordata,Teleostei,Ovalentaria incertae sedis,Embiotocidae,Cymatogaster,24830,DNA sequence reads,24830,DNA sequence reads,Cymatogaster aggregata,http://www.ncbi.nlm.nih.gov/bioproject/1049344,BLAST annotation (0.96) against NCBI nr database,FC-054,present
Hakai-FCBB-FC-055,Hakai-FCBB-FC-055-ASV3-12S-occ,MaterialSample,"Cymatogaster aggregata Gibbons, 1854",urn:lsid:marinespecies.org:taxname:280461,Species,"Gibbons, 1854",Animalia,Chordata,Teleostei,Ovalentaria incertae sedis,Embiotocidae,Cymatogaster,26556,DNA sequence reads,26556,DNA sequence reads,Cymatogaster aggregata,http://www.ncbi.nlm.nih.gov/bioproject/1049344,BLAST annotation (0.96) against NCBI nr database,FC-055,present
Hakai-FCBB-FC-056,Hakai-FCBB-FC-056-ASV3-12S-occ,MaterialSample,"Cymatogaster aggregata Gibbons, 1854",urn:lsid:marinespecies.org:taxname:280461,Species,"Gibbons, 1854",Animalia,Chordata,Teleostei,Ovalentaria incertae sedis,Embiotocidae,Cymatogaster,748717,DNA sequence reads,748717,DNA sequence reads,Cymatogaster aggregata,http://www.ncbi.nlm.nih.gov/bioproject/1049344,BLAST annotation (0.96) against NCBI nr database,FC-056,present
Hakai-FCBB-FC-057,Hakai-FCBB-FC-057-ASV3-12S-occ,MaterialSample,"Cymatogaster aggregata Gibbons, 1854",urn:lsid:marinespecies.org:taxname:280461,Species,"Gibbons, 1854",Animalia,Chordata,Teleostei,Ovalentaria incertae sedis,Embiotocidae,Cymatogaster,13763,DNA sequence reads,13763,DNA sequence reads,Cymatogaster aggregata,http://www.ncbi.nlm.nih.gov/bioproject/1049344,BLAST annotation (0.96) against NCBI nr database,FC-057,present
Hakai-FCBB-FC-058,Hakai-FCBB-FC-058-ASV3-12S-occ,MaterialSample,"Cymatogaster aggregata Gibbons, 1854",urn:lsid:marinespecies.org:taxname:280461,Species,"Gibbons, 1854",Animalia,Chordata,Teleostei,Ovalentaria incertae sedis,Embiotocidae,Cymatogaster,12,DNA sequence reads,12,DNA sequence reads,Cymatogaster aggregata,http://www.ncbi.nlm.nih.gov/bioproject/1049344,BLAST annotation (0.96) against NCBI nr database,FC-058,present
Hakai-FCBB-FC-061,Hakai-FCBB-FC-061-ASV3-12S-occ,MaterialSample,"Cymatogaster aggregata Gibbons, 1854",urn:lsid:marinespecies.org:taxname:280461,Species,"Gibbons, 1854",Animalia,Chordata,Teleostei,Ovalentaria incertae sedis,Embiotocidae,Cymatogaster,13,DNA sequence reads,13,DNA sequence reads,Cymatogaster aggregata,http://www.ncbi.nlm.nih.gov/bioproject/1049344,BLAST annotation (0.96) against NCBI nr database,FC-061,present
Hakai-FCBB-FC-063,Hakai-FCBB-FC-063-ASV3-12S-occ,MaterialSample,"Cymatogaster aggregata Gibbons, 1854",urn:lsid:marinespecies.org:taxname:280461,Species,"Gibbons, 1854",Animalia,Chordata,Teleostei,Ovalentaria incertae sedis,Embiotocidae,Cymatogaster,20,DNA sequence reads,20,DNA sequence reads,Cymatogaster aggregata,http://www.ncbi.nlm.nih.gov/bioproject/1049344,BLAST annotation (0.96) against NCBI nr database,FC-063,present
Hakai-FCBB-FC-064,Hakai-FCBB-FC-064-ASV3-12S-occ,MaterialSample,"Cymatogaster aggregata Gibbons, 1854",urn:lsid:marinespecies.org:taxname:280461,Species,"Gibbons, 1854",Animalia,Chordata,Teleostei,Ovalentaria incertae sedis,Embiotocidae,Cymatogaster,55,DNA sequence reads,55,DNA sequence reads,Cymatogaster aggregata,http://www.ncbi.nlm.nih.gov/bioproject/1049344,BLAST annotation (0.96) against NCBI nr database,FC-064,present
Hakai-FCBB-FC-066,Hakai-FCBB-FC-066-ASV3-12S-occ,MaterialSample,"Cymatogaster aggregata Gibbons, 1854",urn:lsid:marinespecies.org:taxname:280461,Species,"Gibbons, 1854",Animalia,Chordata,Teleostei,Ovalentaria incertae sedis,Embiotocidae,Cymatogaster,3992,DNA sequence reads,3992,DNA sequence reads,Cymatogaster aggregata,http://www.ncbi.nlm.nih.gov/bioproject/1049344,BLAST annotation (0.96) against NCBI nr database,FC-066,present
Hakai-FCBB-FC-069,Hakai-FCBB-FC-069-ASV3-12S-occ,MaterialSample,"Cymatogaster aggregata Gibbons, 1854",urn:lsid:marinespecies.org:taxname:280461,Species,"Gibbons, 1854",Animalia,Chordata,Teleostei,Ovalentaria incertae sedis,Embiotocidae,Cymatogaster,24,DNA sequence reads,24,DNA sequence reads,Cymatogaster aggregata,http://www.ncbi.nlm.nih.gov/bioproject/1049344,BLAST annotation (0.96) against NCBI nr database,FC-069,present
Hakai-FCBB-FC-072,Hakai-FCBB-FC-072-ASV3-12S-occ,MaterialSample,"Cymatogaster aggregata Gibbons, 1854",urn:lsid:marinespecies.org:taxname:280461,Species,"Gibbons, 1854",Animalia,Chordata,Teleostei,Ovalentaria incertae sedis,Embiotocidae,Cymatogaster,22,DNA sequence reads,22,DNA sequence reads,Cymatogaster aggregata,http://www.ncbi.nlm.nih.gov/bioproject/1049344,BLAST annotation (0.96) against NCBI nr database,FC-072,present
Hakai-FCBB-FC-036,Hakai-FCBB-FC-036-ASV30-12S-occ,MaterialSample,"Gasterosteus aculeatus Linnaeus, 1758",urn:lsid:marinespecies.org:taxname:126505,Species,"Linnaeus, 1758",Animalia,Chordata,Teleostei,Perciformes,Gasterosteidae,Gasterosteus,22263,DNA sequence reads,22263,DNA sequence reads,Gasterosteus aculeatus,http://www.ncbi.nlm.nih.gov/bioproject/1049344,BLAST annotation (0.96) against NCBI nr database,FC-036,present
Hakai-FCBB-FC-026,Hakai-FCBB-FC-026-ASV31-12S-occ,MaterialSample,"Engraulis mordax Girard, 1854",urn:lsid:marinespecies.org:taxname:272286,Species,"Girard, 1854",Animalia,Chordata,Teleostei,Clupeiformes,Engraulidae,Engraulis,21103,DNA sequence reads,21103,DNA sequence reads,Engraulis mordax,http://www.ncbi.nlm.nih.gov/bioproject/1049344,BLAST annotation (0.96) against NCBI nr database,FC-026,present
Hakai-FCBB-FC-046,Hakai-FCBB-FC-046-ASV33-12S-occ,MaterialSample,"Cymatogaster aggregata Gibbons, 1854",urn:lsid:marinespecies.org:taxname:280461,Species,"Gibbons, 1854",Animalia,Chordata,Teleostei,Ovalentaria incertae sedis,Embiotocidae,Cymatogaster,20378,DNA sequence reads,20378,DNA sequence reads,Cymatogaster aggregata,http://www.ncbi.nlm.nih.gov/bioproject/1049344,BLAST annotation (0.96) against NCBI nr database,FC-046,present
Hakai-FCBB-FC-026,Hakai-FCBB-FC-026-ASV34-12S-occ,MaterialSample,"Citharichthys stigmaeus Jordan & Gilbert, 1882",urn:lsid:marinespecies.org:taxname:275696,Species,"Jordan & Gilbert, 1882",Animalia,Chordata,Teleostei,Pleuronectiformes,Paralichthyidae,Citharichthys,1668,DNA sequence reads,1668,DNA sequence reads,Citharichthys stigmaeus,http://www.ncbi.nlm.nih.gov/bioproject/1049344,BLAST annotation (0.96) against NCBI nr database,FC-026,present
Hakai-FCBB-FC-027,Hakai-FCBB-FC-027-ASV34-12S-occ,MaterialSample,"Citharichthys stigmaeus Jordan & Gilbert, 1882",urn:lsid:marinespecies.org:taxname:275696,Species,"Jordan & Gilbert, 1882",Animalia,Chordata,Teleostei,Pleuronectiformes,Paralichthyidae,Citharichthys,18067,DNA sequence reads,18067,DNA sequence reads,Citharichthys stigmaeus,http://www.ncbi.nlm.nih.gov/bioproject/1049344,BLAST annotation (0.96) against NCBI nr database,FC-027,present
Hakai-FCBB-FC-052,Hakai-FCBB-FC-052-ASV35-12S-occ,MaterialSample,"Enophrys bison (Girard, 1854)",urn:lsid:marinespecies.org:taxname:275355,Species,"(Girard, 1854)",Animalia,Chordata,Teleostei,Perciformes,Cottidae,Enophrys,19598,DNA sequence reads,19598,DNA sequence reads,Enophrys bison,http://www.ncbi.nlm.nih.gov/bioproject/1049344,BLAST annotation (0.96) against NCBI nr database,FC-052,present
Hakai-FCBB-FC-041,Hakai-FCBB-FC-041-ASV36-12S-occ,MaterialSample,"Engraulis mordax Girard, 1854",urn:lsid:marinespecies.org:taxname:272286,Species,"Girard, 1854",Animalia,Chordata,Teleostei,Clupeiformes,Engraulidae,Engraulis,18220,DNA sequence reads,18220,DNA sequence reads,Engraulis mordax,http://www.ncbi.nlm.nih.gov/bioproject/1049344,BLAST annotation (0.96) against NCBI nr database,FC-041,present
Hakai-FCBB-FC-042,Hakai-FCBB-FC-042-ASV37-12S-occ,MaterialSample,"Gasterosteus aculeatus Linnaeus, 1758",urn:lsid:marinespecies.org:taxname:126505,Species,"Linnaeus, 1758",Animalia,Chordata,Teleostei,Perciformes,Gasterosteidae,Gasterosteus,17783,DNA sequence reads,17783,DNA sequence reads,Gasterosteus aculeatus,http://www.ncbi.nlm.nih.gov/bioproject/1049344,BLAST annotation (0.96) against NCBI nr database,FC-042,present
Hakai-FCBB-FC-030,Hakai-FCBB-FC-030-ASV38-12S-occ,MaterialSample,"Gasterosteus aculeatus Linnaeus, 1758",urn:lsid:marinespecies.org:taxname:126505,Species,"Linnaeus, 1758",Animalia,Chordata,Teleostei,Perciformes,Gasterosteidae,Gasterosteus,17691,DNA sequence reads,17691,DNA sequence reads,Gasterosteus aculeatus,http://www.ncbi.nlm.nih.gov/bioproject/1049344,BLAST annotation (0.96) against NCBI nr database,FC-030,present
Hakai-FCBB-FC-006,Hakai-FCBB-FC-006-ASV39-12S-occ,MaterialSample,"Engraulis mordax Girard, 1854",urn:lsid:marinespecies.org:taxname:272286,Species,"Girard, 1854",Animalia,Chordata,Teleostei,Clupeiformes,Engraulidae,Engraulis,17032,DNA sequence reads,17032,DNA sequence reads,Engraulis mordax,http://www.ncbi.nlm.nih.gov/bioproject/1049344,BLAST annotation (0.96) against NCBI nr database,FC-006,present
Hakai-FCBB-FC-016,Hakai-FCBB-FC-016-ASV4-12S-occ,MaterialSample,"Oncorhynchus kisutch (Walbaum, 1792)",urn:lsid:marinespecies.org:taxname:127184,Species,"(Walbaum, 1792)",Animalia,Chordata,Teleostei,Salmoniformes,Salmonidae,Oncorhynchus,75,DNA sequence reads,75,DNA sequence reads,Oncorhynchus kisutch,http://www.ncbi.nlm.nih.gov/bioproject/1049344,BLAST annotation (0.96) against NCBI nr database,FC-016,present
Hakai-FCBB-FC-040,Hakai-FCBB-FC-040-ASV4-12S-occ,MaterialSample,"Oncorhynchus kisutch (Walbaum, 1792)",urn:lsid:marinespecies.org:taxname:127184,Species,"(Walbaum, 1792)",Animalia,Chordata,Teleostei,Salmoniformes,Salmonidae,Oncorhynchus,50,DNA sequence reads,50,DNA sequence reads,Oncorhynchus kisutch,http://www.ncbi.nlm.nih.gov/bioproject/1049344,BLAST annotation (0.96) against NCBI nr database,FC-040,present
Hakai-FCBB-FC-050,Hakai-FCBB-FC-050-ASV4-12S-occ,MaterialSample,"Oncorhynchus kisutch (Walbaum, 1792)",urn:lsid:marinespecies.org:taxname:127184,Species,"(Walbaum, 1792)",Animalia,Chordata,Teleostei,Salmoniformes,Salmonidae,Oncorhynchus,71,DNA sequence reads,71,DNA sequence reads,Oncorhynchus kisutch,http://www.ncbi.nlm.nih.gov/bioproject/1049344,BLAST annotation (0.96) against NCBI nr database,FC-050,present
Hakai-FCBB-FC-056,Hakai-FCBB-FC-056-ASV4-12S-occ,MaterialSample,"Oncorhynchus kisutch (Walbaum, 1792)",urn:lsid:marinespecies.org:taxname:127184,Species,"(Walbaum, 1792)",Animalia,Chordata,Teleostei,Salmoniformes,Salmonidae,Oncorhynchus,916189,DNA sequence reads,916189,DNA sequence reads,Oncorhynchus kisutch,http://www.ncbi.nlm.nih.gov/bioproject/1049344,BLAST annotation (0.96) against NCBI nr database,FC-056,present
Hakai-FCBB-FC-027,Hakai-FCBB-FC-027-ASV40-12S-occ,MaterialSample,"Engraulis mordax Girard, 1854",urn:lsid:marinespecies.org:taxname:272286,Species,"Girard, 1854",Animalia,Chordata,Teleostei,Clupeiformes,Engraulidae,Engraulis,15485,DNA sequence reads,15485,DNA sequence reads,Engraulis mordax,http://www.ncbi.nlm.nih.gov/bioproject/1049344,BLAST annotation (0.96) against NCBI nr database,FC-027,present
Hakai-FCBB-FC-013,Hakai-FCBB-FC-013-ASV43-12S-occ,MaterialSample,"Gasterosteus aculeatus Linnaeus, 1758",urn:lsid:marinespecies.org:taxname:126505,Species,"Linnaeus, 1758",Animalia,Chordata,Teleostei,Perciformes,Gasterosteidae,Gasterosteus,13029,DNA sequence reads,13029,DNA sequence reads,Gasterosteus aculeatus,http://www.ncbi.nlm.nih.gov/bioproject/1049344,BLAST annotation (0.96) against NCBI nr database,FC-013,present
Hakai-FCBB-FC-054,Hakai-FCBB-FC-054-ASV45-12S-occ,MaterialSample,"Cymatogaster aggregata Gibbons, 1854",urn:lsid:marinespecies.org:taxname:280461,Species,"Gibbons, 1854",Animalia,Chordata,Teleostei,Ovalentaria incertae sedis,Embiotocidae,Cymatogaster,11058,DNA sequence reads,11058,DNA sequence reads,Cymatogaster aggregata,http://www.ncbi.nlm.nih.gov/bioproject/1049344,BLAST annotation (0.96) against NCBI nr database,FC-054,present
Hakai-FCBB-FC-055,Hakai-FCBB-FC-055-ASV47-12S-occ,MaterialSample,"Oncorhynchus tshawytscha (Walbaum, 1792)",urn:lsid:marinespecies.org:taxname:158075,Species,"(Walbaum, 1792)",Animalia,Chordata,Teleostei,Salmoniformes,Salmonidae,Oncorhynchus,10843,DNA sequence reads,10843,DNA sequence reads,Oncorhynchus tshawytscha,http://www.ncbi.nlm.nih.gov/bioproject/1049344,BLAST annotation (0.96) against NCBI nr database,FC-055,present
Hakai-FCBB-FC-052,Hakai-FCBB-FC-052-ASV48-12S-occ,MaterialSample,"Hexagrammos agrammus (Temminck & Schlegel, 1843)",urn:lsid:marinespecies.org:taxname:279410,Species,"(Temminck & Schlegel, 1843)",Animalia,Chordata,Teleostei,Perciformes,Hexagrammidae,Hexagrammos,10229,DNA sequence reads,10229,DNA sequence reads,Hexagrammos agrammus,http://www.ncbi.nlm.nih.gov/bioproject/1049344,BLAST annotation (0.96) against NCBI nr database,FC-052,present
Hakai-FCBB-FC-055,Hakai-FCBB-FC-055-ASV49-12S-occ,MaterialSample,"Oncorhynchus nerka (Walbaum, 1792)",urn:lsid:marinespecies.org:taxname:254569,Species,"(Walbaum, 1792)",Animalia,Chordata,Teleostei,Salmoniformes,Salmonidae,Oncorhynchus,7504,DNA sequence reads,7504,DNA sequence reads,Oncorhynchus nerka,http://www.ncbi.nlm.nih.gov/bioproject/1049344,BLAST annotation (0.96) against NCBI nr database,FC-055,present
Hakai-FCBB-FC-002,Hakai-FCBB-FC-002-ASV5-12S-occ,MaterialSample,"Gasterosteus aculeatus Linnaeus, 1758",urn:lsid:marinespecies.org:taxname:126505,Species,"Linnaeus, 1758",Animalia,Chordata,Teleostei,Perciformes,Gasterosteidae,Gasterosteus,22,DNA sequence reads,22,DNA sequence reads,Gasterosteus aculeatus,http://www.ncbi.nlm.nih.gov/bioproject/1049344,BLAST annotation (0.96) against NCBI nr database,FC-002,present
Hakai-FCBB-FC-004,Hakai-FCBB-FC-004-ASV5-12S-occ,MaterialSample,"Gasterosteus aculeatus Linnaeus, 1758",urn:lsid:marinespecies.org:taxname:126505,Species,"Linnaeus, 1758",Animalia,Chordata,Teleostei,Perciformes,Gasterosteidae,Gasterosteus,25,DNA sequence reads,25,DNA sequence reads,Gasterosteus aculeatus,http://www.ncbi.nlm.nih.gov/bioproject/1049344,BLAST annotation (0.96) against NCBI nr database,FC-004,present
Hakai-FCBB-FC-006,Hakai-FCBB-FC-006-ASV5-12S-occ,MaterialSample,"Gasterosteus aculeatus Linnaeus, 1758",urn:lsid:marinespecies.org:taxname:126505,Species,"Linnaeus, 1758",Animalia,Chordata,Teleostei,Perciformes,Gasterosteidae,Gasterosteus,21,DNA sequence reads,21,DNA sequence reads,Gasterosteus aculeatus,http://www.ncbi.nlm.nih.gov/bioproject/1049344,BLAST annotation (0.96) against NCBI nr database,FC-006,present
Hakai-FCBB-FC-007,Hakai-FCBB-FC-007-ASV5-12S-occ,MaterialSample,"Gasterosteus aculeatus Linnaeus, 1758",urn:lsid:marinespecies.org:taxname:126505,Species,"Linnaeus, 1758",Animalia,Chordata,Teleostei,Perciformes,Gasterosteidae,Gasterosteus,33782,DNA sequence reads,33782,DNA sequence reads,Gasterosteus aculeatus,http://www.ncbi.nlm.nih.gov/bioproject/1049344,BLAST annotation (0.96) against NCBI nr database,FC-007,present
Hakai-FCBB-FC-008,Hakai-FCBB-FC-008-ASV5-12S-occ,MaterialSample,"Gasterosteus aculeatus Linnaeus, 1758",urn:lsid:marinespecies.org:taxname:126505,Species,"Linnaeus, 1758",Animalia,Chordata,Teleostei,Perciformes,Gasterosteidae,Gasterosteus,10,DNA sequence reads,10,DNA sequence reads,Gasterosteus aculeatus,http://www.ncbi.nlm.nih.gov/bioproject/1049344,BLAST annotation (0.96) against NCBI nr database,FC-008,present
Hakai-FCBB-FC-010,Hakai-FCBB-FC-010-ASV5-12S-occ,MaterialSample,"Gasterosteus aculeatus Linnaeus, 1758",urn:lsid:marinespecies.org:taxname:126505,Species,"Linnaeus, 1758",Animalia,Chordata,Teleostei,Perciformes,Gasterosteidae,Gasterosteus,12958,DNA sequence reads,12958,DNA sequence reads,Gasterosteus aculeatus,http://www.ncbi.nlm.nih.gov/bioproject/1049344,BLAST annotation (0.96) against NCBI nr database,FC-010,present
Hakai-FCBB-FC-012,Hakai-FCBB-FC-012-ASV5-12S-occ,MaterialSample,"Gasterosteus aculeatus Linnaeus, 1758",urn:lsid:marinespecies.org:taxname:126505,Species,"Linnaeus, 1758",Animalia,Chordata,Teleostei,Perciformes,Gasterosteidae,Gasterosteus,32,DNA sequence reads,32,DNA sequence reads,Gasterosteus aculeatus,http://www.ncbi.nlm.nih.gov/bioproject/1049344,BLAST annotation (0.96) against NCBI nr database,FC-012,present
Hakai-FCBB-FC-014,Hakai-FCBB-FC-014-ASV5-12S-occ,MaterialSample,"Gasterosteus aculeatus Linnaeus, 1758",urn:lsid:marinespecies.org:taxname:126505,Species,"Linnaeus, 1758",Animalia,Chordata,Teleostei,Perciformes,Gasterosteidae,Gasterosteus,24,DNA sequence reads,24,DNA sequence reads,Gasterosteus aculeatus,http://www.ncbi.nlm.nih.gov/bioproject/1049344,BLAST annotation (0.96) against NCBI nr database,FC-014,present
Hakai-FCBB-FC-016,Hakai-FCBB-FC-016-ASV5-12S-occ,MaterialSample,"Gasterosteus aculeatus Linnaeus, 1758",urn:lsid:marinespecies.org:taxname:126505,Species,"Linnaeus, 1758",Animalia,Chordata,Teleostei,Perciformes,Gasterosteidae,Gasterosteus,35483,DNA sequence reads,35483,DNA sequence reads,Gasterosteus aculeatus,http://www.ncbi.nlm.nih.gov/bioproject/1049344,BLAST annotation (0.96) against NCBI nr database,FC-016,present
Hakai-FCBB-FC-017,Hakai-FCBB-FC-017-ASV5-12S-occ,MaterialSample,"Gasterosteus aculeatus Linnaeus, 1758",urn:lsid:marinespecies.org:taxname:126505,Species,"Linnaeus, 1758",Animalia,Chordata,Teleostei,Perciformes,Gasterosteidae,Gasterosteus,18137,DNA sequence reads,18137,DNA sequence reads,Gasterosteus aculeatus,http://www.ncbi.nlm.nih.gov/bioproject/1049344,BLAST annotation (0.96) against NCBI nr database,FC-017,present
Hakai-FCBB-FC-018,Hakai-FCBB-FC-018-ASV5-12S-occ,MaterialSample,"Gasterosteus aculeatus Linnaeus, 1758",urn:lsid:marinespecies.org:taxname:126505,Species,"Linnaeus, 1758",Animalia,Chordata,Teleostei,Perciformes,Gasterosteidae,Gasterosteus,42,DNA sequence reads,42,DNA sequence reads,Gasterosteus aculeatus,http://www.ncbi.nlm.nih.gov/bioproject/1049344,BLAST annotation (0.96) against NCBI nr database,FC-018,present
Hakai-FCBB-FC-019,Hakai-FCBB-FC-019-ASV5-12S-occ,MaterialSample,"Gasterosteus aculeatus Linnaeus, 1758",urn:lsid:marinespecies.org:taxname:126505,Species,"Linnaeus, 1758",Animalia,Chordata,Teleostei,Perciformes,Gasterosteidae,Gasterosteus,14742,DNA sequence reads,14742,DNA sequence reads,Gasterosteus aculeatus,http://www.ncbi.nlm.nih.gov/bioproject/1049344,BLAST annotation (0.96) against NCBI nr database,FC-019,present
Hakai-FCBB-FC-020,Hakai-FCBB-FC-020-ASV5-12S-occ,MaterialSample,"Gasterosteus aculeatus Linnaeus, 1758",urn:lsid:marinespecies.org:taxname:126505,Species,"Linnaeus, 1758",Animalia,Chordata,Teleostei,Perciformes,Gasterosteidae,Gasterosteus,43,DNA sequence reads,43,DNA sequence reads,Gasterosteus aculeatus,http://www.ncbi.nlm.nih.gov/bioproject/1049344,BLAST annotation (0.96) against NCBI nr database,FC-020,present
Hakai-FCBB-FC-021,Hakai-FCBB-FC-021-ASV5-12S-occ,MaterialSample,"Gasterosteus aculeatus Linnaeus, 1758",urn:lsid:marinespecies.org:taxname:126505,Species,"Linnaeus, 1758",Animalia,Chordata,Teleostei,Perciformes,Gasterosteidae,Gasterosteus,54477,DNA sequence reads,54477,DNA sequence reads,Gasterosteus aculeatus,http://www.ncbi.nlm.nih.gov/bioproject/1049344,BLAST annotation (0.96) against NCBI nr database,FC-021,present
Hakai-FCBB-FC-022,Hakai-FCBB-FC-022-ASV5-12S-occ,MaterialSample,"Gasterosteus aculeatus Linnaeus, 1758",urn:lsid:marinespecies.org:taxname:126505,Species,"Linnaeus, 1758",Animalia,Chordata,Teleostei,Perciformes,Gasterosteidae,Gasterosteus,30,DNA sequence reads,30,DNA sequence reads,Gasterosteus aculeatus,http://www.ncbi.nlm.nih.gov/bioproject/1049344,BLAST annotation (0.96) against NCBI nr database,FC-022,present
Hakai-FCBB-FC-024,Hakai-FCBB-FC-024-ASV5-12S-occ,MaterialSample,"Gasterosteus aculeatus Linnaeus, 1758",urn:lsid:marinespecies.org:taxname:126505,Species,"Linnaeus, 1758",Animalia,Chordata,Teleostei,Perciformes,Gasterosteidae,Gasterosteus,16,DNA sequence reads,16,DNA sequence reads,Gasterosteus aculeatus,http://www.ncbi.nlm.nih.gov/bioproject/1049344,BLAST annotation (0.96) against NCBI nr database,FC-024,present
Hakai-FCBB-FC-025,Hakai-FCBB-FC-025-ASV5-12S-occ,MaterialSample,"Gasterosteus aculeatus Linnaeus, 1758",urn:lsid:marinespecies.org:taxname:126505,Species,"Linnaeus, 1758",Animalia,Chordata,Teleostei,Perciformes,Gasterosteidae,Gasterosteus,15,DNA sequence reads,15,DNA sequence reads,Gasterosteus aculeatus,http://www.ncbi.nlm.nih.gov/bioproject/1049344,BLAST annotation (0.96) against NCBI nr database,FC-025,present
Hakai-FCBB-FC-026,Hakai-FCBB-FC-026-ASV5-12S-occ,MaterialSample,"Gasterosteus aculeatus Linnaeus, 1758",urn:lsid:marinespecies.org:taxname:126505,Species,"Linnaeus, 1758",Animalia,Chordata,Teleostei,Perciformes,Gasterosteidae,Gasterosteus,54,DNA sequence reads,54,DNA sequence reads,Gasterosteus aculeatus,http://www.ncbi.nlm.nih.gov/bioproject/1049344,BLAST annotation (0.96) against NCBI nr database,FC-026,present
Hakai-FCBB-FC-027,Hakai-FCBB-FC-027-ASV5-12S-occ,MaterialSample,"Gasterosteus aculeatus Linnaeus, 1758",urn:lsid:marinespecies.org:taxname:126505,Species,"Linnaeus, 1758",Animalia,Chordata,Teleostei,Perciformes,Gasterosteidae,Gasterosteus,19,DNA sequence reads,19,DNA sequence reads,Gasterosteus aculeatus,http://www.ncbi.nlm.nih.gov/bioproject/1049344,BLAST annotation (0.96) against NCBI nr database,FC-027,present
Hakai-FCBB-FC-028,Hakai-FCBB-FC-028-ASV5-12S-occ,MaterialSample,"Gasterosteus aculeatus Linnaeus, 1758",urn:lsid:marinespecies.org:taxname:126505,Species,"Linnaeus, 1758",Animalia,Chordata,Teleostei,Perciformes,Gasterosteidae,Gasterosteus,69,DNA sequence reads,69,DNA sequence reads,Gasterosteus aculeatus,http://www.ncbi.nlm.nih.gov/bioproject/1049344,BLAST annotation (0.96) against NCBI nr database,FC-028,present
Hakai-FCBB-FC-029,Hakai-FCBB-FC-029-ASV5-12S-occ,MaterialSample,"Gasterosteus aculeatus Linnaeus, 1758",urn:lsid:marinespecies.org:taxname:126505,Species,"Linnaeus, 1758",Animalia,Chordata,Teleostei,Perciformes,Gasterosteidae,Gasterosteus,81201,DNA sequence reads,81201,DNA sequence reads,Gasterosteus aculeatus,http://www.ncbi.nlm.nih.gov/bioproject/1049344,BLAST annotation (0.96) against NCBI nr database,FC-029,present
Hakai-FCBB-FC-030,Hakai-FCBB-FC-030-ASV5-12S-occ,MaterialSample,"Gasterosteus aculeatus Linnaeus, 1758",urn:lsid:marinespecies.org:taxname:126505,Species,"Linnaeus, 1758",Animalia,Chordata,Teleostei,Perciformes,Gasterosteidae,Gasterosteus,84611,DNA sequence reads,84611,DNA sequence reads,Gasterosteus aculeatus,http://www.ncbi.nlm.nih.gov/bioproject/1049344,BLAST annotation (0.96) against NCBI nr database,FC-030,present
Hakai-FCBB-FC-031,Hakai-FCBB-FC-031-ASV5-12S-occ,MaterialSample,"Gasterosteus aculeatus Linnaeus, 1758",urn:lsid:marinespecies.org:taxname:126505,Species,"Linnaeus, 1758",Animalia,Chordata,Teleostei,Perciformes,Gasterosteidae,Gasterosteus,22800,DNA sequence reads,22800,DNA sequence reads,Gasterosteus aculeatus,http://www.ncbi.nlm.nih.gov/bioproject/1049344,BLAST annotation (0.96) against NCBI nr database,FC-031,present
Hakai-FCBB-FC-033,Hakai-FCBB-FC-033-ASV5-12S-occ,MaterialSample,"Gasterosteus aculeatus Linnaeus, 1758",urn:lsid:marinespecies.org:taxname:126505,Species,"Linnaeus, 1758",Animalia,Chordata,Teleostei,Perciformes,Gasterosteidae,Gasterosteus,21,DNA sequence reads,21,DNA sequence reads,Gasterosteus aculeatus,http://www.ncbi.nlm.nih.gov/bioproject/1049344,BLAST annotation (0.96) against NCBI nr database,FC-033,present
Hakai-FCBB-FC-034,Hakai-FCBB-FC-034-ASV5-12S-occ,MaterialSample,"Gasterosteus aculeatus Linnaeus, 1758",urn:lsid:marinespecies.org:taxname:126505,Species,"Linnaeus, 1758",Animalia,Chordata,Teleostei,Perciformes,Gasterosteidae,Gasterosteus,83,DNA sequence reads,83,DNA sequence reads,Gasterosteus aculeatus,http://www.ncbi.nlm.nih.gov/bioproject/1049344,BLAST annotation (0.96) against NCBI nr database,FC-034,present
Hakai-FCBB-FC-035,Hakai-FCBB-FC-035-ASV5-12S-occ,MaterialSample,"Gasterosteus aculeatus Linnaeus, 1758",urn:lsid:marinespecies.org:taxname:126505,Species,"Linnaeus, 1758",Animalia,Chordata,Teleostei,Perciformes,Gasterosteidae,Gasterosteus,33,DNA sequence reads,33,DNA sequence reads,Gasterosteus aculeatus,http://www.ncbi.nlm.nih.gov/bioproject/1049344,BLAST annotation (0.96) against NCBI nr database,FC-035,present
Hakai-FCBB-FC-036,Hakai-FCBB-FC-036-ASV5-12S-occ,MaterialSample,"Gasterosteus aculeatus Linnaeus, 1758",urn:lsid:marinespecies.org:taxname:126505,Species,"Linnaeus, 1758",Animalia,Chordata,Teleostei,Perciformes,Gasterosteidae,Gasterosteus,145538,DNA sequence reads,145538,DNA sequence reads,Gasterosteus aculeatus,http://www.ncbi.nlm.nih.gov/bioproject/1049344,BLAST annotation (0.96) against NCBI nr database,FC-036,present
Hakai-FCBB-FC-037,Hakai-FCBB-FC-037-ASV5-12S-occ,MaterialSample,"Gasterosteus aculeatus Linnaeus, 1758",urn:lsid:marinespecies.org:taxname:126505,Species,"Linnaeus, 1758",Animalia,Chordata,Teleostei,Perciformes,Gasterosteidae,Gasterosteus,46040,DNA sequence reads,46040,DNA sequence reads,Gasterosteus aculeatus,http://www.ncbi.nlm.nih.gov/bioproject/1049344,BLAST annotation (0.96) against NCBI nr database,FC-037,present
Hakai-FCBB-FC-038,Hakai-FCBB-FC-038-ASV5-12S-occ,MaterialSample,"Gasterosteus aculeatus Linnaeus, 1758",urn:lsid:marinespecies.org:taxname:126505,Species,"Linnaeus, 1758",Animalia,Chordata,Teleostei,Perciformes,Gasterosteidae,Gasterosteus,77158,DNA sequence reads,77158,DNA sequence reads,Gasterosteus aculeatus,http://www.ncbi.nlm.nih.gov/bioproject/1049344,BLAST annotation (0.96) against NCBI nr database,FC-038,present
Hakai-FCBB-FC-039,Hakai-FCBB-FC-039-ASV5-12S-occ,MaterialSample,"Gasterosteus aculeatus Linnaeus, 1758",urn:lsid:marinespecies.org:taxname:126505,Species,"Linnaeus, 1758",Animalia,Chordata,Teleostei,Perciformes,Gasterosteidae,Gasterosteus,24,DNA sequence reads,24,DNA sequence reads,Gasterosteus aculeatus,http://www.ncbi.nlm.nih.gov/bioproject/1049344,BLAST annotation (0.96) against NCBI nr database,FC-039,present
Hakai-FCBB-FC-040,Hakai-FCBB-FC-040-ASV5-12S-occ,MaterialSample,"Gasterosteus aculeatus Linnaeus, 1758",urn:lsid:marinespecies.org:taxname:126505,Species,"Linnaeus, 1758",Animalia,Chordata,Teleostei,Perciformes,Gasterosteidae,Gasterosteus,32,DNA sequence reads,32,DNA sequence reads,Gasterosteus aculeatus,http://www.ncbi.nlm.nih.gov/bioproject/1049344,BLAST annotation (0.96) against NCBI nr database,FC-040,present
Hakai-FCBB-FC-042,Hakai-FCBB-FC-042-ASV5-12S-occ,MaterialSample,"Gasterosteus aculeatus Linnaeus, 1758",urn:lsid:marinespecies.org:taxname:126505,Species,"Linnaeus, 1758",Animalia,Chordata,Teleostei,Perciformes,Gasterosteidae,Gasterosteus,44522,DNA sequence reads,44522,DNA sequence reads,Gasterosteus aculeatus,http://www.ncbi.nlm.nih.gov/bioproject/1049344,BLAST annotation (0.96) against NCBI nr database,FC-042,present
Hakai-FCBB-FC-043,Hakai-FCBB-FC-043-ASV5-12S-occ,MaterialSample,"Gasterosteus aculeatus Linnaeus, 1758",urn:lsid:marinespecies.org:taxname:126505,Species,"Linnaeus, 1758",Animalia,Chordata,Teleostei,Perciformes,Gasterosteidae,Gasterosteus,23751,DNA sequence reads,23751,DNA sequence reads,Gasterosteus aculeatus,http://www.ncbi.nlm.nih.gov/bioproject/1049344,BLAST annotation (0.96) against NCBI nr database,FC-043,present
Hakai-FCBB-FC-044,Hakai-FCBB-FC-044-ASV5-12S-occ,MaterialSample,"Gasterosteus aculeatus Linnaeus, 1758",urn:lsid:marinespecies.org:taxname:126505,Species,"Linnaeus, 1758",Animalia,Chordata,Teleostei,Perciformes,Gasterosteidae,Gasterosteus,51,DNA sequence reads,51,DNA sequence reads,Gasterosteus aculeatus,http://www.ncbi.nlm.nih.gov/bioproject/1049344,BLAST annotation (0.96) against NCBI nr database,FC-044,present
Hakai-FCBB-FC-045,Hakai-FCBB-FC-045-ASV5-12S-occ,MaterialSample,"Gasterosteus aculeatus Linnaeus, 1758",urn:lsid:marinespecies.org:taxname:126505,Species,"Linnaeus, 1758",Animalia,Chordata,Teleostei,Perciformes,Gasterosteidae,Gasterosteus,50,DNA sequence reads,50,DNA sequence reads,Gasterosteus aculeatus,http://www.ncbi.nlm.nih.gov/bioproject/1049344,BLAST annotation (0.96) against NCBI nr database,FC-045,present
Hakai-FCBB-FC-046,Hakai-FCBB-FC-046-ASV5-12S-occ,MaterialSample,"Gasterosteus aculeatus Linnaeus, 1758",urn:lsid:marinespecies.org:taxname:126505,Species,"Linnaeus, 1758",Animalia,Chordata,Teleostei,Perciformes,Gasterosteidae,Gasterosteus,30,DNA sequence reads,30,DNA sequence reads,Gasterosteus aculeatus,http://www.ncbi.nlm.nih.gov/bioproject/1049344,BLAST annotation (0.96) against NCBI nr database,FC-046,present
Hakai-FCBB-FC-048,Hakai-FCBB-FC-048-ASV5-12S-occ,MaterialSample,"Gasterosteus aculeatus Linnaeus, 1758",urn:lsid:marinespecies.org:taxname:126505,Species,"Linnaeus, 1758",Animalia,Chordata,Teleostei,Perciformes,Gasterosteidae,Gasterosteus,24372,DNA sequence reads,24372,DNA sequence reads,Gasterosteus aculeatus,http://www.ncbi.nlm.nih.gov/bioproject/1049344,BLAST annotation (0.96) against NCBI nr database,FC-048,present
Hakai-FCBB-FC-049,Hakai-FCBB-FC-049-ASV5-12S-occ,MaterialSample,"Gasterosteus aculeatus Linnaeus, 1758",urn:lsid:marinespecies.org:taxname:126505,Species,"Linnaeus, 1758",Animalia,Chordata,Teleostei,Perciformes,Gasterosteidae,Gasterosteus,40,DNA sequence reads,40,DNA sequence reads,Gasterosteus aculeatus,http://www.ncbi.nlm.nih.gov/bioproject/1049344,BLAST annotation (0.96) against NCBI nr database,FC-049,present
Hakai-FCBB-FC-050,Hakai-FCBB-FC-050-ASV5-12S-occ,MaterialSample,"Gasterosteus aculeatus Linnaeus, 1758",urn:lsid:marinespecies.org:taxname:126505,Species,"Linnaeus, 1758",Animalia,Chordata,Teleostei,Perciformes,Gasterosteidae,Gasterosteus,228,DNA sequence reads,228,DNA sequence reads,Gasterosteus aculeatus,http://www.ncbi.nlm.nih.gov/bioproject/1049344,BLAST annotation (0.96) against NCBI nr database,FC-050,present
Hakai-FCBB-FC-051,Hakai-FCBB-FC-051-ASV5-12S-occ,MaterialSample,"Gasterosteus aculeatus Linnaeus, 1758",urn:lsid:marinespecies.org:taxname:126505,Species,"Linnaeus, 1758",Animalia,Chordata,Teleostei,Perciformes,Gasterosteidae,Gasterosteus,46,DNA sequence reads,46,DNA sequence reads,Gasterosteus aculeatus,http://www.ncbi.nlm.nih.gov/bioproject/1049344,BLAST annotation (0.96) against NCBI nr database,FC-051,present
Hakai-FCBB-FC-052,Hakai-FCBB-FC-052-ASV5-12S-occ,MaterialSample,"Gasterosteus aculeatus Linnaeus, 1758",urn:lsid:marinespecies.org:taxname:126505,Species,"Linnaeus, 1758",Animalia,Chordata,Teleostei,Perciformes,Gasterosteidae,Gasterosteus,323,DNA sequence reads,323,DNA sequence reads,Gasterosteus aculeatus,http://www.ncbi.nlm.nih.gov/bioproject/1049344,BLAST annotation (0.96) against NCBI nr database,FC-052,present
Hakai-FCBB-FC-053,Hakai-FCBB-FC-053-ASV5-12S-occ,MaterialSample,"Gasterosteus aculeatus Linnaeus, 1758",urn:lsid:marinespecies.org:taxname:126505,Species,"Linnaeus, 1758",Animalia,Chordata,Teleostei,Perciformes,Gasterosteidae,Gasterosteus,293,DNA sequence reads,293,DNA sequence reads,Gasterosteus aculeatus,http://www.ncbi.nlm.nih.gov/bioproject/1049344,BLAST annotation (0.96) against NCBI nr database,FC-053,present
Hakai-FCBB-FC-054,Hakai-FCBB-FC-054-ASV5-12S-occ,MaterialSample,"Gasterosteus aculeatus Linnaeus, 1758",urn:lsid:marinespecies.org:taxname:126505,Species,"Linnaeus, 1758",Animalia,Chordata,Teleostei,Perciformes,Gasterosteidae,Gasterosteus,236,DNA sequence reads,236,DNA sequence reads,Gasterosteus aculeatus,http://www.ncbi.nlm.nih.gov/bioproject/1049344,BLAST annotation (0.96) against NCBI nr database,FC-054,present
Hakai-FCBB-FC-055,Hakai-FCBB-FC-055-ASV5-12S-occ,MaterialSample,"Gasterosteus aculeatus Linnaeus, 1758",urn:lsid:marinespecies.org:taxname:126505,Species,"Linnaeus, 1758",Animalia,Chordata,Teleostei,Perciformes,Gasterosteidae,Gasterosteus,31282,DNA sequence reads,31282,DNA sequence reads,Gasterosteus aculeatus,http://www.ncbi.nlm.nih.gov/bioproject/1049344,BLAST annotation (0.96) against NCBI nr database,FC-055,present
Hakai-FCBB-FC-056,Hakai-FCBB-FC-056-ASV5-12S-occ,MaterialSample,"Gasterosteus aculeatus Linnaeus, 1758",urn:lsid:marinespecies.org:taxname:126505,Species,"Linnaeus, 1758",Animalia,Chordata,Teleostei,Perciformes,Gasterosteidae,Gasterosteus,248,DNA sequence reads,248,DNA sequence reads,Gasterosteus aculeatus,http://www.ncbi.nlm.nih.gov/bioproject/1049344,BLAST annotation (0.96) against NCBI nr database,FC-056,present
Hakai-FCBB-FC-058,Hakai-FCBB-FC-058-ASV5-12S-occ,MaterialSample,"Gasterosteus aculeatus Linnaeus, 1758",urn:lsid:marinespecies.org:taxname:126505,Species,"Linnaeus, 1758",Animalia,Chordata,Teleostei,Perciformes,Gasterosteidae,Gasterosteus,28,DNA sequence reads,28,DNA sequence reads,Gasterosteus aculeatus,http://www.ncbi.nlm.nih.gov/bioproject/1049344,BLAST annotation (0.96) against NCBI nr database,FC-058,present
Hakai-FCBB-FC-061,Hakai-FCBB-FC-061-ASV5-12S-occ,MaterialSample,"Gasterosteus aculeatus Linnaeus, 1758",urn:lsid:marinespecies.org:taxname:126505,Species,"Linnaeus, 1758",Animalia,Chordata,Teleostei,Perciformes,Gasterosteidae,Gasterosteus,15,DNA sequence reads,15,DNA sequence reads,Gasterosteus aculeatus,http://www.ncbi.nlm.nih.gov/bioproject/1049344,BLAST annotation (0.96) against NCBI nr database,FC-061,present
Hakai-FCBB-FC-062,Hakai-FCBB-FC-062-ASV5-12S-occ,MaterialSample,"Gasterosteus aculeatus Linnaeus, 1758",urn:lsid:marinespecies.org:taxname:126505,Species,"Linnaeus, 1758",Animalia,Chordata,Teleostei,Perciformes,Gasterosteidae,Gasterosteus,27,DNA sequence reads,27,DNA sequence reads,Gasterosteus aculeatus,http://www.ncbi.nlm.nih.gov/bioproject/1049344,BLAST annotation (0.96) against NCBI nr database,FC-062,present
Hakai-FCBB-FC-066,Hakai-FCBB-FC-066-ASV5-12S-occ,MaterialSample,"Gasterosteus aculeatus Linnaeus, 1758",urn:lsid:marinespecies.org:taxname:126505,Species,"Linnaeus, 1758",Animalia,Chordata,Teleostei,Perciformes,Gasterosteidae,Gasterosteus,12,DNA sequence reads,12,DNA sequence reads,Gasterosteus aculeatus,http://www.ncbi.nlm.nih.gov/bioproject/1049344,BLAST annotation (0.96) against NCBI nr database,FC-066,present
Hakai-FCBB-FC-067,Hakai-FCBB-FC-067-ASV5-12S-occ,MaterialSample,"Gasterosteus aculeatus Linnaeus, 1758",urn:lsid:marinespecies.org:taxname:126505,Species,"Linnaeus, 1758",Animalia,Chordata,Teleostei,Perciformes,Gasterosteidae,Gasterosteus,6,DNA sequence reads,6,DNA sequence reads,Gasterosteus aculeatus,http://www.ncbi.nlm.nih.gov/bioproject/1049344,BLAST annotation (0.96) against NCBI nr database,FC-067,present
Hakai-FCBB-FC-068,Hakai-FCBB-FC-068-ASV5-12S-occ,MaterialSample,"Gasterosteus aculeatus Linnaeus, 1758",urn:lsid:marinespecies.org:taxname:126505,Species,"Linnaeus, 1758",Animalia,Chordata,Teleostei,Perciformes,Gasterosteidae,Gasterosteus,24,DNA sequence reads,24,DNA sequence reads,Gasterosteus aculeatus,http://www.ncbi.nlm.nih.gov/bioproject/1049344,BLAST annotation (0.96) against NCBI nr database,FC-068,present
Hakai-FCBB-FC-069,Hakai-FCBB-FC-069-ASV5-12S-occ,MaterialSample,"Gasterosteus aculeatus Linnaeus, 1758",urn:lsid:marinespecies.org:taxname:126505,Species,"Linnaeus, 1758",Animalia,Chordata,Teleostei,Perciformes,Gasterosteidae,Gasterosteus,23,DNA sequence reads,23,DNA sequence reads,Gasterosteus aculeatus,http://www.ncbi.nlm.nih.gov/bioproject/1049344,BLAST annotation (0.96) against NCBI nr database,FC-069,present
Hakai-FCBB-FC-070,Hakai-FCBB-FC-070-ASV5-12S-occ,MaterialSample,"Gasterosteus aculeatus Linnaeus, 1758",urn:lsid:marinespecies.org:taxname:126505,Species,"Linnaeus, 1758",Animalia,Chordata,Teleostei,Perciformes,Gasterosteidae,Gasterosteus,8,DNA sequence reads,8,DNA sequence reads,Gasterosteus aculeatus,http://www.ncbi.nlm.nih.gov/bioproject/1049344,BLAST annotation (0.96) against NCBI nr database,FC-070,present
Hakai-FCBB-FC-074,Hakai-FCBB-FC-074-ASV5-12S-occ,MaterialSample,"Gasterosteus aculeatus Linnaeus, 1758",urn:lsid:marinespecies.org:taxname:126505,Species,"Linnaeus, 1758",Animalia,Chordata,Teleostei,Perciformes,Gasterosteidae,Gasterosteus,63303,DNA sequence reads,63303,DNA sequence reads,Gasterosteus aculeatus,http://www.ncbi.nlm.nih.gov/bioproject/1049344,BLAST annotation (0.96) against NCBI nr database,FC-074,present
Hakai-FCBB-FC-066,Hakai-FCBB-FC-066-ASV50-12S-occ,MaterialSample,"Ptychocheilus Agassiz, 1855",urn:lsid:marinespecies.org:taxname:270659,Genus,"Agassiz, 1855",Animalia,Chordata,Teleostei,Cypriniformes,Cyprinidae,Ptychocheilus,6846,DNA sequence reads,6846,DNA sequence reads,Ptychocheilus sp.,http://www.ncbi.nlm.nih.gov/bioproject/1049344,BLAST annotation (0.96) against NCBI nr database,FC-066,present
Hakai-FCBB-FC-027,Hakai-FCBB-FC-027-ASV51-12S-occ,MaterialSample,"Clupea pallasii Valenciennes, 1847",urn:lsid:marinespecies.org:taxname:151159,Species,"Valenciennes, 1847",Animalia,Chordata,Teleostei,Clupeiformes,Clupeidae,Clupea,6775,DNA sequence reads,6775,DNA sequence reads,Clupea pallasii,http://www.ncbi.nlm.nih.gov/bioproject/1049344,BLAST annotation (0.96) against NCBI nr database,FC-027,present
Hakai-FCBB-FC-014,Hakai-FCBB-FC-014-ASV52-12S-occ,MaterialSample,"Oncorhynchus tshawytscha (Walbaum, 1792)",urn:lsid:marinespecies.org:taxname:158075,Species,"(Walbaum, 1792)",Animalia,Chordata,Teleostei,Salmoniformes,Salmonidae,Oncorhynchus,6126,DNA sequence reads,6126,DNA sequence reads,Oncorhynchus tshawytscha,http://www.ncbi.nlm.nih.gov/bioproject/1049344,BLAST annotation (0.96) against NCBI nr database,FC-014,present
Hakai-FCBB-FC-057,Hakai-FCBB-FC-057-ASV53-12S-occ,MaterialSample,"Clupea pallasii Valenciennes, 1847",urn:lsid:marinespecies.org:taxname:151159,Species,"Valenciennes, 1847",Animalia,Chordata,Teleostei,Clupeiformes,Clupeidae,Clupea,5721,DNA sequence reads,5721,DNA sequence reads,Clupea pallasii,http://www.ncbi.nlm.nih.gov/bioproject/1049344,BLAST annotation (0.96) against NCBI nr database,FC-057,present
Hakai-FCBB-FC-049,Hakai-FCBB-FC-049-ASV54-12S-occ,MaterialSample,"Cottus Linnaeus, 1758",urn:lsid:marinespecies.org:taxname:126148,Genus,"Linnaeus, 1758",Animalia,Chordata,Teleostei,Perciformes,Cottidae,Cottus,3,DNA sequence reads,3,DNA sequence reads,Cottus sp.,http://www.ncbi.nlm.nih.gov/bioproject/1049344,BLAST annotation (0.96) against NCBI nr database,FC-049,present
Hakai-FCBB-FC-057,Hakai-FCBB-FC-057-ASV54-12S-occ,MaterialSample,"Cottus Linnaeus, 1758",urn:lsid:marinespecies.org:taxname:126148,Genus,"Linnaeus, 1758",Animalia,Chordata,Teleostei,Perciformes,Cottidae,Cottus,4425,DNA sequence reads,4425,DNA sequence reads,Cottus sp.,http://www.ncbi.nlm.nih.gov/bioproject/1049344,BLAST annotation (0.96) against NCBI nr database,FC-057,present
Hakai-FCBB-FC-052,Hakai-FCBB-FC-052-ASV55-12S-occ,MaterialSample,"Engraulis mordax Girard, 1854",urn:lsid:marinespecies.org:taxname:272286,Species,"Girard, 1854",Animalia,Chordata,Teleostei,Clupeiformes,Engraulidae,Engraulis,2928,DNA sequence reads,2928,DNA sequence reads,Engraulis mordax,http://www.ncbi.nlm.nih.gov/bioproject/1049344,BLAST annotation (0.96) against NCBI nr database,FC-052,present
Hakai-FCBB-FC-052,Hakai-FCBB-FC-052-ASV56-12S-occ,MaterialSample,"Cymatogaster aggregata Gibbons, 1854",urn:lsid:marinespecies.org:taxname:280461,Species,"Gibbons, 1854",Animalia,Chordata,Teleostei,Ovalentaria incertae sedis,Embiotocidae,Cymatogaster,2535,DNA sequence reads,2535,DNA sequence reads,Cymatogaster aggregata,http://www.ncbi.nlm.nih.gov/bioproject/1049344,BLAST annotation (0.96) against NCBI nr database,FC-052,present
Hakai-FCBB-FC-007,Hakai-FCBB-FC-007-ASV57-12S-occ,MaterialSample,"Gasterosteus aculeatus Linnaeus, 1758",urn:lsid:marinespecies.org:taxname:126505,Species,"Linnaeus, 1758",Animalia,Chordata,Teleostei,Perciformes,Gasterosteidae,Gasterosteus,92,DNA sequence reads,92,DNA sequence reads,Gasterosteus aculeatus,http://www.ncbi.nlm.nih.gov/bioproject/1049344,BLAST annotation (0.96) against NCBI nr database,FC-007,present
Hakai-FCBB-FC-016,Hakai-FCBB-FC-016-ASV57-12S-occ,MaterialSample,"Gasterosteus aculeatus Linnaeus, 1758",urn:lsid:marinespecies.org:taxname:126505,Species,"Linnaeus, 1758",Animalia,Chordata,Teleostei,Perciformes,Gasterosteidae,Gasterosteus,57,DNA sequence reads,57,DNA sequence reads,Gasterosteus aculeatus,http://www.ncbi.nlm.nih.gov/bioproject/1049344,BLAST annotation (0.96) against NCBI nr database,FC-016,present
Hakai-FCBB-FC-021,Hakai-FCBB-FC-021-ASV57-12S-occ,MaterialSample,"Gasterosteus aculeatus Linnaeus, 1758",urn:lsid:marinespecies.org:taxname:126505,Species,"Linnaeus, 1758",Animalia,Chordata,Teleostei,Perciformes,Gasterosteidae,Gasterosteus,133,DNA sequence reads,133,DNA sequence reads,Gasterosteus aculeatus,http://www.ncbi.nlm.nih.gov/bioproject/1049344,BLAST annotation (0.96) against NCBI nr database,FC-021,present
Hakai-FCBB-FC-029,Hakai-FCBB-FC-029-ASV57-12S-occ,MaterialSample,"Gasterosteus aculeatus Linnaeus, 1758",urn:lsid:marinespecies.org:taxname:126505,Species,"Linnaeus, 1758",Animalia,Chordata,Teleostei,Perciformes,Gasterosteidae,Gasterosteus,188,DNA sequence reads,188,DNA sequence reads,Gasterosteus aculeatus,http://www.ncbi.nlm.nih.gov/bioproject/1049344,BLAST annotation (0.96) against NCBI nr database,FC-029,present
Hakai-FCBB-FC-030,Hakai-FCBB-FC-030-ASV57-12S-occ,MaterialSample,"Gasterosteus aculeatus Linnaeus, 1758",urn:lsid:marinespecies.org:taxname:126505,Species,"Linnaeus, 1758",Animalia,Chordata,Teleostei,Perciformes,Gasterosteidae,Gasterosteus,261,DNA sequence reads,261,DNA sequence reads,Gasterosteus aculeatus,http://www.ncbi.nlm.nih.gov/bioproject/1049344,BLAST annotation (0.96) against NCBI nr database,FC-030,present
Hakai-FCBB-FC-031,Hakai-FCBB-FC-031-ASV57-12S-occ,MaterialSample,"Gasterosteus aculeatus Linnaeus, 1758",urn:lsid:marinespecies.org:taxname:126505,Species,"Linnaeus, 1758",Animalia,Chordata,Teleostei,Perciformes,Gasterosteidae,Gasterosteus,50,DNA sequence reads,50,DNA sequence reads,Gasterosteus aculeatus,http://www.ncbi.nlm.nih.gov/bioproject/1049344,BLAST annotation (0.96) against NCBI nr database,FC-031,present
Hakai-FCBB-FC-036,Hakai-FCBB-FC-036-ASV57-12S-occ,MaterialSample,"Gasterosteus aculeatus Linnaeus, 1758",urn:lsid:marinespecies.org:taxname:126505,Species,"Linnaeus, 1758",Animalia,Chordata,Teleostei,Perciformes,Gasterosteidae,Gasterosteus,345,DNA sequence reads,345,DNA sequence reads,Gasterosteus aculeatus,http://www.ncbi.nlm.nih.gov/bioproject/1049344,BLAST annotation (0.96) against NCBI nr database,FC-036,present
Hakai-FCBB-FC-037,Hakai-FCBB-FC-037-ASV57-12S-occ,MaterialSample,"Gasterosteus aculeatus Linnaeus, 1758",urn:lsid:marinespecies.org:taxname:126505,Species,"Linnaeus, 1758",Animalia,Chordata,Teleostei,Perciformes,Gasterosteidae,Gasterosteus,111,DNA sequence reads,111,DNA sequence reads,Gasterosteus aculeatus,http://www.ncbi.nlm.nih.gov/bioproject/1049344,BLAST annotation (0.96) against NCBI nr database,FC-037,present
Hakai-FCBB-FC-038,Hakai-FCBB-FC-038-ASV57-12S-occ,MaterialSample,"Gasterosteus aculeatus Linnaeus, 1758",urn:lsid:marinespecies.org:taxname:126505,Species,"Linnaeus, 1758",Animalia,Chordata,Teleostei,Perciformes,Gasterosteidae,Gasterosteus,161,DNA sequence reads,161,DNA sequence reads,Gasterosteus aculeatus,http://www.ncbi.nlm.nih.gov/bioproject/1049344,BLAST annotation (0.96) against NCBI nr database,FC-038,present
Hakai-FCBB-FC-042,Hakai-FCBB-FC-042-ASV57-12S-occ,MaterialSample,"Gasterosteus aculeatus Linnaeus, 1758",urn:lsid:marinespecies.org:taxname:126505,Species,"Linnaeus, 1758",Animalia,Chordata,Teleostei,Perciformes,Gasterosteidae,Gasterosteus,101,DNA sequence reads,101,DNA sequence reads,Gasterosteus aculeatus,http://www.ncbi.nlm.nih.gov/bioproject/1049344,BLAST annotation (0.96) against NCBI nr database,FC-042,present
Hakai-FCBB-FC-043,Hakai-FCBB-FC-043-ASV57-12S-occ,MaterialSample,"Gasterosteus aculeatus Linnaeus, 1758",urn:lsid:marinespecies.org:taxname:126505,Species,"Linnaeus, 1758",Animalia,Chordata,Teleostei,Perciformes,Gasterosteidae,Gasterosteus,53,DNA sequence reads,53,DNA sequence reads,Gasterosteus aculeatus,http://www.ncbi.nlm.nih.gov/bioproject/1049344,BLAST annotation (0.96) against NCBI nr database,FC-043,present
Hakai-FCBB-FC-055,Hakai-FCBB-FC-055-ASV57-12S-occ,MaterialSample,"Gasterosteus aculeatus Linnaeus, 1758",urn:lsid:marinespecies.org:taxname:126505,Species,"Linnaeus, 1758",Animalia,Chordata,Teleostei,Perciformes,Gasterosteidae,Gasterosteus,76,DNA sequence reads,76,DNA sequence reads,Gasterosteus aculeatus,http://www.ncbi.nlm.nih.gov/bioproject/1049344,BLAST annotation (0.96) against NCBI nr database,FC-055,present
Hakai-FCBB-FC-074,Hakai-FCBB-FC-074-ASV57-12S-occ,MaterialSample,"Gasterosteus aculeatus Linnaeus, 1758",urn:lsid:marinespecies.org:taxname:126505,Species,"Linnaeus, 1758",Animalia,Chordata,Teleostei,Perciformes,Gasterosteidae,Gasterosteus,164,DNA sequence reads,164,DNA sequence reads,Gasterosteus aculeatus,http://www.ncbi.nlm.nih.gov/bioproject/1049344,BLAST annotation (0.96) against NCBI nr database,FC-074,present
Hakai-FCBB-FC-042,Hakai-FCBB-FC-042-ASV58-12S-occ,MaterialSample,"Engraulis mordax Girard, 1854",urn:lsid:marinespecies.org:taxname:272286,Species,"Girard, 1854",Animalia,Chordata,Teleostei,Clupeiformes,Engraulidae,Engraulis,1590,DNA sequence reads,1590,DNA sequence reads,Engraulis mordax,http://www.ncbi.nlm.nih.gov/bioproject/1049344,BLAST annotation (0.96) against NCBI nr database,FC-042,present
Hakai-FCBB-FC-052,Hakai-FCBB-FC-052-ASV59-12S-occ,MaterialSample,"Engraulis mordax Girard, 1854",urn:lsid:marinespecies.org:taxname:272286,Species,"Girard, 1854",Animalia,Chordata,Teleostei,Clupeiformes,Engraulidae,Engraulis,1454,DNA sequence reads,1454,DNA sequence reads,Engraulis mordax,http://www.ncbi.nlm.nih.gov/bioproject/1049344,BLAST annotation (0.96) against NCBI nr database,FC-052,present
Hakai-FCBB-FC-002,Hakai-FCBB-FC-002-ASV6-12S-occ,MaterialSample,"Clupea pallasii Valenciennes, 1847",urn:lsid:marinespecies.org:taxname:151159,Species,"Valenciennes, 1847",Animalia,Chordata,Teleostei,Clupeiformes,Clupeidae,Clupea,44751,DNA sequence reads,44751,DNA sequence reads,Clupea pallasii,http://www.ncbi.nlm.nih.gov/bioproject/1049344,BLAST annotation (0.96) against NCBI nr database,FC-002,present
Hakai-FCBB-FC-003,Hakai-FCBB-FC-003-ASV6-12S-occ,MaterialSample,"Clupea pallasii Valenciennes, 1847",urn:lsid:marinespecies.org:taxname:151159,Species,"Valenciennes, 1847",Animalia,Chordata,Teleostei,Clupeiformes,Clupeidae,Clupea,12,DNA sequence reads,12,DNA sequence reads,Clupea pallasii,http://www.ncbi.nlm.nih.gov/bioproject/1049344,BLAST annotation (0.96) against NCBI nr database,FC-003,present
Hakai-FCBB-FC-007,Hakai-FCBB-FC-007-ASV6-12S-occ,MaterialSample,"Clupea pallasii Valenciennes, 1847",urn:lsid:marinespecies.org:taxname:151159,Species,"Valenciennes, 1847",Animalia,Chordata,Teleostei,Clupeiformes,Clupeidae,Clupea,11,DNA sequence reads,11,DNA sequence reads,Clupea pallasii,http://www.ncbi.nlm.nih.gov/bioproject/1049344,BLAST annotation (0.96) against NCBI nr database,FC-007,present
Hakai-FCBB-FC-008,Hakai-FCBB-FC-008-ASV6-12S-occ,MaterialSample,"Clupea pallasii Valenciennes, 1847",urn:lsid:marinespecies.org:taxname:151159,Species,"Valenciennes, 1847",Animalia,Chordata,Teleostei,Clupeiformes,Clupeidae,Clupea,48924,DNA sequence reads,48924,DNA sequence reads,Clupea pallasii,http://www.ncbi.nlm.nih.gov/bioproject/1049344,BLAST annotation (0.96) against NCBI nr database,FC-008,present
Hakai-FCBB-FC-009,Hakai-FCBB-FC-009-ASV6-12S-occ,MaterialSample,"Clupea pallasii Valenciennes, 1847",urn:lsid:marinespecies.org:taxname:151159,Species,"Valenciennes, 1847",Animalia,Chordata,Teleostei,Clupeiformes,Clupeidae,Clupea,42,DNA sequence reads,42,DNA sequence reads,Clupea pallasii,http://www.ncbi.nlm.nih.gov/bioproject/1049344,BLAST annotation (0.96) against NCBI nr database,FC-009,present
Hakai-FCBB-FC-010,Hakai-FCBB-FC-010-ASV6-12S-occ,MaterialSample,"Clupea pallasii Valenciennes, 1847",urn:lsid:marinespecies.org:taxname:151159,Species,"Valenciennes, 1847",Animalia,Chordata,Teleostei,Clupeiformes,Clupeidae,Clupea,10383,DNA sequence reads,10383,DNA sequence reads,Clupea pallasii,http://www.ncbi.nlm.nih.gov/bioproject/1049344,BLAST annotation (0.96) against NCBI nr database,FC-010,present
Hakai-FCBB-FC-014,Hakai-FCBB-FC-014-ASV6-12S-occ,MaterialSample,"Clupea pallasii Valenciennes, 1847",urn:lsid:marinespecies.org:taxname:151159,Species,"Valenciennes, 1847",Animalia,Chordata,Teleostei,Clupeiformes,Clupeidae,Clupea,47371,DNA sequence reads,47371,DNA sequence reads,Clupea pallasii,http://www.ncbi.nlm.nih.gov/bioproject/1049344,BLAST annotation (0.96) against NCBI nr database,FC-014,present
Hakai-FCBB-FC-017,Hakai-FCBB-FC-017-ASV6-12S-occ,MaterialSample,"Clupea pallasii Valenciennes, 1847",urn:lsid:marinespecies.org:taxname:151159,Species,"Valenciennes, 1847",Animalia,Chordata,Teleostei,Clupeiformes,Clupeidae,Clupea,28,DNA sequence reads,28,DNA sequence reads,Clupea pallasii,http://www.ncbi.nlm.nih.gov/bioproject/1049344,BLAST annotation (0.96) against NCBI nr database,FC-017,present
Hakai-FCBB-FC-021,Hakai-FCBB-FC-021-ASV6-12S-occ,MaterialSample,"Clupea pallasii Valenciennes, 1847",urn:lsid:marinespecies.org:taxname:151159,Species,"Valenciennes, 1847",Animalia,Chordata,Teleostei,Clupeiformes,Clupeidae,Clupea,19167,DNA sequence reads,19167,DNA sequence reads,Clupea pallasii,http://www.ncbi.nlm.nih.gov/bioproject/1049344,BLAST annotation (0.96) against NCBI nr database,FC-021,present
Hakai-FCBB-FC-024,Hakai-FCBB-FC-024-ASV6-12S-occ,MaterialSample,"Clupea pallasii Valenciennes, 1847",urn:lsid:marinespecies.org:taxname:151159,Species,"Valenciennes, 1847",Animalia,Chordata,Teleostei,Clupeiformes,Clupeidae,Clupea,16,DNA sequence reads,16,DNA sequence reads,Clupea pallasii,http://www.ncbi.nlm.nih.gov/bioproject/1049344,BLAST annotation (0.96) against NCBI nr database,FC-024,present
Hakai-FCBB-FC-025,Hakai-FCBB-FC-025-ASV6-12S-occ,MaterialSample,"Clupea pallasii Valenciennes, 1847",urn:lsid:marinespecies.org:taxname:151159,Species,"Valenciennes, 1847",Animalia,Chordata,Teleostei,Clupeiformes,Clupeidae,Clupea,26,DNA sequence reads,26,DNA sequence reads,Clupea pallasii,http://www.ncbi.nlm.nih.gov/bioproject/1049344,BLAST annotation (0.96) against NCBI nr database,FC-025,present
Hakai-FCBB-FC-026,Hakai-FCBB-FC-026-ASV6-12S-occ,MaterialSample,"Clupea pallasii Valenciennes, 1847",urn:lsid:marinespecies.org:taxname:151159,Species,"Valenciennes, 1847",Animalia,Chordata,Teleostei,Clupeiformes,Clupeidae,Clupea,35573,DNA sequence reads,35573,DNA sequence reads,Clupea pallasii,http://www.ncbi.nlm.nih.gov/bioproject/1049344,BLAST annotation (0.96) against NCBI nr database,FC-026,present
Hakai-FCBB-FC-027,Hakai-FCBB-FC-027-ASV6-12S-occ,MaterialSample,"Clupea pallasii Valenciennes, 1847",urn:lsid:marinespecies.org:taxname:151159,Species,"Valenciennes, 1847",Animalia,Chordata,Teleostei,Clupeiformes,Clupeidae,Clupea,35178,DNA sequence reads,35178,DNA sequence reads,Clupea pallasii,http://www.ncbi.nlm.nih.gov/bioproject/1049344,BLAST annotation (0.96) against NCBI nr database,FC-027,present
Hakai-FCBB-FC-029,Hakai-FCBB-FC-029-ASV6-12S-occ,MaterialSample,"Clupea pallasii Valenciennes, 1847",urn:lsid:marinespecies.org:taxname:151159,Species,"Valenciennes, 1847",Animalia,Chordata,Teleostei,Clupeiformes,Clupeidae,Clupea,16,DNA sequence reads,16,DNA sequence reads,Clupea pallasii,http://www.ncbi.nlm.nih.gov/bioproject/1049344,BLAST annotation (0.96) against NCBI nr database,FC-029,present
Hakai-FCBB-FC-030,Hakai-FCBB-FC-030-ASV6-12S-occ,MaterialSample,"Clupea pallasii Valenciennes, 1847",urn:lsid:marinespecies.org:taxname:151159,Species,"Valenciennes, 1847",Animalia,Chordata,Teleostei,Clupeiformes,Clupeidae,Clupea,19,DNA sequence reads,19,DNA sequence reads,Clupea pallasii,http://www.ncbi.nlm.nih.gov/bioproject/1049344,BLAST annotation (0.96) against NCBI nr database,FC-030,present
Hakai-FCBB-FC-031,Hakai-FCBB-FC-031-ASV6-12S-occ,MaterialSample,"Clupea pallasii Valenciennes, 1847",urn:lsid:marinespecies.org:taxname:151159,Species,"Valenciennes, 1847",Animalia,Chordata,Teleostei,Clupeiformes,Clupeidae,Clupea,9,DNA sequence reads,9,DNA sequence reads,Clupea pallasii,http://www.ncbi.nlm.nih.gov/bioproject/1049344,BLAST annotation (0.96) against NCBI nr database,FC-031,present
Hakai-FCBB-FC-033,Hakai-FCBB-FC-033-ASV6-12S-occ,MaterialSample,"Clupea pallasii Valenciennes, 1847",urn:lsid:marinespecies.org:taxname:151159,Species,"Valenciennes, 1847",Animalia,Chordata,Teleostei,Clupeiformes,Clupeidae,Clupea,50406,DNA sequence reads,50406,DNA sequence reads,Clupea pallasii,http://www.ncbi.nlm.nih.gov/bioproject/1049344,BLAST annotation (0.96) against NCBI nr database,FC-033,present
Hakai-FCBB-FC-035,Hakai-FCBB-FC-035-ASV6-12S-occ,MaterialSample,"Clupea pallasii Valenciennes, 1847",urn:lsid:marinespecies.org:taxname:151159,Species,"Valenciennes, 1847",Animalia,Chordata,Teleostei,Clupeiformes,Clupeidae,Clupea,11,DNA sequence reads,11,DNA sequence reads,Clupea pallasii,http://www.ncbi.nlm.nih.gov/bioproject/1049344,BLAST annotation (0.96) against NCBI nr database,FC-035,present
Hakai-FCBB-FC-037,Hakai-FCBB-FC-037-ASV6-12S-occ,MaterialSample,"Clupea pallasii Valenciennes, 1847",urn:lsid:marinespecies.org:taxname:151159,Species,"Valenciennes, 1847",Animalia,Chordata,Teleostei,Clupeiformes,Clupeidae,Clupea,31,DNA sequence reads,31,DNA sequence reads,Clupea pallasii,http://www.ncbi.nlm.nih.gov/bioproject/1049344,BLAST annotation (0.96) against NCBI nr database,FC-037,present
Hakai-FCBB-FC-038,Hakai-FCBB-FC-038-ASV6-12S-occ,MaterialSample,"Clupea pallasii Valenciennes, 1847",urn:lsid:marinespecies.org:taxname:151159,Species,"Valenciennes, 1847",Animalia,Chordata,Teleostei,Clupeiformes,Clupeidae,Clupea,38,DNA sequence reads,38,DNA sequence reads,Clupea pallasii,http://www.ncbi.nlm.nih.gov/bioproject/1049344,BLAST annotation (0.96) against NCBI nr database,FC-038,present
Hakai-FCBB-FC-039,Hakai-FCBB-FC-039-ASV6-12S-occ,MaterialSample,"Clupea pallasii Valenciennes, 1847",urn:lsid:marinespecies.org:taxname:151159,Species,"Valenciennes, 1847",Animalia,Chordata,Teleostei,Clupeiformes,Clupeidae,Clupea,12,DNA sequence reads,12,DNA sequence reads,Clupea pallasii,http://www.ncbi.nlm.nih.gov/bioproject/1049344,BLAST annotation (0.96) against NCBI nr database,FC-039,present
Hakai-FCBB-FC-040,Hakai-FCBB-FC-040-ASV6-12S-occ,MaterialSample,"Clupea pallasii Valenciennes, 1847",urn:lsid:marinespecies.org:taxname:151159,Species,"Valenciennes, 1847",Animalia,Chordata,Teleostei,Clupeiformes,Clupeidae,Clupea,86277,DNA sequence reads,86277,DNA sequence reads,Clupea pallasii,http://www.ncbi.nlm.nih.gov/bioproject/1049344,BLAST annotation (0.96) against NCBI nr database,FC-040,present
Hakai-FCBB-FC-041,Hakai-FCBB-FC-041-ASV6-12S-occ,MaterialSample,"Clupea pallasii Valenciennes, 1847",urn:lsid:marinespecies.org:taxname:151159,Species,"Valenciennes, 1847",Animalia,Chordata,Teleostei,Clupeiformes,Clupeidae,Clupea,61,DNA sequence reads,61,DNA sequence reads,Clupea pallasii,http://www.ncbi.nlm.nih.gov/bioproject/1049344,BLAST annotation (0.96) against NCBI nr database,FC-041,present
Hakai-FCBB-FC-042,Hakai-FCBB-FC-042-ASV6-12S-occ,MaterialSample,"Clupea pallasii Valenciennes, 1847",urn:lsid:marinespecies.org:taxname:151159,Species,"Valenciennes, 1847",Animalia,Chordata,Teleostei,Clupeiformes,Clupeidae,Clupea,30,DNA sequence reads,30,DNA sequence reads,Clupea pallasii,http://www.ncbi.nlm.nih.gov/bioproject/1049344,BLAST annotation (0.96) against NCBI nr database,FC-042,present
Hakai-FCBB-FC-043,Hakai-FCBB-FC-043-ASV6-12S-occ,MaterialSample,"Clupea pallasii Valenciennes, 1847",urn:lsid:marinespecies.org:taxname:151159,Species,"Valenciennes, 1847",Animalia,Chordata,Teleostei,Clupeiformes,Clupeidae,Clupea,6,DNA sequence reads,6,DNA sequence reads,Clupea pallasii,http://www.ncbi.nlm.nih.gov/bioproject/1049344,BLAST annotation (0.96) against NCBI nr database,FC-043,present
Hakai-FCBB-FC-045,Hakai-FCBB-FC-045-ASV6-12S-occ,MaterialSample,"Clupea pallasii Valenciennes, 1847",urn:lsid:marinespecies.org:taxname:151159,Species,"Valenciennes, 1847",Animalia,Chordata,Teleostei,Clupeiformes,Clupeidae,Clupea,60645,DNA sequence reads,60645,DNA sequence reads,Clupea pallasii,http://www.ncbi.nlm.nih.gov/bioproject/1049344,BLAST annotation (0.96) against NCBI nr database,FC-045,present
Hakai-FCBB-FC-046,Hakai-FCBB-FC-046-ASV6-12S-occ,MaterialSample,"Clupea pallasii Valenciennes, 1847",urn:lsid:marinespecies.org:taxname:151159,Species,"Valenciennes, 1847",Animalia,Chordata,Teleostei,Clupeiformes,Clupeidae,Clupea,59948,DNA sequence reads,59948,DNA sequence reads,Clupea pallasii,http://www.ncbi.nlm.nih.gov/bioproject/1049344,BLAST annotation (0.96) against NCBI nr database,FC-046,present
Hakai-FCBB-FC-047,Hakai-FCBB-FC-047-ASV6-12S-occ,MaterialSample,"Clupea pallasii Valenciennes, 1847",urn:lsid:marinespecies.org:taxname:151159,Species,"Valenciennes, 1847",Animalia,Chordata,Teleostei,Clupeiformes,Clupeidae,Clupea,65589,DNA sequence reads,65589,DNA sequence reads,Clupea pallasii,http://www.ncbi.nlm.nih.gov/bioproject/1049344,BLAST annotation (0.96) against NCBI nr database,FC-047,present
Hakai-FCBB-FC-048,Hakai-FCBB-FC-048-ASV6-12S-occ,MaterialSample,"Clupea pallasii Valenciennes, 1847",urn:lsid:marinespecies.org:taxname:151159,Species,"Valenciennes, 1847",Animalia,Chordata,Teleostei,Clupeiformes,Clupeidae,Clupea,40,DNA sequence reads,40,DNA sequence reads,Clupea pallasii,http://www.ncbi.nlm.nih.gov/bioproject/1049344,BLAST annotation (0.96) against NCBI nr database,FC-048,present
Hakai-FCBB-FC-050,Hakai-FCBB-FC-050-ASV6-12S-occ,MaterialSample,"Clupea pallasii Valenciennes, 1847",urn:lsid:marinespecies.org:taxname:151159,Species,"Valenciennes, 1847",Animalia,Chordata,Teleostei,Clupeiformes,Clupeidae,Clupea,102,DNA sequence reads,102,DNA sequence reads,Clupea pallasii,http://www.ncbi.nlm.nih.gov/bioproject/1049344,BLAST annotation (0.96) against NCBI nr database,FC-050,present
Hakai-FCBB-FC-051,Hakai-FCBB-FC-051-ASV6-12S-occ,MaterialSample,"Clupea pallasii Valenciennes, 1847",urn:lsid:marinespecies.org:taxname:151159,Species,"Valenciennes, 1847",Animalia,Chordata,Teleostei,Clupeiformes,Clupeidae,Clupea,28,DNA sequence reads,28,DNA sequence reads,Clupea pallasii,http://www.ncbi.nlm.nih.gov/bioproject/1049344,BLAST annotation (0.96) against NCBI nr database,FC-051,present
Hakai-FCBB-FC-052,Hakai-FCBB-FC-052-ASV6-12S-occ,MaterialSample,"Clupea pallasii Valenciennes, 1847",urn:lsid:marinespecies.org:taxname:151159,Species,"Valenciennes, 1847",Animalia,Chordata,Teleostei,Clupeiformes,Clupeidae,Clupea,28834,DNA sequence reads,28834,DNA sequence reads,Clupea pallasii,http://www.ncbi.nlm.nih.gov/bioproject/1049344,BLAST annotation (0.96) against NCBI nr database,FC-052,present
Hakai-FCBB-FC-054,Hakai-FCBB-FC-054-ASV6-12S-occ,MaterialSample,"Clupea pallasii Valenciennes, 1847",urn:lsid:marinespecies.org:taxname:151159,Species,"Valenciennes, 1847",Animalia,Chordata,Teleostei,Clupeiformes,Clupeidae,Clupea,95,DNA sequence reads,95,DNA sequence reads,Clupea pallasii,http://www.ncbi.nlm.nih.gov/bioproject/1049344,BLAST annotation (0.96) against NCBI nr database,FC-054,present
Hakai-FCBB-FC-055,Hakai-FCBB-FC-055-ASV6-12S-occ,MaterialSample,"Clupea pallasii Valenciennes, 1847",urn:lsid:marinespecies.org:taxname:151159,Species,"Valenciennes, 1847",Animalia,Chordata,Teleostei,Clupeiformes,Clupeidae,Clupea,38,DNA sequence reads,38,DNA sequence reads,Clupea pallasii,http://www.ncbi.nlm.nih.gov/bioproject/1049344,BLAST annotation (0.96) against NCBI nr database,FC-055,present
Hakai-FCBB-FC-056,Hakai-FCBB-FC-056-ASV6-12S-occ,MaterialSample,"Clupea pallasii Valenciennes, 1847",urn:lsid:marinespecies.org:taxname:151159,Species,"Valenciennes, 1847",Animalia,Chordata,Teleostei,Clupeiformes,Clupeidae,Clupea,176,DNA sequence reads,176,DNA sequence reads,Clupea pallasii,http://www.ncbi.nlm.nih.gov/bioproject/1049344,BLAST annotation (0.96) against NCBI nr database,FC-056,present
Hakai-FCBB-FC-057,Hakai-FCBB-FC-057-ASV6-12S-occ,MaterialSample,"Clupea pallasii Valenciennes, 1847",urn:lsid:marinespecies.org:taxname:151159,Species,"Valenciennes, 1847",Animalia,Chordata,Teleostei,Clupeiformes,Clupeidae,Clupea,15298,DNA sequence reads,15298,DNA sequence reads,Clupea pallasii,http://www.ncbi.nlm.nih.gov/bioproject/1049344,BLAST annotation (0.96) against NCBI nr database,FC-057,present
Hakai-FCBB-FC-058,Hakai-FCBB-FC-058-ASV6-12S-occ,MaterialSample,"Clupea pallasii Valenciennes, 1847",urn:lsid:marinespecies.org:taxname:151159,Species,"Valenciennes, 1847",Animalia,Chordata,Teleostei,Clupeiformes,Clupeidae,Clupea,29037,DNA sequence reads,29037,DNA sequence reads,Clupea pallasii,http://www.ncbi.nlm.nih.gov/bioproject/1049344,BLAST annotation (0.96) against NCBI nr database,FC-058,present
Hakai-FCBB-FC-061,Hakai-FCBB-FC-061-ASV6-12S-occ,MaterialSample,"Clupea pallasii Valenciennes, 1847",urn:lsid:marinespecies.org:taxname:151159,Species,"Valenciennes, 1847",Animalia,Chordata,Teleostei,Clupeiformes,Clupeidae,Clupea,14,DNA sequence reads,14,DNA sequence reads,Clupea pallasii,http://www.ncbi.nlm.nih.gov/bioproject/1049344,BLAST annotation (0.96) against NCBI nr database,FC-061,present
Hakai-FCBB-FC-064,Hakai-FCBB-FC-064-ASV6-12S-occ,MaterialSample,"Clupea pallasii Valenciennes, 1847",urn:lsid:marinespecies.org:taxname:151159,Species,"Valenciennes, 1847",Animalia,Chordata,Teleostei,Clupeiformes,Clupeidae,Clupea,30,DNA sequence reads,30,DNA sequence reads,Clupea pallasii,http://www.ncbi.nlm.nih.gov/bioproject/1049344,BLAST annotation (0.96) against NCBI nr database,FC-064,present
Hakai-FCBB-FC-071,Hakai-FCBB-FC-071-ASV6-12S-occ,MaterialSample,"Clupea pallasii Valenciennes, 1847",urn:lsid:marinespecies.org:taxname:151159,Species,"Valenciennes, 1847",Animalia,Chordata,Teleostei,Clupeiformes,Clupeidae,Clupea,7,DNA sequence reads,7,DNA sequence reads,Clupea pallasii,http://www.ncbi.nlm.nih.gov/bioproject/1049344,BLAST annotation (0.96) against NCBI nr database,FC-071,present
Hakai-FCBB-FC-072,Hakai-FCBB-FC-072-ASV6-12S-occ,MaterialSample,"Clupea pallasii Valenciennes, 1847",urn:lsid:marinespecies.org:taxname:151159,Species,"Valenciennes, 1847",Animalia,Chordata,Teleostei,Clupeiformes,Clupeidae,Clupea,13,DNA sequence reads,13,DNA sequence reads,Clupea pallasii,http://www.ncbi.nlm.nih.gov/bioproject/1049344,BLAST annotation (0.96) against NCBI nr database,FC-072,present
Hakai-FCBB-FC-073,Hakai-FCBB-FC-073-ASV6-12S-occ,MaterialSample,"Clupea pallasii Valenciennes, 1847",urn:lsid:marinespecies.org:taxname:151159,Species,"Valenciennes, 1847",Animalia,Chordata,Teleostei,Clupeiformes,Clupeidae,Clupea,15663,DNA sequence reads,15663,DNA sequence reads,Clupea pallasii,http://www.ncbi.nlm.nih.gov/bioproject/1049344,BLAST annotation (0.96) against NCBI nr database,FC-073,present
Hakai-FCBB-FC-052,Hakai-FCBB-FC-052-ASV62-12S-occ,MaterialSample,"Engraulis mordax Girard, 1854",urn:lsid:marinespecies.org:taxname:272286,Species,"Girard, 1854",Animalia,Chordata,Teleostei,Clupeiformes,Engraulidae,Engraulis,1275,DNA sequence reads,1275,DNA sequence reads,Engraulis mordax,http://www.ncbi.nlm.nih.gov/bioproject/1049344,BLAST annotation (0.96) against NCBI nr database,FC-052,present
Hakai-FCBB-FC-057,Hakai-FCBB-FC-057-ASV65-12S-occ,MaterialSample,"Merluccius productus (Ayres, 1855)",urn:lsid:marinespecies.org:taxname:272458,Species,"(Ayres, 1855)",Animalia,Chordata,Teleostei,Gadiformes,Merlucciidae,Merluccius,719,DNA sequence reads,719,DNA sequence reads,Merluccius productus,http://www.ncbi.nlm.nih.gov/bioproject/1049344,BLAST annotation (0.96) against NCBI nr database,FC-057,present
Hakai-FCBB-FC-056,Hakai-FCBB-FC-056-ASV7-12S-occ,MaterialSample,"Cymatogaster aggregata Gibbons, 1854",urn:lsid:marinespecies.org:taxname:280461,Species,"Gibbons, 1854",Animalia,Chordata,Teleostei,Ovalentaria incertae sedis,Embiotocidae,Cymatogaster,448568,DNA sequence reads,448568,DNA sequence reads,Cymatogaster aggregata,http://www.ncbi.nlm.nih.gov/bioproject/1049344,BLAST annotation (0.96) against NCBI nr database,FC-056,present
Hakai-FCBB-FC-053,Hakai-FCBB-FC-053-ASV72-12S-occ,MaterialSample,"Pleuronectidae Rafinesque, 1815",urn:lsid:marinespecies.org:taxname:125579,Family,"Rafinesque, 1815",Animalia,Chordata,Teleostei,Pleuronectiformes,Pleuronectidae,,368,DNA sequence reads,368,DNA sequence reads,Pleuronectidae family,http://www.ncbi.nlm.nih.gov/bioproject/1049344,BLAST annotation (0.96) against NCBI nr database,FC-053,present
Hakai-FCBB-FC-004,Hakai-FCBB-FC-004-ASV74-12S-occ,MaterialSample,"Engraulis mordax Girard, 1854",urn:lsid:marinespecies.org:taxname:272286,Species,"Girard, 1854",Animalia,Chordata,Teleostei,Clupeiformes,Engraulidae,Engraulis,365,DNA sequence reads,365,DNA sequence reads,Engraulis mordax,http://www.ncbi.nlm.nih.gov/bioproject/1049344,BLAST annotation (0.96) against NCBI nr database,FC-004,present
Hakai-FCBB-FC-052,Hakai-FCBB-FC-052-ASV77-12S-occ,MaterialSample,"Gasterosteus aculeatus Linnaeus, 1758",urn:lsid:marinespecies.org:taxname:126505,Species,"Linnaeus, 1758",Animalia,Chordata,Teleostei,Perciformes,Gasterosteidae,Gasterosteus,330,DNA sequence reads,330,DNA sequence reads,Gasterosteus aculeatus,http://www.ncbi.nlm.nih.gov/bioproject/1049344,BLAST annotation (0.96) against NCBI nr database,FC-052,present
Hakai-FCBB-FC-012,Hakai-FCBB-FC-012-ASV8-12S-occ,MaterialSample,"Engraulis mordax Girard, 1854",urn:lsid:marinespecies.org:taxname:272286,Species,"Girard, 1854",Animalia,Chordata,Teleostei,Clupeiformes,Engraulidae,Engraulis,65403,DNA sequence reads,65403,DNA sequence reads,Engraulis mordax,http://www.ncbi.nlm.nih.gov/bioproject/1049344,BLAST annotation (0.96) against NCBI nr database,FC-012,present
Hakai-FCBB-FC-039,Hakai-FCBB-FC-039-ASV8-12S-occ,MaterialSample,"Engraulis mordax Girard, 1854",urn:lsid:marinespecies.org:taxname:272286,Species,"Girard, 1854",Animalia,Chordata,Teleostei,Clupeiformes,Engraulidae,Engraulis,119122,DNA sequence reads,119122,DNA sequence reads,Engraulis mordax,http://www.ncbi.nlm.nih.gov/bioproject/1049344,BLAST annotation (0.96) against NCBI nr database,FC-039,present
Hakai-FCBB-FC-058,Hakai-FCBB-FC-058-ASV8-12S-occ,MaterialSample,"Engraulis mordax Girard, 1854",urn:lsid:marinespecies.org:taxname:272286,Species,"Girard, 1854",Animalia,Chordata,Teleostei,Clupeiformes,Engraulidae,Engraulis,79454,DNA sequence reads,79454,DNA sequence reads,Engraulis mordax,http://www.ncbi.nlm.nih.gov/bioproject/1049344,BLAST annotation (0.96) against NCBI nr database,FC-058,present
Hakai-FCBB-FC-058,Hakai-FCBB-FC-058-ASV80-12S-occ,MaterialSample,"Oncorhynchus tshawytscha (Walbaum, 1792)",urn:lsid:marinespecies.org:taxname:158075,Species,"(Walbaum, 1792)",Animalia,Chordata,Teleostei,Salmoniformes,Salmonidae,Oncorhynchus,299,DNA sequence reads,299,DNA sequence reads,Oncorhynchus tshawytscha,http://www.ncbi.nlm.nih.gov/bioproject/1049344,BLAST annotation (0.96) against NCBI nr database,FC-058,present
Hakai-FCBB-FC-012,Hakai-FCBB-FC-012-ASV87-12S-occ,MaterialSample,"Engraulis mordax Girard, 1854",urn:lsid:marinespecies.org:taxname:272286,Species,"Girard, 1854",Animalia,Chordata,Teleostei,Clupeiformes,Engraulidae,Engraulis,39,DNA sequence reads,39,DNA sequence reads,Engraulis mordax,http://www.ncbi.nlm.nih.gov/bioproject/1049344,BLAST annotation (0.96) against NCBI nr database,FC-012,present
Hakai-FCBB-FC-039,Hakai-FCBB-FC-039-ASV87-12S-occ,MaterialSample,"Engraulis mordax Girard, 1854",urn:lsid:marinespecies.org:taxname:272286,Species,"Girard, 1854",Animalia,Chordata,Teleostei,Clupeiformes,Engraulidae,Engraulis,103,DNA sequence reads,103,DNA sequence reads,Engraulis mordax,http://www.ncbi.nlm.nih.gov/bioproject/1049344,BLAST annotation (0.96) against NCBI nr database,FC-039,present
Hakai-FCBB-FC-058,Hakai-FCBB-FC-058-ASV87-12S-occ,MaterialSample,"Engraulis mordax Girard, 1854",urn:lsid:marinespecies.org:taxname:272286,Species,"Girard, 1854",Animalia,Chordata,Teleostei,Clupeiformes,Engraulidae,Engraulis,92,DNA sequence reads,92,DNA sequence reads,Engraulis mordax,http://www.ncbi.nlm.nih.gov/bioproject/1049344,BLAST annotation (0.96) against NCBI nr database,FC-058,present
Hakai-FCBB-FC-010,Hakai-FCBB-FC-010-ASV9-12S-occ,MaterialSample,"Pleuronectidae Rafinesque, 1815",urn:lsid:marinespecies.org:taxname:125579,Family,"Rafinesque, 1815",Animalia,Chordata,Teleostei,Pleuronectiformes,Pleuronectidae,,25016,DNA sequence reads,25016,DNA sequence reads,Pleuronectidae family,http://www.ncbi.nlm.nih.gov/bioproject/1049344,BLAST annotation (0.96) against NCBI nr database,FC-010,present
Hakai-FCBB-FC-018,Hakai-FCBB-FC-018-ASV9-12S-occ,MaterialSample,"Pleuronectidae Rafinesque, 1815",urn:lsid:marinespecies.org:taxname:125579,Family,"Rafinesque, 1815",Animalia,Chordata,Teleostei,Pleuronectiformes,Pleuronectidae,,7,DNA sequence reads,7,DNA sequence reads,Pleuronectidae family,http://www.ncbi.nlm.nih.gov/bioproject/1049344,BLAST annotation (0.96) against NCBI nr database,FC-018,present
Hakai-FCBB-FC-020,Hakai-FCBB-FC-020-ASV9-12S-occ,MaterialSample,"Pleuronectidae Rafinesque, 1815",urn:lsid:marinespecies.org:taxname:125579,Family,"Rafinesque, 1815",Animalia,Chordata,Teleostei,Pleuronectiformes,Pleuronectidae,,50939,DNA sequence reads,50939,DNA sequence reads,Pleuronectidae family,http://www.ncbi.nlm.nih.gov/bioproject/1049344,BLAST annotation (0.96) against NCBI nr database,FC-020,present
Hakai-FCBB-FC-027,Hakai-FCBB-FC-027-ASV9-12S-occ,MaterialSample,"Pleuronectidae Rafinesque, 1815",urn:lsid:marinespecies.org:taxname:125579,Family,"Rafinesque, 1815",Animalia,Chordata,Teleostei,Pleuronectiformes,Pleuronectidae,,23028,DNA sequence reads,23028,DNA sequence reads,Pleuronectidae family,http://www.ncbi.nlm.nih.gov/bioproject/1049344,BLAST annotation (0.96) against NCBI nr database,FC-027,present
Hakai-FCBB-FC-028,Hakai-FCBB-FC-028-ASV9-12S-occ,MaterialSample,"Pleuronectidae Rafinesque, 1815",urn:lsid:marinespecies.org:taxname:125579,Family,"Rafinesque, 1815",Animalia,Chordata,Teleostei,Pleuronectiformes,Pleuronectidae,,9,DNA sequence reads,9,DNA sequence reads,Pleuronectidae family,http://www.ncbi.nlm.nih.gov/bioproject/1049344,BLAST annotation (0.96) against NCBI nr database,FC-028,present
Hakai-FCBB-FC-036,Hakai-FCBB-FC-036-ASV9-12S-occ,MaterialSample,"Pleuronectidae Rafinesque, 1815",urn:lsid:marinespecies.org:taxname:125579,Family,"Rafinesque, 1815",Animalia,Chordata,Teleostei,Pleuronectiformes,Pleuronectidae,,28,DNA sequence reads,28,DNA sequence reads,Pleuronectidae family,http://www.ncbi.nlm.nih.gov/bioproject/1049344,BLAST annotation (0.96) against NCBI nr database,FC-036,present
Hakai-FCBB-FC-051,Hakai-FCBB-FC-051-ASV9-12S-occ,MaterialSample,"Pleuronectidae Rafinesque, 1815",urn:lsid:marinespecies.org:taxname:125579,Family,"Rafinesque, 1815",Animalia,Chordata,Teleostei,Pleuronectiformes,Pleuronectidae,,40082,DNA sequence reads,40082,DNA sequence reads,Pleuronectidae family,http://www.ncbi.nlm.nih.gov/bioproject/1049344,BLAST annotation (0.96) against NCBI nr database,FC-051,present
Hakai-FCBB-FC-052,Hakai-FCBB-FC-052-ASV9-12S-occ,MaterialSample,"Pleuronectidae Rafinesque, 1815",urn:lsid:marinespecies.org:taxname:125579,Family,"Rafinesque, 1815",Animalia,Chordata,Teleostei,Pleuronectiformes,Pleuronectidae,,19248,DNA sequence reads,19248,DNA sequence reads,Pleuronectidae family,http://www.ncbi.nlm.nih.gov/bioproject/1049344,BLAST annotation (0.96) against NCBI nr database,FC-052,present
Hakai-FCBB-FC-053,Hakai-FCBB-FC-053-ASV9-12S-occ,MaterialSample,"Pleuronectidae Rafinesque, 1815",urn:lsid:marinespecies.org:taxname:125579,Family,"Rafinesque, 1815",Animalia,Chordata,Teleostei,Pleuronectiformes,Pleuronectidae,,48197,DNA sequence reads,48197,DNA sequence reads,Pleuronectidae family,http://www.ncbi.nlm.nih.gov/bioproject/1049344,BLAST annotation (0.96) against NCBI nr database,FC-053,present
Hakai-FCBB-FC-056,Hakai-FCBB-FC-056-ASV9-12S-occ,MaterialSample,"Pleuronectidae Rafinesque, 1815",urn:lsid:marinespecies.org:taxname:125579,Family,"Rafinesque, 1815",Animalia,Chordata,Teleostei,Pleuronectiformes,Pleuronectidae,,37,DNA sequence reads,37,DNA sequence reads,Pleuronectidae family,http://www.ncbi.nlm.nih.gov/bioproject/1049344,BLAST annotation (0.96) against NCBI nr database,FC-056,present
Hakai-FCBB-FC-068,Hakai-FCBB-FC-068-ASV9-12S-occ,MaterialSample,"Pleuronectidae Rafinesque, 1815",urn:lsid:marinespecies.org:taxname:125579,Family,"Rafinesque, 1815",Animalia,Chordata,Teleostei,Pleuronectiformes,Pleuronectidae,,6,DNA sequence reads,6,DNA sequence reads,Pleuronectidae family,http://www.ncbi.nlm.nih.gov/bioproject/1049344,BLAST annotation (0.96) against NCBI nr database,FC-068,present
Hakai-FCBB-FC-026,Hakai-FCBB-FC-026-ASV91-12S-occ,MaterialSample,"Engraulis mordax Girard, 1854",urn:lsid:marinespecies.org:taxname:272286,Species,"Girard, 1854",Animalia,Chordata,Teleostei,Clupeiformes,Engraulidae,Engraulis,212,DNA sequence reads,212,DNA sequence reads,Engraulis mordax,http://www.ncbi.nlm.nih.gov/bioproject/1049344,BLAST annotation (0.96) against NCBI nr database,FC-026,present
