ASV,FC_002,FC_003,FC_004,FC_005,FC_006,FC_007,FC_008,FC_009,FC_010,FC_011,FC_012,FC_013,FC_014,FC_015,FC_016,FC_017,FC_018,FC_019,FC_020,FC_021,FC_022,FC_023,FC_024,FC_025,FC_026,FC_027,FC_028,FC_029,FC_030,FC_031,FC_033,FC_034,FC_035,FC_036,FC_037,FC_038,FC_039,FC_040,FC_041,FC_042,FC_043,FC_044,FC_045,FC_046,FC_047,FC_048,FC_049,FC_050,FC_051,FC_052,FC_053,FC_054,FC_055,FC_056,FC_057,FC_058,FC_059,FC_060,FC_061,FC_062,FC_063,FC_064,FC_065,FC_066,FC_067,FC_068,FC_069,FC_070,FC_071,FC_072,FC_073,FC_074
19242ac5ab65ad82fbaa7c55ab7fb44b,40,32,27,13,17,0,86,97,98,7,0,9,106,41,64,0,8,0,98,173,107,0,14,0,109,155,98,19,18,0,278,333,306,0,27,8,124,349,353,22,16,0,417,322,130,26,37,52,213,210,304,68,18,32,153,197,187,16,41,21,10,63,68,20,33,18,369,342,34,13,6,23
4ccf5b67cc70d774941424b8bef23b79,9,0,0,0,0,0,0,0,22,0,0,0,15,0,6,0,0,0,12,28,0,0,0,0,18,20,18,0,0,0,33,34,29,0,0,0,13,53,39,0,0,0,45,30,15,0,0,0,20,34,21,9,0,0,10,12,13,0,0,0,0,0,0,0,0,0,27,36,0,0,0,0
606e4e45cc9fc840f19af5e905603c38,71,59,0,48,35,0,34,45,61,27,49,49,59,0,24,47,0,18,51,52,47,0,27,0,58,41,48,42,38,0,39,71,49,40,38,42,26,73,58,63,52,0,90,63,0,50,42,52,42,36,54,57,0,42,70,78,60,46,75,40,0,60,60,32,54,39,73,80,0,66,46,45
315dcfc446e5942c4480be233e1261fe,71,41,31,0,0,0,99,118,179,0,0,0,59,20,46,0,0,0,77,61,38,0,0,0,110,104,48,14,0,0,106,151,132,11,10,0,44,177,170,0,0,7,126,123,43,13,13,26,132,110,116,27,0,15,49,55,67,0,0,0,0,33,19,0,15,15,133,182,13,8,0,17
9c1db092aa1dbf7fe433cbf9e9866e69,0,0,0,0,0,0,0,0,0,0,0,0,3,0,0,0,0,0,4,0,0,0,0,0,0,5,0,0,0,0,18,14,14,0,0,0,0,26,14,0,0,0,26,16,6,0,0,0,0,0,10,0,0,0,0,6,5,0,0,0,0,0,5,0,0,0,13,6,0,0,0,0
96f4767c0881e58188b0f0a036002867,0,0,10,0,0,0,0,0,0,0,0,0,13,0,0,0,15,0,0,0,0,0,0,12,0,0,0,14,6,0,0,0,0,16,24,0,0,0,0,0,17,0,0,0,0,0,0,0,0,0,0,0,0,0,0,0,0,0,17,0,0,0,0,0,19,0,0,0,0,16,17,22
637778b2b154e93147021d1c520a3fc4,0,0,0,0,41,0,0,0,0,46,51,42,0,0,0,0,0,0,0,0,0,0,23,0,0,0,0,29,39,0,0,0,0,15,0,0,0,0,0,0,0,0,0,0,0,0,0,0,0,0,0,0,0,0,0,0,0,0,0,0,0,0,0,0,0,0,0,0,0,0,0,0
87000a3bd25aa918fea9477ceb6bcca7,0,109,92,144,0,0,165,142,244,189,184,183,119,0,108,113,122,98,154,154,123,0,156,99,203,144,101,171,149,0,0,0,0,117,154,121,57,0,109,142,146,0,51,0,0,89,99,150,78,0,88,97,0,81,142,180,150,181,241,222,0,164,121,173,266,217,83,202,0,211,203,221
d26d79c8f42fdb92feec83c9ed4076f2,73,60,43,0,0,0,435,564,627,0,0,0,149,18,76,0,0,0,68,86,78,0,0,0,176,207,161,0,0,0,41,40,43,0,0,0,15,54,19,0,0,0,75,54,0,16,0,0,30,30,19,23,0,0,0,0,0,0,0,0,0,0,0,0,0,0,0,0,0,0,0,0
98c65e2d82c79d5a888b0a2650f4ff82,0,0,0,0,80,0,0,0,0,0,0,95,0,0,0,0,0,0,0,0,0,0,0,0,0,0,0,0,75,0,0,0,0,79,92,96,0,0,0,0,87,0,0,0,0,0,0,79,0,0,0,76,0,74,0,0,0,0,0,0,0,0,0,0,0,0,0,0,0,0,0,0
c50d27d5fda90c8606a97217b3f9ec3e,0,0,0,24,45,0,0,30,0,0,0,45,0,21,21,0,29,32,0,16,0,0,0,27,0,0,0,31,0,28,0,0,0,38,0,0,0,0,0,1,38,17,0,26,0,0,0,0,0,0,0,0,27,29,0,0,0,43,49,0,0,0,0,0,0,0,31,36,0,0,0,35
2bb3d44b2219d1b7c96278ce209ad89a,132,83,97,18,0,11,60,94,130,33,19,24,60,20,36,23,24,13,64,89,54,0,23,15,74,73,57,44,28,0,21,31,19,25,36,30,11,47,39,35,28,16,55,39,13,50,25,41,60,60,72,35,14,36,82,84,56,57,66,40,0,97,49,51,84,47,43,57,9,34,63,72
75233cab73071a5709e668a3f62d14e2,0,0,0,0,0,0,0,44,41,0,0,0,21,0,17,0,0,0,0,23,0,0,0,0,48,54,0,0,0,0,0,28,41,0,0,0,28,65,40,0,0,0,59,44,0,0,0,0,36,0,0,0,0,0,0,0,17,0,0,0,0,0,0,0,0,0,27,31,0,0,0,0
126036f0a6c3ffc599d288d7e38ce6d5,0,0,0,0,0,0,0,38,12,0,0,0,0,0,18,0,0,0,0,0,0,0,0,0,9,0,52,0,0,0,28,34,20,0,0,0,22,56,54,0,0,0,62,41,0,0,0,0,0,21,31,0,0,0,0,0,0,0,0,0,0,0,14,0,0,0,39,21,0,0,0,0
7d5e5b4841ba3987d01b10d3539a79c0,0,0,0,0,0,0,28,22,0,0,0,0,0,0,0,0,0,0,0,0,0,0,0,0,26,0,0,0,0,0,29,38,28,0,0,0,0,66,44,0,0,0,48,39,0,0,0,0,0,0,33,0,0,0,0,0,0,0,0,0,0,0,0,0,0,0,32,36,0,0,0,0
a33258430636a5efdc52901b425a6f88,0,0,0,0,9,0,0,0,0,14,0,7,0,0,0,0,12,0,0,0,5,0,0,0,0,0,0,0,0,0,0,0,0,11,16,15,0,0,0,15,0,0,0,0,0,0,0,0,0,0,0,0,0,14,0,16,0,15,28,36,0,0,0,16,18,16,0,0,0,9,20,16
389d43f34c70c0651c2e18d397d70dd2,0,0,14,0,0,0,0,10,0,0,0,0,0,0,0,0,0,0,17,9,0,0,0,0,22,20,12,0,0,0,0,12,12,0,0,0,0,16,0,0,0,0,37,24,14,0,0,0,29,0,20,0,0,0,0,0,0,0,0,0,0,0,0,0,0,0,0,0,0,0,0,0
7e0bdd66a5138248c38dd34b8c243aec,13,0,10,0,0,0,21,0,50,0,0,0,24,0,0,0,0,0,17,23,13,0,0,0,30,24,0,0,3,0,19,28,14,0,0,0,0,23,25,0,0,0,34,24,0,11,0,0,20,12,17,0,0,0,12,23,10,0,0,0,0,11,0,0,0,0,33,31,0,0,0,0
7eeeb07402eebcacbb5caff051574634,109,66,60,0,0,0,71,92,115,0,0,0,51,0,92,0,0,0,60,86,146,0,0,0,97,81,74,0,0,0,159,217,160,0,0,0,57,203,201,0,0,0,207,136,52,0,0,0,54,71,86,52,0,0,111,107,33,0,0,0,0,0,77,0,0,0,133,135,0,0,0,0
b2ac2bcba94ec50cbcf5d4d4312353d3,0,0,0,0,0,0,0,0,0,0,0,0,0,0,0,0,0,0,0,0,0,0,0,0,0,0,0,0,0,0,0,0,0,0,0,0,0,0,0,0,0,0,70,0,0,0,0,0,0,0,60,0,0,0,0,0,51,0,0,0,0,0,0,0,0,0,0,0,0,0,0,0
05c48e63fbae26ef61b6aad097ef8a40,0,19,0,0,0,0,18,0,29,0,0,0,0,9,0,0,0,0,38,39,38,0,0,0,53,47,0,0,0,0,69,74,55,0,0,11,20,81,81,0,0,0,97,62,23,0,0,0,57,58,63,0,0,0,39,45,47,0,0,0,0,18,16,0,0,0,124,147,0,0,0,0
57bab37506c3ed9c8a3f07d4dbe66f02,0,0,0,0,0,0,33,59,81,0,0,0,73,0,33,0,0,0,74,89,76,0,0,0,94,87,82,0,0,0,124,177,227,0,0,0,60,188,314,0,0,0,218,201,62,6,5,0,93,43,138,22,7,0,81,107,79,0,12,0,0,31,59,6,0,0,337,283,35,0,0,0
e27ceff664d4502f601832f1c545bf00,0,0,0,42,35,0,0,34,24,0,31,26,0,0,0,0,0,0,0,13,0,0,19,0,0,19,0,0,27,17,19,23,0,0,23,33,0,0,0,30,22,0,0,0,0,0,0,36,0,0,0,30,0,23,19,27,34,33,33,57,0,44,0,0,28,47,0,0,0,42,36,38
e9a9265d25c255bd00de8858b3c53e26,0,0,17,29,28,0,0,26,0,11,18,21,0,0,0,27,30,34,14,27,0,0,0,0,30,0,0,16,16,0,0,0,11,27,48,38,0,0,0,40,37,0,27,28,0,30,0,49,25,22,0,50,17,37,14,10,10,0,0,0,0,0,13,0,12,0,0,0,0,0,0,0
060727d5f9e4aa5e600863ce454d24b5,0,0,0,0,0,0,0,34,36,0,0,0,24,0,0,0,0,0,28,0,0,0,0,0,24,33,39,0,0,0,38,42,38,0,0,0,0,58,51,0,0,0,56,39,0,0,0,0,32,35,27,0,0,0,24,32,25,0,0,0,0,0,0,0,0,0,56,48,0,0,0,0
0ba3ad212fb7532a516d669312ce2c09,0,35,0,0,29,0,0,0,42,0,95,96,36,22,0,0,69,63,53,0,54,23,0,0,19,0,0,0,0,0,58,67,51,72,0,29,25,94,72,0,0,0,82,0,20,0,68,0,0,97,0,0,0,0,82,106,57,70,71,99,0,42,0,56,88,0,68,76,0,67,73,90
83106bc54d15bb463b4fdc0f221c16c0,88,91,83,121,85,50,117,149,172,72,61,99,170,54,66,63,74,0,112,186,106,0,0,59,184,144,136,104,107,0,106,122,104,84,113,148,0,90,71,132,101,0,157,121,43,104,93,130,144,131,190,112,38,110,140,212,210,112,123,110,27,178,129,120,166,132,156,133,0,125,100,127
165824057f25679553765b093ae859cb,0,0,0,19,22,0,0,0,0,0,0,0,0,0,0,43,40,39,0,0,0,0,40,27,0,0,0,0,0,0,0,0,0,28,23,41,0,0,0,26,17,13,0,0,0,0,0,4,0,0,0,0,0,0,0,0,0,0,0,0,0,0,0,0,0,0,0,0,0,0,0,0
b095f562c5f192f69cf565adf6761630,1440,1035,980,1026,961,302,736,1095,1343,863,969,1084,905,254,454,870,755,679,579,868,531,257,826,586,953,821,636,844,755,273,295,352,307,656,818,1121,131,399,304,719,756,354,413,364,153,590,592,751,444,495,471,760,195,537,379,469,463,364,417,398,42,556,354,352,457,372,340,358,39,307,398,438
5625bef1e42a533756eb4c706d16f552,0,5,0,0,10,0,0,0,0,0,8,0,7,0,0,0,6,10,0,0,0,0,0,0,0,0,0,14,11,7,0,0,9,0,20,13,0,0,0,9,13,7,0,0,0,0,10,12,6,0,18,18,0,23,0,0,15,0,23,7,0,10,11,11,22,16,0,8,0,0,0,13
7cbcb8903193f66ed0f4e61e4d6d812b,630,550,520,2000,1578,584,433,669,685,1312,1494,1701,1064,324,720,934,712,1024,873,1105,661,299,999,643,586,682,581,1438,1209,425,674,845,627,1320,1825,1498,195,797,688,1381,1277,820,1144,790,273,1162,1401,1391,393,414,787,900,270,757,1179,1330,703,1558,1910,1682,103,1422,1061,1916,2304,1664,949,1047,63,1259,1710,1767
198239b00610a9e8f6d9197a1497bed8,0,0,0,0,0,0,0,0,0,0,0,0,54,0,0,0,0,0,0,0,0,0,0,0,0,0,10,0,0,0,0,0,0,0,0,0,0,0,0,0,0,0,41,0,0,0,0,0,0,38,0,0,0,0,0,0,28,0,0,0,0,0,0,0,0,0,0,0,0,0,0,0
7e7389dcdacbe875b8439811f54e375b,98,60,76,33,26,0,113,108,189,26,26,17,105,41,67,30,24,14,133,154,106,0,28,41,172,140,108,43,41,15,124,108,101,47,31,47,27,129,99,37,42,15,136,72,36,49,26,58,127,137,114,53,17,45,81,85,95,39,34,36,5,64,51,24,50,37,139,141,0,36,49,41
03d2562412a1bf9e9750373187b011e7,329,265,312,572,600,178,221,275,259,441,458,515,471,145,289,283,303,288,355,500,301,124,298,349,366,345,240,529,600,188,262,271,207,415,543,579,67,302,255,529,562,242,361,287,123,458,385,688,433,451,559,601,196,591,523,689,699,843,1035,954,72,706,642,856,1283,953,394,419,41,1080,872,1107
e9eac4012ad8a2aca34f445927a062c9,559,608,740,1755,1349,468,120,196,178,1302,1360,1626,744,385,731,2707,2638,2207,235,335,200,740,2696,1636,137,130,72,1052,615,270,65,75,70,1200,1630,1613,0,58,48,1421,1393,672,41,35,0,761,604,816,107,110,118,515,199,422,86,120,118,52,64,69,0,174,99,52,77,59,0,17,0,36,90,58
e69f0d54304151f119f4bcdd58012582,1,5,4,112,80,0,3,2,3,0,90,76,6,68,0,0,0,0,4,4,4,0,0,67,2,3,2,118,4,0,10,8,4,114,5,9,2,11,5,107,114,0,16,6,1,95,68,7,6,3,5,11,0,5,11,4,9,2,13,9,0,2,5,11,8,11,2,7,31,11,6,7
6d04e9f4e98b247d2cff1f36a6e2fd28,0,0,0,0,0,0,0,0,140,0,0,0,0,0,0,0,0,0,0,0,0,0,0,0,0,0,0,0,0,0,222,232,248,0,0,0,0,173,236,0,0,0,345,205,0,0,0,0,0,0,0,0,0,0,172,0,0,0,0,0,0,0,0,0,0,0,263,252,0,0,0,0
f63e051e474deadd28b693ed715314e5,0,0,0,0,0,0,0,0,0,47,69,89,0,0,0,15,15,13,0,0,0,0,11,10,0,0,0,0,0,0,0,0,0,0,0,0,0,0,0,0,0,0,0,0,0,0,0,0,0,0,0,0,0,0,0,0,0,0,0,0,0,0,0,0,0,0,0,0,0,0,0,0
d4f19964d0a19756e8643560e09965bd,0,0,0,0,0,0,0,66,17,0,0,0,7,0,16,0,0,0,43,0,1,0,0,0,37,0,6,0,0,0,13,0,5,0,0,0,0,0,9,0,0,0,0,9,0,11,0,0,4,0,0,0,0,0,0,0,0,0,0,0,0,0,0,0,0,0,17,1,0,0,0,0
7ecd01a1866d6a6047260dbe7cbfc092,0,0,18,8,3,0,0,0,0,5,1,2,0,0,14,1,5,13,0,16,29,2,5,0,0,0,0,16,21,0,0,0,0,4,4,7,0,0,0,3,7,6,0,0,0,5,0,6,0,0,21,0,0,3,0,0,0,11,5,8,0,20,0,6,4,11,0,0,0,5,16,6
048eaf69a0776e759d23f4185fe18008,15,0,23,29,0,0,39,48,56,0,0,0,66,0,29,0,0,0,98,58,43,0,0,0,73,69,44,0,0,0,79,85,94,0,19,0,38,70,103,0,0,0,172,76,41,26,24,36,79,54,121,52,0,29,110,106,125,26,29,34,12,54,54,32,65,29,137,124,16,18,0,0
94c770faa3cb3ed8acdaa119a29f41f4,1488,969,805,0,27,15,4649,6844,6378,0,0,0,2202,497,1011,0,0,38,1016,1216,855,18,35,0,2623,3188,2340,102,70,49,303,316,283,83,100,96,46,197,167,103,114,0,510,334,108,142,108,184,239,214,297,218,84,177,80,108,97,32,0,37,8,69,70,17,31,0,0,0,0,0,0,14
114fc12658b84d888cc4a23b969097c4,12,7,0,19,15,5,0,0,0,15,15,11,0,0,0,12,0,8,0,0,0,0,8,0,0,0,0,0,13,0,0,0,0,0,0,0,0,0,0,11,0,0,0,0,0,0,4,0,0,0,0,0,0,0,0,0,0,9,0,8,0,9,0,6,0,0,0,0,0,0,6,0
8605150279c178d3a937c5592683685e,0,0,0,0,0,0,0,0,6,0,0,0,13,6,12,0,0,0,27,61,35,0,0,0,23,31,21,0,0,0,81,79,48,0,4,5,21,85,70,0,6,0,109,72,23,8,0,0,45,65,60,0,0,5,33,40,40,0,0,0,0,26,14,0,4,6,107,118,5,0,0,7
0feedc3d5feb2939256745d55d7d656e,32,60,42,50,30,0,55,56,103,43,77,40,72,53,59,0,56,36,112,110,79,13,72,0,132,105,81,118,0,29,67,45,96,73,41,89,0,76,30,66,60,0,73,71,42,75,66,78,145,117,78,116,35,69,90,117,61,98,162,118,0,121,82,140,179,113,143,136,29,131,160,121
671cc2e87375c041309501b92828fcf4,0,0,62,0,0,0,0,0,0,60,0,0,0,0,0,0,0,0,0,0,0,0,46,27,0,0,0,0,0,0,83,0,79,0,87,77,0,0,0,0,0,54,93,0,0,0,0,0,0,0,0,0,0,0,0,142,123,0,0,83,0,144,85,0,0,0,163,0,19,0,0,0
c44fd36f237fe559db5f2d77306dd82f,31,0,23,0,0,0,0,0,53,0,0,0,32,0,31,0,0,0,29,46,30,0,0,0,55,59,48,0,0,0,35,0,41,0,0,0,29,50,54,0,0,0,75,86,21,9,0,0,53,69,63,12,0,0,0,0,22,0,0,0,0,13,0,0,0,0,0,0,0,0,0,0
36827d85338717e25afe76492bf92cfd,902,704,575,267,288,109,474,728,930,310,329,362,418,121,196,252,243,224,198,309,196,91,257,171,412,318,281,233,218,64,55,68,53,212,254,303,26,84,49,273,193,136,91,54,0,149,180,234,90,84,122,229,53,165,82,62,86,72,63,42,0,83,73,51,63,43,48,44,0,41,42,38
27c5d2515ac58e15a6a3bacff3d9697e,0,0,0,0,0,0,0,30,57,0,0,0,27,0,14,0,0,0,23,33,21,0,0,0,67,64,23,0,0,0,20,24,0,0,0,0,22,47,33,0,0,0,34,44,17,0,0,0,0,32,39,0,0,0,0,0,0,0,0,0,0,0,0,0,0,0,0,0,0,0,0,0
1b51c2bcf60cbc321d30329cde2495a5,157,0,107,173,159,0,102,139,153,115,149,143,193,0,130,92,63,0,224,299,158,0,0,0,201,212,175,188,195,0,227,264,226,178,196,138,80,245,237,207,148,94,400,259,0,212,231,276,304,282,429,205,0,204,423,432,360,398,626,441,0,380,345,523,691,431,418,310,0,375,452,511
2804444e2143196ba313212f5be0f424,24,18,16,6,0,0,27,18,38,11,0,0,41,9,29,0,0,0,83,84,49,0,0,11,47,45,20,0,0,0,47,57,43,8,0,0,31,71,83,0,0,0,93,65,14,0,0,16,48,59,62,21,0,25,46,50,54,18,20,18,0,23,11,0,23,0,75,106,0,0,0,14
2d86cb4b11f9da26e3e0bc3f7becabcf,20,0,0,0,0,0,0,0,0,0,28,31,0,0,0,25,0,30,0,0,0,0,0,0,0,0,0,44,55,23,0,0,0,31,55,32,0,0,0,0,35,0,0,0,0,0,49,33,0,0,0,38,0,0,0,0,0,18,0,0,0,22,0,12,0,0,0,0,0,0,0,19
c1527b1c33fc3f6b26d32a9bb11aebd1,0,0,0,0,0,0,0,0,0,0,0,0,0,0,0,0,0,0,0,0,0,0,0,0,0,55,0,0,0,0,54,0,39,0,0,0,0,0,0,0,0,0,60,0,0,0,0,0,0,0,0,0,0,0,0,36,0,0,0,0,0,0,0,0,0,0,0,0,0,0,0,0
b54b9132f90f468ddfdd15d32e8afec9,85,0,96,152,119,53,82,96,107,92,126,133,146,52,95,114,81,53,0,170,107,32,104,81,116,134,0,126,118,0,90,64,116,84,137,117,44,85,98,89,118,42,104,91,56,120,71,90,112,88,139,104,35,98,91,153,156,93,116,91,0,121,101,54,128,84,124,188,0,70,85,120
869e325e7c08c8513ada38b85d2e9f93,1555,1489,1324,2796,2441,1065,555,903,992,2497,2445,2970,1300,574,858,2218,2304,2008,777,996,658,841,1631,1688,944,742,471,1936,1740,822,409,481,431,1611,2244,2579,173,384,418,1894,1786,1109,654,482,175,1560,1562,2071,654,605,852,1667,643,1520,752,923,965,774,868,753,112,964,592,643,901,729,574,505,90,724,700,698
338005a578d2ea9a18b711554226e776,0,0,0,0,0,0,0,0,0,0,0,0,0,0,0,0,0,0,0,20,0,0,0,0,0,0,0,0,0,0,32,0,0,0,0,0,0,0,38,0,0,0,33,31,0,0,0,0,0,0,32,0,0,0,0,0,0,0,0,0,0,0,0,0,0,0,39,0,0,0,0,0
748d41a04a8f11c52e747a5d73fdcd09,0,0,0,0,0,0,0,0,0,0,0,0,0,0,0,0,0,0,0,0,0,0,0,0,46,0,0,0,0,0,44,0,0,0,0,0,0,0,53,0,0,0,0,0,0,0,0,0,0,0,0,0,0,0,0,30,0,0,0,0,0,0,0,0,0,0,0,0,0,0,0,0
24aa9a5d7fafaf3fb96961b0d0e009bc,387,373,245,979,804,221,265,297,356,626,632,777,552,178,351,496,596,570,525,566,345,144,541,501,349,254,377,855,565,257,398,379,370,791,985,1035,103,275,539,800,763,348,759,546,167,709,672,932,622,514,924,855,194,834,762,681,764,663,810,704,42,710,625,773,952,685,713,639,52,660,688,695
d6c57fdfc143125e2b279007e3591c27,0,0,26,0,0,0,96,99,145,0,0,0,0,0,18,0,0,0,27,40,35,0,0,0,65,60,34,0,0,0,0,0,0,0,0,0,0,0,0,0,0,0,0,0,0,0,0,0,0,0,0,0,0,0,0,0,0,0,0,0,0,0,0,0,0,0,0,0,0,0,0,0
4eb5c5301dc97300c160594891f7ac54,0,0,0,0,0,0,11,18,16,0,0,0,0,0,10,0,0,0,11,21,12,0,0,0,30,10,19,0,0,0,42,60,50,0,0,0,24,124,64,0,0,0,48,40,16,0,0,0,11,42,35,0,0,0,0,10,8,0,0,0,0,0,0,0,0,0,38,48,0,0,0,0
eb71342b57268fdaed51cb3b2760753a,18,0,33,0,0,0,49,53,93,0,0,0,35,12,23,0,0,0,55,37,56,0,0,0,34,0,20,24,0,0,26,31,26,0,0,0,0,0,0,0,0,0,18,14,0,0,10,0,25,15,28,0,0,0,8,15,16,0,6,8,0,20,34,0,0,0,0,8,0,0,0,0
563749298b222728e9107316eb5310ef,0,0,0,0,0,15,0,0,25,0,0,0,0,0,13,0,0,0,17,17,13,15,0,0,28,18,0,0,0,0,0,0,0,0,0,0,0,0,0,0,0,0,13,16,0,0,10,0,9,0,15,0,0,0,0,13,0,0,14,0,0,0,0,8,11,0,0,16,0,0,0,0
7a1c6d0627683c055e3ca85dfa233058,22,15,0,0,0,0,11,0,19,0,0,0,30,12,17,0,0,0,0,0,0,0,0,0,0,32,21,0,0,0,0,0,0,0,0,0,0,0,13,0,0,15,0,0,0,0,42,0,0,0,27,0,0,0,0,0,0,0,0,0,0,7,0,0,0,0,0,0,0,0,0,0
4721bd5e8efa498ef8f50a1124c86642,61,78,67,196,208,0,0,97,116,251,283,310,247,68,135,192,228,178,198,282,196,0,244,184,208,142,126,360,269,104,100,134,101,218,282,256,65,122,95,327,275,146,189,117,0,266,218,284,234,242,248,308,178,226,418,448,435,728,820,684,0,538,445,710,932,719,242,231,42,716,789,930
391a9b39e298f58802fa6a2f50e9381b,62,57,40,0,0,0,43,75,78,0,68,64,70,0,52,39,0,31,87,117,0,0,0,47,71,0,131,0,0,0,137,104,135,56,71,62,37,78,159,60,74,0,204,140,52,69,0,79,103,89,183,0,0,57,147,105,101,70,65,60,0,81,99,61,89,61,177,194,0,68,47,60
808cc41e339a11fcb5797352b150dc6f,37,0,0,0,0,0,0,0,0,0,0,0,0,0,0,0,0,0,0,0,0,0,0,0,0,0,0,0,0,0,0,0,63,16,0,0,0,0,0,0,0,0,0,63,0,0,0,0,0,33,0,0,0,0,0,24,0,0,0,0,0,0,0,0,0,0,0,0,0,0,0,0
c3f1a986bf73014bf0cbe7b0a18035f0,260,223,170,274,248,59,120,134,137,228,302,330,149,61,107,241,208,122,206,221,171,71,231,192,211,180,129,325,204,71,206,290,254,284,324,429,89,351,284,327,302,177,421,343,119,288,290,312,361,340,477,332,106,281,293,447,334,351,381,315,0,394,271,225,331,365,588,654,45,325,439,409
3d889070b57cbc4fb1227d03c476e965,0,0,0,0,0,0,0,0,0,0,0,0,0,0,0,0,0,0,0,0,0,0,0,0,0,0,0,0,0,0,0,0,0,0,0,44,0,0,0,0,25,0,0,0,0,0,0,0,0,0,0,0,0,0,0,24,0,0,37,39,0,0,0,32,62,31,0,0,0,34,0,27
a40458964d5117cf5aa814cf455ebc73,31,0,0,36,0,0,0,0,52,0,30,39,0,0,40,22,0,0,78,51,32,0,0,0,51,0,48,0,29,0,35,53,78,33,41,41,0,57,58,34,42,0,74,42,0,35,33,43,38,48,64,0,0,35,80,64,94,67,56,57,0,81,61,0,66,58,73,65,0,36,49,52
b68ceec7d47616dc6368a36553010a04,0,0,0,0,0,0,0,0,8,0,0,0,5,0,0,0,0,0,0,16,11,0,0,0,0,10,11,0,0,0,34,24,16,0,0,0,13,44,45,0,0,0,58,23,16,0,0,0,33,21,19,0,0,0,0,14,0,0,0,0,0,0,0,0,0,0,36,31,3,0,0,0
87c6912347e2cafbe92407a2c6695cbe,27,20,0,0,0,0,39,83,82,0,0,0,23,0,0,0,0,0,0,0,0,0,0,0,36,0,27,0,0,0,0,0,0,0,0,0,0,0,0,0,0,0,0,0,0,0,0,0,0,0,0,0,0,0,0,0,0,0,0,0,0,0,0,0,0,0,0,0,0,0,0,0
1deb73bc6fe3c83b5d214cb8b06b8be1,10,13,8,19,15,0,0,14,14,17,11,0,14,13,0,15,13,23,26,50,23,0,0,0,35,30,17,0,0,7,26,26,26,17,11,25,10,28,22,26,22,0,26,25,9,13,23,32,36,50,56,21,17,18,63,48,58,0,27,22,0,38,33,16,44,16,29,49,0,18,24,33
8c614ec3d916c11c585e22d46cc47f04,2,93,3,3,5,42,3,4,3,4,3,1,3,52,1,2,2,90,6,5,2,40,83,79,2,3,3,7,3,49,6,9,2,6,3,3,1,4,5,6,6,0,9,4,97,5,4,6,6,5,11,3,46,5,14,6,10,7,25,7,35,10,7,12,10,9,13,3,33,3,16,6
ec74ae6c4e5133e9572e7d313c7915fb,132,98,74,83,92,38,95,151,181,69,55,93,191,56,83,57,68,60,195,229,131,0,75,55,264,173,162,140,78,0,125,138,132,68,117,102,55,170,152,79,81,0,235,149,43,103,102,121,183,176,236,126,50,119,185,254,271,92,129,114,0,148,153,77,145,111,213,256,0,90,85,127
53c3cdf271d7b3e3a1ca51b0573042eb,31,0,0,0,0,0,70,87,92,0,0,0,56,0,64,0,0,0,74,112,61,0,0,0,122,99,80,0,0,0,170,154,156,0,0,0,47,182,210,0,0,0,233,135,56,0,0,0,116,92,139,0,0,0,101,90,71,0,0,0,0,35,23,0,0,0,178,201,0,0,0,0
80bcc0f6fef138e753e2f3a6317352a0,53,35,0,82,87,0,37,58,81,56,0,49,52,0,0,0,62,59,69,86,47,0,69,0,63,44,70,73,0,0,80,64,114,68,77,68,0,65,129,77,88,0,130,102,40,77,77,83,139,78,154,81,0,77,129,114,122,77,97,77,0,80,89,81,138,62,180,121,0,95,81,83
afd66c03c4e1c3b31e4d7fc15f853ffb,0,0,0,0,0,0,0,122,0,0,0,0,0,0,0,0,0,0,0,123,0,0,0,0,139,0,0,0,0,0,0,0,0,0,0,0,0,0,0,0,110,0,0,0,0,0,0,0,0,0,0,0,0,0,117,106,108,0,140,0,0,0,0,0,205,0,0,0,0,134,120,156
e4df72fff25f6a3dfbf577c3cc3d4f8c,0,0,0,0,0,0,0,9,0,0,0,0,0,0,0,0,0,0,12,13,12,0,0,0,12,16,11,0,0,0,21,16,10,0,0,0,10,19,24,0,0,0,23,16,13,0,0,0,16,25,16,0,0,0,4,13,0,2,0,0,0,0,0,0,0,0,33,39,0,0,0,0
b1fdff36e1f96f3a7e656366b2643676,0,0,0,1,0,19,0,0,0,2,0,1,24,0,0,0,21,0,0,0,0,0,25,0,0,0,0,27,0,0,0,0,0,0,0,0,0,0,0,0,22,18,0,0,0,17,24,0,0,0,0,0,0,0,0,0,0,0,0,0,0,0,0,0,0,0,0,0,0,0,0,0
52f10b8269a8d989fc79457562ee81c9,7,4,0,0,0,0,45,44,76,0,0,0,33,0,23,0,0,0,54,99,47,0,0,0,121,82,46,0,0,0,88,111,66,0,0,0,23,121,92,0,0,0,102,98,26,10,0,8,72,87,94,16,0,13,29,61,45,0,5,0,0,16,6,4,8,0,112,160,22,5,8,9
4423e8ddc5842d1ba2828fb8a8202a81,38,32,53,0,0,0,71,64,84,0,0,0,83,30,29,0,0,0,46,83,44,0,0,0,140,144,71,22,0,0,36,99,48,0,0,28,45,85,47,18,0,0,98,67,0,0,0,26,28,67,69,27,0,0,19,26,0,27,0,0,0,0,19,0,0,0,0,0,0,0,0,0
da389595fdf602faccbf3b18884b09c9,0,0,0,0,0,0,10,0,14,0,0,0,0,0,0,0,0,0,0,13,0,0,0,0,0,14,11,0,0,0,0,11,0,0,0,0,0,23,21,0,0,0,19,16,0,0,0,0,0,0,18,0,0,0,9,10,0,0,0,0,0,0,0,0,0,0,0,19,0,0,0,0
66a628e73d74c5077899e1f3a6f43006,0,0,0,0,0,0,4,5,14,0,0,0,0,0,0,0,0,0,0,0,0,0,0,0,11,0,4,0,0,0,15,9,10,0,0,0,0,22,25,0,0,0,15,14,0,0,0,0,0,14,20,0,0,0,9,0,0,0,0,0,0,0,0,0,0,0,16,27,0,0,0,0
570555a07e2e7674026bcf5a07b90c02,111,78,92,84,77,0,39,67,0,0,151,166,94,19,50,126,0,97,0,0,29,41,135,94,0,0,31,76,0,51,8,17,0,0,0,81,0,0,0,72,61,0,0,0,0,60,60,0,0,33,0,0,0,76,0,0,0,0,0,0,0,0,0,0,0,0,0,0,0,0,0,0
4e2a033fab13116973bcd2a3fd95233c,0,0,0,0,9,0,0,106,0,0,0,0,0,0,0,0,0,0,0,0,0,0,0,0,0,0,0,0,0,0,12,0,0,0,0,0,0,0,0,0,0,0,0,0,0,0,14,0,0,0,0,0,0,22,0,0,0,0,0,0,0,0,0,0,0,0,0,0,0,0,0,0
795f48099bccc7ed8ba75c68e86aef57,0,0,23,0,11,0,21,21,13,0,0,0,32,0,13,0,0,0,17,15,11,0,0,0,0,15,24,0,0,0,8,12,0,0,0,9,0,0,0,0,0,0,38,28,7,0,0,7,0,0,27,0,0,5,0,0,0,0,0,0,0,0,0,0,0,0,0,0,0,0,0,0
ec7c2c9d0d115338bc59b99c988d5d03,16,0,0,17,0,0,27,22,34,0,0,0,32,0,21,0,0,0,44,36,22,0,0,0,43,23,27,0,0,0,0,0,0,0,0,13,0,0,18,12,0,0,52,25,12,18,14,0,45,33,40,0,0,0,0,0,0,0,0,0,0,0,0,0,0,0,0,0,0,0,0,0
3c690ebe994bd482f7db0d346a9b56ac,0,0,0,0,0,0,0,0,0,0,0,0,0,0,0,0,0,0,0,13,5,0,0,0,0,0,8,0,0,0,17,20,11,0,0,0,13,21,12,0,0,0,19,13,8,0,0,0,12,10,6,0,0,0,0,0,4,0,0,0,0,0,0,0,0,0,22,20,0,0,0,0
a3ecc62fbbdfcc335ef9c1c9761017b5,494,347,302,342,330,93,357,428,574,297,277,354,411,124,287,256,236,183,373,551,316,82,231,185,415,472,340,360,285,123,318,347,282,290,300,375,127,388,318,360,305,148,464,299,121,318,320,342,430,399,453,370,143,321,426,512,536,485,642,475,33,476,330,395,637,399,400,492,46,481,590,604
27f0fe433ab926b93e35f9c5813b91be,126,188,146,71,153,50,113,147,176,124,115,119,153,36,72,93,54,0,110,99,83,0,83,68,107,124,121,92,135,0,74,68,38,142,125,90,41,101,69,138,110,72,109,82,31,136,135,159,121,92,151,116,51,128,140,0,129,91,112,114,0,157,150,134,106,108,119,162,0,62,90,117
d86e36b254e908a903abb124958d8d47,435,335,391,735,723,172,269,328,347,563,576,756,407,128,337,448,387,384,325,501,290,155,425,402,298,364,290,559,521,171,267,357,261,465,619,716,109,340,308,557,514,259,435,340,95,363,413,571,364,374,450,525,125,463,371,414,443,238,329,273,0,325,290,289,407,273,363,447,14,192,252,266
cc1c2c86a0914923fd987de1ca2f33c1,492,417,485,1000,955,412,278,256,325,938,1064,1078,416,230,292,908,748,707,250,333,243,261,920,583,305,221,181,901,722,357,56,112,42,681,977,1011,19,68,43,768,711,400,97,62,27,891,579,783,171,214,210,633,274,712,247,283,286,469,424,391,40,553,263,369,476,397,29,38,0,430,420,416
99fb3f0f694c779523a46b0349e922d5,0,1,0,0,0,0,25,0,0,26,1,0,0,0,0,0,25,0,0,0,0,0,0,0,0,0,0,0,0,0,0,0,0,0,0,0,0,0,32,0,0,0,0,0,18,0,0,0,0,0,0,0,11,0,0,1,0,0,0,21,0,0,0,0,0,10,0,0,0,0,17,0
e708b3f8a2d2e83eba44985a28dfd3b8,0,5,0,0,3,0,0,13,0,0,0,0,5,0,0,0,0,0,0,0,0,0,0,5,0,0,0,0,0,0,0,0,0,0,0,0,0,0,0,7,0,0,0,0,0,0,0,0,5,0,6,12,0,8,0,8,18,6,0,11,0,16,10,0,6,13,7,0,0,8,0,7
694ab1f58645545dccee148a203b6840,205,180,173,289,263,65,68,106,107,307,341,355,136,55,84,303,224,226,62,65,40,90,245,154,83,62,33,207,169,61,35,29,22,215,232,275,0,35,47,198,159,101,46,30,0,145,150,219,78,50,56,148,56,164,49,64,60,85,101,112,0,95,66,88,112,110,35,40,0,93,135,114
75dc561661a9b789d695c059a7ea989b,0,0,0,82,69,0,0,0,0,106,74,98,0,0,0,70,69,66,0,0,0,0,75,0,0,0,0,52,82,0,0,0,0,69,89,104,0,0,0,96,79,0,0,0,0,0,0,55,0,0,0,44,0,0,0,0,0,62,75,81,0,62,48,67,92,48,0,0,0,0,0,96
3f5fe2cfde171ac8fc0b55f0a3fb6f3d,0,0,0,0,0,0,0,0,0,0,0,0,0,0,0,0,0,0,0,0,0,0,0,0,0,0,0,0,0,0,49,0,50,0,0,0,0,74,77,0,0,0,56,0,0,0,0,0,0,0,0,0,0,0,0,0,0,0,0,0,0,0,0,0,0,0,0,0,0,0,0,0
dfbdc30e9c372006880120016161a300,0,0,0,0,0,0,0,5,2,0,0,0,0,0,11,0,0,0,0,0,14,0,0,0,7,0,13,0,0,0,0,29,23,0,0,0,19,22,24,0,0,0,35,15,0,0,0,0,10,12,4,0,0,0,0,8,0,0,0,0,0,0,0,0,0,0,19,30,0,0,0,0
4c4412631a9259dc728221cbb11d93e8,454,438,384,861,589,209,193,257,359,607,684,897,428,216,304,683,606,472,252,360,213,165,654,471,372,303,235,778,501,169,93,118,93,561,702,664,31,110,95,700,612,320,150,85,53,476,320,563,174,178,199,429,169,385,287,321,260,428,567,478,31,410,291,359,607,461,64,82,0,339,494,455
d450731b6ddc038db4fc45d3d2d42aed,46,0,0,0,0,0,0,0,0,7,0,0,19,0,0,0,0,0,0,24,0,0,0,13,0,0,0,0,0,0,0,18,19,0,0,0,19,0,0,17,0,0,0,21,0,0,0,0,28,0,0,17,0,8,0,0,43,0,0,11,0,0,0,0,0,24,0,16,0,0,0,0
2f814d83763531e7c60b6e02368dc91c,49,61,36,56,49,19,33,57,71,58,56,72,53,20,55,37,51,28,73,108,57,18,62,37,56,59,40,65,34,0,69,48,47,50,56,95,23,51,64,51,58,28,73,59,0,59,42,55,57,62,54,59,22,50,71,101,88,79,69,72,0,73,37,42,83,55,68,86,0,72,75,71
c4a652e8479eda05d56adac5b6418431,0,0,0,0,0,0,0,0,0,0,0,0,152,0,0,0,0,0,0,163,142,0,0,0,173,0,140,0,0,0,291,289,230,0,0,0,0,235,347,0,0,0,417,304,96,0,0,0,262,177,242,0,0,0,192,160,143,0,0,0,0,0,0,0,0,0,343,391,0,0,0,0
df36dbb2bb0c0d4566795e9252050a64,0,0,0,0,23,0,0,0,0,0,0,13,0,0,0,13,0,0,0,20,0,0,12,0,18,0,0,0,0,0,0,0,0,0,11,0,0,0,0,0,0,0,0,0,0,9,0,0,0,0,0,0,0,0,0,16,0,12,0,18,0,17,0,0,16,21,0,0,0,25,21,32
d90acedc7a0f6ca06d87ac9e2a2deb98,102,74,65,0,0,0,76,65,53,0,0,10,103,0,0,17,0,0,92,123,81,0,0,0,80,69,111,0,0,0,90,106,0,0,0,26,0,127,126,19,0,0,191,112,62,0,14,0,133,157,138,33,10,0,0,0,0,0,8,0,0,0,12,0,0,0,0,0,0,0,0,0
3608d1103cae304e05d4b72b01de6408,0,0,0,0,0,0,0,0,0,0,0,0,0,0,0,45,0,0,0,0,0,0,0,0,0,0,0,0,0,0,0,0,0,0,58,0,0,0,0,33,0,0,0,0,0,0,0,39,0,0,0,0,0,0,0,0,0,0,0,51,0,0,0,0,0,0,0,0,0,0,0,0
d97f73d5b657210cf89ac703340b9b4f,649,418,329,235,262,0,510,856,865,179,180,201,612,171,356,153,138,120,748,911,624,0,119,124,774,776,700,227,258,97,1051,1172,1058,189,336,309,404,1357,1278,269,272,122,1836,1208,385,377,337,516,968,990,1477,472,112,507,961,986,962,287,413,284,71,528,535,314,464,266,1661,1393,123,201,234,301
975e4a799c2e054229dc28245b43ebd8,0,0,0,0,0,0,45,72,62,0,0,0,0,0,0,0,0,0,0,0,0,0,0,0,0,0,0,0,0,0,0,0,0,0,0,0,0,0,0,0,0,0,0,0,0,0,0,0,0,0,0,0,0,0,0,0,0,0,0,0,0,0,0,0,0,0,0,0,0,0,0,0
723632a1348a55c32ed7a57f633a3694,53,15,22,0,0,0,394,499,522,0,0,0,144,0,60,0,0,0,63,80,59,0,0,0,174,218,198,0,0,0,28,0,15,0,0,0,0,27,33,0,0,0,24,33,0,0,0,0,31,0,0,13,0,0,0,0,0,0,0,0,0,0,0,0,0,0,0,0,0,0,0,0
3b92be1b54b379ece4571bc4d2c14c71,205,123,121,0,0,0,385,622,637,0,0,0,420,98,211,0,0,6,458,599,405,0,0,0,773,592,595,33,21,0,754,870,720,11,33,30,332,1108,983,43,23,17,1036,884,289,75,82,75,589,534,662,130,22,104,362,450,322,44,25,36,0,146,112,31,42,41,907,873,72,16,13,36
35d2b4bd57c3dbb267f6c54058c33674,51,0,0,0,0,0,52,69,92,0,0,0,44,17,28,0,0,0,42,50,49,0,0,0,81,51,37,0,0,0,107,112,81,0,0,0,44,145,140,0,0,0,115,79,28,0,0,20,75,90,79,0,0,0,39,38,33,0,0,0,0,0,23,0,0,0,74,109,0,0,0,0
5c70e81aa34561feb062fc5fc0daddaf,32,46,50,0,0,0,36,60,77,0,0,0,59,20,43,0,18,0,90,86,74,0,0,0,68,41,111,18,0,0,99,76,95,0,0,12,18,30,119,0,19,0,169,95,50,0,23,23,125,102,180,30,0,43,90,76,133,25,41,33,11,79,64,17,46,29,156,157,0,19,14,0
266ef46f3b89b08e7d063a64250412a7,0,0,0,0,0,0,0,0,0,0,0,0,0,0,0,0,0,0,0,0,0,0,0,0,0,0,0,0,0,0,76,82,48,0,0,0,35,106,89,0,0,0,70,67,0,0,0,0,31,0,39,0,0,0,0,0,0,0,0,0,0,0,0,0,0,0,43,49,0,0,0,0
e799c0b1326cf248ccaea905bb102eeb,0,0,9,0,13,0,0,0,0,11,11,19,0,0,10,0,0,15,0,0,9,0,24,7,0,0,0,16,0,0,0,0,0,0,10,15,0,0,0,14,13,10,0,0,0,16,0,7,0,12,0,0,0,0,0,14,7,36,19,28,0,0,15,29,47,41,0,0,0,35,28,38
55864390ca56220bcc7e1d4973ca8402,221,167,148,39,0,0,0,190,169,0,0,0,0,0,0,0,0,0,0,0,0,0,0,0,0,0,0,0,0,0,0,0,0,0,0,0,0,0,0,0,0,0,0,0,0,0,0,0,0,0,0,0,0,0,0,0,0,0,0,0,0,0,0,0,0,0,0,0,0,0,0,0
2c51df854fec887ba9c428f0f893fc45,0,0,0,0,0,8,0,0,0,0,0,0,0,0,0,63,23,35,0,0,0,15,56,34,0,0,0,0,0,0,0,0,0,34,52,42,0,0,0,34,19,18,0,0,0,15,0,16,0,0,0,0,0,0,0,0,0,0,0,0,0,0,0,0,0,0,0,0,0,0,0,0
acd8da910bae1ffe32a758f02aa55e72,1387,1058,1152,2041,1894,775,570,843,967,1866,2072,2107,1101,455,676,1966,1793,1518,533,778,503,733,1760,1352,778,644,440,1905,1597,585,124,170,106,1296,1483,1945,35,137,114,1756,1694,766,197,146,65,1256,1229,1742,389,367,433,1447,519,1107,377,560,577,530,637,559,64,739,434,528,693,583,91,82,0,461,532,647
ac8b777990602911a66959c22ebcb057,509,451,395,505,501,179,349,364,497,462,511,496,434,178,319,340,375,315,411,446,346,139,365,383,488,470,329,500,449,151,158,201,141,401,450,482,45,166,117,456,343,221,193,182,0,357,375,441,262,241,286,432,116,347,323,410,370,602,488,567,64,446,380,512,594,530,244,260,0,428,465,498
f05c6e0847a018cfab199184c898947e,66,49,45,20,18,10,79,110,138,21,17,36,64,27,37,18,23,17,43,115,51,0,10,19,105,106,75,38,41,7,91,87,94,13,22,23,42,139,113,21,31,16,134,114,30,15,22,19,112,91,94,31,14,43,48,65,65,40,71,52,3,64,30,40,60,43,122,134,7,52,46,67
efaa4b9ea10e876366640c1ee4165e31,866,558,540,838,762,340,488,805,1012,628,666,735,720,253,422,755,584,526,531,665,471,261,656,480,812,676,510,945,807,353,163,215,105,623,768,904,59,138,137,800,741,369,201,183,80,649,658,894,448,435,408,860,308,578,488,591,560,790,925,750,60,677,405,742,878,598,123,153,24,638,748,810
a0bb9aa297485545397a2c4e2d48c880,160,134,129,100,106,0,0,110,146,131,145,126,97,0,78,117,98,98,0,0,0,0,111,0,107,0,0,112,0,0,0,0,0,99,0,129,0,0,0,89,0,0,0,0,0,81,0,110,0,0,0,0,0,0,0,0,0,0,0,0,0,0,0,0,0,0,0,0,0,0,0,0
36da9d457d594f741efe150363b8ec0f,0,0,41,70,62,0,0,0,0,54,68,64,0,0,0,66,52,47,0,0,0,0,0,58,0,0,0,49,0,0,0,0,0,44,63,74,0,0,0,52,55,0,0,0,0,0,0,0,0,0,0,0,0,0,0,0,0,0,0,0,0,0,0,0,0,0,0,0,0,0,0,0
f5b6f74567ca5dd8c5db37f1211c9e7c,0,17,0,34,0,0,0,20,0,0,0,0,25,0,23,0,0,22,21,4,23,0,0,0,23,36,21,18,0,0,9,0,29,0,1,0,0,25,0,0,0,0,44,0,0,0,0,4,2,0,3,0,0,2,8,2,5,0,4,3,0,1,1,1,7,4,2,0,0,0,0,0
a8f1aaf0ca162bf59b6d73540d6cb256,0,0,0,0,0,0,0,0,0,0,0,0,0,0,0,0,0,0,0,0,43,0,0,0,19,0,0,0,0,0,0,0,0,0,0,0,0,62,72,0,0,0,79,0,0,0,16,0,0,0,0,0,0,0,0,0,23,0,0,0,0,0,0,0,0,0,49,0,0,0,0,0
708d85186677b49ce307140503c67a0e,38,45,46,145,135,50,27,29,33,136,148,176,81,23,60,109,97,82,81,103,72,30,146,93,84,66,43,172,129,52,74,117,59,83,108,132,27,104,71,112,124,52,122,72,24,96,75,101,117,130,122,109,27,99,158,196,166,304,375,314,15,219,181,306,386,287,166,157,14,277,357,415
1afc352b610b5db01284454f96ce3028,476,321,369,659,679,242,409,642,611,608,646,777,380,167,300,415,470,415,246,271,169,184,426,457,278,358,221,521,523,194,63,80,71,425,551,566,0,63,49,498,569,284,134,66,16,429,412,539,141,119,158,417,171,406,136,154,178,244,315,243,13,178,150,235,370,268,25,35,0,319,257,304
4c8b3dedf6c219bc2866d3fb2c3741ce,59,46,44,40,42,0,102,100,121,39,27,37,91,19,68,19,12,22,126,143,76,11,20,0,140,205,88,47,45,15,195,177,223,28,50,42,43,204,183,34,50,13,244,220,77,55,48,72,173,166,206,74,19,77,144,180,213,51,77,39,0,79,99,68,81,70,230,282,26,27,37,59
4fd6492f14a242f9784e72ae845edba6,21,17,23,55,49,24,0,0,0,0,0,0,0,8,28,61,94,50,0,15,7,18,86,59,0,0,0,14,0,0,0,0,0,31,41,38,0,0,0,36,14,28,0,0,0,17,16,28,0,0,0,15,0,0,0,0,0,0,0,0,0,0,0,0,0,0,0,0,0,0,0,0
93d2b863ca7d060ccc780d83a7d38c9d,10,0,14,32,35,10,0,0,0,71,35,57,0,0,0,24,15,36,0,0,0,12,39,22,0,0,0,20,12,6,0,0,0,20,32,27,0,0,0,41,13,8,0,0,0,0,19,12,0,0,0,13,6,10,0,0,0,0,0,0,0,0,0,0,0,0,0,0,0,0,0,0
a5fca58990e7a8cdc488b50838323d3d,0,0,0,0,0,0,0,0,0,0,47,0,0,0,0,0,26,0,0,0,0,0,0,0,0,0,0,0,0,0,0,0,0,0,0,0,0,0,0,0,0,0,0,0,0,0,0,0,0,0,0,58,0,0,0,0,0,38,0,0,0,0,0,0,0,0,0,39,0,0,0,0
58520b448673811ce2e7adb6739b787f,0,0,0,75,78,61,0,0,77,119,0,0,0,0,0,0,126,0,26,50,0,0,0,0,50,37,0,66,104,0,0,0,0,101,122,106,0,13,0,55,70,53,0,0,0,0,0,86,41,0,27,80,34,0,31,46,42,53,35,43,0,46,29,35,73,52,0,11,0,37,60,46
3b00b2144514af2911872000bdb6825c,38,20,23,0,9,0,63,95,101,0,0,0,79,18,33,4,0,11,96,136,88,0,0,0,182,106,101,10,0,3,124,141,112,0,0,14,57,155,159,10,0,0,197,136,50,22,11,32,141,148,140,28,15,25,39,68,77,7,8,12,0,23,28,25,17,11,144,179,16,0,12,0
6384d6fb5d753a802a8236d842c625ee,0,0,0,0,0,0,0,0,0,0,0,0,0,0,0,0,0,0,0,0,0,0,0,0,0,0,0,67,0,0,0,0,0,0,67,84,0,0,0,60,0,0,0,0,0,0,0,62,0,0,35,0,0,0,0,0,0,69,119,58,0,0,0,63,99,72,0,0,0,55,95,104
8c27a1159361656337fd8834a3c80824,4,0,8,29,0,0,0,0,0,0,0,0,0,0,0,46,31,0,0,0,0,0,29,27,0,0,0,0,0,0,0,0,0,15,30,29,0,0,0,9,0,0,0,0,0,0,0,0,0,0,0,0,0,0,0,0,0,0,0,0,0,0,0,0,0,0,0,0,0,0,0,0
5d57528ffddddb932212420af97deb2f,0,0,0,0,0,0,0,31,36,0,0,0,0,0,0,0,0,0,23,35,0,0,0,0,0,22,30,0,0,0,21,41,25,0,0,0,27,26,16,0,0,0,18,15,23,0,0,0,0,22,27,0,0,0,0,0,0,0,0,0,0,0,0,0,0,0,34,18,0,0,0,0
088b8371b1242252b004ba6cb2dec39f,26,0,0,0,0,0,0,54,0,0,0,0,0,0,0,0,0,0,35,0,0,0,0,0,0,0,0,0,0,0,88,94,0,0,23,0,0,70,97,0,0,0,98,54,0,0,0,0,0,0,68,0,0,0,0,0,49,0,0,0,0,0,0,0,14,0,104,67,0,0,0,0
cb99a9a48399bce8cd60462e20380b7c,0,0,0,0,0,0,0,0,0,0,0,0,5,0,0,0,0,0,15,0,7,0,0,0,16,0,11,0,0,0,15,21,16,0,0,0,16,27,16,0,0,0,18,16,0,0,0,0,12,0,9,0,0,0,0,0,9,0,0,0,0,0,0,0,0,0,21,21,0,0,0,0
a4363b8234b0fd085fd8876d8b80822d,0,28,0,38,104,0,0,0,0,0,0,0,23,0,0,42,0,0,0,53,0,0,46,33,0,0,52,56,0,0,0,0,0,0,0,45,0,42,0,55,54,0,25,0,0,38,30,48,0,0,0,0,0,0,34,0,38,59,51,0,0,56,40,0,48,54,0,0,0,0,27,46
af0e9f566bcd17606d79c2d95d6e1bef,0,0,0,0,102,0,0,0,0,0,0,0,0,0,0,0,0,0,0,0,0,0,0,0,0,0,0,134,0,0,0,0,0,0,119,130,0,0,0,0,0,0,0,0,0,0,0,0,0,0,0,0,0,0,0,0,0,0,127,121,0,0,0,0,139,0,0,0,0,179,136,0
e3cff16a2e4e6b52e5717f5da85b9dad,98,45,42,22,31,13,73,126,101,14,30,26,91,14,39,19,18,28,91,110,75,0,33,24,114,115,115,40,32,10,110,97,87,25,36,51,0,87,132,35,33,19,169,99,27,35,37,51,121,101,124,51,21,62,81,120,114,59,83,85,0,101,55,69,80,79,144,149,9,91,85,100
15953670a3a367ea387369969af76bb2,91,78,79,115,76,32,99,150,131,56,57,75,152,51,95,51,47,62,119,154,85,21,41,50,135,133,107,91,92,30,117,85,81,85,111,138,38,92,104,92,91,48,196,130,36,90,86,127,90,83,176,100,29,175,138,127,178,120,190,117,15,141,206,111,228,152,181,148,0,125,124,111
e1530e95155dee083d95272c99fa7aaa,13,14,11,18,12,0,25,33,27,20,11,20,30,0,23,0,0,0,31,55,34,7,12,8,40,34,21,22,19,0,64,53,51,12,13,23,22,63,74,12,16,0,83,62,20,13,19,32,69,67,71,38,11,35,39,47,66,0,37,21,0,49,0,22,38,24,101,68,0,26,21,28
d33be109bdaf677b562852a1a8d57351,1417,900,743,29,37,0,1048,1773,1633,52,42,41,870,166,442,31,40,0,431,595,369,11,26,45,806,902,737,66,28,0,65,91,102,46,79,78,18,57,43,60,75,78,133,98,23,104,81,96,88,67,135,149,26,106,59,58,67,0,20,0,0,66,80,17,0,36,0,0,0,0,0,0
513f5f26313f66f8ba1ba69d3e933a17,119,167,142,241,216,142,0,0,0,197,227,280,0,56,65,212,201,227,0,0,0,144,267,172,0,0,0,167,101,123,0,0,0,163,179,240,0,0,0,145,133,130,0,0,0,115,190,134,0,0,0,126,0,153,0,0,0,0,0,0,0,0,0,0,0,0,0,0,0,0,0,0
be7b2e7e81b894ca01656ac9df168bde,1264,932,1054,529,476,178,1084,1275,1648,550,656,720,1212,436,833,591,589,317,1858,2447,1493,233,510,428,2409,1828,1295,855,650,269,3657,5177,4247,655,860,950,1471,6674,5615,910,698,516,6830,4960,2142,1210,985,1315,5355,4272,5481,1869,624,1318,2555,3805,3406,1335,1315,1373,177,2256,1494,791,1073,1431,8294,8257,711,1339,1429,1670
65d2d9d8348964ee671e729f53d94012,0,0,0,0,0,0,0,4,0,0,0,0,0,0,0,0,0,0,0,12,0,0,0,0,0,0,0,0,0,0,10,23,9,0,0,0,0,29,19,0,0,0,19,16,0,0,0,0,0,0,16,0,0,0,10,0,0,0,0,0,0,0,0,0,0,0,14,15,0,0,0,6
a2f945de8a07ef91afcbf536c1882c2e,0,0,0,0,0,0,11,5,11,0,0,0,0,0,0,0,0,0,15,14,12,0,0,0,13,19,14,0,0,0,33,54,38,0,0,0,27,59,46,0,0,0,51,52,24,0,0,0,18,20,23,0,0,0,16,8,13,0,0,0,0,9,0,0,0,0,44,57,10,0,0,0
07dc23a9c83815460fb175eae1e54e14,0,0,0,0,0,0,8,0,0,0,0,0,12,0,7,0,0,0,19,7,0,0,0,0,0,0,0,0,0,0,34,33,22,0,0,0,11,35,36,0,0,0,32,16,0,0,0,0,7,0,23,0,0,0,0,0,0,0,0,0,0,0,0,0,0,0,29,17,0,0,0,0
72a3fa050ae6e14a36af4ce66c888dbf,31,33,34,0,0,0,38,41,59,0,0,0,33,10,24,0,0,0,39,68,26,0,0,0,63,30,21,0,0,0,14,22,0,0,0,7,0,31,23,0,0,0,0,0,0,13,0,0,9,23,13,17,0,17,21,29,20,0,24,19,0,33,0,0,23,26,23,0,0,0,21,0
aaeb322988994556a246a1c6763b7625,137,0,0,303,236,0,118,166,201,196,141,172,178,0,143,91,137,0,242,294,211,0,167,123,199,187,221,228,0,0,311,253,285,146,216,187,0,212,361,163,125,0,530,354,81,210,244,182,251,236,424,277,0,216,376,266,295,172,209,127,0,253,236,173,217,0,437,392,0,101,0,150
0a15bcd4381587d94fd08fd765c704c6,0,0,0,0,0,0,0,23,21,0,0,0,0,0,0,0,0,0,0,0,15,0,0,0,36,0,0,0,0,0,35,38,0,0,0,0,16,53,43,0,0,0,49,29,17,0,0,0,0,20,35,0,0,0,0,22,0,0,0,0,0,0,0,0,0,0,35,41,0,0,0,0
a26b9784f4b5f057757eed755ea47eac,19,13,0,0,0,0,20,46,51,0,0,0,44,12,23,0,0,0,25,31,23,0,0,0,63,46,27,0,0,0,0,0,11,0,0,0,0,0,0,0,0,0,29,27,0,0,0,0,0,21,14,10,0,0,0,0,10,0,0,0,0,0,0,0,0,0,0,0,0,0,0,0
11191c450dc64a619154336d6c00f0bc,0,0,0,0,0,0,0,0,0,0,0,0,0,0,0,0,0,0,0,37,0,0,0,0,29,32,28,0,0,0,78,45,53,0,0,0,31,56,77,0,0,0,73,60,38,0,0,0,40,0,64,0,0,0,0,30,0,0,0,0,0,0,0,0,0,0,61,45,0,0,0,0
ffaba4ce09f1d144e8fe68eccd6f8938,298,296,272,590,552,221,103,100,124,555,570,561,243,87,140,610,474,357,111,134,86,161,497,364,132,92,61,450,345,166,0,33,0,400,463,573,0,23,0,426,440,192,30,0,0,317,266,341,66,91,68,297,77,246,62,85,80,86,119,78,0,132,69,82,103,87,0,0,0,61,89,107
5e809294586be061b58d9ef1fad9d1da,27,0,24,60,59,18,19,0,14,48,44,49,39,0,0,18,57,42,45,39,22,16,36,22,0,18,21,72,41,25,22,20,13,37,55,82,0,0,9,46,0,35,0,21,0,55,0,65,24,31,33,85,0,44,26,70,71,100,76,104,0,124,62,80,144,153,27,0,0,157,122,123
c003cd1dfa0c8185d760b91d65061dc8,310,218,208,19,31,0,328,547,606,21,13,29,312,95,163,11,0,0,325,390,282,0,0,12,545,401,408,46,23,0,473,443,394,32,40,0,169,639,539,39,18,0,584,499,135,62,62,62,220,249,341,65,29,54,190,241,204,41,43,37,11,94,87,28,50,32,405,411,35,0,18,25
e864cd3a2a98f4a27d9e642a31673ccb,0,0,0,0,0,0,27,33,0,0,0,0,31,0,0,0,0,0,0,45,0,0,0,0,0,10,30,0,0,0,24,27,0,0,0,0,0,38,0,0,0,0,53,0,0,0,0,0,0,0,0,0,0,0,0,0,0,0,0,0,0,0,0,0,0,0,0,0,0,0,0,0
f77d9f36a9a8e16adc01e3ddd065786c,0,0,0,0,0,0,0,0,0,0,0,0,0,0,0,0,0,0,0,0,0,0,0,0,0,0,0,0,0,0,0,0,0,0,0,0,0,0,0,0,0,0,0,0,0,0,0,0,37,0,0,0,0,0,28,0,42,0,0,0,0,0,34,27,0,0,40,0,0,0,0,33
c680dae750e84853326303a187fcc2e3,146,175,165,639,595,159,18,0,19,81,86,78,211,82,179,1533,1405,1079,64,79,56,282,1228,927,0,0,0,34,44,0,0,0,11,448,532,650,0,10,12,551,542,221,0,0,0,135,123,136,0,0,0,56,0,56,0,0,0,0,0,0,0,0,0,0,0,0,0,0,0,0,0,0
a96bef566be6337959d134901394957f,59,0,70,157,125,0,0,0,0,130,152,156,0,0,0,95,74,104,0,0,0,0,114,79,0,0,0,88,91,0,0,0,0,105,133,106,0,0,0,96,101,0,0,0,0,94,105,117,0,0,0,0,0,0,0,0,0,98,110,76,0,0,0,102,152,0,0,0,0,107,113,115
832358e4d3e882c9cfff10ddf08ac71b,0,0,0,0,0,0,0,0,0,0,0,0,0,14,0,0,0,16,0,0,0,0,0,17,0,0,0,0,0,20,18,0,0,0,0,0,0,0,0,0,0,0,0,0,0,0,0,0,0,0,0,0,0,0,16,0,20,0,0,0,0,14,17,13,11,0,0,0,0,0,0,0
7dcbf73d1f8426aff7d0053d54db2d43,0,0,0,0,0,0,26,28,41,0,0,0,17,0,0,0,0,0,0,30,0,0,0,0,41,40,34,0,0,0,0,0,0,0,0,0,0,8,0,15,0,0,16,0,9,0,0,0,0,0,7,0,0,0,0,0,0,0,0,0,0,0,0,0,0,0,0,0,0,0,0,0
86c4a349b7cffb2c2c4e93cc3eceaf85,26,20,18,0,0,0,51,46,88,0,0,0,43,10,21,0,0,0,59,63,20,0,0,0,63,65,34,0,0,0,48,54,33,0,0,0,14,44,33,0,0,0,51,40,13,0,0,7,42,33,33,8,0,16,23,26,36,0,11,0,0,0,8,2,0,0,39,66,0,0,4,0
23eb3a6122355713ac73efa9bb3a73b9,321,315,269,183,177,58,552,505,838,189,166,188,589,193,323,151,195,93,527,769,430,63,209,128,845,686,610,316,266,96,643,805,683,159,178,260,354,1313,769,181,131,85,1003,765,374,300,245,264,909,722,930,328,120,296,335,541,590,204,219,206,42,607,259,124,308,254,897,1114,108,315,217,267
15d4f2dbfb3ab458def4901f37a3ef2b,1173,932,669,927,899,353,608,893,1075,839,935,964,812,329,545,862,711,551,534,786,546,402,714,653,858,716,604,996,634,297,330,351,275,523,673,788,204,427,360,767,671,308,393,320,187,513,506,721,462,502,557,637,237,537,423,563,484,714,929,695,70,613,394,657,810,672,412,403,41,631,692,826
c8ca31e35d6595824932d81bdaa92069,52,32,46,132,145,60,53,59,77,50,34,58,76,19,37,123,117,110,33,61,34,23,66,76,69,73,40,107,64,26,32,19,17,83,95,111,5,32,17,79,86,39,68,74,30,66,73,87,71,67,48,116,38,100,20,10,28,0,0,0,0,13,24,0,13,0,0,0,0,0,7,0
e0f8710ae620ce13a9a3c4577c1d971e,0,0,0,0,14,0,9,0,9,0,0,8,14,7,0,0,0,6,0,6,0,0,10,7,0,0,0,0,26,7,10,10,8,14,16,9,0,0,0,11,0,0,10,0,0,6,0,20,15,19,14,10,0,16,23,24,25,45,80,63,0,22,39,51,68,53,0,0,0,65,77,67
768fac642b73fd4b90ccae18f5a53269,0,0,0,5,0,0,0,0,15,0,0,0,0,0,11,10,0,0,18,34,12,0,0,0,0,22,20,10,0,0,40,27,18,0,0,12,5,21,25,7,0,0,51,29,0,20,9,8,33,16,45,11,7,6,38,32,26,26,33,19,0,43,21,14,39,28,39,34,0,26,18,26
b1ec56e2c3806f86e8403c5bf11f9a91,0,0,0,0,0,0,0,0,0,0,0,0,0,0,0,0,0,0,0,30,0,0,0,0,0,60,0,0,0,0,0,0,0,0,0,0,0,67,0,0,0,0,0,0,0,9,0,0,0,0,0,0,0,0,0,0,0,13,0,0,0,0,0,0,0,0,0,0,0,0,0,0
3b3d36abf54e8fffb3082e6350a51b70,366,251,194,252,206,79,178,274,333,182,181,208,267,85,160,161,100,94,192,277,183,41,114,115,216,239,169,149,187,62,187,158,158,169,216,176,42,210,162,165,176,85,266,132,73,174,177,194,161,208,241,184,41,173,222,237,230,134,179,147,13,181,157,167,216,126,183,223,25,104,113,117
e84c0ce5e0a227964a09693cb4ed1cb8,68,95,77,128,125,39,0,49,52,146,131,140,70,26,35,98,126,90,0,0,0,31,105,67,46,38,0,75,79,0,0,0,0,59,103,98,0,0,0,80,91,32,0,0,0,75,79,108,30,0,0,77,0,76,0,26,0,0,0,0,0,0,32,0,0,0,0,0,0,0,0,0
e3bfd96a1f17a5a0f1e34fa14dc5b6d0,33,27,19,13,19,0,34,44,66,11,7,18,29,5,18,11,0,10,31,26,34,0,12,11,47,35,24,20,0,0,4,0,25,12,18,32,5,29,22,14,11,9,30,19,0,12,18,10,31,32,22,20,9,11,28,46,19,28,14,29,0,28,24,20,24,17,28,27,0,23,26,23
1929119c4066130e9903535a5f05d1e4,0,0,0,0,0,0,119,0,113,0,0,0,0,0,0,0,0,0,0,86,0,0,0,0,0,86,118,0,0,0,64,82,0,0,0,0,0,85,121,0,0,0,67,0,0,0,0,0,0,0,0,0,0,0,0,0,0,0,0,0,0,0,0,0,0,0,120,82,0,0,0,87
58b6ede5bbc2a7a9b454d48464fd7ead,187,135,183,375,385,150,0,145,138,297,320,397,222,82,191,200,197,216,225,237,163,0,248,221,137,174,118,308,358,0,148,148,0,316,375,418,0,171,157,269,293,154,206,152,0,240,280,349,159,184,265,356,118,317,250,296,363,365,373,374,0,246,249,300,510,365,158,189,0,348,343,490
7df4e4c2fce363516493d7861976d82a,0,0,0,125,103,0,0,0,0,109,94,121,0,0,0,100,118,94,0,72,0,0,0,0,77,0,0,0,0,0,0,0,0,82,0,131,0,0,0,79,0,0,0,0,0,90,72,88,0,0,32,75,0,0,56,0,0,0,0,0,0,129,0,0,0,79,0,0,0,0,0,74
1c407353b0dfcb4d118ba19f4f3f636e,0,8,0,35,27,12,0,0,0,0,0,0,0,8,13,51,65,40,0,11,0,0,79,47,0,0,0,0,0,0,0,0,0,46,55,46,0,0,0,50,42,42,0,0,0,0,19,7,0,0,0,0,0,0,0,0,0,0,0,0,0,0,0,0,0,0,0,0,0,0,0,0
6801ddfe0b87824d37a351add7ceb640,48,57,41,31,27,0,15,34,39,65,49,51,44,21,32,44,56,30,42,61,55,0,54,24,48,43,36,94,54,15,23,24,11,34,20,60,0,17,8,51,35,12,26,44,0,39,36,42,46,35,60,26,0,34,48,81,117,110,97,85,17,101,73,35,103,54,38,37,0,80,39,75
82972a69e0e38cbff66a2cb9556b546e,140,145,118,264,231,85,56,69,93,252,306,345,137,58,100,273,296,191,80,87,51,85,231,228,86,0,52,270,203,94,0,0,0,172,254,244,0,0,0,194,252,71,0,0,0,162,153,219,45,55,57,166,67,166,58,48,0,76,68,75,0,62,65,69,91,61,0,0,0,65,92,67
552789aad8097efd3a7a465211789669,67,51,32,0,0,0,132,242,265,0,0,0,168,47,113,0,0,0,219,253,194,6,0,0,256,253,274,0,16,0,623,600,593,0,0,0,314,911,985,12,0,0,861,708,289,41,41,43,331,291,543,78,26,38,228,219,213,0,32,22,0,76,92,0,17,0,741,692,60,0,0,12
09b2258edc22a9698e6e2f7bb0d77775,0,0,0,0,0,0,138,203,177,0,0,0,99,0,0,0,0,0,113,132,0,0,0,0,160,178,158,0,0,0,319,399,323,0,0,0,174,563,484,0,0,0,515,375,131,0,0,0,167,197,283,0,0,0,0,0,111,0,0,0,0,0,0,0,0,0,285,289,0,0,0,0
8d46cec44ee6b70914f46376e2020f8c,103,123,146,248,265,105,49,77,114,289,265,353,140,50,89,270,301,186,80,93,41,109,218,174,60,57,53,296,171,96,12,16,16,199,236,277,0,28,21,221,221,116,28,21,0,135,163,205,47,28,71,165,65,119,48,70,74,128,109,124,10,95,67,96,139,85,0,0,0,128,138,142
27cc8862f17ec5edeb1204551eb90bd1,32,0,26,88,87,31,0,0,0,73,89,97,40,0,27,49,45,38,0,42,0,0,53,51,0,0,0,70,81,23,0,0,0,78,87,81,0,0,0,53,98,26,0,0,0,43,46,80,0,0,32,63,0,63,0,0,0,30,48,0,0,0,17,0,65,34,0,0,0,28,0,0
289adcbf49a1112470fc708cab5023b6,890,640,723,1475,1563,499,498,683,699,1164,1398,1535,968,357,723,983,799,834,827,1160,770,298,789,860,701,731,611,1367,1329,488,407,474,428,1211,1552,1475,131,364,372,1380,1433,663,708,502,175,1221,1356,1727,889,975,1261,1361,303,1356,1317,1517,1323,1518,2298,1679,127,1438,1270,1657,2589,1642,734,731,144,1655,1663,1993
75ff379e525defca9cf2ee076dd0454e,10,14,19,33,24,0,0,0,0,36,21,18,17,0,10,23,19,25,0,10,0,0,12,19,0,0,0,24,23,11,0,0,0,19,28,24,0,0,0,32,25,7,0,0,0,17,10,19,0,0,0,18,0,10,9,8,15,0,12,5,5,10,0,0,14,0,0,0,0,0,0,0
729793ce0072bbc7da7aacbeaf9696f2,0,0,0,97,84,0,0,0,0,119,97,111,160,0,0,61,72,0,0,0,0,62,78,0,130,102,0,153,87,0,0,0,0,98,0,84,0,0,0,180,100,0,104,0,0,0,0,100,64,0,77,101,0,97,110,125,130,257,362,216,0,163,121,268,309,227,0,0,11,316,323,311
7f011ee0f0a160957c84b444835a2db9,0,0,0,0,0,0,0,8,0,0,0,0,0,0,0,0,0,0,0,11,0,0,0,0,10,13,0,0,0,0,26,24,35,0,0,0,15,45,33,0,0,0,35,13,6,11,0,0,19,14,41,9,0,13,0,28,12,0,19,0,0,21,16,0,13,13,25,29,0,16,17,13
390ee206c4493f881f562359614bfacd,0,0,0,0,0,0,0,0,0,0,0,0,0,0,0,0,0,0,0,0,0,0,0,0,27,0,0,0,0,0,0,0,50,0,0,0,0,0,0,0,0,0,0,131,0,0,0,0,0,0,0,0,0,0,0,0,0,0,0,0,0,0,0,0,0,0,0,0,0,0,0,0
ba5087d74a5b44577d6faf06029b19e3,73,68,38,0,0,0,162,153,248,0,17,0,177,58,94,0,20,11,214,322,217,0,17,14,265,260,159,41,21,0,364,406,315,25,0,0,194,677,404,10,25,0,478,373,191,103,51,45,391,449,413,78,26,73,228,311,293,52,68,54,15,179,84,32,84,50,501,707,57,56,42,54
98c1016268ad28a9cb4b0edf15189fe0,27,0,0,0,0,0,15,0,21,0,0,0,0,0,0,0,0,0,0,0,0,0,0,0,0,0,0,0,33,0,0,16,0,0,0,0,0,0,14,0,0,0,0,32,0,37,0,0,0,0,0,1,0,0,0,0,0,3,0,0,0,0,0,0,0,0,0,4,0,0,0,0
afa29a0cec8e483e4225e89147054f41,0,0,0,0,0,0,10,12,13,0,0,0,0,0,4,0,0,0,22,18,15,0,0,0,20,21,13,0,0,0,28,44,35,0,0,0,22,39,37,0,0,0,69,53,18,0,0,5,63,38,52,10,0,0,12,22,21,9,0,0,0,9,0,0,0,9,60,70,0,0,0,0
2255c701f0312472db0cd59327efc7e1,0,0,0,14,27,0,0,0,0,14,23,0,0,0,8,17,0,13,0,0,0,0,16,0,0,0,0,11,0,7,0,0,0,0,9,0,0,0,0,19,0,0,0,0,0,0,0,15,0,0,0,0,0,0,0,0,0,0,0,0,0,0,0,0,0,0,0,0,0,0,0,0
b6738e29c2a6412bc108a162b36ae11f,56,40,38,0,48,8,52,77,71,45,23,51,82,29,42,0,0,23,100,123,58,0,23,0,79,73,104,60,0,14,157,115,112,28,40,58,0,84,196,0,37,0,180,113,47,0,52,50,111,76,142,26,0,45,111,86,112,46,40,45,0,74,89,57,78,63,147,142,0,49,0,71
70468e23c68e3923bcfba275d9844c4f,43,0,0,0,0,0,65,0,107,0,0,7,63,17,0,0,0,0,71,0,57,0,0,0,148,113,96,0,0,0,0,72,50,0,0,0,0,93,83,0,0,0,0,0,0,0,0,14,62,66,70,16,0,0,0,0,0,0,0,0,0,0,0,0,0,0,0,0,0,0,0,0
ccd26865eafe9a87cb4b3dd2bd70c439,0,0,0,0,0,0,16,12,20,0,0,0,0,0,0,0,0,0,11,18,0,0,0,0,34,20,0,0,0,0,0,0,14,0,0,0,14,30,15,0,0,0,10,23,4,0,0,0,0,9,9,0,0,0,0,0,0,0,0,0,0,0,0,0,0,0,0,0,0,0,0,0
24cafb0d147f9cc7ec1cbfb4d38e5392,695,569,549,1222,1155,410,386,600,721,1062,1105,1259,776,303,503,1052,842,753,513,655,439,322,803,643,671,496,446,1102,1023,436,173,228,203,808,1007,1315,61,181,151,1012,904,458,265,199,85,771,842,1085,385,405,439,951,288,720,493,783,621,796,927,769,61,838,552,802,1070,761,242,248,26,662,771,767
6bc5848dbd32a2d84af600002e2fdf64,58,58,39,0,0,0,101,49,23,0,0,0,95,23,72,0,0,0,31,92,68,0,0,0,124,143,124,14,0,0,17,32,43,0,0,16,0,34,27,0,0,0,72,22,21,0,0,0,27,14,23,22,0,0,0,0,0,0,0,0,0,0,0,0,0,0,0,0,0,0,0,0
b4474138a34b023f4c12eda099a380f2,36,0,20,0,0,0,207,213,275,0,0,0,63,0,25,0,0,0,27,54,30,0,0,0,76,91,72,0,0,0,19,0,0,0,0,0,0,0,0,0,0,0,0,25,0,0,0,17,0,0,0,0,0,0,0,0,0,0,0,0,0,0,0,0,0,0,0,0,0,0,0,0
927da287d2eb60dd0e39dfada59d0a2d,0,0,0,0,0,0,23,37,0,0,0,0,38,0,16,0,0,0,32,0,0,0,0,0,29,0,40,0,0,0,0,0,10,0,0,0,0,36,16,0,0,0,0,0,0,0,0,0,0,0,0,0,0,0,0,0,0,0,0,0,0,0,0,0,0,0,0,0,0,0,0,0
3f082c6d17ac75205782259be1a552da,0,0,0,0,0,0,0,41,40,0,0,0,0,0,0,0,0,0,0,0,29,0,0,0,19,55,0,0,0,0,37,0,0,0,0,0,0,37,0,0,0,0,24,8,0,0,0,0,40,0,40,0,0,0,0,0,0,0,0,0,0,12,0,0,0,0,0,0,0,0,0,0
65bf8d673c8ec40417d7398922f2b931,39,55,44,70,59,0,37,23,49,42,69,58,69,23,30,60,61,39,40,65,33,14,75,33,39,43,27,51,56,21,14,11,18,45,56,68,0,0,0,57,54,32,21,0,0,52,50,44,31,24,29,33,13,55,43,55,38,75,57,69,0,57,26,49,94,61,0,0,0,39,56,69
987aa854a462623ff91dafdbdd4a71f8,7,14,0,14,10,0,0,0,0,0,19,12,0,0,9,5,13,0,0,0,0,0,17,7,3,0,0,11,13,13,0,0,3,14,12,16,0,0,0,13,0,0,0,0,0,0,5,10,0,0,0,8,0,11,13,0,0,15,32,17,0,10,11,37,22,23,0,0,0,19,24,13
429a55f78ccb16b00498991f42bbdc3f,52,29,31,0,0,0,358,510,536,0,0,0,368,103,262,0,0,0,638,917,541,0,0,0,599,384,571,0,0,0,456,614,437,0,0,0,153,786,615,0,0,0,767,620,124,0,0,0,857,657,1237,57,0,23,598,751,718,8,27,0,0,186,167,0,0,0,1649,1567,98,0,0,0
bf71722e93965303ca4f71e11586933e,2222,1635,1441,2723,2416,985,1368,2017,2429,2152,2410,2569,2090,822,1353,2265,1982,1624,1617,2131,1379,780,1838,1460,2328,1994,1565,2749,2050,893,697,912,733,1717,2193,2622,304,944,732,2247,1971,990,1091,996,349,1613,1680,2274,1386,1465,1519,2170,811,1669,1445,1922,1793,2246,2573,2177,207,1895,1276,2033,2683,2111,1106,1100,99,2005,2263,2505
5ff15c00de59af3e589e250584f41900,245,168,118,0,0,0,538,711,617,0,0,0,201,55,164,0,0,0,185,167,187,0,0,0,321,285,246,19,0,0,0,0,0,0,12,0,0,0,0,0,12,0,0,0,0,27,0,25,0,0,0,0,13,32,0,40,0,0,0,0,0,0,0,0,0,0,0,0,0,0,0,0
b1dc9b25aded3c8462ceb8ba597b3685,0,0,0,0,0,0,0,0,30,0,0,0,0,0,0,0,0,0,27,0,0,0,0,0,0,32,0,0,0,0,68,47,63,0,0,0,0,75,39,0,0,0,66,76,0,0,0,0,0,46,49,0,0,0,0,0,0,0,0,0,0,0,0,0,0,0,71,46,0,0,0,0
8b99520d3b57f12fca60330840bdfcbb,0,0,0,0,0,0,27,19,35,0,0,0,0,10,13,0,0,0,40,0,0,0,0,0,81,0,26,0,0,0,24,0,0,0,0,0,0,0,32,0,0,0,0,0,0,0,0,0,0,16,0,0,0,0,0,0,0,0,0,0,0,0,0,0,0,0,0,0,0,0,0,0
f365ba68ccc478c5569d6d2591d8919a,0,0,0,0,0,0,0,0,0,0,0,0,33,0,0,0,0,0,50,89,0,0,0,0,32,0,0,0,0,0,183,214,106,0,0,0,95,263,266,0,0,0,230,0,84,0,0,0,165,127,173,0,0,0,0,50,78,0,0,0,0,0,0,0,0,0,214,158,0,0,0,0
3a7fae40455444bed511017b090fdcb1,114,86,107,208,153,68,53,48,75,157,179,190,91,0,84,210,210,130,52,75,46,52,191,136,66,36,39,187,102,60,21,0,0,128,225,160,0,0,0,171,195,75,28,0,0,124,124,149,23,30,21,105,49,94,62,60,49,76,77,64,0,57,27,42,93,80,0,0,0,52,67,81
c3760e29327788833bc497e480b72efa,0,0,0,42,26,0,0,0,0,16,33,45,0,0,0,18,0,22,0,0,0,0,0,22,0,0,0,0,24,0,0,0,0,29,17,27,0,0,0,17,18,0,0,0,0,14,0,0,0,0,0,0,0,13,0,0,0,0,0,0,0,0,0,0,0,0,0,0,0,0,0,0
3b4740993da5df7909acdd8d1b666d56,901,612,488,324,312,89,574,970,881,231,292,305,745,202,501,165,136,173,787,1082,779,50,207,179,863,931,855,299,306,90,1132,1185,1027,276,323,357,320,1305,1127,346,396,130,1730,1152,398,432,442,514,903,931,1428,513,122,465,1037,1113,942,301,393,287,42,686,641,359,481,335,1711,1546,137,184,232,246
1e9c2e52c186ce9afe52598bf2f4a20f,82,75,56,80,77,39,62,140,113,73,58,92,114,36,56,59,67,48,111,78,60,21,59,49,121,96,66,82,76,37,63,95,98,98,109,180,31,92,63,91,84,56,124,80,37,140,98,133,113,81,173,166,42,116,159,200,187,224,305,293,0,262,129,223,255,235,159,112,13,370,265,243
37f13183cddf656689c8b30316c7499f,90,0,0,0,0,0,131,191,254,0,0,0,93,0,0,0,0,0,97,147,97,0,0,0,186,125,120,0,0,0,59,67,52,0,0,0,26,85,61,49,0,0,91,80,32,0,0,0,93,100,97,0,0,0,70,96,98,80,83,101,0,75,76,0,96,105,123,119,0,80,86,98
caf5d51f47da348a781c0b96bffe1510,17,0,0,0,0,0,0,0,0,0,0,0,0,0,0,0,0,0,0,0,0,0,0,0,21,0,0,0,0,0,0,21,0,0,0,0,0,0,0,0,0,0,48,19,0,0,0,0,0,20,29,0,0,0,0,0,0,0,0,0,0,0,0,0,0,0,0,0,0,0,0,0
baf79136a4e39c00d5ec6799d454e10a,0,0,0,0,0,0,0,23,0,0,0,0,22,0,0,0,0,0,22,23,15,0,0,0,22,0,22,0,0,0,37,59,45,0,0,0,0,86,58,0,0,0,70,48,30,0,0,0,29,53,29,0,0,0,0,14,0,0,0,0,0,0,0,0,0,0,52,32,0,0,0,0
1d0732ed12485871c9174b1c06cc073b,0,0,0,0,0,0,19,40,50,0,0,0,0,5,8,0,0,0,0,20,16,0,0,0,30,14,0,0,0,0,14,8,11,0,0,0,0,15,13,0,0,0,19,0,8,0,0,0,6,12,0,0,0,0,0,5,0,0,0,0,0,0,0,0,0,0,0,7,0,0,0,0
0677ed154a3cc8492c64f657e73a5aab,50,29,30,0,0,0,45,55,44,0,0,15,26,0,18,0,0,0,0,36,0,0,0,0,31,32,28,0,0,0,26,24,10,0,0,0,0,0,0,0,0,0,29,0,0,0,0,0,0,0,22,0,0,0,13,11,22,0,0,0,0,0,0,0,0,0,0,25,0,0,0,0
8f04ac0811e33f4479c1066e921cc5e3,0,0,0,0,25,0,15,0,0,21,0,0,10,0,0,33,21,18,0,9,0,10,0,18,0,0,0,15,0,4,0,0,0,0,0,13,0,0,0,0,0,0,7,0,0,9,8,0,0,0,0,13,0,0,5,0,4,0,4,0,0,0,0,0,0,0,0,0,0,0,0,0
2f169f24414a9f434b34824960481046,1,0,1,7,4,1,27,0,0,4,2,1,0,32,2,1,1,0,0,0,37,0,1,0,36,29,33,3,0,0,28,23,24,3,3,2,0,9,0,1,3,1,2,37,0,0,1,5,42,27,2,0,25,3,1,0,1,2,4,0,0,0,4,1,2,1,33,33,0,3,1,0
e0f1d6753b3a9a33b35c41dd9493b6eb,31,0,0,0,0,0,365,422,435,0,0,0,70,0,27,0,0,0,21,0,0,0,0,0,98,154,82,0,0,0,0,0,0,0,0,0,0,0,0,0,0,0,24,0,0,0,0,0,0,0,0,0,0,0,0,0,0,0,0,0,0,0,0,0,0,0,0,0,0,0,0,0
8119654818a0ca69d096bd3271c7fc74,249,172,163,27,0,0,398,567,630,0,0,16,371,116,224,0,0,0,552,721,443,0,0,0,656,700,509,55,44,0,867,818,677,45,53,32,350,1288,1004,44,25,0,1123,816,270,106,80,112,523,561,703,152,55,106,386,420,387,151,130,147,0,221,148,93,160,132,698,908,50,108,119,132
fb3b2ba307fbd6cf75cae839ecc81567,49,60,34,56,45,20,32,36,47,48,45,40,40,0,33,27,29,0,35,43,48,9,26,0,54,50,49,55,54,0,0,25,23,37,44,76,0,37,15,58,49,26,50,58,21,44,41,60,47,47,62,34,14,58,0,37,0,18,21,10,0,0,0,0,0,14,0,0,0,0,0,0
94f299ad45306aa423b061f684df3b1e,39,0,0,0,0,0,0,0,0,0,0,0,0,0,0,0,0,0,0,65,52,0,0,0,0,0,0,0,0,0,0,0,0,0,0,0,0,0,0,0,0,0,0,0,0,0,0,0,0,0,0,77,0,0,0,0,0,0,51,0,0,0,0,51,0,0,0,0,0,0,58,67
1aef62e018ca96e5618874da5eb94637,25,0,0,0,16,0,0,0,0,41,40,67,0,0,0,29,43,25,0,0,0,0,44,23,0,0,0,0,0,0,0,0,0,25,35,0,0,0,0,0,15,0,0,0,0,0,0,0,0,0,0,0,0,0,0,0,0,0,0,0,0,0,0,0,0,0,0,0,0,0,0,0
39fd950f30a49658d0f9588582e03a52,0,0,0,0,0,0,9,8,14,0,0,0,0,0,9,0,0,0,0,12,9,0,0,0,15,18,16,0,0,0,30,0,12,0,0,0,0,37,28,0,0,0,40,27,0,4,0,0,15,0,15,0,0,0,7,11,12,0,0,0,0,0,0,0,0,0,10,0,0,0,0,0
5de6fbd9e1ec40a40ece79c858278fbd,0,0,0,0,0,0,0,0,0,78,96,96,0,0,0,0,31,0,0,0,0,0,0,0,0,0,0,0,0,0,0,0,0,0,0,0,0,0,0,0,0,0,0,0,0,0,0,0,0,0,0,0,0,0,0,0,0,0,0,0,0,0,0,0,0,0,0,0,0,0,0,0
553c2052d3a0d76ab7744da4b2b90b8d,0,0,0,0,0,0,0,29,37,0,0,0,0,0,21,0,0,0,40,0,34,0,0,0,0,0,0,0,0,0,0,0,0,0,0,0,0,0,37,0,0,0,0,41,0,0,0,0,0,0,18,0,0,5,0,0,0,0,0,0,0,0,0,0,0,0,0,0,0,0,0,0
c7fcfaec4f48b44649618547e43e141c,0,0,0,0,0,0,0,0,24,0,0,0,0,0,0,0,0,0,0,0,0,0,0,0,0,0,0,0,0,0,33,0,0,0,0,0,0,0,44,0,0,0,77,41,0,0,0,0,0,0,0,0,0,0,0,0,0,0,0,0,0,0,0,0,0,0,0,50,0,0,0,0
bc0055d9333115826eeea7443b286b43,0,0,0,0,0,0,12,16,8,0,0,0,0,0,9,0,0,0,0,24,0,0,0,0,23,29,0,0,0,0,29,0,0,0,0,0,0,37,48,0,0,0,22,15,0,0,0,0,0,0,19,0,0,0,0,0,0,0,0,0,0,0,0,0,0,0,27,33,0,0,0,0
aa96d1b0225db4bf796ccf83d316a343,0,0,0,0,0,0,0,0,0,0,0,0,0,0,0,0,0,0,0,14,0,0,0,0,0,0,15,0,0,0,23,0,29,0,0,0,0,28,18,0,0,0,37,26,0,0,0,0,0,0,0,0,0,0,10,0,0,0,0,0,0,0,0,0,0,0,25,17,0,0,0,0
5d0e15d44bca3b35fd3dbc239f78f381,130,92,106,142,125,30,114,125,156,125,159,184,102,45,114,155,153,103,76,83,79,38,179,86,152,99,60,133,120,44,16,0,18,126,138,125,0,0,0,150,128,60,0,0,0,86,102,101,30,0,22,88,23,60,27,46,45,48,57,48,0,50,43,31,57,34,0,0,0,37,43,44
0a2273b3151b9818b4ccd955b358084d,0,0,0,0,0,0,0,18,23,0,0,0,0,0,10,0,0,0,0,0,0,0,0,0,12,0,13,0,0,0,0,38,41,0,0,0,17,54,46,0,0,0,40,45,0,0,0,0,25,29,31,0,0,0,0,13,0,0,0,0,0,0,0,0,0,0,29,30,0,0,0,0
525a9a2c8b8b3e7b24b03fa272140ab9,58,0,0,0,0,0,248,401,482,0,0,0,190,0,72,0,0,0,179,246,146,0,0,0,297,310,255,0,0,0,333,383,303,0,0,0,152,605,534,0,0,0,511,420,139,0,0,33,288,290,301,44,0,0,70,107,123,0,0,0,0,36,0,0,0,0,398,382,40,0,0,0
811fc4ab5891a6e4ae4e69a9486c0321,45,0,17,0,0,0,139,215,196,0,11,0,160,40,93,0,0,0,188,287,149,0,0,0,239,123,158,0,0,0,109,134,121,0,0,0,25,145,162,0,0,0,187,146,0,0,0,0,144,110,300,18,0,0,199,244,216,13,41,37,0,104,82,0,21,13,424,430,39,0,22,21
c48c0d056af21c58fcddf7ad808d4753,20,13,22,100,112,52,0,26,15,82,91,84,65,30,53,82,93,68,54,62,39,34,81,76,27,20,25,151,153,72,25,33,22,104,184,200,12,34,24,168,163,92,54,40,8,162,115,187,53,62,79,157,42,155,139,137,161,736,910,705,22,296,274,767,1041,729,29,34,8,1038,950,958
dad4ffb704b56835de7e19e793b5abf2,0,0,16,36,27,0,0,0,0,0,18,28,34,35,24,0,0,0,36,30,0,0,23,0,0,17,0,41,44,31,0,0,15,50,0,33,0,0,0,43,0,23,0,0,0,27,21,25,22,0,21,30,0,0,34,45,57,68,47,91,0,79,30,36,48,91,30,26,0,64,91,91
27a99da9d136b29e38665aec65d3e4e3,0,0,0,0,0,0,0,43,68,0,0,0,50,0,0,0,0,0,61,107,69,0,0,0,42,79,58,0,0,0,140,114,143,0,0,0,56,168,163,0,0,0,204,116,46,0,0,0,147,139,149,36,0,0,96,109,105,0,0,34,0,43,44,0,0,0,212,184,37,0,0,0
77e6cdbd3392f6455e7238b689668b76,0,0,0,0,0,0,0,0,9,0,0,0,0,0,0,0,0,0,0,0,0,0,0,0,0,0,0,0,0,0,14,16,22,0,0,0,0,0,25,0,0,0,29,0,0,0,0,0,19,16,20,0,0,0,17,0,25,0,0,0,0,0,8,0,5,0,17,0,0,0,0,0
f50170fe38c27d11531f73edb272a59e,397,408,329,126,128,32,189,255,267,28,38,33,110,23,41,61,64,50,38,54,33,19,38,37,93,94,72,15,8,0,10,7,13,39,30,44,6,0,0,35,27,17,17,13,3,0,13,12,0,14,6,25,3,12,0,0,0,0,0,0,0,0,0,0,0,0,0,0,0,0,0,0
0c394b4e6d3845164535fb31bc1fc9d8,0,0,18,0,0,0,0,0,0,0,43,35,0,0,0,0,36,45,0,0,0,0,0,0,22,0,0,0,0,0,0,0,0,79,48,0,0,0,24,0,0,0,0,0,0,0,0,0,0,0,36,54,0,0,0,54,0,0,0,32,0,0,0,0,26,0,0,0,0,42,25,45
c7939819b704b910beb4f2a53a4f6b3a,20,0,0,0,0,0,34,44,81,0,0,0,46,0,0,0,0,0,0,0,25,0,0,0,53,81,57,8,0,0,28,39,20,0,0,0,0,0,0,0,0,0,0,45,0,0,0,6,24,0,32,0,0,0,0,0,0,0,0,0,0,0,0,0,0,0,0,0,0,0,0,0
67a946494a3b0fd2310b69b2b16614eb,0,0,0,0,0,0,0,0,0,0,0,0,0,0,0,0,0,0,0,0,0,0,0,0,11,0,10,0,0,0,27,30,27,0,0,0,0,29,23,0,0,0,22,0,0,0,0,0,0,18,13,0,0,0,0,0,10,0,0,0,0,0,0,0,0,0,27,16,0,0,0,0
87e7f483c5eceaeb9e81b86394989fed,0,14,0,5,0,11,0,0,0,0,0,21,0,0,2,8,0,0,0,6,0,0,7,0,0,0,0,2,10,1,0,0,0,0,2,18,0,0,0,3,20,0,0,0,0,16,8,1,0,0,0,12,0,5,0,0,0,0,0,0,0,0,0,0,0,0,0,0,0,0,0,0
d1e5a8e197ce962010a6db0e8b4159d4,242,173,223,441,344,124,160,152,200,310,321,395,258,77,189,348,313,222,206,232,144,113,311,234,214,202,132,474,293,125,45,48,56,294,379,368,15,41,41,348,324,191,58,59,27,255,203,317,134,133,118,288,109,221,213,197,198,274,275,265,0,269,148,178,343,248,0,28,0,213,280,260
c7c0d82ee7e8b09d746a1f2f411254e3,28,17,11,28,0,0,0,38,38,0,0,18,48,0,18,0,0,12,32,47,22,0,0,0,26,27,23,24,0,0,64,64,59,0,0,0,0,32,98,0,0,0,101,75,21,0,0,23,36,33,82,0,0,0,46,34,53,0,34,22,0,0,29,17,32,0,93,109,0,0,28,0
72cb6e3977cd5772181b9a600cd5c96a,28,0,0,0,0,0,54,60,69,0,0,0,28,0,26,0,0,0,34,59,37,0,0,0,97,94,0,0,0,0,0,0,0,0,0,0,0,0,42,0,0,0,0,39,0,0,0,0,51,41,31,0,0,0,0,0,11,0,0,0,0,0,0,0,0,0,0,0,0,0,0,0
b61544776025d792f9fa7c400de65e73,0,0,0,0,0,0,13,15,19,0,0,0,0,0,0,0,0,0,21,25,23,0,0,0,24,46,18,0,0,0,63,81,60,0,0,0,16,107,70,0,0,0,59,68,20,0,0,0,34,47,44,20,8,0,0,0,10,0,0,0,0,12,0,0,0,0,50,46,0,0,0,0
37e9ced93d3240e0f53e277b3c7978eb,0,0,0,0,0,0,0,0,0,0,0,0,0,0,0,0,0,0,0,0,0,0,0,0,0,0,0,100,0,0,0,0,0,0,0,0,0,0,0,38,0,0,0,0,0,50,50,0,0,0,0,0,0,0,0,0,0,0,0,0,0,0,0,0,0,0,0,0,0,0,0,0
43cd114332bef129b3b1268ec9a6239d,0,0,0,0,0,0,0,0,5,0,0,0,7,0,0,0,0,0,15,11,10,0,0,0,8,0,0,0,0,0,25,33,19,0,0,0,14,38,30,0,0,0,26,31,10,0,0,0,19,12,23,0,0,7,0,8,0,0,0,0,0,0,0,0,0,0,26,39,0,0,0,0
8fefb48bb870b6088aa596b31fbca02e,98,77,21,85,92,26,81,111,96,6,49,73,113,43,70,56,44,0,55,70,76,0,0,7,137,75,55,61,56,0,50,112,46,70,23,18,53,119,108,51,70,0,60,94,39,116,82,95,109,93,151,74,27,83,102,30,67,67,49,10,0,32,22,48,98,86,50,174,0,125,107,73
ba7f4bc813d422809b701c0b8a0dd2f5,0,31,0,0,0,0,0,0,0,0,0,0,0,0,0,0,0,0,0,0,0,0,0,0,0,0,0,0,0,0,144,168,0,0,0,0,0,0,235,0,0,0,225,0,0,0,0,0,0,0,164,109,0,131,0,0,0,0,0,0,0,0,0,0,0,0,0,123,0,0,0,0
0ad4648dc65e151c19f7cc8822d33229,0,0,0,0,0,0,0,0,11,0,0,0,0,0,0,0,0,0,0,0,10,0,0,0,0,0,0,0,0,0,21,0,16,0,0,0,0,20,22,0,0,0,24,0,0,0,0,0,0,10,0,0,0,0,10,0,0,0,0,0,0,7,0,0,0,0,19,19,0,0,0,0
744173dff624344fb4633e5e828eaa3d,524,370,413,1054,809,412,164,184,225,823,1025,1209,360,212,305,938,822,750,279,356,216,314,926,619,283,204,156,826,543,322,93,101,112,685,837,940,22,76,95,748,737,362,106,69,34,569,571,628,208,215,192,529,273,388,275,261,258,451,381,377,39,350,258,249,424,340,64,90,0,286,400,375
185052258ac9868227476d545f4cef5c,874,614,566,993,907,308,542,718,817,807,779,959,813,309,457,668,650,587,541,756,493,269,658,550,846,648,495,1057,830,345,244,226,199,732,887,978,69,205,219,734,824,460,326,255,92,697,693,810,509,536,533,787,247,691,563,712,659,793,807,785,61,772,600,694,1016,864,302,326,59,811,820,849
11bba70a2caff4eca8f3345183bebf71,37,22,31,0,0,0,62,67,110,0,0,0,70,10,27,0,0,0,62,85,40,0,0,0,93,70,56,14,0,0,68,43,83,6,0,11,34,135,99,6,7,0,107,88,44,0,0,24,71,123,80,32,8,14,47,55,61,9,21,13,0,30,18,0,16,5,89,105,0,8,8,6
22a5500d25b03ae1c35bb25f45e316c2,5332,3970,3787,3585,2994,1059,4871,7362,7662,2692,2539,3107,6462,1963,3263,1963,2387,2055,6306,7293,4148,742,2259,1601,6532,3849,5158,3606,2295,1158,6384,6893,6768,2591,3741,4159,1466,3397,6771,2999,2759,1392,8764,5954,2439,3654,3453,4163,6508,6146,9475,4554,1341,3887,6401,7154,7965,3144,3737,3358,435,6137,3993,2955,4106,3390,9681,8477,844,2695,2671,2857
40b7441374cfca5989d9edee3f858ec0,0,0,0,0,0,0,0,0,14,0,0,0,0,0,0,0,0,0,15,17,0,0,0,0,18,0,13,0,0,0,0,16,18,0,0,0,0,14,20,0,0,0,27,23,0,0,4,8,14,11,16,0,0,0,13,12,0,0,0,0,0,0,0,0,0,0,18,23,0,0,0,0
231cfaab682bc7c20d06f78de6755e2f,100,80,112,115,105,0,47,60,83,165,177,194,61,0,62,128,158,148,61,66,0,61,183,131,63,46,46,180,153,0,0,0,0,128,121,155,0,0,0,167,155,71,0,0,0,86,98,120,0,0,0,57,0,69,0,0,0,63,0,0,0,0,0,0,56,0,0,0,0,0,0,44
dc3e55aedd54f306c1b801ee86adac1d,13,11,11,13,11,0,12,22,17,6,0,8,14,0,11,12,0,0,19,19,0,0,9,0,21,18,19,0,0,0,25,19,15,11,0,9,0,29,22,11,9,0,24,16,12,0,6,17,22,31,26,8,0,0,18,0,16,0,0,6,0,11,0,10,0,0,21,32,0,5,11,0
60123baacf5ba45e0613d39c47eae364,74,0,0,203,130,55,34,34,32,205,242,268,108,0,87,221,217,152,54,68,0,55,212,175,44,48,0,175,152,40,0,0,0,138,218,185,0,0,0,173,174,77,0,0,0,112,65,118,0,0,0,84,29,79,58,54,58,73,65,88,0,0,72,69,109,79,0,0,0,0,90,0
e0fc6284f61032cfda428416bdff5213,0,0,0,0,0,0,11,23,0,0,0,0,16,0,8,0,0,0,17,0,21,0,0,0,33,19,17,0,0,0,32,31,0,0,0,0,17,45,39,0,0,0,26,25,7,0,0,0,24,22,21,0,0,0,0,0,0,0,0,0,0,0,0,0,0,0,21,50,0,0,0,0
471f7213403bf620d5968b4f26c3fbae,56,31,27,0,0,0,161,153,140,0,0,0,68,32,47,0,0,0,105,122,75,0,0,0,105,175,86,0,0,0,251,227,176,8,0,0,85,235,270,12,0,0,276,219,47,31,17,11,145,146,184,44,0,31,73,93,85,0,14,16,0,26,47,11,21,0,180,210,21,14,0,10
5167f2966ea2456a92a4093fdc52c978,4722,3370,3144,1163,824,287,4625,7100,6913,656,702,755,4806,1204,3028,430,334,513,4478,5720,3333,134,565,416,4835,5530,4919,1206,779,324,4593,4451,4245,823,1082,938,1391,5776,5187,961,947,489,7070,5000,1666,1226,1244,1262,3796,4115,4859,1644,511,1394,3814,4238,4185,1786,2381,1974,159,2645,2315,1672,2532,1855,5311,4999,357,1569,1732,1743
77339b680aaf3567b09e8c8d078986d5,0,0,0,0,0,0,20,34,35,0,0,0,0,0,0,0,0,0,48,61,0,0,0,0,0,51,57,0,0,0,125,111,127,0,0,0,54,167,131,0,0,0,147,147,0,0,0,0,62,76,79,22,0,22,53,62,34,0,0,0,0,25,21,0,0,0,109,94,0,0,0,0
090b319d19b66a59e55d26483af85221,0,0,0,0,0,0,0,14,15,0,0,0,0,0,0,0,0,0,11,23,0,0,0,0,0,26,20,0,0,0,0,28,0,0,0,0,0,0,0,0,0,0,1,23,0,0,0,0,0,13,20,0,0,0,0,21,17,0,0,0,0,0,0,0,0,0,25,23,0,0,0,0
ec35659778e2c1821f6576f9f0ee107d,0,0,0,0,0,0,0,0,0,0,0,0,0,0,0,0,0,0,0,0,0,0,0,0,0,0,0,0,0,0,33,0,37,0,0,0,0,45,40,0,0,0,47,0,0,0,0,0,0,0,0,0,0,0,0,0,0,0,0,0,0,0,0,0,0,0,0,0,0,0,0,0
c6d59cc8a6434db83cf61cb256a17017,0,0,0,10,11,0,0,0,0,12,8,13,14,4,0,10,0,0,14,11,0,6,0,0,0,0,0,24,27,8,0,17,7,12,18,13,0,0,0,14,26,9,7,6,7,13,13,16,12,24,15,14,11,20,28,30,29,176,239,198,0,71,37,179,231,181,23,23,0,197,273,319
3dc9c1f442ce44ecba509dda3a5c41ed,835,755,929,2306,2150,661,326,394,368,2324,2300,2590,944,386,884,1693,1841,1764,637,728,476,592,1751,1564,410,491,257,2001,2125,742,228,184,171,1881,2141,2281,56,150,180,2041,2351,977,295,199,78,1654,1719,2225,470,389,536,1783,607,1743,546,699,727,1029,1186,1050,65,712,786,753,1711,1118,143,203,14,1177,890,1216
2cabfa347d3a9922a7843836b877deda,39,29,20,108,84,30,0,0,0,90,119,91,27,12,22,117,116,80,16,19,0,33,79,61,0,0,0,97,70,23,0,0,0,59,107,106,0,0,0,85,71,45,0,0,0,67,78,60,0,15,0,71,0,35,0,19,0,0,17,0,0,17,0,21,18,0,0,0,0,0,0,0
cbbfdf9670a043aa5443097a04b99985,0,0,7,16,13,4,0,0,0,31,41,39,5,0,9,40,20,0,0,14,9,6,29,29,0,0,0,11,8,0,0,0,0,39,63,60,0,0,0,42,40,20,0,0,0,37,22,32,0,0,0,34,20,15,0,17,15,26,30,29,0,22,20,25,32,26,0,13,0,25,47,59
a40dff917621f7ff5c0dd6859484c7ef,52,51,0,0,0,0,32,42,43,0,0,0,21,0,0,0,0,0,0,0,0,0,0,0,0,0,0,0,0,0,0,0,0,0,0,0,4,0,0,0,0,0,0,0,0,0,0,0,0,0,0,0,0,0,27,0,0,0,0,0,0,0,0,0,0,0,0,0,0,0,0,0
9f1f5fc31c2512c4478d11ab986f07b3,1056,848,649,635,670,176,523,750,877,540,569,659,706,222,469,572,413,349,439,608,409,175,483,359,773,647,579,631,496,174,227,268,206,383,571,592,84,226,236,552,539,205,299,217,108,448,454,549,179,284,310,517,166,431,317,334,345,284,266,243,26,301,256,283,322,275,199,194,31,210,230,265
27b072091ca75c62e9baf8971020f064,0,0,0,33,35,14,0,0,0,0,0,0,8,5,0,93,74,55,0,0,0,33,100,83,0,0,0,0,0,0,0,0,0,38,58,49,0,0,0,35,44,28,0,0,0,0,0,0,0,0,0,0,0,0,0,0,0,0,0,0,0,0,0,0,0,0,0,0,0,0,0,0
b18fc8045df1dc3c0712d7963858fc27,37,0,0,0,0,0,30,47,42,0,0,0,39,0,29,0,0,0,51,58,38,0,0,0,39,33,46,0,0,0,55,87,91,0,0,0,14,70,94,0,0,0,123,59,29,0,0,0,68,49,129,20,0,21,64,41,60,0,0,0,0,20,35,0,0,0,158,101,0,0,0,0
33a3e4cd3dbd0d95dae49bf3da44c1dc,0,0,0,0,0,0,0,34,27,0,0,0,32,0,12,0,0,0,0,65,0,0,0,0,59,60,27,0,0,0,69,94,58,0,0,0,25,119,116,0,0,0,134,88,0,0,0,0,0,0,25,0,0,0,0,0,10,0,0,0,0,0,0,0,0,0,28,53,0,0,0,0
47c80899c5d3af84b48b23d25521bea6,78,60,77,297,286,91,61,89,66,303,310,303,220,86,162,249,187,240,183,273,196,100,393,212,164,103,90,442,311,117,68,83,57,216,221,304,21,66,74,363,381,170,113,88,23,295,346,343,214,216,226,395,132,295,424,516,409,1640,2159,1907,64,942,711,1862,2229,1689,132,194,16,1806,2411,2328
8068c07541ab0decce85713e98d7f2d8,958,917,860,1591,1527,501,370,504,529,1672,1608,1824,690,344,446,1439,1611,1212,324,473,257,482,1215,1016,441,295,267,1072,1016,395,175,215,151,1064,1385,1446,65,137,151,1190,1023,530,225,150,51,772,728,1124,221,203,289,925,306,733,218,290,268,187,180,140,37,294,207,152,214,148,118,130,10,151,174,178
32ca60384429f0fa8d013a2ba24b53a3,0,0,0,15,14,0,9,0,10,15,21,11,0,0,7,11,16,17,0,0,11,0,15,10,0,0,0,12,26,16,0,0,0,0,27,23,0,0,0,22,0,0,0,0,0,16,13,17,0,0,0,0,0,15,0,0,18,23,0,25,0,18,17,0,15,0,0,0,0,20,27,5
a3ad9f33d1761ffd5bf96f1c9c591216,0,89,0,0,0,0,0,0,0,0,0,0,0,0,0,0,0,0,150,0,0,0,0,0,0,0,85,0,0,44,0,0,0,0,0,0,0,0,0,0,0,0,0,0,0,0,0,0,0,0,0,0,0,0,0,0,0,0,0,0,0,0,0,0,0,0,0,0,0,0,0,0
af4ee74b1241d8815d0f280e1e0c39c0,9,0,0,0,0,0,44,33,46,0,0,0,22,0,0,0,0,0,0,0,0,0,0,0,0,19,9,0,0,0,0,0,0,0,0,0,0,0,0,0,0,0,0,0,0,0,0,0,0,0,0,0,0,0,0,0,0,0,0,0,0,0,0,0,0,0,0,0,0,0,0,0
da89816efaeaee7b21e494408f3f28fa,157,130,116,0,0,0,222,342,343,0,0,0,225,0,148,0,0,0,262,336,214,0,0,0,215,312,248,0,113,0,438,464,430,0,122,122,160,676,554,0,0,0,670,515,164,0,0,156,255,216,380,175,0,182,287,319,365,169,215,198,0,257,218,213,283,214,483,564,0,128,191,174
7df9041ca1f48f3de8a797b51aa1132c,0,0,0,0,0,0,0,0,46,0,7,0,0,0,0,0,0,0,0,0,0,0,0,0,51,47,0,24,0,0,0,0,92,0,0,0,0,0,0,0,28,0,68,52,0,0,0,26,0,0,0,0,0,0,0,0,0,11,0,0,0,0,0,0,0,0,0,0,0,0,0,0
4831699d65c8419b5ace272aeb7315c0,14,29,0,0,0,0,13,0,19,0,0,0,0,0,0,0,27,19,15,9,0,0,16,7,20,0,0,15,12,0,0,0,0,11,0,16,0,0,0,7,0,0,0,0,0,0,0,10,0,0,0,0,0,0,0,0,0,0,0,0,0,0,0,0,0,0,0,0,0,0,0,6
f951dcdd0a0da259439633bf6dcf68af,0,0,0,0,0,0,0,0,0,0,0,0,0,0,0,0,0,0,0,3,0,0,0,0,0,0,0,0,0,0,0,0,0,9,0,0,0,0,0,0,0,0,0,0,0,0,0,0,0,0,0,0,0,0,0,0,0,16,15,18,0,0,0,0,22,29,0,8,0,19,26,17
5fed72a595b629399982d354487c1a1a,120,75,51,47,0,0,101,136,206,36,0,51,101,0,0,0,0,38,67,85,63,0,0,0,129,89,137,0,0,0,0,0,0,0,0,29,0,0,0,0,0,0,46,46,0,0,0,0,23,0,0,50,0,0,0,57,32,0,37,0,0,0,0,0,41,0,0,0,0,0,0,0
ba10129ba9ed73e063e6de48345ae68d,0,0,0,0,0,0,45,26,37,0,0,0,0,0,25,0,0,0,0,38,0,0,0,0,70,60,0,0,0,0,41,59,0,0,0,0,0,72,56,0,0,0,81,60,0,0,0,0,25,0,0,0,0,0,0,0,0,0,0,0,0,0,0,0,0,0,0,0,0,0,0,0
b1c50fe032a838d5fbb142de9046ac41,0,0,0,0,0,0,0,0,0,0,0,0,0,0,0,0,0,0,0,0,0,0,0,0,0,0,0,0,0,0,0,0,0,94,0,0,0,0,0,84,0,0,0,0,0,0,0,0,0,0,0,0,0,0,0,0,0,0,0,0,0,0,0,0,0,0,0,0,0,0,103,100
6e6cf845625c577d4717241c73249ae0,0,0,0,0,0,0,0,0,0,0,0,0,0,0,36,0,0,0,40,3,0,0,0,0,2,0,0,0,0,0,0,23,0,0,0,0,0,23,36,0,0,0,0,0,0,0,0,0,21,0,2,0,0,0,0,0,0,0,0,0,0,0,0,0,0,0,0,0,0,0,0,0
79e83765be38cf0c75f8ad27067b5c18,0,0,0,13,25,0,0,0,0,0,0,0,0,0,0,22,30,0,0,0,0,0,0,22,0,0,0,0,0,0,0,0,0,20,28,16,0,0,0,0,0,0,0,0,0,0,0,0,0,0,0,0,0,0,0,0,0,0,0,0,0,0,0,0,0,0,0,0,0,0,0,0
a0c14a7a9f9a151093e83aed1673f63c,373,269,202,185,149,60,364,380,429,183,170,176,223,75,135,147,121,122,197,218,135,0,166,98,319,293,187,181,106,0,55,49,46,170,132,161,0,0,0,165,141,78,51,0,24,116,124,156,0,0,43,126,0,80,0,77,57,75,91,85,0,75,59,78,119,77,0,0,0,60,88,102
e43bb93761309760cdab684efd92fa82,200,177,195,295,306,118,85,131,139,390,342,393,183,75,158,312,281,215,146,156,91,112,314,279,168,110,82,290,268,94,50,33,37,233,290,274,0,34,28,307,300,154,45,34,0,178,173,217,55,53,63,168,60,145,86,91,90,126,155,114,0,103,113,120,222,125,49,32,0,120,119,165
b3527a0e9aab9ad96b50be90fea8c0be,0,0,0,36,0,0,0,0,0,41,0,34,20,0,0,33,0,0,24,0,0,0,21,27,0,0,0,39,33,0,0,0,0,38,58,41,0,0,0,38,36,27,0,0,0,36,31,68,24,22,28,54,0,30,31,33,28,48,63,72,0,37,26,52,81,54,0,0,0,62,67,56
fb9ce07f025bb82cfe2053c56c8a7358,45,42,35,0,0,0,0,0,0,28,0,35,0,0,24,0,32,69,26,25,0,0,0,19,0,0,0,0,33,0,0,0,0,0,49,35,0,0,0,0,0,0,23,0,0,0,0,0,0,0,30,50,0,31,0,0,0,0,19,0,0,0,0,27,0,0,0,0,0,0,0,0
c26a127d07bf6d400ec9ab37ef4ba047,95,93,66,82,93,45,65,111,83,61,59,81,81,48,0,0,61,0,79,84,83,0,0,45,146,67,56,75,73,0,72,88,64,67,92,134,39,0,59,60,55,38,105,48,0,98,81,124,86,75,120,154,0,117,99,165,162,107,138,130,0,152,80,95,115,91,162,103,0,135,92,81
4c1122dc74664bfc7b118523dd6a5c14,416,335,236,27,32,0,770,1156,1140,37,17,26,561,184,346,23,0,31,724,907,665,0,21,0,892,946,854,64,42,16,1484,1807,1480,52,71,49,661,2494,2042,84,68,41,2459,1620,573,181,207,209,730,721,1230,295,105,245,538,694,526,87,135,121,24,313,306,89,140,114,1676,1682,203,65,52,83
0834133919641175cae8d292dd569410,0,12,0,28,21,0,0,0,0,16,21,25,0,0,0,0,25,0,0,20,0,0,0,0,0,0,0,147,118,23,0,0,0,43,31,64,0,0,0,60,91,47,0,0,0,87,67,94,29,0,0,68,19,47,17,23,20,0,0,0,0,20,0,0,0,0,0,0,0,0,0,0
98b33260977b1d0df4bbbcdf5c2d9ae3,0,0,0,0,0,0,0,47,57,0,0,0,0,0,0,0,0,0,21,32,0,0,0,0,49,35,61,0,0,0,0,42,60,0,0,0,31,57,50,0,0,0,65,0,31,0,0,0,0,0,53,0,0,0,0,0,21,0,0,0,0,0,0,0,0,0,0,63,0,0,0,0
28b1305719f379649423938a134db090,219,163,165,148,103,0,181,243,301,130,171,173,235,0,149,137,105,0,406,503,287,0,167,86,465,410,262,183,151,0,786,1077,852,158,212,279,327,1280,1028,207,198,105,1330,988,424,314,249,289,1059,1004,1151,384,90,251,630,818,785,436,436,378,0,454,318,227,443,361,1820,2028,140,373,502,499
35ef0b64f602d7e4d297106d66829c94,82,124,124,297,269,132,12,16,0,68,89,86,151,89,117,1000,1066,817,54,53,53,259,890,655,0,0,0,50,47,12,14,25,17,311,444,565,0,0,0,451,410,196,0,0,0,100,110,182,0,0,0,40,0,30,0,0,0,0,0,0,0,0,0,0,0,0,0,0,0,0,0,0
95922967d9979ae15e1a45a7616705b1,0,0,0,0,0,0,0,0,0,0,0,0,0,0,0,0,0,0,0,0,0,0,0,0,0,0,0,0,0,0,133,158,127,0,0,0,0,218,160,0,0,0,223,180,0,0,0,0,187,0,236,0,0,0,0,144,0,0,0,0,0,0,0,0,0,0,217,306,0,0,0,0
f21770f200eaf25a123f0c8a266f11df,109,91,82,17,18,0,188,286,250,20,14,21,214,91,143,11,9,13,286,342,229,0,27,12,295,267,275,27,36,15,613,650,631,23,21,21,182,544,828,34,28,27,981,617,221,90,80,101,622,647,752,214,60,161,363,414,563,88,75,69,7,172,176,71,94,74,1009,883,66,20,32,44
a2df253852ad5778ead1e2611c17e9f3,31,30,19,0,0,0,0,0,18,0,21,0,0,0,18,0,0,0,33,23,0,0,21,12,0,0,0,0,31,0,22,0,27,17,0,0,0,17,0,0,0,0,27,0,0,23,29,0,0,0,35,0,0,0,0,0,0,49,62,0,0,43,0,0,0,0,54,0,0,0,0,0
e458d831c120916deae119c67c91cbba,25,26,0,39,48,19,19,16,18,50,42,50,22,13,18,53,30,37,23,22,0,0,43,24,26,26,16,45,56,29,0,10,0,21,45,65,0,15,16,50,40,23,16,0,0,34,34,53,0,17,28,45,14,35,29,45,40,35,53,32,0,36,26,38,57,33,19,30,0,40,43,38
a82e627baaa2b39307966062569e7562,361,358,301,1050,900,343,133,176,193,1005,893,1212,366,164,261,694,870,842,136,191,103,271,720,682,101,62,81,797,678,342,60,92,42,778,1073,1300,17,0,43,779,927,446,55,40,35,641,609,1001,140,141,192,721,248,754,197,172,202,189,203,254,0,296,231,207,311,207,0,54,0,193,143,142
6af0612e99495504772aa8ca99660987,0,0,0,0,0,0,32,46,56,0,0,0,14,0,0,0,0,0,0,0,0,0,0,0,39,56,29,0,0,0,0,20,0,0,0,0,0,0,0,0,0,0,0,0,0,0,0,0,0,0,0,0,0,0,0,0,0,0,0,0,0,0,0,0,0,0,0,0,0,0,0,0
e4cf4dee77f432e234b221f10f81a532,51,47,59,254,219,67,0,0,33,196,181,227,56,41,63,199,210,104,0,49,0,52,143,142,24,14,0,200,195,81,0,0,0,179,211,314,0,28,0,200,181,112,0,0,0,183,139,209,0,25,0,194,53,169,24,43,24,0,0,0,0,21,25,0,0,17,0,0,0,0,0,0
3d32476ab76c5cadf929f741034b9624,0,0,0,0,0,0,0,0,0,156,221,219,0,0,0,58,44,56,0,0,0,0,17,25,0,0,0,0,0,0,0,0,0,0,0,0,0,0,0,0,0,0,0,0,0,0,0,0,0,0,0,0,0,0,0,0,0,0,3,0,0,0,0,0,0,0,0,0,0,0,0,0
7c93e55d31dbccefcc24f28eabae4b9a,0,0,0,0,0,0,47,0,0,0,0,0,54,49,44,0,0,0,0,96,0,0,0,0,69,0,0,0,0,0,0,0,0,0,0,0,0,0,0,0,0,0,0,0,0,0,0,0,94,78,95,0,0,0,86,92,130,55,0,0,17,65,89,0,0,46,0,25,0,45,72,44
7dc6d95263d446e50d34953febbe2307,0,0,0,0,0,0,15,0,12,0,0,0,0,0,5,0,0,0,14,23,14,0,0,0,24,19,21,0,0,0,23,0,21,0,0,0,16,44,35,0,0,0,29,22,0,0,0,0,8,4,0,0,0,0,10,0,0,0,0,0,0,5,0,0,0,0,37,67,0,0,0,0
78bd2cfdc9b698849782f8ee9d4d233d,0,0,0,0,0,0,0,55,0,0,0,0,0,0,0,0,0,0,0,0,0,0,0,0,46,50,0,0,0,0,0,0,0,0,0,0,0,34,35,0,0,0,0,0,0,0,0,0,0,0,0,0,0,0,0,0,0,0,0,0,0,0,0,0,0,0,0,0,0,0,0,0
28feed490607dfdd8d07801149302b37,0,0,0,0,0,0,96,111,143,0,0,0,0,0,0,0,0,0,0,0,0,0,0,0,37,35,0,0,16,0,0,0,0,0,0,0,0,0,0,0,0,0,0,0,0,0,0,0,0,0,0,0,0,0,0,0,0,0,0,0,0,0,0,0,0,0,0,0,0,0,0,0
10d457e50e067ff8f8eae05ba91a865b,60,41,50,142,139,37,54,68,68,123,125,135,59,0,57,103,92,104,54,55,25,23,72,73,46,41,39,102,121,52,24,28,23,112,132,166,0,22,18,134,132,47,43,32,12,99,113,151,73,55,61,127,50,137,90,86,57,97,135,125,0,87,79,153,166,114,35,41,0,135,118,141
d16b0cd47a9f00cfa15e4c47aea338ae,0,0,0,0,0,0,22,0,22,0,0,0,0,0,15,0,0,0,26,39,18,0,0,0,25,23,28,0,0,0,56,65,33,0,0,0,34,127,87,0,0,0,61,48,31,0,0,0,28,15,24,13,0,0,0,23,15,0,0,0,0,0,0,0,0,0,45,65,0,0,0,11
74458ca91c71a3d8d62f07d755fb8cf9,0,0,0,0,0,0,21,21,30,0,0,0,0,0,14,0,0,0,20,45,20,0,0,0,28,0,21,0,0,0,38,46,34,0,0,0,0,52,47,0,0,0,58,48,0,0,0,0,51,41,41,0,0,0,32,27,25,0,0,7,0,16,0,0,0,0,48,51,0,0,0,0
39ff2e06a49ee8d3b9c872989e128914,473,463,486,507,377,114,370,410,525,653,657,652,331,126,233,568,661,420,225,314,200,219,745,532,287,275,249,651,507,227,46,45,43,522,494,729,0,49,49,601,644,287,49,43,0,328,341,438,57,82,90,302,114,189,126,120,104,300,422,314,0,263,167,215,410,253,0,17,0,239,295,319
7b1943536c5e9836e9724211b8cd5520,0,0,0,0,0,0,31,38,40,18,0,0,52,0,0,0,0,0,51,35,0,0,0,0,56,75,0,0,0,0,0,0,31,0,0,0,0,47,35,23,0,0,67,60,0,0,0,0,0,62,27,0,0,0,0,0,0,0,0,0,0,0,0,0,0,0,0,0,0,0,0,0
9e69450169083214dd84d3e639c64310,9,12,0,0,14,0,0,0,0,9,0,4,13,0,0,0,0,0,7,0,0,0,0,0,11,12,0,13,0,0,0,0,0,0,0,9,0,0,0,11,8,0,26,12,0,0,30,10,13,0,30,22,4,8,13,0,19,0,12,0,0,14,0,0,0,0,0,0,0,0,0,0
d3f651cb511dfeea11b127a8d5ac781e,1458,1121,916,755,630,248,791,1066,1388,852,868,1022,717,203,396,676,724,601,350,443,308,210,647,486,706,569,425,649,466,245,81,111,71,502,636,809,26,70,72,613,567,313,108,84,25,461,397,548,124,142,124,416,141,335,101,144,122,137,123,123,0,188,120,121,155,130,10,16,0,129,131,141
40a82e3dc9d9973f01a0289f03a2e6b6,0,0,0,0,0,0,15,27,35,0,0,0,15,7,0,0,0,0,34,30,31,0,0,0,24,32,30,0,0,0,71,67,65,0,0,0,32,89,64,0,0,0,64,70,28,11,0,0,0,15,40,0,0,0,15,22,18,0,0,0,0,13,11,7,0,0,59,68,5,0,0,4
a6d1cb4524efc57ec8ec79d35e40d600,0,0,24,43,54,26,14,0,24,42,30,64,42,24,33,44,49,39,23,31,0,16,51,61,32,0,0,53,51,23,0,0,0,55,78,54,0,0,0,58,71,31,0,0,0,54,43,49,0,31,0,40,0,24,16,45,0,53,62,55,0,0,45,40,82,46,0,0,0,69,66,63
226ad33e2583cecf67fa0860516aa987,1,0,1,3,2,0,0,0,0,0,1,0,0,1,0,0,0,0,0,0,0,0,0,2,0,0,43,1,0,0,30,38,34,0,0,0,0,0,32,0,3,1,33,24,0,1,1,3,0,0,0,0,0,0,0,0,1,0,0,0,18,0,0,0,0,0,0,0,21,0,0,0
447037b766f15c6e02f7915e8038ba31,23,0,0,0,0,0,30,39,0,0,0,0,0,0,0,0,0,0,23,42,0,0,0,0,0,57,0,0,0,0,0,0,25,0,0,0,10,0,0,0,0,0,44,0,0,0,0,0,0,29,0,11,0,0,0,0,11,0,0,0,0,0,0,0,0,0,0,0,0,0,0,0
509c9b8a17fc6064888d23f7f5cf1fef,9,0,7,0,0,0,21,0,0,0,0,0,22,0,12,0,0,0,0,16,14,0,0,0,31,0,22,0,0,0,0,0,0,0,0,0,20,0,0,0,0,0,0,0,20,5,0,0,0,0,1,8,0,0,15,9,14,0,0,0,0,5,7,0,5,0,0,0,7,0,0,0
f847a8fdea09cad2480ed80b6b36e641,467,352,289,474,485,171,234,350,387,336,345,401,375,114,237,374,281,241,364,490,372,95,307,282,544,421,344,453,363,136,304,283,248,289,324,533,109,321,271,472,445,197,469,311,127,369,356,451,347,419,470,417,116,355,363,513,470,368,464,382,36,417,290,391,482,385,435,394,41,342,364,399
f19be33c7941a31fff8f7783c89812ea,1455,1164,1201,3471,3159,964,625,914,916,2546,2672,3070,1544,602,1121,1863,1562,1813,1242,1526,1054,576,1619,1751,850,904,845,2508,2658,872,791,868,808,2650,3236,2871,285,691,751,3119,3093,1498,1455,964,348,2863,2620,3525,1430,1324,2013,2480,634,2268,2371,2311,2218,3024,4446,3216,244,2596,2458,3867,4853,3065,1426,1341,137,2883,3516,4141
a5a818a275eee1236545c450f1f440de,10,0,0,0,0,0,55,60,74,0,0,0,63,15,35,0,0,0,88,104,75,0,0,0,90,61,91,0,0,0,145,166,163,0,0,0,57,239,214,0,0,0,171,165,40,0,0,0,89,83,115,7,0,12,76,99,80,7,0,0,0,26,18,0,0,0,234,242,0,0,0,0
a28fd1ffd6113c2138bfa6f681613f01,0,0,0,0,0,0,0,0,0,0,0,0,0,0,0,0,0,0,0,0,0,0,0,0,0,0,0,0,0,0,72,57,68,0,0,0,44,85,100,0,0,0,104,81,0,0,0,0,56,0,0,0,0,0,0,0,0,0,0,0,0,0,0,0,0,0,104,62,0,0,0,0
20d79da051b26ef67e0e294013eedf6f,19,19,6,0,0,0,51,72,53,0,0,0,38,11,16,0,0,0,21,33,16,0,0,4,40,34,43,0,0,0,19,23,19,0,0,0,14,33,38,0,6,0,33,34,7,0,0,10,19,21,20,7,0,0,0,0,17,0,2,0,0,4,0,0,0,0,0,5,0,0,0,0
2b93eb2b2a5143a5ded569b019862b00,0,0,0,0,0,0,72,88,104,0,0,0,66,0,0,0,0,0,73,89,77,0,0,0,138,92,101,0,0,0,232,237,174,0,0,0,85,341,290,0,0,0,341,224,82,21,30,0,122,167,189,30,0,21,49,58,54,0,0,0,0,36,0,0,0,0,213,254,29,0,0,0
078f2dce352f4e8726ee1091af82752f,0,0,0,0,0,0,11,12,13,0,0,0,0,0,0,0,0,0,26,0,0,0,0,0,0,27,0,0,0,0,0,0,0,0,0,0,0,31,0,0,0,0,0,36,0,0,0,0,27,0,34,0,0,0,0,0,0,0,0,0,0,0,0,0,0,0,0,0,0,0,0,0
60ade6630af160a7fe738bae8685c408,0,0,0,0,0,0,0,0,0,0,0,0,0,0,0,21,0,14,0,0,0,0,13,0,0,0,0,31,0,0,0,0,0,0,0,0,0,0,0,25,0,12,0,0,0,19,0,24,0,0,0,20,0,0,0,0,0,0,0,0,0,0,0,0,0,0,0,0,0,0,0,0
1ee50c35b976488f5174b3e80bcf15e1,60,47,60,97,117,61,49,57,74,111,107,131,0,65,94,108,105,145,145,152,141,0,99,124,0,0,67,200,124,89,48,106,66,112,160,132,43,63,59,0,128,101,0,87,33,194,188,123,66,155,90,130,83,110,140,130,159,339,378,327,0,230,166,354,432,307,114,147,0,411,406,479
0b9114cb34999d4debc8c369e61a073c,107,109,90,182,145,0,29,33,42,156,176,174,76,0,40,127,138,124,36,0,30,0,124,103,33,0,0,112,109,0,0,0,0,85,122,156,0,0,0,117,82,0,0,0,0,75,0,110,0,0,0,73,63,0,0,0,0,0,0,0,0,31,0,0,0,0,0,0,0,0,0,0
7fafa23a08d8e9b08d5db92b645ece77,0,0,0,29,28,0,0,0,0,26,0,25,9,0,0,0,0,0,0,21,0,0,27,0,0,0,0,0,24,0,0,0,0,0,30,0,0,0,0,0,28,0,0,0,0,0,27,23,28,0,16,19,0,0,0,0,0,0,0,0,0,23,0,0,24,25,0,0,0,0,0,0
63492508c45cf1b198c85d85654ad2d9,74,82,102,212,203,68,8,6,21,47,62,67,32,14,34,101,91,101,16,0,9,31,56,78,0,0,11,78,60,18,11,0,0,79,101,78,0,0,6,60,79,30,18,0,0,55,56,69,0,8,18,55,26,62,7,14,21,0,0,0,0,0,10,7,11,9,0,0,0,0,0,0
52dc12f431927ec3e4615a0b11389892,23,24,30,51,36,13,10,18,11,38,47,72,22,29,14,43,37,39,9,14,10,10,44,35,15,12,9,59,38,11,15,17,18,27,39,42,10,0,13,46,36,18,17,24,0,30,24,21,8,30,7,24,11,18,10,7,14,14,23,21,0,17,15,7,28,9,16,9,0,12,12,13
66ced4395fb7f6859bd057beee3ee4f2,31,29,32,0,22,16,0,43,51,16,23,20,39,17,24,0,0,0,36,64,43,0,18,0,55,55,33,31,0,0,0,35,28,17,33,24,0,19,25,29,0,0,29,14,13,33,0,24,39,28,58,31,0,18,43,49,62,46,42,40,0,29,38,22,50,24,0,20,0,43,40,39
3515b99ed4c5a8ccd8ca76c15cc947c8,0,0,0,0,0,0,0,0,0,0,0,0,11,0,0,0,0,0,0,13,0,0,0,0,0,0,0,0,0,0,33,32,29,0,0,0,0,47,44,0,0,0,27,0,0,0,0,0,0,0,18,0,0,0,0,0,0,0,0,0,0,0,0,0,0,0,60,50,0,0,0,0
3a1cf26328bb4a35c5b729868731c7b8,42,0,17,0,0,0,0,0,0,0,0,0,0,16,0,0,0,0,37,0,0,0,0,0,0,0,0,0,0,0,0,0,29,0,33,0,0,34,21,0,0,0,0,0,0,0,0,0,27,0,0,0,0,0,0,53,0,0,0,41,0,59,43,0,0,0,0,0,0,0,0,0
9c868d5c0208c6d62801f66aed772a83,254,150,115,0,0,0,203,235,279,0,10,0,148,50,76,8,14,13,123,188,137,0,10,0,252,204,165,23,16,0,158,149,131,0,22,17,65,186,174,15,17,0,179,180,70,50,36,46,143,186,174,78,16,35,114,95,116,24,17,15,0,36,39,17,37,27,137,200,14,6,11,9
60fa93bc2b9dab995f942a5fd24faece,0,0,0,0,0,0,0,26,27,0,0,0,0,0,12,0,0,0,22,24,0,0,0,0,38,35,0,0,0,0,80,77,62,0,0,0,34,110,131,0,0,0,73,89,0,0,0,0,48,40,52,0,0,0,29,17,0,0,0,0,0,0,0,0,0,0,84,78,10,0,0,0
18ad4b264ca2d0aadb587b35c3aaca37,0,0,0,0,0,0,0,0,0,0,0,0,0,0,0,0,0,0,0,0,0,0,0,0,0,0,0,0,0,0,0,0,0,0,59,28,0,0,0,0,0,0,0,0,0,0,0,51,52,0,0,0,0,0,0,0,0,0,69,0,0,0,0,0,0,96,0,0,0,0,0,69
ecebb6ac405665bf286dd89a82ed4700,35,8,22,18,19,0,34,45,39,10,21,11,45,12,20,9,13,12,46,47,50,0,0,0,28,31,35,13,17,4,86,95,104,14,17,20,22,62,135,9,12,6,125,66,24,27,17,15,80,58,81,30,8,28,57,54,48,6,14,13,0,32,27,10,35,19,105,86,17,0,0,17
1089604b6c0eca8b90b190394477436d,24,0,0,0,0,0,0,33,46,0,0,0,0,22,72,0,0,0,46,67,0,0,0,0,69,70,0,0,0,0,0,59,0,0,0,0,40,61,0,0,0,0,103,73,0,0,0,0,43,53,0,0,0,22,0,0,0,0,0,0,0,0,0,0,0,0,0,0,0,0,0,0
f80e4bdd59a29e8e2b4f62902095eb69,2961,1931,1733,1431,1237,387,2131,3374,4098,823,979,1126,2655,724,1378,861,720,711,2530,3332,2466,279,714,580,3766,3032,3063,1415,872,349,2000,2445,1830,874,1051,1341,758,2749,2388,1214,960,594,2994,2374,889,1053,1195,1187,1584,1710,2526,1107,355,1042,2473,2675,2095,1330,1290,1182,148,1959,1305,808,1349,1251,2553,2699,212,716,833,1016
3cb5bf9a2d5b0120cc7d00d6a507432c,0,0,0,0,0,0,10,0,8,0,0,0,0,5,0,0,0,0,14,21,7,0,0,0,11,30,0,0,0,0,18,30,34,0,0,0,10,38,27,0,0,0,48,33,12,0,0,0,11,0,18,9,0,0,12,15,16,0,0,0,0,0,7,0,0,0,28,28,0,0,0,0
e9673381f992dbb5a5b454db2b5b1c84,88,53,39,53,50,17,33,37,58,53,47,59,66,18,29,61,50,41,26,45,37,0,56,31,57,34,20,53,25,30,13,15,0,43,58,67,0,23,8,62,45,29,22,16,0,36,42,52,0,25,25,39,16,35,31,36,32,32,21,30,0,24,21,17,32,33,8,27,0,0,27,29
a801133eb55fdf82bec2b870252d1ed8,133,133,116,161,137,71,50,63,57,111,95,136,77,35,64,75,98,73,49,82,46,35,86,80,59,48,45,108,132,51,27,26,39,95,156,158,0,14,34,111,106,50,38,33,17,95,93,117,52,61,85,141,40,116,54,84,90,106,81,80,0,72,88,65,116,85,60,27,0,76,76,63
24658c549da2efb20db2fb15a0d05ab2,21,27,19,0,0,0,68,79,129,0,0,0,77,0,33,0,0,0,70,89,39,0,0,0,167,133,84,0,0,0,52,49,37,0,0,21,32,74,79,0,14,0,56,57,33,11,0,0,45,68,61,7,0,0,0,0,9,0,5,0,0,0,0,0,0,0,0,0,0,0,0,0
f144b465df1a101fc79e0f842771ed8c,0,0,0,0,0,0,0,13,11,0,0,0,0,0,0,0,0,0,12,11,9,0,0,0,8,0,0,0,0,0,6,0,0,0,0,0,0,0,0,0,0,0,19,0,0,0,0,0,0,5,2,0,0,0,0,0,16,8,11,0,0,0,10,0,0,0,21,25,0,0,0,6
38692e57f0b4c83185a1474acd4fe0f3,0,0,0,0,0,0,0,0,19,0,0,0,0,0,0,0,0,0,8,19,0,0,0,0,11,0,0,0,0,0,20,13,0,0,0,0,8,22,10,0,0,0,24,12,0,0,0,0,0,10,0,0,0,0,8,0,0,0,0,0,0,6,0,0,0,0,0,17,0,0,0,0
39944a4ae0815185b53372bff057e495,15,17,29,65,65,30,29,12,23,58,47,63,36,17,31,39,48,43,53,60,24,21,63,36,29,38,14,78,50,27,0,11,23,61,67,66,0,0,0,58,38,42,20,0,0,42,47,69,32,35,30,51,12,55,25,37,49,41,53,51,0,38,28,28,85,36,0,18,0,25,39,63
a2f2aafdddf05fcfee43b5f36b19a1b1,120,139,111,261,214,70,0,62,50,210,241,237,82,0,49,161,155,205,46,58,0,49,175,158,0,0,0,167,178,46,0,0,0,170,247,208,0,0,0,198,166,91,47,0,0,145,163,220,0,0,69,165,0,162,63,61,68,97,156,124,0,75,73,132,160,117,0,0,0,101,115,144
36a598bcb769927c1ce18aa79364eef8,0,0,0,0,0,11,0,0,0,0,0,39,50,0,0,0,0,0,51,49,0,0,0,0,0,36,0,48,0,0,43,44,36,0,0,0,11,36,25,0,0,0,0,30,0,0,0,0,0,63,63,42,0,0,60,62,77,68,51,52,0,84,53,45,52,54,0,39,0,57,0,58
29baed3e9a97c9093e1d4a410c3e7967,21,10,0,0,0,0,24,29,53,0,0,0,41,7,13,0,0,0,42,40,21,0,0,0,39,53,35,0,0,0,67,76,67,0,0,0,35,103,79,0,0,0,68,68,23,0,12,8,54,51,66,0,0,0,27,30,35,3,0,0,0,16,11,0,0,0,43,79,0,0,0,8
a33a67a1051543d96e177caa7e01b360,137,110,125,342,303,110,0,0,0,461,462,459,104,55,93,396,365,230,0,81,0,120,456,248,0,0,0,359,273,88,0,0,0,333,362,515,0,0,0,335,340,188,0,0,0,251,210,262,0,0,0,234,85,167,0,0,0,0,0,0,0,0,0,0,0,60,0,0,0,0,0,0
ee07f1dd95bab923e46488b0065adb4d,679,540,690,1996,1946,649,260,376,354,1939,1993,2358,728,373,620,1602,1685,1645,434,543,375,494,1501,1513,286,377,269,1483,1662,611,261,225,169,1598,2242,2342,54,194,180,1816,2077,892,283,191,91,1601,1353,2144,472,454,588,1683,563,1701,521,609,674,1037,1303,1017,87,821,718,1038,1598,1092,224,201,18,1121,986,1281
528ca2b03f06de8bcdaccaa26cdf3689,13,0,0,0,0,0,26,32,44,0,0,0,21,0,0,0,0,0,0,10,0,0,0,0,28,19,29,0,0,0,11,12,0,0,0,0,0,13,0,0,0,0,7,0,0,0,0,0,0,0,0,0,0,7,0,0,0,0,0,0,0,0,0,0,0,0,12,0,0,0,0,0
191595b897a029ab2a1b46e156f297a8,74,62,48,111,124,35,0,53,51,100,116,110,66,0,0,118,70,59,38,0,0,30,102,58,0,45,0,117,91,44,0,0,0,68,108,106,0,0,0,92,102,42,0,0,0,89,84,112,0,0,0,89,0,63,34,0,0,0,51,58,0,65,53,48,62,0,0,0,0,52,45,53
d7fc428e47cff32b2a907b533734d8c3,16,10,14,0,0,0,41,42,69,0,0,0,36,0,18,0,0,0,34,45,23,0,0,0,56,63,56,0,0,0,19,23,15,0,0,0,0,55,38,0,0,0,65,58,17,0,0,0,39,41,27,0,0,0,0,0,0,0,0,0,0,0,0,0,0,0,0,0,0,0,0,0
f56492945a87a264d58d1ab9b300f591,0,0,38,0,0,0,70,48,47,0,0,0,42,0,0,0,0,0,32,31,25,0,0,0,46,66,41,0,0,0,37,18,0,0,0,0,0,54,51,0,0,0,37,0,0,0,0,0,0,25,30,0,0,0,0,0,0,0,0,0,0,0,0,0,0,0,0,0,0,0,0,0
46de0006edb3c7ae1ce5c7947ed035a9,6,0,0,0,0,0,94,86,112,0,0,0,77,0,24,0,0,0,91,107,88,0,0,0,125,144,92,0,0,0,228,221,211,0,0,0,75,317,273,0,0,0,272,222,86,21,0,0,143,120,151,19,3,17,36,31,31,0,0,0,0,0,8,0,0,0,181,153,0,0,0,0
2f4dc319fedcb2b6bb94f794ed6babf6,21,12,8,0,0,0,25,34,38,0,0,0,34,0,23,0,0,0,25,33,11,0,0,0,40,60,44,0,0,0,11,10,0,0,0,0,4,0,0,0,0,0,14,0,0,0,0,0,10,11,10,0,0,0,0,0,0,0,0,0,0,0,0,0,0,0,0,0,0,0,0,0
5a5556a8908bb2a77626caae42a4c644,0,0,0,0,0,0,18,19,0,0,0,0,0,0,0,0,0,0,14,18,24,0,0,0,16,0,18,0,0,0,56,0,45,0,0,0,16,61,67,0,0,0,62,43,0,0,0,0,32,28,31,0,0,0,0,0,0,0,0,0,0,0,0,0,0,0,38,40,0,0,0,0
3188b1ef0775fe2905f1b6cf9dc081f5,0,0,29,25,22,0,0,0,0,24,23,39,0,0,22,35,24,0,0,14,0,13,33,0,0,0,0,52,0,0,0,0,0,28,40,46,0,0,0,37,38,14,0,0,0,23,0,25,23,0,14,0,0,10,0,0,0,24,30,25,0,0,0,19,33,0,0,0,0,26,0,48
5b2e645fd3a201363f8ab5709f36d64e,378,258,223,347,358,182,208,305,355,433,438,409,293,167,214,316,346,297,195,293,276,213,475,327,303,337,261,476,380,252,120,143,85,315,366,336,0,120,0,400,365,336,114,114,0,262,247,325,118,243,149,241,182,237,166,213,212,276,321,280,0,217,232,364,376,279,115,0,0,265,232,325
c52b4f6b5fcf6a1b3f02099019efab87,0,0,0,0,24,0,0,0,0,0,0,22,0,0,0,0,26,0,0,0,21,0,0,0,26,0,0,0,29,0,0,8,0,0,0,0,0,0,0,26,0,0,17,0,0,0,26,44,0,0,0,41,0,28,13,0,0,45,44,40,0,82,0,0,36,67,0,0,0,67,0,64
9469bece17bd461bedbd7170cbcd26ff,8,0,9,0,0,0,0,0,0,28,22,24,0,0,13,15,18,10,8,22,10,0,23,12,0,0,0,9,4,0,0,7,0,0,0,0,0,0,0,0,0,0,0,0,0,4,0,0,0,0,0,6,0,0,11,9,26,0,0,0,0,0,0,0,0,3,8,4,0,0,0,0
e13028ca5fadddbc509b1e609cbec37b,102,72,41,59,43,18,110,109,106,46,49,61,86,40,51,33,23,26,129,115,133,14,42,18,87,94,77,74,50,24,145,146,126,32,49,84,0,159,154,74,58,37,205,131,56,62,63,72,135,127,172,90,19,77,90,117,192,66,93,67,0,116,65,65,97,62,141,170,0,61,75,90
0e818a032654ce8036cacc5a70332947,0,0,0,0,0,0,7,0,5,0,0,0,14,0,0,0,0,0,9,18,12,0,0,0,21,20,0,0,0,0,61,46,45,0,0,0,13,80,68,0,0,0,66,46,12,0,0,0,0,16,22,0,0,0,0,4,0,0,0,0,0,0,0,0,0,0,14,21,0,0,0,0
b23d5118cecbcca22d5fda84d4b5e08b,73,56,45,60,76,0,0,36,51,0,39,20,41,0,31,23,0,26,49,65,47,0,0,21,66,72,42,57,67,18,31,48,37,45,61,61,0,40,0,56,47,32,102,58,0,50,45,52,62,60,59,46,0,49,24,48,49,32,29,0,0,33,36,26,26,0,9,0,0,0,0,0
45331ce1b3f9a8c0b8c95e0948188462,0,0,0,106,90,0,0,0,0,0,0,0,0,0,0,0,0,0,0,0,0,0,0,0,0,0,0,110,0,0,0,0,0,0,0,130,0,0,0,82,0,0,0,0,0,0,0,112,0,0,130,105,0,93,109,87,143,93,0,0,0,93,98,113,132,78,0,0,0,85,121,119
2fa946275fa98ebc991b652f652e5aaa,0,0,0,0,0,0,6,0,0,0,0,0,0,0,0,0,0,0,0,19,0,0,0,0,20,17,0,0,0,0,52,26,0,0,0,0,0,0,55,0,0,0,0,37,0,0,0,0,0,0,23,0,0,0,6,0,0,0,0,0,0,0,0,0,0,0,26,0,0,0,0,0
d448277ccb7ad6835395ae75bfc4ff0a,59,37,28,0,0,0,60,66,70,0,0,0,35,0,18,0,0,0,0,0,16,0,0,0,39,46,29,0,0,0,0,0,0,0,0,0,0,0,0,0,0,0,0,11,0,0,0,0,0,0,0,0,0,0,0,0,0,0,0,0,0,0,0,0,0,0,0,0,0,0,0,0
308dfbe4aad3307dd83bd8d735a318f1,2,68,85,1,7,1,0,0,1,5,8,3,4,0,1,7,4,5,0,1,28,0,7,2,3,2,23,4,3,3,0,0,0,3,4,5,0,0,0,2,1,3,0,0,0,7,1,8,37,0,24,5,0,1,0,3,5,1,1,1,0,65,0,0,6,1,0,0,0,44,2,73
3eeb43cc35e4caae08720c945de475f4,29,0,18,0,0,0,0,24,0,0,0,0,42,0,13,0,0,0,25,49,0,0,0,0,0,36,0,0,0,0,0,0,16,0,0,12,0,0,20,0,0,0,71,0,22,35,0,0,30,52,50,14,0,0,0,0,0,0,0,0,0,0,0,0,0,0,0,0,0,0,0,0
a77cb38f899522165340d11e276ac031,0,0,0,0,0,0,9,0,0,0,0,0,0,0,0,0,0,0,0,0,0,0,0,0,0,0,0,0,0,0,0,0,0,0,0,0,0,0,13,0,0,0,0,0,0,0,0,0,0,0,0,0,0,0,14,19,0,33,26,31,0,10,0,15,28,16,0,0,0,13,29,37
3fbf949b2df4e6efe0e13bad1023a796,8,0,0,0,0,0,15,23,37,0,0,0,0,0,0,0,0,0,8,14,0,0,0,0,26,13,0,0,0,0,15,14,0,0,0,0,8,0,14,0,0,0,17,13,11,0,0,0,14,0,0,0,0,0,0,0,7,0,0,0,0,0,0,0,0,0,9,11,0,0,0,0
a41bd412623b888fafaa4b24cada8df8,28,7,21,0,0,0,47,54,42,0,0,0,47,0,26,0,0,0,25,61,37,0,0,0,47,56,29,0,6,0,86,84,75,0,0,0,43,110,125,0,0,0,138,109,50,0,11,10,71,27,88,0,5,20,51,39,53,0,0,0,0,28,23,0,0,14,112,99,10,0,0,0
d0fa72bfbea511b70770b5a173bb235e,0,0,0,37,19,0,0,0,0,0,0,0,11,0,0,26,20,15,0,0,0,0,26,19,0,0,0,0,0,0,0,0,0,0,20,0,0,0,0,20,15,0,0,0,0,0,0,0,0,0,0,0,0,0,0,0,0,0,0,0,0,0,0,0,0,0,0,0,0,0,0,0
58c674c3fb1452b5bea3ebb67c6fa355,20,0,0,61,62,0,0,0,18,0,44,31,16,0,22,51,41,26,0,27,18,0,36,22,0,0,0,75,38,26,0,0,0,61,44,38,0,0,0,48,0,34,0,0,0,36,31,41,0,0,0,0,23,32,35,36,31,47,0,60,0,38,33,0,52,0,0,0,0,58,72,57
7130a9826f31bcab103d92f85c1ecae5,48,17,15,0,0,0,41,48,92,0,0,0,73,18,42,0,0,0,64,93,65,0,0,0,126,116,80,11,13,0,74,71,80,0,0,0,61,130,146,0,0,0,140,99,53,0,0,8,74,92,75,13,0,16,13,27,25,0,5,9,0,12,0,0,0,0,16,0,0,0,0,0
9df499977e10512708b9e83e0ab8844e,67,28,54,0,0,0,112,116,151,9,0,0,118,27,66,0,0,7,94,151,74,8,0,0,164,266,163,35,25,9,44,78,34,0,20,0,27,110,87,10,23,15,106,82,25,14,17,27,59,80,67,31,22,36,19,14,29,0,0,0,0,13,18,0,0,0,0,0,0,5,0,0
7d86dbe78fcc0b0d312f0400215dc2e5,0,0,0,83,84,32,0,0,0,12,0,27,33,25,31,235,236,195,0,32,0,49,181,143,0,0,0,0,0,0,0,0,0,81,103,119,0,0,0,88,82,43,0,0,0,28,34,28,0,0,0,13,0,14,0,0,0,0,0,0,0,0,0,0,0,0,0,0,0,0,0,0
ce20dcfc43694b4068273005c249a1c7,0,0,0,0,0,0,0,0,0,0,0,0,0,0,0,0,0,0,0,0,0,0,0,0,0,0,0,0,0,0,0,0,0,0,0,0,0,0,0,0,0,0,0,0,0,0,0,0,0,0,0,0,0,0,0,0,0,0,0,0,0,0,0,0,0,0,0,0,0,0,0,0
1084c79f37a961972f2213c2aee06239,0,0,0,0,0,0,0,0,0,0,0,0,0,0,0,0,0,0,0,78,0,0,0,0,0,0,0,0,0,0,0,0,0,0,0,0,0,0,0,0,0,0,120,0,0,0,0,0,0,0,0,0,0,0,0,0,0,0,0,0,0,0,0,0,0,0,0,0,0,0,0,0
f85c282e95646c6cf8393911f76cba46,0,0,0,0,0,0,0,104,123,0,0,0,0,0,0,0,0,0,0,97,0,0,0,0,161,140,108,0,0,0,186,236,185,0,0,0,101,348,287,0,0,0,291,229,92,0,0,0,157,158,151,0,0,0,0,0,0,0,0,0,0,0,0,0,0,0,125,137,0,0,0,0
53bd8de15aaa81bd8a6d994659019079,0,11,0,22,0,0,0,0,0,0,0,0,12,0,0,0,0,0,13,0,0,0,0,0,17,0,0,0,13,6,16,0,0,0,0,29,0,0,0,22,0,0,0,24,0,0,19,21,28,30,14,17,0,0,0,0,0,0,0,0,0,0,0,0,0,0,0,0,0,0,0,0
fa2e3af1a1869ab615b9f7d90810d398,0,0,0,0,0,0,130,166,145,0,0,0,0,0,0,0,0,0,0,0,0,0,0,0,0,0,0,0,0,0,0,0,0,0,0,0,0,0,0,0,0,0,0,0,0,0,0,0,0,0,0,0,0,0,0,0,0,0,0,0,0,0,0,0,0,0,0,0,0,0,0,0
ae75f6f3488b7b6cebcccab9e9ad01e3,0,0,0,32,0,0,0,13,0,0,0,0,45,8,0,0,0,0,0,0,28,9,0,0,0,16,25,35,0,0,0,0,0,0,0,0,0,0,21,0,0,16,0,19,0,0,0,0,33,24,0,31,0,20,52,40,68,0,0,68,0,0,36,45,72,62,0,48,0,57,38,51
92c775c4c0557a671b5b3f0ebf1d0fa8,0,0,4,6,0,0,5,12,19,0,8,0,28,11,13,0,0,0,31,31,20,0,0,0,33,32,25,0,0,0,52,54,40,0,0,0,14,57,57,0,0,0,73,40,17,10,11,12,27,35,50,21,7,6,34,36,36,5,13,0,0,18,18,10,15,17,57,91,0,8,18,8
83b09c0923ba5c7a152ce0c69ff4d991,196,213,203,130,93,33,192,312,297,101,138,141,212,39,115,88,92,63,145,191,162,25,95,82,320,179,179,123,77,30,67,84,69,78,82,118,32,77,105,91,94,51,112,104,19,59,70,87,85,94,90,72,34,67,73,125,114,50,46,33,0,81,57,33,43,30,94,96,0,0,28,27
15e049c9dae97b7d72850456c92774a2,0,0,0,0,0,0,5,0,0,0,0,0,0,0,0,0,0,0,9,0,0,0,0,0,0,0,0,0,0,0,22,0,0,0,0,0,0,0,24,0,0,0,47,23,0,4,0,0,32,25,0,0,8,0,15,17,0,28,16,19,0,26,0,17,18,20,0,41,0,19,0,13
f3877af35eb0f7b45ac3fb58f925000e,45,31,23,0,0,0,105,148,113,0,0,0,93,28,66,0,0,0,112,96,78,0,0,0,127,142,121,0,0,0,249,186,197,0,0,0,90,329,279,0,0,0,330,200,78,20,25,25,162,115,218,30,8,25,67,86,136,0,0,0,0,30,31,0,15,0,217,232,24,0,0,0
b14d56ec028fdb5103f0122f45ac45a8,89,85,61,94,85,22,77,99,123,111,110,117,86,34,46,71,94,58,61,72,75,31,93,91,129,76,45,144,99,48,44,45,54,86,117,125,19,45,49,126,92,38,67,41,34,83,65,79,53,95,78,78,29,64,75,90,88,278,293,235,12,121,111,248,305,244,80,73,9,279,327,312
24b6bdc66418e76813eea7dbc7adf527,0,0,0,0,0,0,17,23,0,0,0,0,0,0,0,0,0,0,0,23,14,0,0,0,3,3,31,0,0,0,0,27,26,0,0,0,22,5,15,0,0,0,19,31,0,0,0,0,0,0,0,0,0,0,0,0,0,0,0,0,0,0,0,0,0,0,0,0,0,0,0,0
d62051635b25fb05b1d1507a174a407e,0,0,0,0,0,0,0,0,0,0,0,0,9,0,5,0,0,0,5,9,0,0,0,0,0,9,8,0,0,0,20,9,0,0,0,0,0,20,26,0,0,0,18,14,4,0,0,0,19,16,15,0,0,0,0,6,11,0,0,0,0,0,0,0,0,0,10,19,0,0,0,0
f4e087faddc82a66fced6687746af374,49,39,59,102,111,44,29,61,42,88,104,154,83,28,53,50,99,62,106,140,76,32,65,75,80,38,51,103,163,65,59,55,45,130,191,190,14,28,48,123,121,49,110,48,21,139,132,189,79,88,152,169,54,192,178,155,219,180,246,208,10,135,197,140,333,252,146,116,14,257,210,193
7295d8061fff1c9b8abead5ebd78899a,0,0,0,0,0,0,0,0,0,0,0,0,0,0,0,0,0,0,19,0,0,0,0,0,0,22,0,0,0,0,11,33,4,0,0,0,0,33,18,0,0,0,12,27,0,0,0,0,23,17,25,0,0,0,0,0,0,0,0,0,0,0,0,0,0,0,0,0,0,0,0,0
387bf88b484e7d82d894de8ba7c5dc61,69,51,55,107,95,36,52,62,32,122,109,131,47,31,43,62,85,83,24,57,32,35,91,84,27,38,37,84,66,37,22,24,24,58,111,119,0,0,33,66,76,45,23,0,0,53,89,115,37,37,39,50,29,76,42,33,35,29,27,23,0,30,0,0,31,28,51,10,0,0,18,25
7d0611486745ccfca78576a8769f93a4,7,0,4,27,19,0,0,0,0,14,0,0,0,0,12,13,17,0,0,0,0,0,15,0,0,0,0,18,21,0,0,0,0,12,16,21,0,0,0,0,17,6,0,0,0,10,11,0,9,0,0,0,0,14,0,13,0,0,0,0,0,14,0,8,20,8,0,0,0,0,6,0
7b8ad74932100c1f7575a7b52ff92767,0,0,0,51,48,0,0,0,0,27,36,46,0,0,0,30,0,18,0,0,0,13,36,17,0,0,0,37,32,12,0,0,0,29,51,57,0,0,0,25,40,25,0,0,0,0,30,52,0,0,0,0,0,34,0,18,0,0,0,37,0,21,0,0,35,26,0,0,0,0,22,35
ff4453aedaef68091aeec6b4c1e14fbd,0,0,0,0,0,0,0,0,28,0,0,0,0,0,0,0,0,0,51,71,34,0,0,0,37,0,0,0,0,0,44,47,34,0,0,0,26,87,61,0,0,0,71,60,0,0,0,0,61,75,54,0,0,0,55,78,69,105,110,99,0,57,57,83,113,76,82,86,0,105,136,133
244f326322245e19d76b87d149c31fe4,48,23,0,0,0,0,47,56,86,0,0,0,37,0,34,0,0,0,60,63,38,0,0,0,71,57,0,0,0,0,61,44,45,0,0,0,0,71,56,0,0,0,98,60,0,0,0,12,67,73,56,0,0,0,25,25,38,0,0,0,0,0,0,0,0,0,45,62,0,0,0,0
f2c0e3c51a12bf069ae73b84c398e070,0,0,0,26,0,0,0,0,0,30,38,0,0,0,0,0,0,0,0,0,0,0,0,18,0,0,0,0,18,0,0,0,0,0,0,0,0,0,0,0,0,0,0,0,0,0,22,27,0,0,0,0,0,0,0,0,0,46,49,0,0,0,0,0,32,25,0,0,0,66,65,63
8209cc84cb4ae4c54fb649a95e108211,0,0,0,29,0,0,0,0,11,0,0,0,0,0,0,0,0,0,0,24,0,0,0,0,0,0,0,34,0,0,0,0,0,0,0,19,0,0,0,0,0,0,0,0,0,0,0,0,0,0,0,0,0,0,0,25,0,0,0,0,0,0,0,23,0,0,0,0,0,0,45,0
00c68af20859b6a6065c1ec562dfb062,0,126,132,355,273,0,0,0,0,262,384,421,115,0,118,338,310,253,0,0,0,0,307,232,0,0,0,275,211,0,0,0,0,236,324,328,0,0,0,269,276,133,0,0,0,191,190,247,0,0,0,186,0,132,0,0,0,0,0,0,0,0,0,0,123,0,0,0,0,98,0,0
c9e267c68b9f69f6a4194f8dd358b463,0,0,0,2,0,0,23,0,10,28,0,0,20,0,0,0,0,0,8,1,10,0,0,0,15,28,11,0,26,0,8,8,22,0,0,27,29,27,9,0,0,0,41,0,0,34,22,0,17,15,27,22,0,0,35,34,45,0,0,0,0,39,26,27,0,37,0,0,0,47,49,0
08e5a044c8bb2c619195cb764c063aaa,0,0,0,0,0,0,0,0,0,0,0,0,0,0,0,0,0,0,0,0,0,0,0,0,0,0,0,0,0,0,22,0,34,0,0,0,0,33,34,0,0,0,34,31,0,0,0,0,0,0,0,0,0,0,0,0,0,0,0,0,0,0,0,0,0,0,0,0,0,0,0,0
c56c401c6154394812a05ad54f76b649,0,0,17,0,0,0,0,0,0,0,0,0,0,11,0,0,0,0,0,32,0,0,0,0,45,0,0,0,0,0,0,0,0,0,0,0,0,37,26,0,0,0,48,0,0,0,0,0,0,25,0,0,0,0,0,0,0,0,0,0,0,0,0,0,0,0,0,0,0,0,0,0
97d473a08f05963f66670b7d621328b0,208,144,154,118,131,0,153,176,248,0,0,0,204,0,0,0,0,0,261,295,238,0,124,0,317,280,208,204,0,0,423,577,527,165,195,225,141,704,587,181,150,0,764,604,225,216,206,239,662,589,700,307,0,217,405,582,539,281,309,243,0,397,243,203,282,274,860,1045,0,246,321,309
43f11866424b1404530e16a53a88d844,91,67,56,61,53,25,50,84,80,49,42,58,64,0,34,32,45,27,43,43,0,0,42,0,71,39,45,49,41,0,0,0,0,49,45,66,0,0,0,34,40,0,0,0,0,31,37,41,0,0,0,44,0,25,0,35,0,0,0,0,0,34,0,0,0,0,0,0,0,0,0,0
dbbd7c94d5a16630d496690bff08d5b2,0,0,0,0,0,0,0,19,0,0,0,0,0,0,0,0,0,0,0,0,0,0,0,0,0,0,0,0,0,0,0,38,26,0,0,0,0,50,0,0,0,0,37,37,0,0,0,0,0,27,25,0,0,0,0,0,0,0,0,0,0,0,0,0,0,0,0,0,0,0,0,0
430f7995ad03693f921c30c3d794749c,0,0,0,0,0,0,0,0,46,0,0,0,0,0,0,0,0,0,0,0,0,0,0,0,0,54,69,0,0,0,0,0,0,0,0,0,0,51,0,0,0,0,0,0,0,0,0,0,0,0,0,0,0,0,0,0,0,0,0,0,0,0,0,0,0,0,0,0,0,0,0,0
332982c6cf6e82ff2b2fd1de5bd0fd14,276,193,173,0,0,0,452,583,787,0,0,0,434,104,213,0,0,0,593,802,539,0,0,0,847,778,582,0,0,0,682,698,533,0,0,0,231,746,610,44,0,0,930,731,220,111,99,99,687,721,722,148,50,119,473,582,470,61,86,56,0,240,139,67,87,46,694,913,76,54,58,51
a9a2610e520408b425fa3f62d6f21404,0,0,0,0,29,0,0,15,0,0,22,29,0,0,0,0,0,13,30,39,15,0,0,0,31,0,0,29,37,0,25,15,12,22,30,38,0,19,0,38,44,0,33,0,0,22,36,38,36,0,30,35,0,23,36,45,65,36,48,52,0,51,34,37,83,51,19,0,0,42,54,61
700cfd1637f895c7196cbe157dd3ab2c,19,0,0,0,0,0,0,25,0,0,0,0,0,0,0,0,0,0,0,24,0,0,0,0,15,0,30,0,0,0,43,41,49,0,0,17,0,26,61,0,0,0,81,50,0,0,0,0,26,20,58,0,0,0,34,0,35,0,0,0,0,25,0,0,0,0,65,53,0,0,0,0
fed6bde2a290e9741ba5fbeeb88f0279,0,0,0,0,0,0,163,205,205,0,0,0,112,0,0,0,0,0,0,80,0,0,0,0,145,150,139,0,0,0,73,95,51,0,0,0,34,105,80,0,0,0,131,108,26,0,26,0,54,69,67,52,0,0,0,0,27,17,14,9,0,22,21,6,0,0,0,34,0,0,8,24
cc3da772691993891b5dc093dabe301f,421,419,369,780,769,214,147,241,280,1001,1063,1201,379,156,214,770,707,651,153,203,123,238,675,574,161,160,105,622,528,172,43,42,60,532,753,699,18,43,44,563,592,287,44,42,17,375,365,446,133,92,99,387,139,318,72,86,88,82,102,81,14,107,68,104,130,79,22,20,0,90,86,91
df368b6b7b7f750e5e6f606266584b7b,0,0,0,0,0,0,0,0,0,0,0,0,0,0,0,0,0,0,0,0,0,0,0,0,0,0,0,0,0,0,0,0,0,0,0,0,0,0,0,0,0,0,0,0,0,0,7,0,0,0,0,0,0,0,0,0,0,0,0,0,0,0,0,0,0,0,117,101,31,0,0,0
2ab0d22151e6f072489acf425ef9dbb6,0,0,0,0,0,0,0,0,0,10,0,0,0,0,0,0,8,0,9,0,0,0,0,5,0,0,0,5,0,0,0,7,0,0,0,0,0,9,0,14,0,0,0,0,0,0,8,0,0,12,0,0,0,0,0,14,13,16,15,0,0,21,17,14,19,17,0,0,0,15,20,29
a17be013ac75e0d7b9aa33a64bfd3c19,0,0,22,0,0,0,25,46,30,0,0,0,45,0,0,20,0,0,46,0,32,0,0,0,46,0,33,37,0,0,0,43,24,0,0,25,30,0,0,0,0,0,58,42,0,0,0,0,0,36,44,0,16,0,0,61,25,0,49,28,0,31,37,30,22,0,44,38,11,36,31,29
fdd283ed8d9443c6e018b6064749e6cd,0,0,0,0,0,0,18,34,18,0,0,0,17,0,7,0,0,0,21,27,0,0,0,0,35,40,36,0,0,0,57,65,41,0,0,0,17,88,79,0,0,0,48,56,14,0,8,7,28,34,39,0,0,0,8,19,19,0,0,0,0,0,0,0,0,0,41,59,0,0,0,0
8e9d5e9064991561d911f4bf6257e65e,0,0,0,0,0,0,0,154,171,0,0,0,0,0,0,0,0,0,0,166,0,0,0,0,175,160,0,0,0,0,0,128,134,0,0,0,0,219,157,0,0,0,202,161,0,0,0,0,0,135,180,0,0,0,0,0,0,0,0,0,0,0,0,0,0,0,158,206,0,0,0,0
7f6c0c3d12c2623509acf2b7e2e852c7,2102,1423,1333,368,345,123,2009,2601,3499,285,425,382,1407,389,750,352,242,215,1248,1700,987,101,327,225,2313,1918,1317,583,392,140,716,915,737,411,491,547,273,1030,786,487,432,220,1025,865,334,456,428,506,1020,1024,993,695,173,423,763,1008,1025,489,603,430,46,769,530,411,513,534,1014,1076,107,381,499,532
5e5b6bf287bfedecbbc497ec6a68f971,0,0,0,0,0,0,0,0,0,0,0,0,0,0,0,0,0,0,0,30,0,0,0,0,0,0,0,0,0,0,0,0,0,0,0,0,0,30,33,0,0,0,29,31,0,0,0,0,25,0,36,0,0,0,0,0,0,0,0,0,0,0,0,0,0,0,0,0,0,0,0,0
595c662fc9af21b7a968cca9050a1732,982,754,747,867,810,245,916,1139,1394,675,705,750,1169,357,805,639,611,517,1334,1775,1136,205,668,496,1763,1509,1018,926,739,289,1530,1634,1409,637,801,984,543,1786,1682,855,841,373,2137,1530,600,882,764,1103,1756,1830,2081,1044,361,1001,1255,1666,1572,887,1048,867,74,1215,784,583,1235,865,1916,2229,183,897,1047,1127
3563866cbe77d9fc5a58f64a70d1edd8,0,0,0,0,0,0,35,36,67,0,0,0,0,0,14,0,0,0,36,0,20,0,0,0,55,60,52,0,0,0,0,33,0,0,0,0,0,62,43,0,0,0,37,24,19,0,0,0,0,0,28,0,0,0,0,0,0,0,0,0,0,0,0,0,0,0,0,0,0,0,0,0
64e9ce1c7991fea38d79ac53dea7e266,25,11,14,10,0,5,0,23,22,0,0,8,11,0,0,0,0,8,17,11,0,0,0,0,0,8,0,4,0,0,18,32,21,0,0,8,9,38,24,0,0,0,56,35,0,10,0,9,35,32,15,12,0,14,22,11,21,17,19,12,0,13,14,10,21,17,23,34,8,30,20,18
3c62c628d992307672ad72a9a7d429d5,0,0,0,0,0,0,4,0,0,0,0,5,13,0,7,0,0,0,13,13,0,0,0,5,4,8,0,8,0,0,8,14,8,4,0,0,0,11,6,0,0,0,0,7,0,5,5,0,9,10,10,0,0,0,11,14,13,0,5,12,0,11,13,5,10,8,18,11,0,9,0,21
82b50de0603c2f82f2bf1337e373ada9,88,0,0,37,75,0,0,44,45,0,89,0,48,0,27,31,45,36,36,0,0,0,52,42,70,65,0,0,107,41,41,87,72,54,59,82,38,0,0,41,57,61,89,55,51,50,96,60,69,114,77,97,57,87,0,68,0,0,49,43,0,57,71,0,37,0,0,0,0,0,0,0
7f992dd210a0ec75e5c93df985e6e507,0,0,0,0,0,0,50,16,73,0,0,0,0,0,0,0,0,0,0,48,0,0,0,0,18,0,0,0,0,0,0,0,0,0,0,0,0,0,0,0,0,0,0,0,0,0,0,0,0,0,0,0,0,0,0,0,0,0,0,0,0,0,0,0,0,0,0,0,0,0,0,0
1f1775b5b81eb962f326796fe09c2db2,12,0,0,0,0,0,57,59,45,0,0,0,46,17,33,0,0,0,58,67,40,0,5,0,73,59,68,9,0,0,176,180,182,0,0,0,71,187,279,0,0,0,296,182,53,18,22,20,119,135,215,0,0,33,38,50,59,9,0,10,0,33,25,7,13,0,157,143,0,0,0,0
4adee8b333c0c3be549112e1a7590a71,46,0,0,0,0,0,38,73,103,0,0,0,38,0,22,0,0,0,81,58,52,0,0,0,106,72,80,0,0,0,113,117,83,0,0,0,51,151,145,0,0,0,149,159,45,14,25,0,52,84,114,22,0,18,42,45,44,0,0,0,0,33,24,0,0,0,113,106,0,0,0,0
153fc830393f168221a7daa1603c35dd,160,132,0,157,140,0,134,274,259,114,124,98,255,0,117,0,0,0,305,337,197,0,0,0,228,174,246,120,0,0,453,390,412,131,163,158,91,309,570,134,128,0,731,572,141,155,140,155,396,323,606,180,0,193,363,304,351,122,160,134,0,183,192,0,192,127,624,601,0,0,0,0
040c0bf17667d8fbf2fcbb2ac5347bf4,10,22,17,17,13,0,0,0,0,85,68,54,0,0,0,34,81,51,0,17,0,0,36,32,0,0,9,28,23,8,0,0,0,10,0,11,0,0,0,9,0,8,0,0,0,0,0,15,9,0,7,12,0,13,12,23,37,0,10,14,0,23,30,0,0,7,16,0,0,0,0,5
baed59bd0b5ce24215761041c2257b6c,0,0,0,0,0,0,0,0,0,0,0,0,0,0,0,0,0,0,0,28,0,0,0,0,0,0,0,0,0,0,26,0,0,0,0,0,0,18,29,0,0,0,0,0,0,0,0,0,49,0,0,18,0,0,26,0,28,25,0,0,0,0,0,0,0,0,0,18,0,0,0,0
6c7cd3915c4eb7f3cded66952daaa894,0,0,0,0,0,0,39,51,59,0,0,0,0,0,0,0,0,0,0,0,0,0,0,0,0,0,39,0,0,0,0,0,0,0,0,0,0,0,0,0,0,0,0,0,12,0,0,6,0,0,0,0,0,0,0,0,0,0,0,0,0,19,0,0,0,0,0,0,0,0,0,0
c45449c6ab9737201c16edd108ac311a,34,0,0,0,0,0,114,130,178,0,0,0,96,0,63,0,0,0,133,181,124,0,0,0,250,181,206,0,0,0,389,444,361,0,0,0,137,525,577,0,0,0,555,415,110,117,0,0,294,229,415,0,0,0,64,102,101,0,0,0,0,49,0,0,0,0,359,331,23,0,0,86
12b59ae1a7268282e69854717180c3bf,52,0,0,0,0,0,12,28,16,0,0,0,80,0,0,0,0,0,29,30,90,0,0,0,22,25,49,0,0,0,52,58,38,29,0,0,37,31,102,0,0,0,104,70,74,41,32,40,42,103,56,0,0,0,33,102,23,0,26,0,0,71,0,0,0,39,63,79,0,0,0,0
52911eb9468f0f2c7bcf796c4871cdf2,178,172,168,225,191,80,100,80,123,348,260,310,144,57,84,262,296,203,70,97,59,93,290,211,102,81,56,260,178,95,19,23,19,182,223,248,15,24,18,240,216,83,20,10,0,152,143,173,36,54,41,156,38,100,44,62,58,88,95,84,0,69,32,108,137,111,18,18,0,96,113,131
aee598272fc4e96b0df9ac61aad558fd,0,0,0,0,0,0,87,116,120,0,0,0,0,0,0,0,0,0,0,76,0,0,0,0,112,77,0,0,0,0,90,111,0,0,0,0,0,134,85,0,0,0,127,87,0,0,0,0,81,85,75,0,0,0,0,0,0,0,0,0,0,0,0,0,0,0,126,119,0,0,0,0
7a499b70ece2fd94065ebd2786aaa95b,0,0,0,0,0,0,0,0,0,0,0,0,0,0,0,0,0,0,0,25,0,0,0,0,0,0,0,0,0,0,45,0,26,0,0,0,22,36,0,6,0,0,46,0,0,0,0,0,0,0,23,0,0,0,0,0,0,0,0,0,0,0,0,0,0,0,35,31,0,0,0,0
b43291efe9b9e7b59d7495613d2bf61a,2240,1646,1215,724,645,220,1530,2661,2885,513,590,656,1673,475,919,519,411,414,1353,1993,1313,184,528,387,2424,2076,1799,770,722,253,1030,1215,961,555,681,714,470,1436,1185,730,674,307,1524,1185,424,647,674,827,1172,1355,1308,896,276,694,1055,1323,1046,1127,1312,1118,88,989,817,1116,1463,1023,1221,1384,142,1087,1205,1413
1ced6b6c29efb4e50c7bf4d262fa0109,161,129,115,41,32,0,129,149,251,29,32,41,102,21,50,27,25,20,74,125,81,11,42,29,202,141,88,45,38,10,42,55,27,34,31,41,0,45,0,58,66,21,53,26,0,37,44,37,0,45,56,42,16,33,0,66,56,79,99,54,0,66,42,54,79,45,72,58,0,74,63,79
140848bf345b1743afbe55d83633e9a3,208,165,134,545,430,128,91,159,175,386,286,334,247,82,163,225,168,249,252,417,253,44,239,227,197,178,201,392,389,111,283,300,269,402,549,492,56,208,270,472,437,216,461,334,91,445,422,545,412,336,520,543,100,447,472,469,505,490,714,508,47,505,468,685,695,489,503,436,48,431,600,619
60176142604abcf433152d2880cce647,0,0,0,0,0,0,0,14,0,0,0,0,12,0,0,0,0,0,11,0,0,0,0,0,0,0,15,0,0,0,25,25,14,0,0,0,0,20,0,0,0,0,25,0,8,0,0,0,0,0,11,0,0,0,0,0,0,0,0,15,0,16,0,0,0,6,10,0,0,0,15,7
5cecb9ca6a0515a6c47038b79936e774,0,0,0,18,15,0,0,0,0,0,10,0,0,0,0,23,11,0,0,12,0,0,0,0,0,0,0,12,0,0,0,0,0,13,0,12,0,0,0,13,0,0,0,0,0,0,22,15,0,0,0,0,0,13,14,18,0,0,0,16,0,0,0,8,17,15,0,0,0,18,22,13
973e67e6ef84f207f3d33f7c51506560,0,0,4,0,0,0,6,0,0,0,0,0,0,0,3,0,0,0,11,14,8,0,0,0,0,0,0,0,0,0,23,38,13,0,0,0,15,34,37,0,0,0,42,28,12,0,0,0,29,20,0,0,0,0,0,0,0,0,0,0,0,0,0,0,0,0,30,37,7,0,0,0
01d1d111c2d40d8bc96704b95ed6a769,0,6,0,0,0,0,35,77,64,0,0,0,56,5,14,0,0,0,65,70,44,0,0,0,75,61,69,0,0,0,126,148,138,0,0,0,62,186,201,0,0,0,200,142,34,0,0,0,24,27,55,8,0,0,33,45,26,0,0,0,0,24,21,0,0,0,98,118,13,0,0,0
5a68a4553e1b7c22eb2b84d746ad030a,74,0,0,63,0,0,0,0,0,0,0,0,0,0,37,0,33,69,0,56,0,0,0,0,0,0,0,0,0,0,0,0,22,0,0,0,0,0,0,0,0,0,0,0,0,0,0,0,0,0,0,59,0,0,0,164,69,0,0,0,0,0,0,0,66,0,0,0,0,0,0,0
34400afa24ca198c15b52318a0a84aa4,60,33,27,33,27,0,33,65,60,20,27,25,66,13,29,0,19,18,67,97,51,0,24,0,89,64,49,39,47,0,94,131,75,0,31,53,34,125,115,35,39,0,142,108,27,33,37,32,122,97,115,69,0,25,87,78,95,43,56,46,0,81,38,59,52,38,148,154,0,32,52,33
277d521917830d04bde58013f1b74c91,135,87,139,291,221,73,93,78,115,246,308,350,155,69,109,338,284,223,90,138,88,85,244,184,103,88,43,299,208,80,41,41,0,248,275,294,15,49,21,275,256,120,53,45,0,174,193,254,98,72,93,185,82,161,105,119,105,164,148,161,14,140,98,119,205,138,29,29,0,133,174,195
6352fcb08d8118c3391b6994309b5b1f,0,0,0,0,0,0,0,0,0,0,0,0,0,0,0,58,0,0,0,0,0,0,0,0,0,0,0,0,0,0,0,0,0,0,0,0,0,0,0,0,0,0,0,0,0,0,0,0,0,0,0,0,0,0,0,0,27,43,0,0,0,0,0,0,0,0,0,0,0,0,0,53
214740e5ad5cd4fda20b41602914ead9,25,22,17,22,39,17,0,21,25,23,30,35,23,13,20,25,0,31,31,36,33,10,18,20,29,17,34,34,29,15,24,33,28,22,41,39,0,12,17,31,18,12,50,27,0,20,40,31,26,44,67,34,0,38,44,57,54,35,37,24,0,46,39,27,50,25,53,53,0,26,22,30
c4aef52a76dc4545691371295d3bd0b7,110,81,44,135,100,23,60,71,95,51,59,85,97,18,61,73,43,45,109,117,73,13,42,42,82,68,103,95,106,25,213,182,199,80,120,93,40,133,189,111,99,50,281,162,55,125,117,99,145,119,187,103,22,105,171,164,151,91,138,88,0,126,117,109,139,97,230,194,19,72,97,102
6e7368f03823d9270ca47ea1a60d6516,0,0,0,0,0,0,0,0,0,0,0,0,0,0,0,0,0,0,0,140,98,0,0,0,127,120,0,0,0,0,114,134,100,0,0,0,0,181,165,0,0,0,137,149,90,0,0,0,137,146,159,0,0,0,0,149,100,0,0,0,0,0,0,0,0,0,154,173,0,0,0,0
cdd671aaa22a671d4d757712cabcb12f,0,0,0,33,35,0,0,0,0,34,33,35,25,13,15,13,22,28,0,20,13,0,40,22,14,19,0,34,28,14,0,7,7,27,49,42,0,0,0,26,34,15,0,0,0,31,19,27,10,0,0,30,0,24,0,0,19,28,41,16,0,20,19,15,25,28,0,0,0,0,25,21
e007aa8ad04b6455fd8783e2b856b2b5,25,16,24,15,0,0,20,14,22,24,12,7,21,0,13,0,10,0,20,18,15,6,0,4,26,16,17,24,8,6,0,8,0,11,13,16,5,0,10,7,0,0,18,0,0,15,0,0,14,19,28,20,0,11,9,14,4,10,0,4,0,12,5,0,13,0,0,0,0,0,0,0
9ff3e6b5e83904d726bc274f981cf578,2013,1459,1461,1280,1231,361,1754,2323,2714,1000,1161,1325,1971,499,1196,861,788,722,1814,2447,1579,302,995,761,2489,2324,1648,1456,1070,387,1524,1659,1212,990,1376,1479,568,1927,1585,1213,1206,489,1985,1524,487,1075,989,1302,1635,1571,1753,1269,408,999,1631,1782,1788,2329,2641,2362,101,1651,1232,1932,2944,2016,1459,1711,136,2243,2593,2787
7f86af8f0dd823dded48f2ec2c7b66f7,0,0,0,31,0,0,0,0,0,0,0,0,0,0,29,30,0,0,20,13,18,0,0,20,10,0,0,0,0,0,0,0,0,20,60,43,0,19,20,37,33,0,26,28,0,0,23,32,0,27,21,42,18,23,27,43,33,40,37,0,0,29,32,41,56,27,0,29,0,32,46,44
3045a4753d57df40cbacab92e9d31f50,0,0,0,0,0,0,0,86,55,0,0,0,0,0,0,0,0,0,0,0,0,0,0,0,0,0,0,0,0,0,0,53,87,0,0,0,0,86,0,0,0,0,121,48,0,0,0,0,0,64,70,0,0,0,0,35,0,0,0,0,0,0,0,0,0,0,0,0,0,0,0,0
9a77402e09c58688d89a00edea813371,64,0,25,57,45,0,54,108,102,53,35,63,97,16,58,29,31,0,105,141,130,0,26,24,117,147,152,56,59,18,210,247,175,57,80,72,49,202,254,69,49,24,322,217,61,41,72,81,163,152,214,108,24,58,146,143,129,60,78,74,0,92,79,50,101,60,250,226,16,40,73,91
cc6c9cd4470655dcff6169bcd6a41f39,1601,1278,1434,3434,3268,1074,1273,1571,1495,2756,3006,3288,2139,820,1755,1843,1631,1619,1639,1973,1290,731,2036,1645,1246,1612,1100,2505,2969,1066,1233,1115,1131,2660,3461,3273,480,1208,1214,2690,3050,1378,1868,1309,472,2472,2377,2897,1253,1438,1757,3059,854,2544,2178,2434,2419,2750,3244,3099,209,2221,2279,2651,4101,2933,1335,1390,118,2666,2857,3117
10a6fae3a6546019917e1583e1f776fc,21,0,0,0,0,0,0,14,30,0,0,0,28,0,32,0,0,0,0,0,20,0,0,0,53,29,28,0,0,0,0,34,0,0,0,0,0,34,21,0,0,0,33,29,19,0,0,0,17,0,28,0,0,0,0,0,26,6,0,0,0,0,0,0,0,0,0,0,0,0,0,0
51443f7a8ddbd90f2451ab3ff3a506c5,0,0,0,0,0,0,0,0,0,0,0,0,0,0,0,0,0,0,0,0,0,0,0,0,0,0,0,0,0,0,0,0,0,0,0,26,0,0,0,0,0,0,0,0,0,0,0,0,0,0,0,0,0,26,0,0,0,22,22,0,0,0,0,13,0,0,0,0,0,0,23,41
f3dc9a1e555cc1a810303e00ee6332f7,553,408,313,584,474,154,391,575,655,420,384,471,595,170,350,313,356,320,514,667,433,0,309,268,460,543,487,543,468,157,735,812,803,470,583,672,227,597,850,485,554,275,1252,750,305,560,578,808,1012,1035,1193,833,240,769,855,1055,1096,707,826,656,0,896,584,699,1018,687,1242,1022,112,736,613,710
abbb8cb8a984e3b3b37c2424a98ef922,0,0,0,0,0,0,22,0,31,0,0,0,28,0,0,0,0,0,0,39,0,0,0,0,41,31,27,0,0,0,12,23,17,0,0,0,0,0,24,0,0,0,21,23,0,0,0,0,17,0,0,0,0,0,0,0,0,0,0,0,0,0,0,0,0,0,0,0,0,0,0,0
de4309ab7fe41c00aca608be804fbb8e,0,0,0,0,0,0,0,0,0,0,0,0,0,0,0,0,0,0,0,0,0,0,0,0,0,0,0,0,0,0,0,0,0,0,91,0,0,0,0,0,78,0,0,0,0,0,0,0,0,0,0,0,0,0,0,79,0,89,143,0,0,0,0,127,120,133,0,0,0,102,120,117
bdf2fdb61106458bc980bc3038b1d54a,0,0,0,0,0,0,0,0,0,0,0,0,0,0,0,0,0,0,0,13,0,0,0,0,11,11,0,0,0,0,0,15,14,0,0,0,0,16,10,0,0,0,23,0,0,0,0,0,18,14,14,0,0,0,0,0,0,0,0,0,0,0,0,0,0,0,71,57,0,0,0,0
38d7271f66427aee68ea6e2ec787a2ec,0,0,0,0,0,0,12,42,0,0,0,0,0,0,0,0,0,0,13,0,0,0,0,0,45,42,22,0,0,0,0,32,22,0,0,0,0,54,43,0,0,0,39,31,19,0,0,6,9,46,33,0,0,0,11,0,8,0,0,0,0,0,0,0,0,0,0,29,0,0,0,0
d973301ca38b3503cde8867a63926c55,3529,2930,2176,6106,4802,1451,2262,3439,3615,3441,3530,4307,4455,1335,2728,2576,2675,3039,4877,5434,3461,802,2911,2969,3871,3238,4282,4280,3585,1369,5298,5085,4956,4570,5899,5920,1128,3723,5992,4670,4267,1954,8744,6125,1610,4765,4471,5642,6196,4781,9022,5445,1229,5780,7492,5603,6458,4397,5475,4463,403,4914,5344,4847,6186,4281,8067,7192,493,3993,4286,4853
2b338bf9453c3c684be73eccc2aeda5a,314,213,281,282,303,90,162,192,233,405,359,446,177,58,148,315,352,259,115,129,79,125,389,346,104,121,94,348,251,82,35,34,29,288,321,396,0,36,52,399,363,148,53,27,0,194,192,251,45,0,62,194,48,159,65,72,50,167,198,150,0,126,97,115,187,117,0,0,0,123,125,162
6c8f73c563aa671f8647b5c99b51145f,10,0,0,0,0,0,23,37,38,0,0,0,25,0,10,0,0,0,39,43,33,0,0,0,30,36,48,0,0,0,69,87,95,0,0,0,32,131,166,0,0,0,147,84,27,9,7,0,126,85,128,26,0,16,36,27,45,0,0,4,0,14,0,0,0,0,124,127,13,0,0,0
080a5d1d3b80b6a2b68e21a44320270c,19,17,19,0,0,0,31,65,84,0,0,0,41,16,28,0,0,0,44,60,31,0,0,0,37,69,59,0,0,0,139,136,107,0,0,0,51,196,192,0,7,0,189,139,51,0,0,15,106,100,130,30,9,0,45,48,34,0,0,0,0,13,20,0,0,0,111,106,9,0,0,0
cc20329b7714ba7c719dbf1d652028e1,0,0,0,124,98,0,0,0,0,90,0,84,0,0,0,0,0,0,0,0,0,0,0,0,0,0,0,85,0,0,0,0,0,105,80,140,0,0,0,91,86,0,168,0,0,0,0,104,108,0,175,139,0,127,166,121,0,95,126,114,0,0,103,123,137,80,183,155,0,115,95,120
e82d30f3184848836f24042b1c98f92d,0,0,0,11,12,10,0,0,0,15,11,0,0,0,0,22,20,19,0,0,0,0,28,0,0,0,13,107,75,31,0,0,0,49,38,47,0,0,0,71,47,26,0,0,0,59,54,85,0,0,0,45,15,32,0,21,24,0,0,0,0,16,9,0,0,0,0,0,0,0,0,0
5b8d53b1bfd022f96a6d3b5b19ed7d76,0,0,0,0,0,0,0,0,0,0,0,0,0,0,0,0,0,0,0,16,0,0,0,0,0,0,0,0,0,0,22,0,0,0,0,0,0,32,32,0,0,0,40,0,0,0,0,0,31,0,32,0,0,0,0,0,27,0,0,0,0,0,0,0,0,0,29,22,0,0,0,0
85fac69d599b38137822fd38560e4767,7,0,12,0,3,0,22,0,8,1,1,3,1,0,3,0,1,0,30,3,18,0,1,0,1,9,22,3,3,0,0,0,12,0,4,1,0,1,0,2,1,0,14,0,0,1,2,3,0,0,22,0,0,5,0,0,4,9,16,0,0,0,1,0,13,0,0,0,0,0,0,0
0a4a1772af2596f11336ce73c6407828,0,5,6,4,0,0,6,0,0,0,0,8,0,0,0,0,9,8,0,9,6,0,8,4,0,0,0,14,4,0,6,0,0,7,4,0,0,0,5,5,0,0,0,0,0,8,0,5,10,3,0,0,0,0,3,5,12,0,6,25,0,11,8,15,17,13,4,0,0,8,15,0
363036668aa3c2e382cc59978dd86843,49,39,22,0,0,0,148,156,154,23,0,15,119,42,106,0,25,0,124,250,165,0,0,34,240,225,221,31,0,0,354,377,328,0,39,32,178,476,495,22,0,0,426,408,97,0,0,69,309,392,353,104,0,67,168,160,173,54,77,0,0,91,53,22,46,0,317,309,47,32,0,0
6c8d4c0eaf01082eba4a7b271aac2a19,150,187,164,309,277,116,62,56,88,399,368,412,150,60,106,248,244,230,90,121,90,99,313,231,47,91,39,310,213,128,76,87,82,205,298,233,35,106,80,346,316,164,140,86,25,193,197,237,154,167,186,271,102,235,220,272,280,382,571,449,40,318,335,503,622,392,290,321,17,437,502,487
b128616e419ae2c80df82cad2a860ed1,0,0,0,148,113,58,26,42,59,70,106,87,111,45,59,0,68,52,100,146,100,0,0,57,87,51,50,102,99,49,42,81,62,94,130,152,0,40,51,103,113,62,116,82,35,149,143,156,159,108,190,182,47,159,196,295,326,291,339,301,0,255,171,263,412,307,158,182,0,394,351,347
1ede632adbb3c210d0d413962b472d74,0,0,0,0,0,0,0,0,9,0,0,0,5,0,0,0,0,0,0,15,10,0,0,0,14,0,8,0,0,0,12,8,16,0,0,0,13,41,25,0,0,0,24,14,15,0,0,0,15,10,15,0,0,0,0,7,0,0,0,0,0,0,3,0,0,0,0,8,0,0,0,0
7481b37637ca102bb06c4c0af2f3ba31,0,0,0,0,0,0,0,0,0,0,0,0,0,0,0,0,0,0,0,0,15,0,0,0,0,10,0,0,0,0,12,24,16,0,0,0,10,17,36,0,0,0,18,0,0,0,0,0,8,18,13,0,0,0,0,11,0,0,0,0,0,0,0,0,0,0,28,32,0,0,0,0
cd9380c7b44ededda7eae84026f8b951,1399,1109,890,2213,1793,761,1013,1617,1879,1438,1554,1709,2117,681,1289,1118,1242,1330,2269,2459,1576,479,1321,1296,1758,1299,1971,1826,1371,600,2751,2512,2534,1840,2206,2175,606,1764,3222,1657,1759,843,4152,3136,848,2164,1990,2140,2819,2132,4104,2068,597,2127,3315,2642,3099,1998,2834,2175,250,2396,2343,2169,2973,2029,4529,4098,433,1922,2068,2443
9643ae3255a72ebc7dc2c7f1500174bf,525,398,405,873,861,338,325,523,501,677,774,863,565,255,415,568,490,473,411,534,393,265,523,588,517,461,394,758,790,290,251,296,272,645,866,993,170,324,281,790,763,376,404,279,195,678,705,958,477,531,539,722,266,765,505,570,615,840,1005,815,73,615,511,859,1184,819,407,429,54,860,824,1015
2f3fbc68cc002a1eaf6fb90109a5e25f,0,0,0,0,0,0,23,21,14,0,0,0,10,3,16,0,0,0,27,39,18,0,0,0,43,36,27,0,0,0,99,84,88,0,0,0,43,159,108,0,0,0,111,90,19,0,0,0,28,18,54,0,0,0,12,0,8,0,0,0,0,0,0,0,0,0,59,41,0,0,0,0
bdc8386d06dffe20d71e582b2d88e623,0,0,0,0,0,0,35,46,57,0,0,0,23,0,0,0,0,0,0,0,0,0,0,0,38,0,0,0,0,0,22,32,34,0,0,0,0,42,39,0,0,0,27,0,0,0,0,0,33,26,21,0,0,0,0,0,29,0,0,0,0,0,0,0,0,0,32,33,0,0,0,0
bf5c1986ccd3be62488f6fab68d9b4d2,0,0,0,0,17,0,0,0,0,41,28,27,0,0,0,74,39,78,0,0,0,16,77,40,0,0,0,0,0,0,0,0,0,9,0,0,0,0,0,10,0,0,0,0,0,0,20,0,0,0,0,21,0,0,0,0,0,11,0,0,0,0,0,0,0,0,0,0,0,19,22,15
c64a560758adf60138a501ba77a6f0b6,0,0,0,0,0,0,0,0,0,7,12,5,12,0,0,0,0,0,6,0,9,0,9,0,5,0,0,8,12,0,0,0,0,0,20,5,0,0,0,0,10,0,9,0,0,11,9,14,0,0,15,10,0,10,0,13,13,19,9,0,0,11,9,0,29,13,0,8,0,0,16,16
811c83571cf35fb77db49ba2a7c7327b,156,140,117,56,43,0,195,325,295,87,67,77,121,0,84,48,49,61,76,94,61,0,39,58,129,151,106,48,0,31,0,0,0,41,31,46,0,0,0,49,39,0,0,0,0,43,53,85,22,18,0,48,0,54,26,0,0,0,0,14,0,0,18,0,0,0,0,0,0,0,0,0
99c785c8eb541bbec11ac67773c5db49,227,224,217,187,129,70,198,265,306,246,225,275,224,94,163,133,169,233,228,259,176,87,231,227,234,222,219,222,190,104,86,115,0,167,271,183,0,69,64,187,248,150,133,84,29,153,141,212,150,170,186,159,41,158,181,211,244,299,288,292,43,209,197,248,399,256,122,152,0,236,220,308
db364b65190fb8ba5f3c12d425a414c3,142,140,174,303,307,87,66,87,104,278,293,354,124,42,152,214,152,173,106,111,85,69,178,196,84,54,72,276,284,78,54,50,43,200,299,296,22,44,42,203,218,118,84,37,9,171,220,267,65,69,96,224,47,180,82,112,72,154,155,146,0,110,93,180,220,156,48,57,0,124,119,144
0d41441cfaaa7bc4f04d62e9092da7b6,52,30,12,18,8,0,76,80,121,11,0,13,54,17,37,12,0,16,99,100,79,0,9,0,119,89,61,14,10,8,110,111,85,15,18,20,39,146,107,30,14,0,164,118,40,15,19,21,102,97,84,31,0,27,46,73,60,26,22,21,0,37,29,11,33,30,93,134,0,16,21,24
4d494cd2bdf74b8347d12ee17b62bb02,0,0,0,0,0,0,0,0,0,0,0,0,0,0,0,0,0,0,0,0,0,0,0,0,0,0,0,0,0,0,0,47,40,0,0,0,0,68,72,0,0,0,55,40,0,0,0,0,0,41,44,0,0,0,0,0,0,0,0,0,0,0,0,0,0,0,57,39,0,0,0,0
dd435ea4fd03b52e20b784f322ae1a59,8,0,0,0,0,0,0,0,11,0,0,0,0,0,0,0,0,0,18,0,0,0,0,0,0,0,12,0,0,0,0,24,25,0,0,0,0,0,0,0,0,0,29,18,0,0,0,0,0,39,0,0,0,0,0,0,0,0,0,0,0,0,0,0,0,0,0,0,0,0,0,0
6c42aeeb73aae1457ff4843bf88d26c5,17,0,24,31,34,15,0,0,0,138,174,205,0,0,0,95,63,86,0,0,0,0,0,0,0,0,0,0,0,0,0,0,0,0,0,0,0,0,0,0,0,0,0,0,0,0,0,0,0,0,0,0,0,0,0,0,0,0,0,0,0,0,0,0,0,0,0,0,0,0,0,0
0ca36673123cd299c11823bc2f8bd460,0,0,0,0,0,0,0,0,0,0,0,0,0,0,0,0,0,0,0,0,0,0,0,0,0,0,0,0,0,0,35,31,0,0,0,0,0,0,92,0,0,0,0,0,0,0,0,0,64,0,0,0,0,0,0,0,0,0,0,0,0,0,0,0,0,0,0,0,0,0,0,0
d87e50c83f784a60ca78484672b2b4f0,0,11,0,6,0,5,0,0,8,0,5,0,0,0,4,0,0,0,0,0,0,0,0,0,12,0,9,0,0,0,0,0,0,0,5,15,0,11,0,0,8,3,17,12,0,12,8,8,0,0,19,15,0,0,0,0,0,0,0,0,0,12,0,11,0,0,0,0,0,0,0,0
830a0c67d46f2feda120b4551f5524f8,148,195,185,458,350,134,61,82,114,452,485,548,175,79,133,455,438,364,110,122,57,144,420,304,74,85,39,385,255,111,0,0,0,295,436,382,0,0,0,380,378,144,0,33,0,236,233,276,53,44,60,216,83,192,55,79,83,93,137,122,0,92,100,80,119,82,0,0,0,77,133,133
e1091e5bfa46f78aa9a841219f5139cb,344,309,319,638,669,225,95,121,185,648,745,758,251,144,172,586,578,498,94,156,99,171,541,385,107,99,94,498,401,159,41,56,50,358,497,523,0,54,43,450,449,210,66,47,20,366,283,406,102,113,85,352,120,238,88,96,88,75,104,78,0,120,76,76,88,85,32,64,0,69,86,102
c3280de99d28b8cfb32d5cc03157e47a,10,0,0,0,0,0,22,26,36,0,0,0,23,11,16,0,0,0,44,56,29,0,0,0,30,39,37,0,0,0,103,117,121,0,0,0,42,168,97,0,0,0,144,132,25,0,0,10,83,72,85,17,0,19,48,51,49,0,0,16,0,21,30,0,0,0,113,131,11,0,0,0
6bfc742515d8832441f75fd9911c8cbf,0,0,0,0,0,0,7,0,0,0,0,0,0,5,0,0,0,0,0,14,16,0,0,0,13,0,0,7,0,0,19,17,20,0,0,0,13,38,39,0,0,0,19,26,0,0,0,0,19,0,13,0,0,0,9,0,0,0,0,0,0,0,0,0,0,0,18,15,0,0,0,0
0a2080461985bb5baea657e0347478e0,6,0,0,0,0,0,0,0,0,0,0,0,29,0,0,0,0,0,0,35,25,0,0,0,0,84,0,0,0,0,0,34,0,0,0,0,0,0,0,0,0,0,0,30,0,0,0,8,0,0,0,0,0,0,0,0,0,4,0,0,0,0,0,0,0,0,0,0,0,0,0,0
28f03c3ffc0cf5091691f4a71f38ac0d,16,16,25,36,32,13,8,7,14,47,27,43,19,5,12,42,24,14,0,0,18,7,30,19,12,6,0,32,37,9,0,5,0,38,31,44,0,0,0,24,42,10,0,0,0,18,18,25,0,0,0,25,9,20,0,0,10,12,18,26,0,14,0,0,25,13,0,0,0,14,25,9
bffc6d53d65a7842190399381a626f81,0,0,9,27,19,0,0,0,0,21,32,52,0,0,0,18,22,14,9,0,0,9,20,14,0,0,0,25,18,5,0,0,0,12,22,31,0,0,0,16,39,11,0,0,0,16,0,16,0,7,4,23,0,10,0,0,0,0,0,0,0,0,0,4,0,6,0,0,0,0,0,0
8864b079f5239cc09035fbd80440243d,0,0,0,0,0,0,0,0,33,0,0,0,0,0,0,0,0,0,0,25,0,0,0,0,0,31,43,0,0,0,35,0,15,0,0,0,0,72,31,0,0,0,26,53,0,0,0,0,0,0,0,0,0,0,31,0,0,0,0,0,0,0,0,0,0,0,0,0,0,0,0,0
94be49c6bbfe4b93ce418d1b24181613,71,63,65,160,139,59,0,0,51,151,105,134,71,0,62,104,116,91,68,89,57,0,106,94,86,40,0,125,85,46,49,62,44,147,152,149,0,0,60,117,128,65,84,55,32,125,104,147,46,0,63,109,55,114,60,74,62,120,130,139,27,123,0,81,156,128,40,39,11,134,138,157
650f1be4d8a3e2e661379f7cb00aae63,0,0,18,0,0,0,0,44,20,0,0,13,48,18,0,0,0,0,0,0,0,0,0,0,34,0,0,0,0,0,0,0,29,0,0,0,0,20,54,0,15,0,58,0,0,0,0,0,28,40,37,0,13,0,0,0,31,24,0,0,0,0,0,0,0,0,48,39,0,0,0,0
3ab9002de0218c63247ed04f4c528c20,363,311,293,713,691,242,162,251,311,613,523,633,464,179,299,527,531,383,345,447,323,171,506,353,360,286,233,879,641,280,129,200,134,566,731,826,38,150,107,693,666,347,237,176,66,596,619,869,426,361,495,766,240,585,601,773,680,1081,1291,1123,78,1007,648,1142,1434,1095,300,281,22,1074,1204,1302
e4d9f8bb22d7231da1393443c36923de,47,36,34,0,28,0,33,37,56,22,24,30,32,12,27,19,0,0,32,48,25,0,17,15,56,42,42,15,22,0,29,34,38,0,28,23,23,43,40,0,28,0,62,51,18,20,19,34,38,52,70,31,13,19,38,31,40,19,39,24,0,27,20,0,0,30,33,32,0,17,0,0
74f33b689bd97652d2277c85fbdaedcc,154,129,89,132,120,38,0,154,98,96,110,89,175,85,92,69,65,67,182,129,133,41,48,46,189,110,0,94,126,39,74,107,157,102,124,150,41,88,0,100,99,51,152,157,97,133,137,120,146,142,191,181,50,116,275,315,301,373,410,435,18,346,223,345,501,446,182,166,31,478,455,442
2635f6e3f3bee62c5b166ea36f347c87,0,0,0,0,0,0,0,0,13,0,6,7,0,0,0,0,0,0,22,0,0,0,0,0,0,0,0,0,0,0,15,19,0,10,10,0,0,0,25,10,21,0,26,12,6,0,0,0,21,36,0,0,0,0,13,20,0,33,51,52,0,16,20,45,53,32,33,52,0,40,44,43
0a99af09e928cbfd3ea04bfd58d926cf,0,0,0,0,0,0,0,0,30,23,40,38,52,0,0,18,0,8,0,42,15,11,0,0,0,40,24,9,0,0,0,0,0,43,28,0,0,0,0,14,0,0,0,0,0,0,0,0,0,13,0,0,0,9,0,0,0,0,0,0,0,0,0,0,0,0,0,0,0,0,0,0
fffa90abd1c64b94a0ab93592e8e9561,0,0,0,0,0,0,0,0,0,0,0,0,0,0,0,0,0,0,29,0,0,0,0,0,0,0,0,0,0,0,0,24,0,0,0,0,0,33,0,0,0,0,35,30,0,3,0,0,15,0,23,0,0,0,0,0,0,0,0,0,0,0,0,0,0,0,0,0,0,0,0,0
106f5ef839e043968e789c15c7d5ae4f,0,0,0,0,0,0,63,93,138,0,0,0,19,0,0,0,0,0,0,9,0,0,0,0,10,0,10,0,0,0,0,0,0,0,0,0,0,0,0,0,0,0,0,0,0,0,0,0,0,0,0,0,0,0,0,0,0,0,0,0,0,0,0,0,0,0,0,0,0,0,0,0
bad3e9e25ceba403b2030578d9ed8a22,864,693,785,1649,1531,465,492,649,637,1203,1178,1526,925,351,739,919,789,821,735,939,617,286,783,892,645,704,481,1346,1475,484,431,511,398,1123,1548,1838,178,425,408,1434,1550,666,746,486,174,1350,1410,2031,908,932,1152,1652,454,1736,1287,1507,1517,2029,2860,2229,141,1639,1558,2026,3354,2047,689,729,0,2047,2077,2434
24f2ad591d400e2d400e32d3590e4d16,0,0,10,42,34,0,0,13,0,65,76,129,37,8,34,41,64,44,26,16,23,0,58,49,15,17,0,62,39,31,8,11,9,45,67,33,0,21,11,40,44,25,4,0,0,0,25,16,17,9,14,51,0,27,26,26,27,43,39,65,0,42,50,38,57,70,35,32,0,44,49,53
3ebc468c95b225b9474534f588305dff,747,638,614,1259,996,353,547,627,867,1070,1096,1200,958,353,619,1047,903,702,946,1191,736,329,1023,710,926,887,650,1209,1115,453,927,948,851,1012,1144,1389,363,1009,943,1227,1267,577,1228,949,365,1021,936,1321,1187,1301,1451,1224,457,1149,1120,1356,1373,1395,1675,1239,90,1413,909,1214,1878,1238,1233,1355,116,1433,1516,1993
08c4285c3816ebb7cdf6ad8bb78bad2e,4649,3588,3361,4420,4078,1442,3481,4442,5477,3308,3595,3714,3622,1256,2083,3280,2995,2654,2653,3558,2206,1015,3147,2568,4783,3626,2588,3891,3114,1176,831,1008,802,2995,3060,4161,340,835,715,3754,3736,1780,1299,940,360,3075,2859,3763,1499,1620,1737,3458,1106,2755,1908,2399,2096,2074,2535,2197,197,2345,1645,1934,2668,1985,821,826,76,1832,2119,2449
27a896a9e6317b6842c7014515a7f4e8,25,23,28,108,105,34,31,46,55,73,78,109,66,30,67,41,42,50,113,86,112,0,57,42,69,65,72,87,59,38,65,104,67,80,96,91,32,73,61,76,101,45,143,110,42,95,87,86,149,125,178,138,26,88,163,165,210,121,117,121,0,102,102,135,142,134,197,137,10,74,72,81
df418c5317fdf50705a5cfc66d12053e,35,36,39,0,0,0,77,88,121,0,0,0,70,19,34,0,0,0,40,66,56,0,0,0,104,90,80,0,0,0,38,44,34,0,0,0,0,67,49,0,15,0,41,47,15,0,0,0,39,40,51,20,0,0,30,40,48,28,19,27,0,34,20,14,41,32,64,71,0,15,0,32
fb20722a384610a8fe4ba43f3501a694,382,362,359,1125,1135,383,128,191,210,1128,988,1233,390,189,360,810,1034,947,172,229,122,318,794,818,108,89,129,1002,812,428,51,0,84,907,1335,1481,27,65,44,939,1081,481,100,51,0,803,790,1088,185,170,255,890,303,818,211,200,239,192,201,184,46,272,237,218,284,173,60,0,0,176,147,192
eed4ceb21c0205837e572c00dd439b66,37,34,34,27,44,13,16,25,34,26,48,41,23,0,24,30,32,26,21,30,25,0,33,25,51,23,10,51,35,15,14,8,11,25,40,46,0,14,9,32,29,16,24,0,0,18,32,40,27,23,27,41,8,24,24,45,38,105,121,97,0,61,34,113,116,78,8,20,0,120,137,148
26ef231049cda455e48396f5e76ad4fd,36,30,36,29,22,5,29,40,57,25,21,19,38,11,22,0,12,0,44,60,37,0,7,0,33,44,39,10,32,0,62,71,42,9,18,29,38,82,82,18,24,9,102,63,13,26,22,26,65,78,71,56,15,28,71,70,74,26,29,18,10,43,43,26,47,22,72,92,8,13,21,27
3545261756d8261cf4340a113f1464ed,25,0,0,0,0,0,38,55,39,0,0,0,29,0,0,0,0,0,29,48,27,0,0,0,68,0,0,0,0,0,24,47,0,0,0,0,0,0,32,0,0,0,41,29,0,0,0,0,0,41,36,0,0,0,0,41,37,0,0,0,0,0,0,0,0,0,55,65,0,0,27,0
e903a7cc5cd017efb62cfe1cf4f5dc2a,3560,2931,2342,5023,3901,1392,2631,4075,4200,3133,3332,3750,4393,1365,2667,2231,2434,2773,4547,5383,3452,712,2475,2410,3780,3034,4467,3730,2653,1037,6063,5766,5765,3773,4737,4741,1327,4326,7238,3754,3686,1672,9997,6763,1906,3920,3690,4657,5646,4037,8410,4349,986,4556,5934,4686,5224,3063,4060,3090,330,3959,4324,3477,4698,3099,7969,6976,569,2704,3177,3299
6828ec58e8aacd61a335b62528c718fb,34,0,0,0,0,0,34,53,54,0,0,0,0,0,0,0,0,0,0,0,0,0,0,0,33,0,0,0,0,0,0,0,0,0,0,0,0,0,0,0,0,0,0,0,0,0,0,0,0,0,0,0,0,0,0,0,0,0,0,0,0,0,0,0,0,0,0,0,0,0,0,0
8c1f28a6e9e564b5d030ca059715fb91,0,0,0,0,0,0,0,11,20,0,0,0,0,0,0,0,0,0,11,23,0,0,0,0,17,15,0,0,0,0,55,58,50,0,0,0,0,93,80,0,0,0,51,51,15,0,0,0,23,32,38,0,0,0,0,11,11,0,0,0,0,0,0,0,0,0,56,45,0,0,0,0
69264d7025a0029d95559320da02da84,129,123,131,160,147,91,53,66,73,122,144,181,121,70,76,138,133,113,69,0,65,83,199,161,0,56,30,161,186,70,0,0,0,102,196,176,8,23,8,102,171,88,26,15,0,152,86,109,33,35,0,97,60,142,0,78,59,91,98,80,0,0,90,99,118,0,12,0,0,75,73,0
98e28dc70c9f5560d56c5aef59106efe,41,23,38,98,105,38,22,42,50,59,102,88,69,26,44,79,57,76,31,51,30,24,65,71,41,33,29,84,99,28,0,0,11,66,86,80,0,6,0,103,89,39,0,17,0,70,62,108,24,35,31,70,25,58,41,50,32,66,63,57,0,46,34,50,86,57,0,0,0,50,58,59
25ae2988b524896cea82d2d98a21b9d6,246,301,263,331,294,99,142,180,246,359,389,366,186,76,115,382,292,275,81,127,101,99,293,244,166,114,84,300,216,64,20,21,22,192,230,281,0,20,0,247,223,90,0,13,0,149,140,219,44,43,44,146,64,116,46,49,52,74,72,64,0,51,40,50,83,56,0,0,0,41,55,64
dfbf22031b0a5f0156d75195a66826e0,0,0,18,13,0,9,0,0,7,12,15,11,0,0,0,10,6,4,0,0,0,4,9,9,0,0,5,16,9,0,0,0,0,0,0,0,0,0,0,12,7,0,0,0,0,0,0,10,0,0,0,0,0,0,0,0,0,0,0,0,0,0,0,0,0,0,0,0,0,0,0,0
fe7f28adf8175b4ee82aaf65aeffd3a1,0,0,0,0,0,0,0,0,0,0,0,0,0,0,0,0,0,0,0,0,0,0,0,0,0,0,0,0,0,0,23,47,54,0,0,0,0,55,59,0,0,0,72,54,0,0,0,0,30,54,68,0,0,0,22,20,0,0,0,0,0,0,0,0,0,0,36,44,0,0,0,0
3a4e412ef4870d1ac553eecd6eeab2aa,2650,2008,2107,2960,3101,1010,1453,1947,2666,2317,2304,2689,2149,737,1276,2100,1803,1831,1545,2152,1310,828,2080,1652,2865,1949,1393,2818,2078,926,378,526,393,2326,2418,2750,114,341,325,2842,2608,1302,552,474,193,2121,2170,2823,790,800,949,2325,757,1998,1385,1708,1419,1726,2187,1749,135,1786,1219,1504,2423,1708,239,260,38,1367,1666,1854
a19777ee968d6444564f9ad8028e3066,0,0,0,0,0,0,12,11,0,0,0,0,0,0,0,0,0,0,0,12,10,0,0,0,0,0,7,0,0,0,22,19,40,0,0,0,19,31,41,0,0,0,33,26,14,0,4,0,18,19,22,0,0,6,0,0,8,0,0,0,0,0,0,0,0,0,24,38,0,0,0,0
63539551fb2eca2806f9c14cd5af1d23,83,96,57,239,234,69,29,48,51,262,296,307,96,33,86,234,218,175,47,67,38,81,214,202,27,33,27,222,189,70,14,28,14,186,224,249,11,33,24,179,205,128,35,18,4,123,129,179,27,41,34,141,58,149,42,45,53,71,74,62,0,59,39,43,91,48,0,25,0,49,53,76
e2dfefcd25ee861094466520108a0544,1227,1016,842,1213,1166,331,878,1103,1351,764,1040,1028,1361,459,787,948,838,514,1883,2269,1480,283,1107,618,2341,1719,1343,1598,1002,451,3144,3966,3266,967,1257,1850,1219,5168,4110,1317,1209,638,5398,4282,1620,1564,1432,1772,4375,4990,4955,2133,662,1705,3191,4061,3681,1744,1950,1580,161,2428,1553,1232,1768,1627,6108,7785,602,1516,1942,2089
834e009fda11032576f3621ab1487f00,156,122,126,0,0,0,244,333,310,0,0,0,171,50,117,0,0,0,213,271,144,0,0,0,292,309,249,14,27,0,332,381,248,23,0,0,100,403,373,0,27,10,437,326,102,21,49,41,180,146,276,51,22,100,147,149,148,16,16,41,0,66,59,16,45,23,273,317,30,0,8,24
6e115bddf7baff839d89b6af64ebf93c,0,0,38,0,0,0,59,25,0,0,0,0,0,0,48,0,0,0,56,41,36,0,0,0,59,0,36,0,0,0,31,68,48,0,0,0,44,55,54,0,0,0,64,39,0,0,0,0,0,47,45,0,0,0,0,0,0,0,0,0,0,0,0,0,0,0,0,0,0,0,0,0
3d72ef1ae1f770f45a26def6fc5e78b3,0,0,21,58,0,0,0,28,0,14,23,24,64,29,53,19,25,0,66,0,0,0,30,0,57,68,0,60,0,0,0,0,26,56,33,38,0,0,0,20,48,0,0,27,0,59,22,66,65,47,54,0,37,56,41,31,27,44,0,61,0,30,30,0,34,49,35,0,0,27,0,1
264fdc41c37e262f3a4ad9a4bdc366ba,149,0,123,178,191,0,0,0,176,164,165,196,141,0,132,152,108,117,167,223,155,0,150,0,208,184,0,206,187,0,151,160,0,175,197,238,0,138,0,225,185,0,181,0,0,187,149,233,196,209,235,201,0,191,195,222,209,168,204,151,0,213,131,136,244,184,210,240,0,207,217,227
955b455d9757444d3ec5cd116bbd5193,0,0,0,0,0,0,0,0,0,0,0,0,0,0,0,0,0,0,0,0,0,0,0,0,0,0,0,0,0,0,0,0,0,0,0,0,0,0,0,0,0,0,0,0,0,0,0,0,0,0,0,0,0,0,0,0,0,0,0,0,0,0,0,0,0,0,0,0,0,0,0,0
aa26d6835174166716a2e1a11fa3b611,0,0,0,0,0,0,0,0,25,0,0,0,0,0,19,0,0,0,0,0,0,0,0,0,29,38,0,0,0,0,22,27,0,0,0,0,0,16,25,0,0,0,46,0,0,0,0,0,8,0,14,0,0,0,0,0,0,0,0,0,0,0,0,0,0,0,0,0,0,0,0,0
def1e308b3245f909021e09b198ec187,6923,5701,5141,6236,5537,1982,4170,6730,6846,4845,4865,5886,5617,2036,3081,4599,4564,4004,4051,5287,3620,1538,3863,3279,6272,5041,3636,5034,4308,2026,2830,3194,2657,4236,5690,5929,1219,3127,2936,5002,4719,2245,4345,3003,1252,4416,4219,5583,3986,3788,4975,5211,1637,4610,4160,5397,5018,3752,4535,4053,332,4850,3364,3723,4893,3937,3983,3562,318,3999,3838,4147
eee96a9057ad89dff77cc9fe3505c33b,96,65,66,93,79,0,0,54,75,45,75,68,73,0,38,57,0,45,53,59,57,0,38,43,77,0,54,120,80,45,0,0,0,69,87,91,0,0,0,108,84,42,56,0,0,68,78,87,69,51,0,97,0,75,80,85,78,125,162,109,0,138,67,123,167,127,0,0,0,89,139,147
1c0df60a9f280296b2f506c1260b326d,0,0,0,14,0,0,6,0,0,21,9,18,0,0,0,0,11,0,0,0,0,0,22,5,0,0,5,0,0,0,0,0,0,0,8,0,3,6,0,0,13,0,0,0,0,0,0,17,0,0,9,0,0,0,13,8,0,7,22,22,0,14,11,19,27,28,0,0,0,28,26,30
83cbf5b2db44ebd6f81733ed7af50dd7,15413,13232,14441,23516,17373,6423,10549,14591,17580,18582,20822,24442,17272,5885,12011,19309,15355,13189,12682,17651,10118,5904,17422,12842,15473,15036,9148,23951,15594,5775,5051,4948,4970,14461,20817,21197,1644,4681,4895,19458,19451,9363,7486,5864,2012,15072,11284,15519,7809,7361,8834,13042,4668,10932,10510,11951,11968,17016,19618,17088,865,13022,10050,11993,20730,14609,5100,5659,378,14447,18663,18683
3cc65d668b98005e386b4ecbf647c1d3,15,0,0,0,0,0,52,63,58,0,0,0,52,24,43,0,0,0,71,48,47,0,0,0,58,56,64,0,0,0,117,139,118,10,0,0,55,226,184,0,0,0,192,145,48,7,0,17,0,53,64,0,0,0,46,48,61,0,0,0,0,20,21,0,0,5,68,102,0,0,0,0
eec84e2d362e15e31480143a0d799f16,48,32,0,41,30,0,0,47,43,0,0,38,67,0,0,0,0,0,62,55,49,0,0,0,51,0,40,29,0,0,99,55,87,0,0,30,0,48,98,0,0,0,130,77,27,25,41,0,74,0,109,39,0,0,96,64,60,0,35,0,0,39,53,0,53,41,150,98,0,0,0,39
6a6f7bc85cd9750f4d2fda9b0bd987bf,0,0,0,0,0,0,37,37,0,0,0,0,0,0,0,0,0,0,0,51,0,0,0,0,0,0,0,0,0,0,0,0,0,0,0,0,0,0,56,0,0,0,0,0,0,0,0,0,0,0,0,0,0,14,33,0,56,0,0,13,0,14,0,0,0,0,0,0,0,0,0,0
f24f2718d28d1544c0e131701378a743,0,0,9,0,0,0,0,0,18,0,0,0,18,0,0,0,0,0,0,30,0,0,0,0,0,0,0,0,0,0,0,0,0,0,0,0,0,0,0,0,0,0,0,0,0,0,0,0,39,52,0,0,0,0,0,0,0,0,0,0,0,0,0,0,0,0,40,60,0,0,0,0
83280373f6fb3f036c21d9c2b609564b,387,270,243,230,181,90,341,416,464,149,197,237,428,187,223,153,176,166,653,772,523,100,196,122,730,530,421,333,178,129,1365,1951,1467,292,342,429,564,2350,1830,331,297,165,2342,1761,825,465,417,474,1841,1523,1926,656,208,479,902,1390,1187,523,480,447,60,740,516,290,505,500,2883,3206,271,422,528,535
24972a4bbe07d4ce10c8ac14e3fd280e,361,250,193,0,0,0,567,622,910,0,0,0,369,89,158,0,0,0,322,410,250,0,0,0,668,479,401,34,0,0,408,519,422,34,0,0,183,626,527,26,36,0,525,452,210,68,42,75,422,449,427,102,0,94,203,228,257,0,0,0,0,113,69,29,34,0,448,557,53,0,0,0
d8a6dd70ae69cbec6b993da35fec4f4e,417,410,451,1188,1178,391,46,48,72,458,462,578,443,220,401,2341,2104,2144,148,168,124,598,1747,1817,38,45,30,249,259,108,42,46,0,1210,1490,1762,0,41,40,1264,1256,544,0,24,0,332,413,551,44,34,51,200,80,194,0,37,16,23,0,38,0,37,37,25,0,0,0,0,0,0,0,0
177a34b60a7a9b121b75798b49037179,0,0,0,79,164,0,0,0,0,50,183,61,90,0,68,104,45,130,0,0,0,59,120,155,0,0,0,147,202,64,0,0,0,159,177,74,0,0,0,183,202,89,0,0,0,140,152,64,63,0,0,173,0,196,81,0,83,125,74,57,0,115,75,180,89,145,0,0,0,155,77,57
68d258f6feb690425ce856c80dda5338,0,0,0,0,0,0,35,0,40,0,0,0,38,0,33,0,0,0,0,53,0,0,0,0,43,0,49,0,0,0,0,0,90,0,0,0,29,0,75,0,0,0,63,60,0,0,0,0,48,51,56,34,0,0,66,50,0,0,38,0,0,0,0,0,17,0,0,44,0,0,0,0
34280a5468ba60622682d648b80a677d,76,94,81,313,301,86,33,42,70,276,292,340,138,72,105,318,282,204,88,130,71,76,263,180,57,64,35,348,207,102,28,25,36,262,342,349,0,31,0,263,269,156,48,36,0,221,166,284,54,80,78,179,63,196,100,125,129,239,313,217,12,167,139,158,301,236,28,32,0,265,273,297
0004ac90e88c79db7658a278e601e27d,34,27,36,13,14,0,54,50,54,0,0,16,59,10,45,0,0,0,78,83,54,0,0,8,63,58,54,16,25,8,146,130,90,9,0,20,47,171,164,17,12,19,213,137,57,26,25,25,111,106,139,43,20,38,57,80,93,18,21,22,0,41,34,18,18,29,154,162,10,18,12,22
e2abbc852238bd772db6699c133c2d74,39,22,20,0,0,0,53,107,80,0,0,0,54,0,47,0,0,0,68,84,69,0,0,0,67,89,71,0,0,0,121,132,145,0,0,0,29,183,173,0,0,0,222,140,45,21,16,27,93,103,126,34,14,23,57,73,83,0,0,0,0,0,22,0,0,0,149,137,14,0,0,0
29fa6cdec0f51a3d196a5cf7e7726ac7,153,151,211,579,566,243,67,59,69,634,615,571,153,86,159,338,355,423,89,80,49,144,379,311,35,66,0,382,470,175,0,0,0,507,534,478,0,38,0,456,477,234,0,0,0,367,413,487,79,74,72,410,133,327,93,81,118,60,91,83,0,87,100,79,154,81,0,0,0,62,63,85
7d6c80214b9bc4e56efe3a2f4c5e1f04,41,40,44,79,63,16,38,61,40,59,68,59,58,0,52,71,61,37,72,79,43,17,51,44,109,71,54,75,52,29,33,60,37,54,99,83,21,60,47,53,73,31,71,38,18,74,45,87,77,83,69,91,22,53,93,104,89,60,79,81,0,78,67,54,90,51,66,57,0,71,58,76
3f03bee0eb2aa738f629d2ed3a731658,1569,1148,916,893,815,274,1028,1510,1804,599,668,647,1416,488,806,530,443,474,1516,1978,1386,179,514,455,2140,1742,1539,840,657,271,1128,1338,1115,639,766,778,513,1679,1377,761,612,330,1773,1481,516,594,741,803,1441,1498,1602,973,280,710,1637,1853,1500,943,1254,886,109,1350,959,939,1277,949,1592,1739,132,787,871,1030
d0ee8ed943f3e8d90302548e24b2ba6e,40,37,28,39,17,0,48,46,66,27,24,35,51,0,26,20,25,0,56,94,65,15,31,14,84,51,57,46,26,20,60,82,35,22,21,48,43,72,96,32,43,15,64,45,38,42,35,51,102,71,105,42,27,41,82,126,82,94,95,93,0,82,64,81,118,98,84,131,11,82,147,132
0a6a10e28cb6f4d4fcd3d724d9efdab6,32,26,18,28,24,0,22,41,26,26,19,15,14,0,7,35,9,0,0,9,0,0,14,15,0,14,18,22,16,6,28,0,19,0,0,8,0,16,15,0,14,0,24,15,0,9,10,0,19,19,10,16,0,0,14,14,14,29,24,23,0,20,16,12,8,0,20,17,0,19,16,14
f3bc0ccd0926a354a242a4d88e4c8ca5,0,0,0,0,0,0,0,0,5,0,0,0,0,0,0,0,0,0,0,17,0,0,0,0,0,0,9,0,0,0,32,29,0,0,0,0,0,14,17,0,0,0,28,15,0,0,0,0,0,0,0,0,0,0,0,0,0,0,0,0,0,0,0,0,0,0,0,12,0,0,2,0
4b761c225e815b1ee3973a55bc693b9e,0,0,0,0,0,0,7,18,20,0,0,0,10,0,9,0,0,0,12,37,27,0,0,0,37,20,29,0,0,0,85,108,66,0,0,0,40,149,100,0,0,0,116,67,29,0,13,11,83,86,84,11,4,12,29,31,33,0,0,0,0,15,17,0,11,0,92,127,5,0,0,7
651ac4df90350cf4aea72225ebd3a8ac,14,0,0,0,0,0,33,9,27,0,0,0,26,8,28,0,0,0,23,0,21,0,28,0,45,23,0,27,13,0,17,22,12,11,0,4,0,21,27,0,0,0,31,27,0,0,0,0,0,19,17,0,0,0,0,10,0,0,0,0,0,0,0,0,0,0,18,0,0,0,0,0
5f237aff9876c553f58a51e1bfdd82ed,945,735,628,933,712,284,575,760,911,742,728,990,675,257,388,673,628,614,465,562,354,236,651,439,674,456,392,725,636,265,120,189,142,654,721,952,51,127,135,570,583,311,188,140,48,526,532,694,294,277,273,658,221,490,316,367,378,425,382,407,34,502,293,361,472,359,132,160,18,317,353,371
bcb452aa6bb6564dfd9e48ad89a655bb,211,236,170,479,467,166,74,146,138,500,527,492,220,142,154,399,427,360,101,148,91,143,463,244,112,80,73,391,259,134,0,0,0,349,390,493,24,39,0,338,341,198,0,0,0,393,276,404,54,99,74,266,107,243,73,91,83,109,140,102,0,129,110,89,143,98,0,0,0,108,108,130
07e6d42e8d84ffd89d640e1d9b6fd55e,25,58,40,133,145,43,0,0,0,0,0,30,40,25,32,260,235,215,22,0,0,53,221,151,0,0,0,0,21,0,16,10,0,93,104,106,0,0,0,97,96,43,0,0,0,27,23,41,0,0,0,17,0,0,0,0,0,0,0,0,0,0,0,0,0,0,0,0,0,0,0,0
e776966a81302798aad8dda0eb1c728f,0,0,0,0,0,0,0,0,30,0,0,0,14,9,17,0,0,0,22,28,12,0,0,0,21,27,20,0,0,0,25,0,12,0,0,0,0,0,24,0,0,0,21,28,0,0,0,0,0,26,17,0,0,0,0,0,0,0,0,0,0,0,0,0,0,0,0,0,0,0,0,0
7cce4155ba030d5576e3df4c4306819e,0,0,0,10,18,8,6,0,0,7,0,14,0,0,3,11,0,7,5,8,0,0,9,0,0,6,0,7,0,0,0,0,5,7,18,16,0,0,0,8,18,0,6,0,0,14,15,7,5,7,13,14,0,4,8,17,13,17,18,10,0,9,0,5,24,16,0,0,0,27,0,14
17b45b5db43cc23b2636fd320ad7847c,19,7,0,0,0,0,18,0,17,0,0,0,0,0,17,0,7,0,18,30,15,0,0,0,41,10,0,0,18,0,0,0,0,8,0,0,0,0,0,0,0,0,0,0,0,0,0,0,0,15,0,18,0,0,0,0,0,0,0,0,0,0,0,0,0,0,0,0,0,0,0,0
b6c1c03aed187aab8a64735f94e7127c,0,0,0,0,0,0,0,0,0,0,0,0,21,10,26,0,0,0,25,29,0,0,0,0,36,40,0,0,0,0,46,48,36,0,0,0,16,89,73,0,0,0,67,51,0,0,0,0,46,35,40,0,0,0,0,0,9,0,0,0,0,0,0,0,0,0,57,64,7,0,0,0
d6fdd932dadedd0786810ed39976c053,0,0,0,0,0,0,21,30,32,0,0,0,16,0,10,0,0,0,21,20,0,0,0,0,32,0,22,0,0,0,23,43,26,0,0,0,23,54,44,0,0,0,28,28,16,0,0,0,23,21,33,8,0,0,19,10,11,0,0,5,0,9,0,0,0,0,22,18,0,0,0,0
8f48e87ca6c7153572a9b66f82b9f69c,5,0,0,0,0,0,12,0,11,0,0,0,4,0,0,0,0,0,7,14,9,0,0,0,0,14,0,0,0,0,51,47,42,0,0,0,18,46,45,0,0,0,53,47,0,0,0,6,24,31,23,3,0,0,0,10,10,0,0,0,0,0,0,0,0,0,47,39,0,0,0,0
bc41a1422717bda3ac3dbd7512ecd3bf,10,6,7,0,0,0,21,47,22,0,0,0,25,6,17,0,0,0,36,43,45,0,0,0,42,39,51,0,0,0,121,98,90,0,0,0,47,147,144,0,0,0,165,134,47,0,11,0,76,85,78,13,0,16,40,47,30,0,0,0,0,22,11,0,0,0,167,148,13,0,0,0
077fa0c6e4ba6384b1829c7b6a7abbc3,0,0,0,0,0,0,0,0,0,0,0,0,74,35,0,0,0,0,0,0,37,0,0,0,0,0,0,0,0,0,0,0,0,0,0,0,0,0,0,0,0,0,0,0,48,0,0,0,0,40,0,0,0,0,0,0,0,0,0,0,0,0,0,0,0,0,0,0,0,0,0,0
df3b807114c0be1572168d03d1401140,0,0,0,0,50,0,0,0,0,38,0,52,0,0,0,27,0,0,0,43,0,0,23,13,0,0,0,0,0,0,0,0,0,43,32,32,0,0,0,51,41,20,0,0,0,0,44,56,52,39,58,0,20,45,72,76,86,0,62,67,0,63,89,45,76,63,67,0,0,39,43,58
2f89a1afec8b702dee58accc8116bb26,0,0,0,28,37,0,0,0,0,0,0,0,0,0,0,66,66,39,0,0,0,0,43,39,0,0,0,0,0,0,0,0,0,34,29,35,0,0,0,21,25,0,0,0,0,0,0,0,0,0,0,0,20,0,0,0,0,0,0,0,0,0,0,0,0,0,0,0,0,0,0,0
7fc43709588ad7318f494d634238dc60,97,50,78,26,22,0,237,291,314,0,0,0,241,41,138,6,0,0,215,312,214,0,13,10,342,139,221,0,0,0,72,73,65,0,0,8,24,71,78,0,0,0,120,90,0,0,0,0,144,111,229,45,0,41,247,259,278,55,119,68,9,165,214,14,68,27,422,448,26,0,78,55
6d54cb12142e11e4b13fb2e5d1d35d2c,0,0,0,0,0,0,46,328,0,0,0,0,0,0,37,0,0,0,0,0,0,0,32,45,0,0,0,0,0,0,36,0,0,0,0,0,0,31,0,0,0,0,0,0,0,0,43,0,0,0,0,0,0,90,0,0,0,0,0,0,0,43,0,0,0,0,0,0,0,0,0,0
f53c8dbc431d406b1dba6fa44858f97c,136,135,129,370,301,74,37,50,65,283,345,363,135,59,66,291,212,197,41,70,28,82,258,214,43,29,21,279,215,72,0,0,0,181,233,229,0,0,0,207,245,102,0,0,0,146,146,195,22,50,23,140,49,108,0,0,37,34,28,35,0,43,38,0,38,27,0,0,0,0,0,0
bd093f2fa2993d744c90dcdb62d30d85,0,0,0,0,0,0,0,0,0,0,0,0,0,0,0,0,0,0,0,0,25,0,0,0,0,0,64,0,0,0,0,0,0,0,0,0,0,0,0,0,0,0,16,0,0,0,0,0,0,0,0,0,0,0,0,0,0,0,0,0,0,0,0,0,0,0,63,57,0,0,0,0
65d0a142ae95ee2a6ce3b775b61dbe90,0,0,0,7,3,0,0,0,0,0,9,0,9,0,0,13,0,5,11,8,0,0,0,0,0,0,0,0,0,0,0,0,0,0,0,0,0,0,0,0,0,0,14,0,0,0,8,0,0,0,7,8,0,5,0,4,0,9,9,12,0,10,0,3,0,0,0,0,0,16,16,16
a3b398232d3af29a45c9c3ff948a9eaf,0,0,0,0,0,0,0,0,0,0,0,0,0,0,0,0,0,0,0,0,0,0,0,0,0,0,0,0,0,0,34,0,0,0,0,0,0,0,47,0,0,0,60,0,0,0,0,0,0,0,36,0,0,0,0,0,0,0,0,0,0,0,0,0,0,0,41,57,0,0,0,0
e1e8a75c3521b3d26a823c76b7683938,212,176,177,222,197,85,172,199,239,145,135,165,222,57,161,145,116,90,174,234,172,46,105,104,185,254,181,172,191,69,170,183,168,145,188,187,57,187,227,185,176,91,291,207,71,168,176,188,211,217,237,192,73,196,186,281,230,167,238,183,33,197,173,187,292,183,217,221,34,166,151,204
2ce66e778729d6912eb0fd60536c2b52,0,0,0,0,0,0,0,21,0,0,0,0,0,0,0,0,0,0,35,27,52,0,0,0,47,59,35,0,0,0,87,110,84,0,0,0,59,203,121,0,0,0,111,68,44,0,0,0,47,18,0,0,0,0,19,0,0,0,0,0,0,0,0,0,0,0,47,46,10,0,0,0
1282e96d14f740c45e4c0a598d60e9cd,0,29,0,25,38,0,0,0,32,0,33,26,55,0,0,0,23,23,27,41,0,0,34,0,44,41,0,34,0,0,0,30,15,0,35,21,13,35,0,34,0,0,35,39,0,26,36,25,39,44,0,39,0,26,33,46,28,28,0,0,0,0,34,0,40,0,22,51,0,0,24,25
d4a60c885f4a1b9cb5ee75b7180e34cd,275,218,187,462,464,161,139,166,149,375,431,474,247,107,208,331,311,284,200,252,191,131,278,322,217,199,213,401,487,118,192,243,189,347,418,472,69,198,138,375,468,226,337,220,82,371,425,538,310,251,376,496,118,458,335,347,419,331,428,286,0,311,357,356,518,345,284,257,33,305,366,304
cb2abcfddfdc6b397d9437301796ea8e,125,125,112,73,73,20,148,202,208,64,70,66,135,41,85,33,47,36,159,178,142,18,55,42,228,177,135,86,56,23,119,108,88,46,64,62,50,136,120,59,60,38,198,112,47,72,76,114,158,160,176,94,25,71,130,151,146,91,91,67,10,140,65,77,106,65,145,203,28,58,99,76
c5ca9baf9de5a4b12de2c7ee2c1fb08e,179,177,198,351,246,102,63,79,82,375,330,376,129,66,82,217,306,269,57,95,39,86,303,186,55,27,32,238,126,93,23,22,0,195,243,305,0,0,0,207,189,117,29,0,0,207,169,233,25,37,37,136,43,180,43,76,63,71,105,79,0,99,55,61,114,77,18,0,0,108,89,116
f77829ccb728de535a7cee982ac815fa,84,89,128,242,145,69,0,0,55,186,220,334,106,0,106,235,220,192,60,87,46,0,231,149,64,66,37,198,134,52,0,0,0,154,224,199,0,0,0,233,223,93,0,0,0,141,82,150,45,0,51,97,28,83,0,65,80,101,119,106,0,110,72,0,111,96,0,0,0,76,92,91
1e356af563ee98fbec80420c9632ffaf,1648,1226,1127,680,741,236,1709,2447,3068,588,649,702,1955,589,1076,584,517,441,1903,2475,1739,196,565,422,3184,2669,1998,893,724,293,1668,1961,1513,536,619,827,715,2301,1881,712,683,296,2385,1914,691,741,710,886,2222,2478,2361,1040,347,799,1547,1983,1827,980,1039,975,75,1369,915,973,1138,895,2146,2475,213,836,868,1030
e2c4e746ccf92721b4562cddd0a0c69f,0,0,0,0,0,0,0,0,0,0,0,0,0,0,32,0,0,0,0,0,33,0,0,0,0,0,0,0,0,0,0,0,0,0,0,0,0,44,0,0,0,0,0,0,0,0,0,0,45,0,0,0,0,0,31,0,0,0,0,0,0,0,0,0,0,0,46,0,0,0,0,0
7496db0988d8000687342e6b6983fc07,251,225,198,179,144,49,351,371,530,103,146,170,344,93,180,145,130,88,330,468,278,39,125,90,415,440,271,206,154,56,272,419,276,126,202,170,102,359,335,147,132,90,474,332,138,166,147,171,374,319,433,162,82,159,303,445,429,312,322,306,23,364,282,198,397,323,542,584,44,356,368,395
8afaf5a1de92e15020fb5760a78b7654,0,0,0,0,0,0,0,27,0,0,0,0,0,0,0,0,0,0,0,42,25,0,0,0,0,0,0,0,0,0,44,26,0,0,0,0,0,52,43,0,0,0,71,45,0,0,0,0,42,32,0,0,0,0,35,46,46,0,0,0,0,0,0,0,0,0,48,0,13,0,0,0
07cb7dbf18feb8482016da1706079ae2,122,92,101,160,146,45,133,198,207,121,119,148,175,56,146,55,77,70,232,252,181,14,94,49,203,225,171,68,40,35,229,244,219,49,29,32,52,223,235,106,121,50,314,236,57,90,106,84,143,134,221,101,20,101,285,270,190,166,173,214,18,151,187,147,259,174,255,311,27,157,148,158
53a1ab57ff133c23bc324097c4af2f61,0,0,0,0,0,0,0,0,0,0,0,0,0,0,0,0,0,0,0,0,0,0,0,0,0,0,0,0,0,0,0,93,0,0,0,0,0,0,0,0,0,0,0,0,38,0,0,0,0,117,0,0,35,82,135,158,211,78,114,91,17,199,207,105,127,91,0,49,0,81,87,0
f1e3c890a8d83f7592d219968304fc22,0,0,0,0,0,0,25,23,30,0,0,0,0,0,0,0,0,0,21,17,14,0,0,0,25,0,21,0,0,0,0,0,0,0,0,0,0,23,0,0,0,0,11,0,0,0,0,0,20,12,0,0,0,0,0,0,0,0,0,0,0,0,0,0,0,0,0,0,0,0,0,0
911c6a1fed6de29ab7dad135ac95eb49,41,0,20,0,0,0,3,1,9,0,0,0,42,0,23,0,0,0,64,4,19,0,0,0,3,2,18,0,0,0,0,1,53,0,0,0,38,2,1,0,0,0,1,1,38,0,0,0,1,0,0,0,0,0,43,60,47,0,0,0,0,43,0,0,0,0,2,2,0,0,0,0
b888b6ede1e3d3c8cac07979745075e1,37,28,24,32,16,0,37,38,52,0,17,31,48,18,30,0,0,0,35,56,42,16,0,0,65,63,40,34,21,0,36,35,45,0,34,16,16,63,41,27,16,0,69,45,12,19,29,29,50,56,59,22,0,19,40,64,73,56,76,58,0,37,45,37,68,50,52,62,0,33,79,76
7584c377d552bcada172b0176d92ccd8,0,0,0,0,27,0,0,0,0,0,0,0,0,0,0,34,47,49,0,0,0,26,46,27,0,0,0,0,0,0,0,0,0,0,24,23,0,0,0,12,24,0,0,0,0,0,0,0,0,0,0,0,0,0,0,0,0,0,0,0,0,0,0,0,0,0,0,0,0,0,0,0
748393f4cea55c873461a352715a99fb,0,0,0,0,0,0,13,0,0,0,0,0,0,0,0,0,0,0,11,18,9,0,0,0,29,14,18,0,0,0,40,32,18,0,0,0,9,38,48,0,0,0,55,26,19,0,0,0,20,15,41,4,0,0,12,0,14,0,0,0,0,3,0,0,0,0,40,28,0,0,0,0
c054d26457ea5865ba722e0143be03c1,96,70,69,32,31,9,110,131,156,54,29,0,78,33,71,0,0,19,100,107,91,0,38,0,104,129,101,55,41,19,0,91,87,34,53,32,44,0,0,53,0,23,125,0,0,0,0,51,0,53,106,44,14,39,113,117,116,127,177,146,9,88,100,117,149,120,78,97,10,136,118,155
194301290f9544f1c82c93da8e538e81,53,0,41,126,102,0,0,32,0,112,97,121,59,0,47,90,115,99,64,51,47,0,78,81,37,0,0,109,85,0,42,35,39,115,123,136,0,0,0,94,108,0,0,28,0,110,64,159,67,40,109,104,0,122,97,70,112,88,95,86,0,60,92,98,103,91,65,64,0,94,81,115
c13de616269aead58cdf555b9689135a,151,211,75,199,180,73,184,236,267,115,151,156,253,77,208,57,89,121,438,420,326,30,99,90,316,391,403,172,152,61,614,585,545,176,227,176,123,728,814,177,134,99,1041,830,194,237,213,244,532,549,710,246,54,219,427,404,405,179,270,233,19,255,264,205,315,202,627,660,62,153,214,255
62cbfbfa819f6572da1e7284b4dd6ffb,411,450,318,713,614,250,157,204,256,621,662,760,308,146,220,591,719,522,154,229,125,229,718,473,209,144,105,477,411,214,43,32,25,444,632,848,7,38,24,467,453,243,53,29,28,509,372,499,83,66,94,410,124,417,69,134,142,103,122,115,8,219,121,111,143,129,17,0,0,144,112,113
8cc06cf7220aca0e6b360730f780ef09,0,0,0,0,0,0,0,0,0,0,0,41,0,0,0,30,17,0,0,0,0,0,0,32,0,0,0,0,0,0,109,0,0,0,0,0,0,96,87,0,0,0,0,118,35,0,26,0,93,0,0,0,0,0,0,0,0,0,0,0,0,0,0,0,0,0,0,0,0,0,0,0
aade94ed0cc99152e2ebd61b41230cd7,144,96,119,282,295,83,53,80,93,222,241,234,119,40,117,157,169,142,84,112,84,51,156,149,76,79,59,229,225,97,37,0,0,178,276,313,0,41,0,227,228,115,37,37,0,192,213,269,100,98,97,226,51,245,98,117,118,208,272,202,0,154,115,193,312,229,0,22,0,220,211,253
16c7a11c914eb586ad84feeee5242da0,17,0,18,0,0,0,12,1,0,0,0,0,0,0,0,0,0,0,23,26,21,0,0,0,0,0,0,0,0,0,0,0,0,0,0,0,0,0,29,0,0,0,22,2,0,0,0,0,0,0,0,0,0,0,0,0,0,17,0,0,0,0,0,0,0,0,0,0,0,0,0,0
7a81444441ec365a789c22e3da555628,46,46,32,62,46,19,0,0,0,47,41,54,26,0,0,61,50,41,0,0,0,0,53,33,0,0,0,26,0,0,0,0,0,0,34,57,0,0,0,25,32,0,0,0,0,26,30,26,0,0,0,27,0,23,0,0,0,0,0,0,0,0,0,0,0,0,0,0,0,0,0,0
4de8cefb04a292bf2aa9ec30d64de83c,111,0,125,200,216,0,0,0,0,197,195,260,117,0,0,198,219,168,0,78,0,0,161,134,0,0,0,234,200,0,0,0,0,161,245,211,0,0,0,167,207,0,0,0,0,127,0,0,0,0,0,160,0,152,0,0,0,0,100,0,0,101,0,0,135,98,0,0,0,0,0,82
91ac0d33e4ae0fe5894c9722eb857374,0,9,0,6,0,0,4,0,0,0,0,4,0,0,0,0,0,9,8,15,0,0,0,0,0,0,0,6,0,0,0,4,0,0,4,6,0,0,0,8,10,0,6,0,0,62,25,27,0,25,12,0,0,0,24,67,55,37,21,25,10,122,98,27,28,20,9,0,0,0,0,14
32da7109aee48064fd1261a35ed95ddc,0,0,0,0,0,0,9,0,14,0,0,0,0,0,0,0,0,0,0,0,0,0,0,0,0,0,10,0,0,0,11,21,12,0,0,0,5,24,31,0,0,0,21,25,0,0,0,0,0,0,12,0,0,0,0,0,0,0,0,0,0,0,0,0,0,0,12,18,0,0,0,0
9d6587b04964bdbcf732efa8b15d80ae,0,0,0,0,0,0,0,0,0,0,0,0,0,0,0,0,0,0,0,0,0,0,0,0,0,80,0,0,0,0,143,256,192,0,0,0,82,274,213,0,0,0,291,214,0,0,0,0,244,215,237,0,0,0,0,166,151,0,0,0,0,85,0,0,0,0,322,402,0,0,0,0
b41c6830410431628784d1dfcd522aea,0,0,0,0,0,0,0,0,0,0,0,0,0,0,39,0,0,0,0,12,20,0,0,0,0,77,0,0,0,0,0,26,27,0,0,0,0,0,41,0,0,0,24,0,0,21,0,0,34,0,0,0,0,0,0,0,0,0,0,0,0,0,0,0,0,0,16,25,22,0,0,0
0baaa5793ff42a9f6919bf6d2f17ca53,35,37,37,0,0,0,0,0,28,23,0,28,0,0,0,0,0,18,0,0,0,0,19,0,0,0,0,0,22,0,0,0,0,0,0,22,0,0,0,0,0,0,0,0,0,0,0,0,0,0,0,0,0,0,0,0,0,0,0,0,0,0,0,0,0,0,0,0,0,0,0,0
52b05a3ca275bb30f20cdcdf0307bea0,34,54,63,179,136,58,0,0,0,9,0,0,54,23,52,353,300,254,0,34,31,76,274,226,0,0,0,25,0,0,0,0,0,108,167,154,0,0,0,123,110,56,0,0,0,36,45,48,0,0,0,0,0,26,0,0,0,0,0,0,0,0,0,0,0,0,0,0,0,0,0,0
37f12e49de7268aa3b6146588a4e94cc,0,0,0,0,0,0,0,0,28,0,0,0,0,0,0,0,0,0,0,0,0,0,0,0,0,0,0,0,0,0,0,0,0,0,0,0,0,0,0,0,0,0,0,0,0,0,41,0,0,0,0,0,0,0,0,36,41,57,56,50,0,55,35,0,56,52,0,25,0,63,49,61
5973e7c352177861a62269b203479550,701,682,641,1817,1718,682,333,415,541,1376,1309,1405,737,418,579,1513,1463,1159,507,647,445,574,1397,1151,576,421,411,1722,1467,529,236,202,152,1603,1794,2238,121,201,194,1580,1781,761,265,210,137,1352,1319,1699,464,509,532,1456,523,1346,655,719,650,986,1251,981,0,828,819,829,1344,952,159,167,0,882,962,1033
6d61e69c1d753d003cb643eb9d644bd6,0,0,0,0,0,0,0,0,0,0,0,0,0,0,0,0,0,0,0,0,0,0,0,0,0,0,0,0,0,0,55,0,0,0,0,0,0,69,0,0,0,0,0,45,0,0,0,0,46,56,43,0,0,0,0,0,0,0,0,0,0,0,0,0,0,0,40,37,0,0,0,0
c0b76b3591d78aee8f11674a02917ecc,0,0,0,0,0,0,0,0,60,0,0,0,49,0,0,0,0,0,0,74,0,0,0,0,74,68,0,0,0,0,87,100,97,0,0,0,64,126,139,0,0,0,94,98,47,0,0,0,72,63,90,0,0,0,60,53,0,0,0,0,0,0,0,0,0,0,87,93,0,0,0,0
35abcd9069f9b4dd7d2bd65e9e150be0,0,0,0,88,2,0,0,0,0,38,74,1,0,0,0,72,0,0,0,0,0,0,0,0,0,0,0,0,4,0,0,0,0,2,3,4,0,0,0,31,0,0,0,0,0,66,0,2,0,0,0,0,0,1,0,0,0,0,0,59,0,53,0,0,0,0,0,0,0,0,0,0
92109da6bcad339a179455383dff4636,220,143,138,0,0,0,433,637,816,6,0,0,389,96,183,0,0,0,422,548,368,0,0,0,769,520,546,49,31,8,581,566,541,37,36,35,230,883,686,31,36,19,794,673,215,80,84,83,510,580,618,99,38,106,336,360,320,36,28,51,19,135,126,24,62,37,806,703,66,18,34,48
d2c1e2853cc800662f27fd023dc3b621,15,0,0,0,0,0,39,1,0,0,0,0,36,9,15,0,0,0,1,1,31,0,0,0,59,27,45,0,0,0,14,24,0,0,0,0,0,0,20,0,0,0,22,15,0,0,0,0,15,17,30,0,0,0,25,34,30,0,0,0,0,0,20,0,0,0,1,0,0,0,0,0
53eb1803f829ed0580710476434d54df,0,0,0,0,0,0,6,0,0,0,0,0,0,0,0,0,0,0,0,12,10,0,0,0,17,0,0,0,0,0,19,0,24,0,0,0,0,24,33,0,0,0,29,17,0,0,0,0,16,15,20,0,0,0,9,0,0,0,0,0,0,0,0,0,0,0,16,18,0,0,0,0
5042e5f1739e431d7dc1370360b645b7,0,0,0,0,0,0,0,0,0,0,0,0,0,0,0,0,0,0,0,0,0,0,0,0,0,0,27,0,0,0,28,23,18,0,0,0,0,23,0,0,0,0,32,28,0,0,0,0,0,0,0,0,0,0,0,0,0,0,0,0,0,0,0,0,0,0,13,19,0,0,0,0
819bc31939b61294cb5b05b491a6e069,0,0,0,0,0,0,16,5,15,0,0,0,11,0,0,0,0,0,17,16,0,0,0,0,22,0,0,0,0,0,13,20,0,0,5,0,9,14,9,0,0,0,31,25,0,0,0,4,16,24,14,0,0,0,14,0,0,13,10,0,0,0,16,10,0,8,27,25,0,8,0,0
4de0644fa933c60f37010494a124dffa,0,0,0,0,0,0,0,47,55,0,0,0,0,0,0,0,0,0,43,68,0,0,0,0,0,0,0,0,0,0,0,0,0,0,0,0,0,0,0,0,0,0,0,0,0,0,0,0,0,0,0,0,0,0,0,0,0,0,0,0,0,0,0,0,0,0,67,55,0,0,0,0
e893d97d3ac083b4750a0a7246d8b93b,0,0,0,0,0,0,0,0,0,0,0,0,0,0,0,56,66,53,0,0,0,7,40,0,0,0,0,0,0,0,0,0,0,0,37,26,0,0,0,0,24,14,0,0,0,0,9,0,0,0,6,0,0,0,0,0,0,0,0,0,0,0,0,0,0,0,0,0,0,0,0,0
9ea9b6eee293f3571704da583595abe4,36,22,24,0,0,0,76,91,150,0,0,0,43,10,25,0,0,0,65,112,47,0,0,0,130,103,83,0,7,0,72,78,95,0,0,0,33,76,72,0,0,0,82,81,21,15,11,0,69,66,56,12,0,11,24,33,44,0,0,12,0,17,0,0,14,0,113,110,12,6,0,0
f699b96d034b2934d3037fa4462a6f4b,800,631,557,658,548,244,665,1045,1122,437,456,572,1010,342,551,420,345,450,1153,1299,841,119,432,403,885,836,1134,604,475,177,1765,1629,1678,468,654,682,432,1211,2203,570,473,340,2955,1830,630,554,671,702,1450,1159,2208,776,233,711,1369,1137,1132,493,672,543,101,865,927,609,751,547,2353,2206,284,489,479,540
9da04ff16cc798fb9c8028f68bdb45c0,0,0,29,39,51,0,0,0,0,0,0,0,0,0,0,126,109,96,0,0,0,64,127,88,0,0,0,0,0,0,0,0,0,48,48,84,0,0,0,68,82,0,0,0,0,0,0,0,0,0,0,0,0,0,0,0,0,0,0,0,0,0,0,0,0,0,0,0,0,0,0,0
3d71c76169ef04b8e00d65b759152de9,28,22,9,0,0,0,106,139,161,0,0,0,62,20,15,0,0,0,26,61,50,0,0,0,110,70,76,0,0,0,77,124,80,0,0,0,44,172,120,0,0,0,142,105,28,0,0,14,101,83,74,20,0,5,17,32,35,0,10,0,0,0,8,0,6,0,55,93,0,0,0,0
e0b6e02157f57ef16148a078d6b31cde,0,0,0,31,0,0,0,0,0,0,0,0,12,0,0,81,0,64,0,0,0,0,66,59,0,0,0,0,0,0,0,0,0,0,0,0,0,0,0,0,0,0,0,0,0,0,0,0,0,0,0,0,0,0,0,0,0,0,0,0,0,0,0,0,0,0,0,0,0,0,0,0
387f80c7204ee7fcb847b8a12054f212,33,0,27,56,61,26,0,0,0,50,53,94,24,0,17,57,55,59,0,0,0,18,66,40,0,0,0,48,24,0,0,0,0,48,43,37,0,0,0,41,41,20,0,0,0,31,0,40,0,0,0,31,0,34,0,0,0,0,0,0,0,0,0,0,0,0,0,0,0,0,0,0
a0def7c5bfb125e4869a0a9748d92819,26,0,0,0,0,0,20,16,23,0,0,0,13,12,13,0,0,0,23,20,16,0,0,0,22,28,0,0,0,0,35,16,21,0,0,5,0,55,34,0,0,0,84,62,22,15,6,0,38,37,23,0,0,0,0,0,6,0,0,0,0,0,0,0,0,0,0,0,0,0,0,0
305d44382908bf903c550ec0c3ef78b0,0,0,6,0,0,0,0,0,7,0,0,0,0,0,0,0,0,0,9,0,0,0,0,0,0,15,0,0,0,0,20,22,15,0,0,0,0,13,0,0,0,0,20,0,15,0,0,0,0,29,0,0,0,0,0,0,0,0,0,0,0,0,0,0,0,0,0,19,0,0,0,0
4d7ad9011422885a23e41eb8815ab3fd,0,0,0,0,0,0,0,0,0,0,0,0,0,0,0,0,0,0,7,0,21,0,0,0,0,0,0,0,0,0,0,0,36,0,0,0,29,53,0,0,0,0,46,0,0,0,0,0,27,26,0,6,0,0,0,0,7,0,0,0,0,0,0,0,0,0,0,34,0,0,0,0
e4cd1f7a321414a2afe536ff3712aa36,0,0,0,0,0,0,0,0,0,0,0,0,0,0,9,0,0,0,0,0,0,0,0,0,34,30,12,0,0,0,61,49,38,0,0,0,0,67,0,0,0,0,59,66,23,0,0,0,0,0,37,0,0,7,0,14,20,0,0,0,0,0,0,0,0,0,0,0,0,0,0,0
a5fe4280797f0a6cb6b559cac086ed72,537,414,358,1056,778,279,298,416,443,783,670,932,495,193,417,636,593,655,464,581,288,278,604,535,359,329,335,933,772,307,420,416,416,760,1028,1309,119,256,417,867,868,393,651,431,159,860,829,1154,704,610,922,1044,268,904,775,866,958,865,1037,938,129,955,727,971,1245,974,761,755,75,1047,1007,941
aa84881b65a57dcefcccfc4e75611a30,0,0,0,0,0,0,0,0,0,0,0,0,0,0,0,0,0,0,0,62,48,0,0,0,0,0,0,0,0,0,84,65,0,0,0,0,0,66,61,0,0,0,64,53,0,0,0,0,55,61,67,0,0,0,0,56,0,0,0,0,0,0,0,0,0,0,78,77,0,0,0,0
9e080386c6672bfab8004f50244ddb27,115,58,71,46,58,0,95,137,125,52,34,51,119,22,79,26,31,16,121,155,106,0,27,20,144,127,113,25,49,0,231,216,226,42,58,60,82,209,234,43,45,0,365,182,73,66,54,73,181,207,295,69,21,79,155,171,191,33,65,42,0,74,91,45,44,42,276,208,33,24,43,32
cf229ef41718b8e5ac67d12e01c342c5,0,15,0,0,22,11,0,0,0,24,0,0,0,0,0,14,19,0,0,25,0,0,0,0,20,0,0,0,0,0,0,0,0,0,0,0,0,0,0,0,0,0,0,0,0,0,0,23,0,14,0,20,0,26,0,0,0,32,0,39,0,44,0,0,42,39,0,0,0,68,38,64
1d670c90fa67361d504a538f81d09d35,0,0,0,71,57,0,0,0,0,71,0,72,0,0,0,0,0,0,0,0,0,0,0,32,0,0,0,0,0,0,0,0,0,0,0,0,0,0,0,0,47,0,0,0,0,0,0,0,0,0,0,0,0,0,0,0,0,0,0,0,0,0,0,0,0,0,0,0,0,0,0,0
6b40431a84a5883b15ea14bd1a6f8953,55,0,0,0,0,0,0,0,40,0,0,0,0,0,0,0,0,0,0,58,0,0,0,0,71,108,0,38,46,0,0,51,0,0,27,0,0,0,0,0,0,0,0,48,0,50,35,0,86,0,32,0,0,50,0,42,108,0,0,0,0,34,0,0,0,43,101,71,0,0,0,0
b6173f50bd4286d4915a088231dbd3f2,91,79,114,148,110,58,59,118,103,123,104,143,96,37,75,115,92,98,67,79,68,36,97,82,64,62,75,168,113,46,0,0,0,91,115,121,0,0,0,130,104,37,0,0,0,76,87,113,48,41,0,112,41,87,29,34,39,66,81,65,0,45,70,81,101,80,0,0,0,70,58,63
ef9552dc12503f0165a7013049c33138,0,0,0,0,0,0,0,0,0,0,0,0,0,0,0,0,0,0,0,36,0,0,0,0,0,0,0,0,0,0,0,46,0,0,0,0,0,0,31,0,0,0,0,0,58,0,0,0,0,0,0,0,0,0,0,0,0,0,0,0,0,0,0,0,0,0,0,0,0,0,0,0
56f99e0f121009a100063ac65c53dc15,0,0,0,11,0,0,0,0,0,18,0,0,0,0,0,12,0,0,0,0,0,0,0,0,0,0,0,9,0,0,0,7,0,0,0,7,0,0,0,0,0,0,0,0,0,9,0,0,18,0,0,0,0,0,0,18,0,37,25,37,0,0,15,11,36,34,19,0,0,34,33,37
fc1e065e4e67ce880c96b02f0188b44b,66,43,35,0,0,0,43,70,69,0,0,0,46,0,23,0,0,0,31,41,38,0,0,44,53,57,44,0,67,0,30,0,43,0,33,0,40,30,0,0,0,0,40,27,0,0,0,22,0,36,50,0,0,0,34,52,48,36,43,46,7,32,30,38,52,41,0,56,0,36,48,31
395fd6c65bf00188737cd5d952fe6cb1,0,0,0,0,0,0,26,0,35,0,0,0,0,0,0,0,0,0,35,48,0,0,0,0,35,54,0,0,0,0,29,33,0,0,0,0,0,42,0,0,0,0,62,0,18,0,0,0,0,55,45,0,0,0,0,0,0,0,0,0,0,0,0,0,0,0,0,0,0,0,0,0
e0fdae7be24fa322820c0a326bde3753,9,5,0,15,0,0,0,0,5,12,17,0,0,0,5,0,18,15,10,15,0,4,8,0,0,14,9,21,22,9,0,0,0,0,14,11,0,0,0,18,0,0,0,11,0,8,0,21,7,8,7,0,11,0,15,0,6,10,27,12,0,22,0,0,32,10,0,0,0,15,14,25
875838f674495be60aa87eef23dd583b,0,0,0,0,0,0,0,0,0,0,0,0,0,0,0,0,0,0,0,0,53,0,0,0,37,0,0,0,0,13,0,0,0,0,0,0,0,0,0,0,0,0,0,0,0,42,0,0,0,51,104,0,0,0,52,0,68,0,0,0,0,0,0,53,0,0,24,36,0,0,0,0
8c5888a50d37cde6850b227221d93b75,0,0,0,0,0,0,0,0,12,0,0,0,0,0,0,0,0,0,0,27,22,0,0,0,57,43,0,0,0,0,0,0,0,0,0,0,0,32,39,0,0,0,30,26,0,0,0,0,0,14,0,0,0,0,0,0,0,0,0,0,0,0,0,0,0,0,0,0,0,0,0,0
273aad3296dd155af312d69ee0074bc7,0,0,0,32,0,0,0,0,15,0,0,0,19,0,0,0,0,0,32,26,24,0,0,0,29,0,0,0,0,0,19,18,25,0,0,23,0,0,29,0,0,0,0,0,0,32,31,0,25,44,39,34,0,0,45,27,62,0,0,0,0,46,27,58,55,46,0,0,0,36,61,0
0f3e18c5f1c3eeb98e7b06bd7951dd16,0,0,0,0,0,0,0,0,28,0,0,0,0,0,29,0,0,0,28,43,0,0,0,0,35,0,0,0,0,0,0,45,0,0,0,0,0,23,43,0,0,0,0,61,0,0,0,0,0,0,18,0,0,0,0,0,0,0,0,0,0,0,0,0,0,0,0,0,0,0,0,0
2f50ef74f05f68e405042ad71fa738ed,0,0,0,0,0,0,0,32,0,0,0,0,0,0,0,0,0,0,18,0,0,0,0,0,0,31,0,0,0,0,0,0,0,0,0,0,0,29,0,0,0,0,0,0,0,16,0,0,0,0,0,0,0,0,24,0,0,0,33,0,0,0,0,0,17,0,0,0,0,0,0,21
a69cf309176f956b53f73c593fab2dd0,49,37,49,36,37,20,49,68,74,36,55,34,69,15,41,32,0,19,87,138,69,0,17,0,99,69,78,37,27,18,74,66,46,22,41,28,26,79,70,28,35,17,94,88,28,42,32,27,111,78,103,53,12,47,102,117,132,45,50,55,0,63,90,51,93,55,101,113,0,46,40,46
379a271f3a4ed0fdae1211f929c1395d,0,0,0,13,0,0,0,0,0,4,0,0,0,0,0,0,0,7,0,0,0,0,0,0,0,4,0,16,5,0,0,0,0,0,16,13,0,0,0,14,14,4,0,0,0,0,0,17,0,0,0,23,16,9,0,0,0,0,0,0,0,0,0,0,0,0,0,0,0,0,0,0
d95f86c1dc87a7f48c0957b3b29ed48f,0,0,0,0,0,0,0,57,52,0,0,0,39,0,0,0,0,0,0,0,0,0,0,0,60,40,0,0,0,0,0,0,36,0,0,0,0,45,0,0,0,0,0,40,0,0,0,0,0,0,0,0,0,0,0,0,0,0,0,0,0,0,0,0,0,0,0,0,0,0,0,0
e6c792caa2db019d94be47edfd867aba,26,35,20,0,0,0,0,18,17,0,0,0,0,0,16,0,0,0,9,0,0,0,0,0,0,0,0,0,10,0,0,0,0,0,0,0,0,0,0,0,0,0,0,0,0,0,0,0,0,13,0,0,0,0,0,0,0,0,0,15,0,11,0,0,0,0,0,0,0,0,9,0
3514abc5082c244e2a420a3cb91e7e40,0,0,8,28,30,0,0,0,0,0,0,0,0,0,0,0,96,0,0,0,0,0,77,0,0,0,0,0,0,0,0,0,0,0,36,55,0,0,0,0,0,18,0,0,0,0,0,0,0,0,0,0,0,6,0,0,0,0,0,0,0,0,0,0,0,0,0,0,0,0,0,0
2aef51473262e1185e38fb5f731d8952,0,0,0,26,14,0,0,0,0,0,0,0,0,0,15,39,47,34,0,0,0,11,45,26,0,0,0,0,0,0,0,0,0,53,51,44,0,0,0,50,75,30,0,0,0,10,0,9,0,0,0,0,0,0,0,0,0,0,0,0,0,0,0,0,0,0,0,0,0,0,0,0
e4c7037d6386c2eb315c10a5c43e14fa,40,0,25,0,0,0,88,100,99,0,0,0,48,0,29,0,0,0,50,67,42,0,0,0,92,80,79,0,0,0,0,0,0,0,0,0,43,0,31,0,0,0,0,0,0,0,0,0,0,67,0,18,0,0,0,0,0,0,15,0,0,0,0,0,0,0,0,94,0,0,0,0
04fa449741f3e89419cd695047df7d9d,49,0,42,0,0,0,147,159,185,0,0,0,136,63,94,24,0,0,184,240,172,0,0,0,259,181,257,19,0,0,419,470,522,0,0,0,201,667,585,16,0,0,608,587,173,0,0,55,431,343,408,0,48,0,144,138,134,0,0,0,0,82,93,33,38,47,445,358,57,47,0,0
53d6d9d08594fb343837ebcb2f4bd3db,0,0,0,0,0,0,0,0,0,0,0,0,0,0,0,0,0,0,0,0,0,0,0,0,49,0,0,0,0,0,0,0,0,0,0,0,0,35,0,0,0,0,55,40,0,0,0,0,34,53,42,0,0,0,0,0,0,0,0,0,0,0,0,0,0,0,0,0,0,0,0,0
b67e954f5d292724ac3f1a12f2e8de6c,114,102,75,160,157,40,69,117,133,123,126,147,127,63,98,83,88,91,170,235,84,32,74,79,147,178,73,136,136,47,98,95,129,114,118,156,44,148,117,86,131,72,208,117,40,123,143,180,177,205,233,166,43,149,181,213,233,89,135,99,0,135,97,86,177,76,175,213,16,106,79,93
72829e5cac69b20e7c610ba5db967f7c,0,0,0,0,0,0,0,0,0,0,0,0,0,0,0,0,0,0,0,1,0,0,31,0,0,0,0,24,0,0,0,0,0,0,0,0,0,0,0,24,0,0,0,0,0,0,0,32,0,0,0,0,0,22,0,0,0,46,45,48,0,0,0,0,0,0,22,29,0,0,0,41
37ecf2585d49d9211e48014ba9b0ab5b,20,33,23,0,0,0,36,57,56,0,0,0,36,36,12,0,0,0,28,57,25,0,0,0,44,37,46,0,0,0,50,58,43,0,0,0,35,96,108,0,0,0,58,75,15,41,23,3,44,48,50,21,0,23,16,17,16,0,0,0,0,5,26,0,0,0,78,54,9,0,0,0
65e071c0036a02067d4aedd8ce2b0dcd,0,0,0,0,0,0,0,0,19,0,0,0,0,0,0,0,0,0,0,0,0,0,0,0,0,0,0,0,0,0,0,0,29,0,0,0,0,41,38,0,0,0,17,0,0,0,0,0,0,19,21,0,0,0,0,0,0,0,0,0,0,0,0,0,0,0,0,0,0,0,0,0
fa6387b4227506fb0e57137f6eecca60,703,464,404,447,341,121,695,978,1192,275,287,352,804,225,416,271,209,200,842,1196,677,89,258,189,1193,845,821,419,395,177,813,948,785,313,417,388,397,1154,1016,397,358,192,1390,988,390,434,390,546,1019,1068,1178,561,176,527,858,932,976,385,480,390,0,654,412,365,495,380,1179,1282,86,353,315,379
ca869506764ce47ccd46c75401bc19f3,84,71,75,111,116,39,0,48,68,109,121,141,88,0,76,68,65,64,78,135,60,0,73,74,85,64,55,186,144,56,46,50,44,141,151,153,0,0,53,144,168,86,91,59,0,135,111,172,103,98,120,168,59,125,161,209,180,266,301,342,0,185,156,255,390,267,104,96,0,290,216,311
ea07fd2d58fa4fa3c135cbd7c5e6f023,0,0,18,11,0,0,0,9,0,0,0,3,5,0,14,4,0,3,14,0,0,0,3,7,0,0,0,0,4,0,0,4,0,4,5,12,0,0,0,3,0,7,0,0,0,3,9,4,0,0,5,8,0,5,6,5,5,8,11,4,0,12,5,2,11,7,0,0,0,6,5,6
c245d82454a2a4ead14c40ae1fafbb4b,0,0,0,51,0,0,0,0,0,42,0,0,0,0,0,0,0,0,0,0,0,0,42,0,0,0,0,0,0,0,0,0,0,0,0,35,0,0,0,0,0,49,0,72,0,62,0,0,0,0,78,40,0,0,0,0,0,79,67,66,0,38,0,106,68,0,0,0,0,64,77,83
746596110c7761995e1bce12c0061dac,0,0,0,0,0,0,54,74,60,0,0,0,0,0,0,0,0,0,97,120,0,0,0,0,65,86,95,0,0,0,161,204,185,0,0,0,0,165,257,0,0,0,232,154,0,0,0,0,113,0,181,0,0,0,115,0,74,0,0,0,0,0,0,0,0,0,240,186,0,0,0,0
4fa0249d4ce6c9b85341b48cb7752af8,243,262,268,477,416,173,124,192,176,418,507,582,215,102,226,328,284,305,147,173,80,118,261,333,113,124,92,350,397,146,51,52,33,322,495,645,0,34,36,350,351,166,68,44,15,281,359,462,90,99,130,379,107,350,114,132,142,127,157,140,0,147,138,116,220,139,31,29,0,161,131,152
1fc3e640ff28cfa4748ab6ecf9c1044a,65,43,30,0,0,0,47,58,69,0,0,0,55,15,27,0,0,0,60,71,48,0,0,0,54,58,54,0,0,0,84,70,77,0,0,0,0,105,87,0,19,0,107,86,28,0,0,0,0,32,92,23,0,0,80,86,69,20,30,38,0,71,48,31,30,0,114,99,0,0,19,21
560986016894c9b1847a1a90483bd5f3,0,0,15,0,0,0,59,81,57,0,0,0,28,0,0,0,0,0,25,52,34,0,0,0,46,52,38,0,0,0,37,34,42,0,0,0,0,35,37,0,0,0,49,30,0,0,0,0,19,31,36,0,0,0,0,19,37,0,14,0,0,24,23,0,0,9,48,34,0,0,0,0
eae17abbd12b041b6e0413e7f3598f5e,1,21,50,41,26,0,1,6,2,28,25,43,0,26,56,27,0,27,2,0,1,0,43,0,3,4,4,44,36,0,1,1,1,40,36,24,0,2,0,4,40,16,1,1,0,34,35,41,0,2,1,43,0,36,4,3,3,3,1,1,0,0,0,67,1,2,1,0,0,0,1,1
23b72d8203270cf85f6dd603013f879c,101,85,136,330,261,102,69,74,79,237,244,271,186,66,121,137,110,152,84,165,102,48,167,148,61,111,93,236,259,93,82,80,78,257,297,285,42,86,101,244,265,156,141,91,43,249,199,280,150,157,178,263,70,160,201,160,217,298,391,338,20,235,180,281,403,281,122,89,0,235,349,337
75f8d4627887a6521f74ca4addbc892a,17,0,0,0,0,0,29,0,0,0,0,0,32,0,15,0,0,0,0,39,0,0,0,0,45,40,19,0,0,0,30,25,0,0,0,0,0,50,0,0,6,0,78,54,0,0,0,0,37,43,40,0,0,0,0,0,0,0,0,0,0,0,0,0,0,0,0,0,0,0,0,0
cca7e8354fafcd9263435ecc1397b598,14231,11785,11421,20552,18688,6819,7171,11425,12115,17375,19188,21320,12914,5015,8342,18831,16352,14074,7244,10287,6738,6175,15072,12898,10752,8566,7324,21295,16937,6596,2286,2711,2176,14480,18140,20443,760,2335,2088,16503,17074,7678,3438,2706,1067,12790,12297,17910,5564,6242,6199,14837,5285,12196,6073,7714,7616,10703,11802,10083,709,8961,6777,9820,13318,9700,2175,2250,199,9429,10528,11846
df7f0525487605998825d750abfd3677,30,17,5,0,0,0,49,86,83,0,0,0,41,19,30,0,0,0,73,80,41,0,0,0,68,104,60,6,0,0,147,124,120,0,0,0,0,157,189,9,0,0,167,108,28,0,14,0,76,93,122,18,0,18,37,61,50,8,14,0,0,22,20,0,6,15,91,103,14,0,0,13
633d07a591ad6f492a47535b285dddea,0,15,0,0,0,0,0,0,0,2,2,10,0,0,0,39,44,25,0,0,0,0,0,34,0,0,0,0,0,0,0,0,0,0,0,0,0,10,0,0,0,0,10,0,0,0,0,0,0,0,0,17,0,0,0,0,9,0,0,0,0,0,0,0,0,0,0,0,0,0,4,0
b3d5730a50c2f9472df4d82fdfd907f7,1509,1257,1266,2264,2028,705,925,1198,1324,1951,1902,2398,1282,501,1157,1399,1442,1306,989,1316,841,517,1424,1320,921,1155,596,1787,1574,661,577,640,542,1544,2038,1995,168,607,543,1957,2194,950,847,599,234,1678,1384,2059,793,613,1032,1562,510,1540,1177,1356,1432,1251,1831,1336,91,1276,1353,1447,2381,1451,677,641,44,1318,1351,1740
bdf71b1de9f43d66baeca7c7d3e3b430,584,376,310,403,395,124,568,767,907,300,318,379,859,227,500,307,231,247,1002,1247,864,0,297,237,1209,1003,912,505,366,150,1071,1106,1000,412,382,458,406,1411,1272,493,406,210,1763,1355,498,434,419,587,1267,1374,1553,636,197,580,1174,1373,1258,427,413,382,0,803,683,347,547,444,1446,1357,114,295,287,396
1d35bf3cfef13a9d8c530fba66a6a3da,0,0,0,0,0,0,0,0,0,0,0,0,0,0,0,0,0,0,0,15,0,0,0,0,18,10,0,0,0,0,12,0,0,0,0,0,0,0,0,0,24,0,39,32,0,0,0,0,0,27,22,0,0,0,0,0,0,0,0,0,0,0,0,0,0,0,0,0,0,0,0,0
6b56095fb75059703240760a315aa969,0,0,0,0,0,0,0,10,8,0,0,0,12,0,0,0,0,0,15,23,14,0,0,0,11,17,11,0,0,0,29,30,39,0,0,0,10,37,46,0,0,0,46,32,9,0,0,0,21,20,26,0,0,0,0,0,11,0,0,0,0,0,0,0,0,0,39,36,7,0,0,0
b8a6c229716e6e26a49b48611ae2833a,0,0,0,0,0,0,0,0,0,0,0,0,0,8,0,103,0,56,0,0,0,0,0,57,0,0,0,0,0,0,0,0,0,0,0,0,0,0,0,0,0,0,0,0,0,0,0,0,0,0,0,0,0,0,0,0,0,0,0,0,0,0,0,0,0,0,0,0,0,0,0,0
de683ad720155623122bbf190568865b,116,79,119,47,26,11,91,121,177,38,39,41,73,0,56,44,34,31,67,71,36,18,55,28,106,93,39,43,39,13,12,21,18,40,26,0,0,13,13,33,39,15,17,11,14,32,31,25,22,17,21,19,9,21,28,43,40,81,72,55,0,69,37,31,92,38,20,32,0,48,50,72
615296545e18021aef166119635ab376,0,0,0,51,52,22,0,0,0,22,32,34,0,0,0,0,11,0,0,0,0,0,0,0,0,0,0,0,0,0,0,0,0,0,0,0,0,0,0,0,0,0,0,0,0,0,0,0,0,0,0,9,0,0,0,0,0,0,0,0,0,0,0,0,0,0,0,0,0,0,0,0
ae5d9e71a49baa56df6a3c8c726ec21c,1463,1246,892,939,675,388,1550,1853,2022,751,601,906,1371,546,827,577,748,649,1128,1253,952,268,743,492,2080,1312,945,571,666,409,505,823,499,620,785,1050,221,471,334,571,529,340,716,645,246,1179,862,890,673,599,884,1016,265,977,959,1506,1554,765,963,1010,97,1955,656,806,952,830,1090,905,94,1269,918,786
ec3de6e6426a0ca9297d76d6cd8be9ed,811,709,770,1206,955,318,611,840,890,935,1106,1276,945,254,645,869,760,629,867,1175,726,373,905,632,711,714,454,1011,796,301,496,399,564,873,1054,1181,153,423,468,1044,981,543,743,527,204,966,864,888,706,734,724,1005,348,750,866,1062,936,1545,1574,1481,62,1224,639,813,1533,1136,734,671,38,1453,1897,1881
2ea1ba3909e0e8e60c4ec35bafee3a15,694,586,569,604,514,140,431,583,678,431,499,571,524,173,334,564,515,430,361,453,321,144,615,383,604,432,330,635,450,140,0,77,76,423,594,777,0,67,0,546,571,268,128,89,0,416,367,489,187,139,182,428,143,370,196,225,238,269,269,254,0,338,199,183,377,243,0,0,0,197,232,337
fcf5a19a20080401df345ba64cde1478,114,82,79,120,107,20,78,95,96,78,76,87,105,54,109,66,40,50,170,142,100,21,51,45,125,131,63,76,89,40,126,122,109,69,78,69,60,145,101,76,88,40,146,151,49,75,77,106,112,146,172,106,35,87,147,140,162,83,95,111,10,84,109,55,116,89,106,147,0,65,73,83
bcb89749af4ab2fb87f5fa449d5f2b3f,16,7,0,24,27,0,0,0,21,24,17,18,0,0,0,12,10,8,0,22,15,0,21,0,25,14,8,12,18,0,8,0,8,32,21,20,0,13,12,20,17,13,10,0,0,27,0,20,21,19,21,37,0,18,18,29,20,81,77,89,0,41,17,49,84,92,25,14,0,109,113,94
578fc5f8590053333e58293c1e742bba,350,242,196,41,67,35,561,865,910,36,28,48,994,297,639,36,16,28,1603,2024,1363,0,31,34,1272,1373,1193,102,80,31,2806,3113,2836,56,78,75,1306,3634,3853,98,104,48,4831,3461,1293,340,378,330,1955,1680,2805,551,134,436,1887,2161,1835,230,370,240,70,855,825,203,378,225,4490,4229,379,130,163,183
ca747a90b02b597725de60e769fdfbcd,0,0,0,0,0,0,0,0,0,0,0,0,0,0,0,0,0,0,14,0,0,0,0,0,8,0,0,0,0,0,0,15,0,0,0,0,0,20,14,0,0,0,29,0,0,0,0,0,9,20,19,8,0,0,0,21,0,0,0,0,0,0,0,0,0,0,32,31,0,0,0,0
6255713e2fcbdaab842287930f32f3ef,0,0,0,0,0,0,0,22,16,0,0,0,0,0,0,0,0,0,17,20,9,0,0,0,18,15,28,0,0,0,35,60,40,0,0,0,22,63,64,0,0,0,58,32,30,0,0,0,28,33,28,0,0,0,0,0,10,0,0,0,0,0,8,0,0,0,0,0,0,0,0,0
7c9cfd8b49e7eae5f4c3b9cdd1ec46f3,738,488,453,1063,949,312,494,901,987,620,720,851,1074,302,614,683,446,504,1068,1425,890,263,515,516,1450,1085,980,796,693,247,1102,957,1012,701,920,915,357,1194,1135,895,768,380,1562,1235,404,702,693,916,1306,1254,1548,935,266,782,1251,1445,1360,713,765,598,114,1046,833,592,765,583,1339,1375,126,452,444,559
fd0c7ff5dc8c713c47b342b6c5187a0b,0,0,20,0,0,0,0,0,36,0,0,0,49,20,23,0,0,0,52,0,50,0,0,0,55,0,40,0,0,0,62,67,46,0,0,0,35,38,0,0,0,0,97,95,41,0,0,0,57,71,53,19,0,0,0,0,10,0,0,0,0,0,0,0,0,0,0,0,0,0,0,0
e377fab4b09068ea0c5a261609b6f29c,27,0,18,56,44,25,0,17,27,79,65,71,42,0,0,43,47,36,35,23,0,0,61,40,32,23,0,82,61,0,0,0,0,46,46,48,0,0,0,77,66,26,0,0,0,48,50,46,0,31,0,41,0,51,39,41,31,59,67,55,0,50,28,23,68,38,0,23,0,75,51,68
148c310d5b16dea5a88485a0dfde48f0,302,388,337,250,201,43,456,305,373,142,153,212,273,63,337,182,239,136,329,382,282,42,341,152,382,254,292,424,262,70,107,95,84,180,220,165,35,137,126,149,142,112,276,153,29,117,181,142,138,113,117,177,42,136,104,155,147,149,91,153,0,184,99,60,175,150,128,220,11,110,118,121
ed5b9fb51e64956d29d544485991c4e5,0,0,0,0,0,0,0,0,0,0,0,0,0,0,0,30,35,21,0,0,0,19,19,21,0,0,0,0,0,0,0,0,0,0,15,16,0,0,0,10,21,0,0,0,0,0,0,0,0,0,0,0,0,0,0,0,0,0,0,0,0,0,0,0,0,0,0,0,0,0,0,0
5c299180c2f7c85597106c2c191b328c,0,0,0,0,0,0,0,0,0,0,0,0,0,0,0,0,0,0,15,17,9,0,0,0,14,30,0,0,0,0,0,22,0,0,0,0,0,22,0,0,0,0,15,0,0,0,0,0,27,0,19,0,0,0,0,0,11,0,0,0,0,0,0,0,0,0,0,9,0,0,0,0
297836375c1b3d14e28e44f72fe396e4,0,0,0,0,0,0,75,0,108,0,0,0,0,0,42,0,0,0,77,100,0,0,0,0,149,107,141,13,0,0,33,53,0,0,0,0,0,61,75,0,0,0,77,75,0,0,0,0,43,0,35,22,0,0,0,0,0,0,0,0,0,0,0,0,0,0,0,0,0,0,0,0
66ae43087663552537c297efea45e83b,212,143,120,0,0,0,292,473,548,0,0,0,274,78,136,0,0,0,353,492,315,0,47,35,606,468,291,98,49,0,254,317,210,47,0,68,74,283,223,59,68,31,329,259,134,78,68,103,251,285,352,170,40,70,283,292,276,167,158,162,0,171,184,108,189,128,435,492,55,136,123,143
cb4594f2ef6d977886b85f1d9e1c95db,4,0,0,0,0,0,0,14,15,0,0,0,9,0,6,0,0,0,19,25,16,0,0,0,0,21,9,0,0,0,49,49,50,0,0,0,22,75,53,0,0,0,66,43,16,0,0,6,28,27,27,0,0,0,0,14,20,0,0,0,0,0,0,0,0,0,28,33,0,0,0,0
4e27cff3d283e00da63c885182e9ad07,29,25,39,23,0,0,0,0,0,17,16,20,23,0,18,8,17,12,0,0,0,0,14,0,0,0,0,24,36,10,0,7,0,29,17,31,0,0,0,25,27,13,0,0,0,17,50,21,0,0,19,23,12,34,21,23,19,57,61,59,0,35,33,52,83,42,0,0,0,51,70,50
4cbc2bc0c00c77552a8e0c08974e24ee,0,0,0,0,0,0,28,34,40,0,0,0,25,0,18,0,0,0,22,40,0,0,0,0,27,52,0,0,0,0,20,25,22,0,0,0,15,0,0,0,0,0,31,26,0,0,0,0,13,0,0,0,0,0,0,0,0,0,0,0,0,0,0,0,0,0,0,0,0,0,0,0
41f52818fd46325fe35b740aefe5956a,0,0,0,0,0,0,0,0,0,40,0,0,21,0,0,68,0,0,0,58,0,0,0,0,0,0,0,77,31,0,0,0,0,0,0,39,0,0,0,64,72,0,0,0,0,0,0,0,0,0,0,0,0,80,0,0,37,162,188,169,17,76,46,142,173,123,0,0,0,147,197,191
f15deccbdad0d6714891b82ec2d46af6,17,8,18,0,0,0,10,8,9,8,18,7,0,4,0,0,0,6,0,14,8,4,0,6,16,10,12,17,6,5,0,0,0,11,0,11,0,7,6,0,0,0,7,0,0,6,4,0,0,5,11,0,0,0,0,0,0,0,0,5,0,0,0,0,0,0,0,0,0,0,0,0
f8950457545b7a0a2d5ff1cd0cc783f5,4,9,13,25,22,11,0,0,0,23,31,32,14,0,13,30,0,15,0,0,0,0,19,29,0,0,0,17,18,0,0,5,0,26,31,24,0,0,0,25,28,0,0,0,0,11,22,23,4,0,0,25,0,10,0,0,0,0,0,0,0,0,0,0,4,0,0,0,0,0,0,0
96f2f6a30048c2a58b5b511d8fc1226c,219,157,149,306,264,94,209,239,354,343,298,424,287,94,137,270,274,203,132,179,106,81,275,194,217,142,115,414,278,127,40,48,49,254,350,411,18,30,27,309,300,111,80,49,15,308,225,283,92,111,109,258,68,173,135,215,178,544,638,522,17,288,168,445,661,567,37,30,0,678,669,736
45194ef7659f8cc53af0f97fb9e7a51d,29,0,0,0,22,0,24,0,0,0,0,0,0,0,0,0,0,0,0,26,23,0,0,0,0,0,0,0,0,0,38,29,40,0,0,0,50,109,60,0,0,0,52,0,28,0,0,0,0,60,97,0,0,0,42,0,0,0,0,0,0,0,0,0,0,0,77,36,0,0,0,0
392389a140814d9bdc1a4eeadd225fc7,49,29,0,58,69,0,85,72,80,66,0,53,76,0,0,0,58,44,47,75,54,0,44,0,56,60,79,66,0,0,127,120,119,81,86,65,0,68,128,63,63,0,205,145,43,75,75,81,105,105,155,81,0,120,125,62,97,126,96,65,0,81,76,87,93,80,195,165,0,85,64,96
df145c7a8f525102e025d0fad224fd50,24,14,18,0,0,0,27,19,49,0,0,0,25,0,11,0,0,4,48,75,50,0,0,0,70,79,41,0,0,0,72,85,50,0,0,4,32,81,60,0,0,0,100,86,23,12,0,21,77,101,101,25,14,20,57,66,48,0,7,18,0,0,20,0,12,10,73,99,0,0,13,0
d8bbf94ec09c098a20be3b333183e525,0,0,0,0,0,0,14,0,17,0,0,0,0,0,0,0,0,0,0,12,0,0,0,0,42,32,20,0,0,0,0,0,11,0,0,0,8,0,20,0,0,0,0,0,0,0,0,0,0,0,0,0,0,0,0,0,0,0,0,0,0,0,0,0,0,0,0,0,0,0,0,0
3c49cd245358eb7d25051a0f752547d7,209,145,117,305,214,105,160,229,260,195,213,233,304,98,189,166,166,160,326,312,213,0,164,209,284,185,286,248,232,86,435,337,364,247,267,296,0,210,455,232,202,146,578,456,115,259,250,337,347,309,586,270,89,329,449,396,414,307,375,288,0,283,317,345,401,294,644,619,0,283,287,310
c219fd341bd7eb7cc49147ac85c63152,0,0,0,0,0,0,0,0,0,0,0,0,0,0,0,0,0,0,0,0,0,0,0,0,0,0,0,0,0,0,0,0,0,0,0,0,0,0,0,0,0,0,0,0,0,0,0,0,0,47,0,0,0,0,45,33,53,0,0,36,0,0,0,0,0,0,0,0,0,0,0,0
9320165a41bcbad15e5a5494cdad92d9,510,483,552,1307,1313,360,195,277,336,1192,1181,1373,562,256,463,1170,1200,981,305,488,344,379,1065,967,363,265,200,1163,927,394,0,122,111,1078,1349,1674,0,94,0,1197,1231,578,153,118,0,951,893,1207,238,270,277,889,314,790,304,380,313,591,681,556,124,434,359,449,717,487,0,0,16,556,548,644
48cf69c5881e9aa87e82db5bc4002289,0,0,0,26,0,13,0,0,0,0,0,0,0,0,0,0,0,0,95,0,0,0,0,0,0,0,0,0,0,0,192,259,229,0,0,0,0,334,318,0,24,21,324,243,89,0,95,0,195,0,264,0,0,40,0,0,0,0,0,53,0,0,0,0,0,0,213,204,0,0,0,0
0f945501d53b77fed2fd541e64671404,50,36,52,21,18,0,24,53,45,0,0,20,52,22,35,12,21,8,42,67,43,9,12,17,53,51,47,15,25,11,46,41,40,14,21,31,22,61,50,22,17,12,74,62,27,0,23,28,60,93,70,22,19,37,69,57,71,0,22,0,0,27,36,27,24,19,62,78,0,14,19,0
13cf8dc9987ad0954285ca8b14fdc409,3579,2884,2441,1462,1220,417,1860,2526,3237,1591,1828,2054,1763,538,855,1375,1286,1096,1012,1340,902,421,1232,1014,1951,1479,1058,1248,988,444,387,546,410,1141,1448,1682,167,492,460,1284,1218,646,623,463,139,888,905,1175,556,712,630,1079,301,866,508,670,655,433,467,400,52,724,456,425,585,456,417,511,36,270,394,393
85be7a34c9febd470fb14db47afdd10a,0,41,28,0,0,0,44,0,0,0,0,0,55,0,38,0,0,0,66,0,53,0,0,0,73,0,58,27,0,0,37,60,49,0,17,0,42,0,65,17,0,0,79,87,36,15,14,0,63,71,49,0,17,28,0,15,0,0,0,0,0,13,0,0,0,0,11,0,0,0,14,0
e5230dd434cf2e99d657fe27557f7e3f,0,0,0,0,0,0,0,0,0,0,0,0,0,0,0,0,0,0,0,0,0,0,0,0,0,0,0,0,0,0,34,45,65,0,0,0,25,91,65,0,0,0,65,41,0,0,0,0,0,0,45,0,0,0,0,0,0,0,0,0,0,0,0,0,0,0,30,27,0,0,0,0
3285395ee56223b04c6c7257c74c7d70,0,0,0,146,0,0,0,0,0,151,0,139,0,0,0,0,113,0,0,0,0,0,0,0,0,0,0,0,0,0,0,0,0,0,0,148,0,0,0,0,0,0,0,0,0,0,0,150,0,0,0,0,0,0,0,0,0,0,160,128,0,0,0,0,238,0,0,0,0,0,141,172
7e9e6f426a682aca20e43a3f7ba7ac8a,11,0,0,0,0,0,4,19,27,0,0,0,32,3,0,0,0,0,0,27,10,0,0,0,20,35,20,0,0,0,17,32,0,0,0,0,13,34,32,0,0,0,38,24,10,0,0,0,17,15,24,0,0,0,8,0,0,0,0,0,0,0,0,0,0,0,0,0,0,0,0,0
818059250051cbeed907f89c3bbb69e7,11,10,5,0,0,0,8,14,0,0,0,0,10,4,6,0,0,0,0,6,12,0,0,0,0,2,4,6,0,0,0,0,0,0,0,15,0,3,0,0,0,0,0,0,3,15,8,25,10,0,0,11,0,8,5,8,6,19,8,5,0,6,4,0,15,0,0,0,0,13,22,14
dc422528cd5b179341812c31d08e4427,0,0,0,0,0,0,0,0,0,0,0,0,0,0,0,0,0,0,48,40,0,0,0,0,40,0,31,0,0,0,74,70,71,0,0,0,0,89,118,0,0,0,93,98,0,0,0,12,67,48,64,0,0,0,18,0,0,0,0,0,0,0,0,0,0,0,50,59,0,0,48,0
bfaf7ce34b2b534fdcddf06f903c7ece,546,451,452,1174,1065,417,228,402,444,1004,1047,1293,544,256,385,769,730,709,320,395,292,267,672,794,308,370,272,723,820,300,163,195,152,686,1036,1132,0,196,186,839,906,393,236,185,0,577,671,925,334,340,328,768,213,685,324,376,386,579,747,545,0,421,400,556,842,529,234,255,0,609,561,696
c2ea8bbb5019fc24f8e0c0dd24c37848,437,303,301,88,76,0,327,461,554,67,82,67,431,116,223,62,0,62,392,456,401,0,72,61,493,404,470,115,100,0,430,394,319,68,118,116,175,476,366,80,85,41,428,377,211,125,98,153,435,399,365,205,61,126,350,449,364,126,155,132,0,232,168,87,155,101,391,433,45,89,103,111
5acf2f8e78a4299e0bf451f4709cfc92,16,0,0,0,0,0,23,35,35,0,0,0,36,0,17,0,0,0,49,60,51,0,0,0,47,49,40,0,0,0,148,172,147,0,0,0,48,265,171,0,0,0,225,170,50,0,0,0,61,46,125,0,0,11,52,58,43,0,0,0,0,0,16,0,0,0,125,114,14,0,0,0
ee9f5e9866cd9757783d0afb55c66f26,0,0,0,0,0,0,0,0,0,0,0,0,0,0,0,0,1,0,3,1,0,0,4,0,2,2,1,2,2,2,0,0,0,0,44,0,0,0,0,1,2,37,0,28,0,20,0,0,0,2,0,2,0,30,0,0,0,0,0,42,0,33,0,0,22,0,0,41,0,39,31,16
affb495e8da4aacd8bf0659b496b8043,0,0,19,0,0,0,0,0,0,0,0,0,0,0,0,0,0,0,27,58,0,0,0,0,0,20,0,0,0,0,72,67,66,0,0,0,59,69,91,0,0,0,89,94,27,0,0,0,52,64,55,0,0,0,0,32,44,0,0,0,0,0,0,0,0,0,58,47,0,0,0,0
156fb0655d040303eefc84365dbfa96e,12,8,21,66,110,16,0,0,0,0,0,0,15,0,0,177,128,82,9,7,9,40,138,115,0,0,0,2,0,0,0,0,0,121,117,112,0,0,0,107,86,39,0,0,0,23,26,12,0,0,0,11,0,0,0,0,0,0,0,0,0,0,0,0,0,0,0,0,0,0,0,0
da51b7d34ed3fe58872ebae034872868,48,36,29,0,0,0,74,111,122,0,0,0,77,16,57,0,0,0,88,151,94,0,0,0,201,156,119,0,0,0,237,226,199,0,0,0,128,434,354,0,0,0,361,249,74,25,39,26,197,194,227,43,23,22,101,83,83,19,0,16,0,46,36,16,0,13,191,180,27,19,12,17
e011ebe13c11defd91556399c28d684a,0,0,0,0,0,0,0,0,0,0,0,28,0,0,0,21,0,0,0,0,0,0,0,0,0,0,0,32,22,0,0,0,0,0,0,28,0,0,0,0,0,0,0,0,0,0,0,50,0,27,0,27,0,25,0,0,15,0,34,0,0,0,0,0,40,26,28,0,0,17,23,27
4a44135aa2beaf9e8d83ba5921e0034a,0,0,0,0,0,0,46,49,66,0,0,0,34,0,15,0,0,0,64,59,39,0,0,0,59,59,37,0,0,0,95,108,100,0,0,0,51,149,133,0,0,0,125,98,31,0,0,0,58,106,99,13,0,0,25,23,28,5,0,9,0,22,0,0,0,0,68,96,0,10,0,10
27b97f6a8f3b1bb40fb41fcaf8416a13,35,16,0,5,0,0,26,47,67,0,0,0,31,0,0,0,0,3,41,63,35,0,0,0,48,49,35,0,0,0,52,70,72,0,10,0,23,105,81,0,0,0,113,66,26,9,0,12,61,60,82,0,10,10,0,33,35,16,15,0,0,23,21,23,20,23,88,93,0,0,10,6
9c933e37ca6adf559ade259abd560f31,73,62,50,36,27,0,68,100,117,37,19,23,73,25,37,23,26,20,109,84,72,0,28,0,132,111,71,44,25,0,68,69,54,16,36,59,34,65,68,34,29,0,83,77,34,46,41,46,77,81,59,22,16,41,88,86,92,60,77,36,0,60,25,37,54,31,102,104,0,44,44,54
554bc637f00fdc934e35f4a5fa27e2b2,0,0,0,0,0,0,0,0,0,0,0,0,0,0,0,0,0,0,0,0,0,0,0,0,0,0,0,0,0,0,0,47,0,0,0,5,0,44,0,0,0,0,59,0,0,0,0,0,0,34,42,0,0,0,0,0,0,0,0,0,0,0,0,0,0,0,54,59,0,0,0,0
8dc5084fffd988e23ec3a6b93c55282a,17,31,18,53,80,18,0,0,0,41,32,24,41,30,44,259,279,197,20,19,17,59,261,171,0,0,0,32,0,0,0,0,0,83,113,121,0,0,0,96,79,50,0,0,0,53,24,44,0,0,0,0,0,0,0,0,0,0,0,0,0,0,0,0,0,0,0,0,0,0,0,0
0860980ee410a804cc822f9b78df093c,0,0,0,0,0,0,0,0,73,0,0,0,0,0,0,0,0,0,0,0,0,0,0,0,0,62,0,0,0,0,0,0,0,0,0,0,0,39,0,0,0,0,0,0,0,0,0,0,0,0,0,0,0,0,0,0,0,0,0,0,0,0,0,0,0,0,0,0,0,0,0,0
809007b5ca3028a65cd5006226d19117,0,0,0,0,0,0,0,0,7,0,0,0,0,0,0,0,0,0,0,0,0,0,0,0,0,24,0,0,0,0,0,20,0,0,0,0,22,35,20,0,0,0,22,11,11,0,0,0,23,26,23,0,0,4,0,5,0,0,0,0,0,0,0,0,0,0,21,16,0,0,0,0
0c3e721b9f065680e1a269221d132001,173,133,113,181,173,0,144,170,256,234,203,244,163,0,104,203,172,169,111,147,0,0,220,160,203,0,0,229,163,0,0,0,0,175,172,166,0,0,0,189,190,0,0,0,0,180,139,140,0,0,78,119,0,103,100,129,0,139,164,161,0,112,0,0,197,166,0,0,0,130,168,215
84d8daaecc5ed20e08397dc71bd09885,8,0,0,0,0,0,34,49,63,0,0,0,35,15,25,0,0,0,51,92,48,0,0,0,72,71,59,0,0,0,197,178,187,0,0,0,69,286,295,0,0,0,272,167,66,8,0,0,78,47,106,14,0,8,21,26,58,0,0,0,0,16,0,0,8,0,165,158,15,0,0,0
8117665f177570b0010cdbd93c384474,0,0,0,0,0,0,0,0,0,0,0,0,0,0,0,0,0,0,0,0,6,0,0,0,15,0,0,0,0,0,0,19,20,0,0,0,0,20,25,0,0,0,21,13,0,0,0,0,0,11,12,0,0,0,0,0,0,0,0,0,0,0,0,0,0,0,6,11,0,0,0,0
49bd5d4f47f23e4b1167ba7b488daaa4,0,11,18,0,0,0,87,98,98,0,0,0,71,18,0,0,0,0,60,67,34,0,0,0,124,120,74,0,0,0,93,74,90,0,0,0,67,111,125,0,0,0,105,75,39,0,0,0,53,96,55,10,0,0,24,38,0,0,0,0,0,10,0,0,0,0,0,20,0,0,0,8
dcb95cab0efd9fb4d1303d198f051eff,0,0,0,56,69,0,0,0,0,46,0,0,48,0,0,0,0,0,47,47,0,0,0,0,0,48,0,58,0,0,0,0,0,0,70,0,0,0,0,66,85,0,79,0,0,46,0,82,66,63,87,0,0,0,71,84,82,0,56,57,0,79,0,0,74,0,86,62,0,0,0,52
766db580530b2882bc6f72ac724288f3,229,275,196,52,60,0,120,110,167,143,135,108,169,37,81,72,56,52,80,116,78,32,66,65,89,75,96,113,60,22,61,0,0,72,67,97,0,0,0,81,86,22,78,0,0,96,92,101,82,0,95,97,0,0,0,0,0,0,0,0,0,0,0,0,0,0,45,0,0,0,0,89
446b29491f96319362f588ab775a2801,54,71,0,40,30,0,84,84,75,0,0,28,77,29,96,0,22,32,102,144,91,0,18,9,83,125,116,27,34,8,201,224,153,21,36,29,60,173,231,0,36,0,319,225,57,60,42,86,234,198,270,91,38,93,157,213,238,42,51,0,17,86,75,54,80,70,293,269,0,18,36,41
aa92e68d8a5d725cd0674041624317b5,21,14,0,0,0,0,24,20,36,0,0,0,0,0,0,0,0,0,9,14,0,0,0,0,18,0,22,0,0,0,0,11,19,0,0,0,0,15,6,0,0,0,20,0,0,0,0,0,10,0,13,6,0,0,0,7,0,0,0,0,0,0,0,0,0,0,0,14,0,0,0,0
df18b4984b5853a78dfda2d1b3fd0c09,3325,2452,2215,2157,2077,659,1595,2216,2615,1823,1929,2271,2058,750,1202,1685,1569,1185,1322,1791,1230,621,1446,1265,2262,1585,1583,2231,1971,710,499,452,449,1444,1734,2275,175,463,383,1751,1799,856,703,521,211,1325,1537,1986,832,956,1046,1793,648,1492,1039,1405,1363,1498,1736,1429,119,1439,1010,1334,1843,1333,536,594,66,1203,1472,1556
f175abe2e87953bbaa7d5576190f6358,0,4,0,0,0,0,31,23,30,0,0,0,16,0,0,0,0,0,18,25,0,0,0,0,0,21,35,0,0,0,29,40,15,0,0,0,25,62,44,0,0,0,18,40,0,0,0,0,0,20,29,0,0,0,23,0,16,0,0,0,0,0,0,0,0,0,39,0,0,0,0,0
31636983d3641abc11606592243ed4a7,0,0,0,17,15,9,0,0,0,0,0,0,15,0,0,29,24,24,25,9,0,17,29,20,0,0,0,0,0,0,0,0,0,26,0,20,0,0,0,25,20,0,0,0,0,12,0,0,0,0,0,0,0,0,0,0,0,0,0,0,0,0,0,0,0,0,0,0,0,0,0,0
f45409d5bed349192a0799f49baeea8c,90,45,33,23,30,11,47,69,66,24,16,17,73,24,40,0,14,0,76,94,68,0,10,19,79,98,73,22,28,11,73,64,63,19,25,33,16,80,71,21,18,13,136,76,24,28,35,51,107,105,170,81,29,57,114,130,147,44,44,40,0,71,80,50,80,45,118,110,7,45,41,41
daac8c17c0fda7281a2c644e318f8161,59,33,32,0,0,0,50,86,97,0,0,0,29,0,17,0,0,0,36,61,23,0,0,0,92,68,53,0,0,0,35,15,22,0,0,0,13,23,27,0,0,0,55,38,0,0,0,0,33,35,0,0,0,0,39,39,33,0,0,0,0,0,0,0,9,0,28,43,0,0,0,0
7154ed0ae1f54f79ab06ffb94857f58b,0,0,0,0,0,0,0,9,16,0,0,0,0,0,0,0,0,0,0,0,0,0,0,0,0,11,20,0,0,0,28,20,31,0,0,0,0,0,26,0,0,0,43,0,0,0,0,0,18,28,25,0,0,0,0,0,0,0,0,0,0,0,0,0,0,0,29,39,0,0,0,0
d62407ba70d70dce1f2d8bdbbb325597,45,59,55,84,87,36,0,39,74,102,60,52,70,0,57,70,125,55,88,117,54,36,104,64,129,42,48,158,101,0,54,45,43,55,78,86,0,26,32,81,67,46,52,45,0,65,59,71,31,0,46,46,27,60,63,82,48,103,60,89,0,82,35,27,80,65,59,72,0,92,96,98
72f52778cfe172e1d4fa7c72228adc48,286,225,220,56,55,23,230,273,426,39,35,47,380,95,294,53,26,26,684,924,599,9,52,51,661,683,399,124,115,41,725,675,622,54,73,100,282,768,601,87,86,30,1041,730,190,166,159,217,857,976,963,292,100,222,854,919,906,191,170,204,36,508,346,176,204,162,1062,1335,91,106,150,170
8c39887fa534c1f51786071b9ead359a,327,197,191,0,0,0,902,1431,1301,0,0,0,415,0,215,0,0,0,211,216,138,0,0,0,495,525,404,0,0,0,0,0,0,0,0,0,0,0,0,0,0,0,0,0,0,0,0,0,0,0,0,0,0,0,0,0,0,0,0,0,0,0,0,0,0,0,0,0,0,0,0,0
6756b3d5e69fa2a21c5ce65a3b55ea94,0,0,0,0,0,0,13,0,0,0,0,0,0,18,26,0,0,0,44,0,29,0,32,0,33,0,0,49,37,21,0,0,0,0,0,43,0,0,0,33,52,26,0,0,0,35,31,41,0,0,0,0,0,17,0,0,0,0,0,0,0,0,0,0,0,0,0,0,0,0,0,0
7b6afa274ff2b7a9a8716911a402a4bf,0,0,0,0,0,0,0,0,155,0,0,0,0,0,0,0,0,0,66,67,0,0,0,0,0,0,97,0,0,0,72,101,0,0,0,65,0,59,0,0,0,59,97,0,0,0,0,0,134,0,0,0,0,0,65,0,0,0,86,73,0,0,77,97,195,104,167,98,15,100,128,115
66f6813129cfb46bbb74aa607f471c12,0,19,24,52,22,10,34,29,32,27,0,21,26,11,19,15,19,19,13,27,11,0,17,16,20,25,15,27,20,7,23,0,19,15,24,18,0,24,28,0,25,0,42,26,0,15,24,16,23,11,28,29,0,0,20,24,28,24,20,0,0,18,10,11,39,20,26,28,0,19,16,14
c9d3ccd27e2e68469af2ae80765e9304,0,0,0,0,0,0,0,0,19,0,0,0,6,0,0,0,0,0,0,15,0,0,0,0,0,0,11,0,0,0,19,8,26,0,0,0,0,18,25,0,0,0,32,18,0,0,0,0,0,0,0,0,0,0,0,9,0,0,0,0,0,0,0,0,0,0,46,0,0,0,0,0
630c5e99988cf5f66b69179104c23de7,0,0,0,0,0,0,0,0,0,0,0,0,0,0,0,0,0,0,0,0,0,0,0,0,0,0,0,0,0,0,0,0,0,0,0,0,0,0,0,0,0,0,0,0,0,0,0,0,0,0,29,0,0,0,26,0,0,54,74,37,0,0,0,0,69,53,0,0,0,46,53,89
8a893d62241185dc8723dc12e1107941,9,0,0,0,0,0,0,9,0,0,0,0,0,0,0,0,0,0,5,12,0,0,0,0,0,0,0,0,0,0,0,0,18,0,0,0,8,25,17,0,0,0,12,0,7,0,0,0,13,8,17,0,4,0,0,0,11,0,0,0,0,0,0,0,0,0,0,15,0,0,0,0
006dce6a94c89ab56d01f209fb5f3921,0,0,0,0,3,0,18,0,40,0,0,0,40,0,0,0,0,0,42,63,0,0,0,0,48,61,0,0,0,0,116,0,98,0,0,0,38,188,196,0,0,0,148,127,43,0,14,0,71,73,85,15,0,0,0,0,38,17,0,0,0,0,0,0,0,0,71,70,0,7,0,0
4b4cfb5700297bfd827566aed8a522d9,0,0,0,0,0,0,22,15,22,0,0,0,8,0,0,0,0,0,18,0,0,0,0,0,18,44,24,0,0,0,0,19,0,0,0,0,0,0,0,0,0,0,0,0,0,0,0,0,0,0,0,0,0,0,0,0,0,0,0,0,0,0,0,0,0,0,0,0,0,0,0,0
c582228ecf757433e65ccc2e5872330a,94,92,123,152,113,45,97,150,0,121,125,149,163,84,113,77,63,66,79,150,146,31,78,59,126,148,0,106,164,36,104,0,93,107,144,102,31,86,157,138,132,0,106,127,56,134,139,141,0,102,132,198,71,124,80,136,164,139,128,112,0,96,107,153,191,112,0,108,0,108,100,122
c7506b4fed4954994149755081c8b4a9,1717,1392,1365,1094,1091,340,1362,1935,2437,1173,1268,1327,1348,374,790,1156,980,836,833,1045,729,377,1113,808,1676,1225,913,1376,1013,424,213,272,198,823,943,1243,75,244,197,1116,1093,508,302,286,94,780,717,1053,457,483,439,846,288,695,433,566,539,795,840,811,58,706,532,821,1149,858,150,183,12,777,876,952
9bfccb8421582ce9d236554751d91cab,0,0,0,0,0,0,206,283,333,0,0,0,78,0,0,0,0,0,35,0,0,0,0,0,109,97,93,0,0,0,0,0,0,0,0,0,0,0,0,25,0,0,0,0,0,0,0,0,0,0,0,0,0,0,0,0,0,0,0,0,0,0,0,0,0,0,0,0,0,0,0,0
790aac2cfe29b62519644dcefdb7393f,0,0,0,0,0,0,0,0,0,0,0,0,0,0,0,0,17,0,15,16,0,0,0,0,0,0,0,0,0,0,0,0,0,0,0,0,0,0,0,0,18,0,0,0,0,0,0,15,15,0,0,0,0,0,0,0,0,39,45,31,0,18,0,32,32,26,0,0,0,41,65,59
ad12d1a6582d18922621604458449dd6,0,0,0,0,0,0,0,0,0,0,0,0,0,0,0,0,0,0,0,0,0,0,0,0,0,0,0,0,0,0,41,0,46,0,0,0,0,93,61,0,0,0,63,54,0,0,0,0,0,0,0,0,0,0,0,0,0,0,0,0,0,0,0,0,0,0,0,54,0,0,0,0
d317837df11dcddd43c88d2dafe0d150,55,25,35,0,0,0,57,72,115,0,0,0,63,24,31,0,0,0,65,81,45,0,0,0,77,79,69,12,0,0,76,96,79,0,0,0,15,107,107,0,0,0,135,96,30,0,19,0,68,77,84,24,0,19,73,79,63,0,0,18,0,29,39,0,0,0,91,111,0,0,0,0
a853b371d2f412b84fb8c95430040f6c,4,0,0,0,0,0,0,6,0,0,0,0,12,5,0,0,0,0,34,64,22,0,0,0,24,19,20,0,0,0,153,181,131,0,0,0,78,214,163,5,0,0,204,154,50,0,6,10,141,144,123,17,0,15,43,60,56,0,0,0,0,13,12,0,0,0,210,210,17,0,0,0
84ee1c61f44e6963f7d764b82cd84f59,11,18,13,18,24,8,0,0,8,15,19,21,16,0,0,26,0,13,0,0,0,0,0,24,0,0,0,17,29,0,0,0,0,21,18,15,0,0,0,32,0,0,0,0,0,29,24,14,8,0,21,16,0,22,26,25,20,58,50,31,0,0,25,34,70,63,10,0,0,48,76,70
15e85d21d242f4d1bd7ced905bb09c08,0,0,0,0,0,0,0,0,36,0,0,0,0,0,0,0,0,0,26,0,0,0,0,0,33,21,0,0,0,0,0,0,0,0,0,0,17,0,28,0,0,0,0,0,0,0,0,0,0,0,21,0,0,0,0,0,0,0,0,0,0,0,0,0,0,0,0,0,0,0,0,0
d8f8c9d580e33a46fb22c416e0dbdfc2,0,0,0,0,0,0,0,30,0,0,0,0,45,0,0,0,0,0,0,42,0,0,0,0,0,0,0,0,0,0,45,36,46,0,0,0,14,41,69,0,0,0,57,50,0,0,0,0,41,41,55,0,0,0,24,44,38,0,0,0,0,0,0,0,0,0,57,57,0,0,0,0
75ca39e64667c291d5533019f82e8f39,54,57,72,103,75,28,57,98,119,88,111,115,98,35,69,87,81,84,78,96,51,27,138,70,67,86,62,85,74,36,0,24,26,85,98,100,0,12,30,85,95,36,32,23,0,52,48,71,45,30,55,109,24,37,69,73,80,80,67,75,6,91,74,60,75,48,27,30,0,50,50,75
407cc413cc5e07648d0f54d65bb280a7,0,0,0,0,0,0,0,0,0,0,0,0,0,0,0,0,0,0,0,0,0,0,0,0,0,0,0,0,0,0,74,68,65,0,0,0,0,124,43,0,0,0,118,85,40,0,0,0,73,0,72,0,0,0,26,31,47,0,0,0,0,0,0,0,0,0,87,0,0,0,0,0
e418cdbdb30406272bbb764ddab86949,2529,2256,2523,4182,3108,1227,1208,1528,1902,4043,3870,4294,2345,932,1493,2835,3271,2857,1815,2159,1206,1027,3039,2247,1713,986,990,3196,2309,1119,765,715,732,2813,3705,4316,196,350,718,3256,3395,1615,1157,864,227,3292,2801,3842,1144,1166,1537,2945,855,2596,1955,2182,2253,3305,3997,3289,231,3077,1703,2531,4177,3207,1253,1197,102,3735,4111,3963
ae4adc2acc25ddce375f80977549362b,435,362,389,596,521,197,286,406,576,558,669,588,551,178,317,541,565,395,487,570,460,184,554,445,531,475,333,792,633,240,330,424,368,574,724,836,148,392,285,667,614,324,434,392,132,607,590,793,514,589,624,672,224,496,545,707,751,1154,1218,1071,71,838,564,994,1387,1133,636,662,62,1180,1248,1382
d85bbe95a772fd235d3ee51d4ce613fb,773,691,571,1498,1440,538,335,596,524,1211,1303,1434,832,348,554,1303,1113,965,560,664,496,482,1029,886,661,623,438,1654,1336,512,179,185,170,1086,1366,1509,55,167,212,1246,1390,605,244,167,81,1073,1008,1484,452,549,504,1280,493,1028,599,727,700,899,1052,879,81,810,579,980,1125,877,173,182,0,710,773,935
97b29f4da498169bcd81c9f3b1f41498,95,75,107,230,278,145,154,120,151,329,370,408,235,98,184,277,239,246,236,368,158,185,292,242,263,208,148,395,279,123,89,123,98,301,309,323,0,77,92,364,313,189,171,115,112,259,272,325,211,271,240,382,0,294,459,533,496,655,791,690,88,555,407,733,873,631,254,276,0,582,769,889
e67d18cd323a8818d4bc835e1c1490dd,328,302,336,243,257,89,314,421,405,218,217,277,289,92,184,145,123,135,287,249,248,44,171,167,308,350,281,220,212,98,304,345,274,175,197,200,98,341,315,222,226,113,369,289,72,193,203,255,216,213,329,222,80,178,240,249,241,162,210,218,20,177,206,165,285,163,322,375,34,203,164,206
97ae0ab3bf8533c60691bff3d2f29b25,133,67,89,76,82,28,121,97,169,96,98,113,151,61,133,65,64,56,202,241,205,0,83,74,181,160,94,167,120,37,123,90,88,64,124,109,34,112,88,118,101,46,128,114,40,97,109,111,195,185,207,136,50,119,256,353,380,671,752,695,24,372,290,502,885,591,243,216,14,703,916,947
90b7ae19ca6dc82fbe39085531340aed,0,0,0,0,19,0,26,51,89,0,0,0,65,0,26,0,0,0,49,46,39,0,0,0,91,73,55,0,0,0,24,0,45,0,0,0,0,78,56,0,0,0,62,43,49,11,0,0,39,46,46,0,0,0,0,0,0,0,0,0,0,11,0,0,0,0,0,0,0,0,0,0
4e998050a17fa65d6997170d2770eecc,0,0,0,70,0,0,0,43,0,39,53,57,0,0,0,0,0,0,43,0,0,0,0,0,0,0,0,37,0,0,0,35,0,0,0,43,0,0,0,0,0,0,0,0,0,0,0,0,0,0,60,47,0,0,43,45,51,38,66,60,0,0,0,0,61,0,41,27,0,61,60,50
2c0d1ef5330ae49c61192109894bf5c2,0,0,0,0,0,0,0,0,0,0,0,0,0,0,0,0,0,0,13,21,0,0,0,0,0,0,0,0,0,0,0,19,0,0,0,0,12,22,24,0,0,0,38,33,18,0,0,0,26,18,22,0,0,0,0,0,0,0,0,0,0,0,0,0,0,0,0,0,0,0,0,0
d4c02b17386b0ae1e1bb5b5c275d0ffb,392,394,435,381,367,127,235,270,419,456,371,368,356,147,308,404,667,261,328,413,292,180,450,264,550,261,240,628,547,144,102,105,71,269,293,367,39,96,99,351,293,187,143,118,39,281,221,261,110,102,165,199,76,193,161,224,168,211,213,203,36,272,124,94,264,256,175,206,26,280,310,288
ec4d86d46c6ae95bef2c04ee923ffc63,103,122,103,80,60,0,77,95,124,97,53,73,91,38,66,83,144,51,98,89,73,36,98,62,156,82,67,147,94,38,0,40,0,46,0,63,0,0,0,83,66,0,0,0,0,0,53,47,0,28,0,43,0,0,0,44,0,0,51,0,0,0,42,25,0,38,0,0,0,0,0,0
8c06fbae950bb21c14f740f888d18925,442,374,338,234,250,72,403,556,615,228,266,274,414,136,280,261,260,197,342,445,349,81,317,200,715,430,321,343,279,157,154,126,110,245,280,296,51,117,96,357,363,133,175,150,39,245,196,251,176,148,221,234,97,199,232,265,250,316,340,267,0,244,199,226,281,254,126,159,0,228,291,283
2b56b55103d049938985213a0b0a38e9,21,19,14,21,24,0,19,18,36,19,0,21,54,9,25,12,16,19,44,53,31,4,23,14,34,20,38,18,36,0,36,33,15,32,30,39,0,11,27,32,27,12,50,44,0,15,39,45,45,50,83,58,14,41,71,74,80,59,70,58,0,65,58,65,73,48,57,46,0,42,67,46
50305ed2bff77b411805f019c49f7d77,0,0,0,0,0,0,0,0,0,0,0,0,0,0,0,0,0,0,0,0,0,0,0,0,0,0,0,0,0,0,0,0,0,0,0,0,0,0,0,0,0,0,0,0,0,0,0,0,0,0,0,0,0,0,0,0,0,0,129,0,0,0,0,0,128,0,0,0,0,0,126,131
1d9cd4e962c617754b4067e7fd46aff1,91,102,110,306,291,93,43,64,71,197,213,232,127,51,122,268,215,159,71,109,73,95,203,197,62,64,43,226,182,70,50,22,24,268,264,374,0,29,19,251,243,104,39,35,0,221,185,235,65,41,69,219,77,178,73,100,101,110,135,92,13,130,73,99,177,135,0,17,0,104,103,101
d46eac6ac5fa371d2b57ccbd39305645,19,19,7,0,0,0,17,35,48,6,0,0,30,12,19,0,0,0,44,48,29,0,0,0,57,56,38,0,0,0,48,78,43,12,7,8,29,106,83,0,0,0,90,89,16,10,0,24,66,61,75,0,7,17,35,48,42,12,0,8,0,25,12,0,14,18,74,85,0,0,0,0
159852bd58c5d0cbede6588f48347b0a,42,18,60,24,39,7,43,43,52,0,22,0,46,9,58,23,0,22,41,67,43,0,31,17,96,53,33,0,21,0,33,24,22,24,33,30,0,36,0,22,25,33,74,57,0,43,29,18,37,31,46,25,14,33,0,18,0,0,0,0,0,0,6,0,0,0,0,0,0,0,0,0
0a7d529cb726ed8572d38709ccd3e9fc,0,0,0,0,0,0,0,0,0,0,0,0,0,0,0,0,0,0,0,90,0,0,0,0,0,0,0,0,0,0,52,0,0,0,0,0,0,0,0,0,0,0,126,114,0,9,0,0,0,0,0,0,0,0,0,0,0,0,0,0,0,0,0,0,0,0,0,0,0,0,0,0
47f34a7221d93d20c532ab45255ada10,13,23,32,17,21,0,24,37,35,21,28,0,1,12,18,0,20,0,0,0,21,0,19,15,28,0,32,0,17,0,0,0,0,22,12,19,0,0,0,0,15,8,32,0,0,18,14,18,18,0,1,0,9,20,0,0,1,0,1,0,9,0,0,0,0,0,12,0,0,0,20,0
4cba5f3aee9296f88adf2fd937288a9f,0,0,0,0,0,0,0,11,0,0,0,0,0,0,0,0,0,0,0,29,0,0,0,0,24,26,37,0,0,0,0,12,0,0,0,0,0,37,23,0,0,0,0,0,0,0,0,0,0,0,0,0,0,0,0,0,8,0,0,0,0,0,0,0,0,0,0,0,0,0,0,0
febad11b28eb80d3ed7584ad30effe26,640,468,424,827,796,281,264,293,446,824,825,937,409,141,344,836,667,619,242,306,201,245,648,505,305,280,172,795,748,254,68,95,93,623,804,1013,0,75,50,689,741,319,82,83,0,580,498,799,211,194,206,631,231,548,227,293,304,276,375,284,0,381,240,261,435,316,57,0,0,247,331,328
e7a9d5f4b3f41e6cbac0410369b8bf7c,0,0,0,0,0,0,0,0,0,0,0,0,0,0,0,0,0,0,0,19,0,0,0,0,0,9,0,0,0,0,29,36,16,0,0,0,12,32,28,0,0,0,25,40,0,0,0,0,15,25,14,0,0,0,0,0,0,0,0,0,0,0,0,0,0,0,38,42,0,0,0,0
66fb81f18c219237de78481c692be661,0,0,0,0,0,0,0,0,0,177,261,389,0,0,0,86,49,66,0,0,0,0,37,29,0,0,0,0,0,0,0,0,0,0,0,0,0,0,0,0,0,0,0,0,0,0,0,0,0,0,0,0,0,0,0,0,0,0,0,0,0,0,0,0,0,0,0,0,0,0,0,0
15aa936162195e7b5111cc54ff776c78,54,26,0,12,0,0,39,59,26,15,10,0,0,0,21,0,8,0,49,35,45,0,0,0,40,44,50,0,0,0,52,49,28,8,13,21,40,30,0,0,0,7,49,63,19,20,0,24,30,0,35,21,0,26,31,48,34,0,28,26,0,23,29,19,24,17,35,29,0,28,30,38
f94eb0e837bb9a8632cb71a71f9875c3,139,119,123,211,131,66,92,137,136,194,178,182,134,54,84,125,174,140,111,151,58,73,139,98,127,58,65,180,113,59,64,57,100,140,138,206,19,45,94,158,183,91,108,70,0,150,138,186,87,89,116,167,43,144,121,119,123,181,193,151,0,191,87,136,236,129,116,108,0,184,159,159
7d6d57b2cdf4f8f2616f33f7f8d7e6c2,51,46,47,104,94,39,68,68,96,62,60,91,89,25,60,48,38,45,91,78,70,38,64,49,59,79,61,83,94,30,84,79,70,102,120,76,28,77,74,80,56,58,110,65,29,75,92,100,53,61,111,107,21,80,129,82,93,90,139,104,0,89,61,109,138,80,92,117,0,86,140,117
e1b438389b35bcb6fb3f3a31c1da94f7,0,0,0,39,55,0,0,0,0,54,43,53,0,0,0,29,0,38,0,0,0,0,0,0,0,0,0,0,0,0,0,0,0,39,63,43,0,0,0,37,0,0,0,0,0,0,0,0,0,0,0,0,0,0,0,0,0,0,0,0,0,0,0,0,0,0,0,0,0,0,0,0
ce949d802c73041804257f4d04eb03c3,29,0,0,14,20,20,6,0,1,32,12,6,0,14,23,0,31,36,0,0,12,17,6,33,0,24,0,0,18,5,0,1,0,0,18,0,0,1,0,16,23,0,2,0,16,28,39,26,0,19,18,2,0,18,5,2,1,0,0,0,0,1,14,0,0,19,0,0,0,0,0,0
e0d4383a1ce12dcac55ed84d2bb9a0db,0,0,9,0,0,0,0,0,0,0,0,0,0,0,0,9,0,8,0,0,0,0,0,0,0,0,0,0,0,0,0,0,0,10,0,0,0,0,0,0,0,0,0,0,0,0,0,17,0,0,0,0,0,12,0,0,0,27,24,30,0,13,0,20,24,31,0,0,0,20,12,46
93003e68ce4843e2cbd30fa5a3f8b26c,18,16,0,0,0,0,275,397,544,0,0,0,98,0,26,0,0,0,33,36,17,0,0,0,106,124,78,0,0,0,12,0,8,0,0,0,0,13,0,0,0,0,19,13,0,0,0,0,0,0,11,0,0,0,0,0,0,0,0,0,0,0,0,0,0,0,0,0,0,0,0,0
39b9f0e942bdfdf411b3c2e3b6c8825f,0,0,0,0,0,0,0,19,0,0,0,0,0,0,0,0,0,0,0,0,0,0,0,0,0,0,0,0,0,0,0,37,0,0,0,0,0,78,47,0,0,0,49,0,0,0,0,0,41,0,0,0,0,0,0,0,0,0,0,0,0,0,0,0,0,0,0,31,0,0,0,0
076fbc68068bb8fb068a788be9a9bec2,25,23,13,7,0,0,0,0,0,0,0,0,39,5,0,0,0,0,32,49,21,0,0,0,51,63,51,0,11,0,22,18,22,0,7,9,0,41,43,8,0,8,64,51,12,0,0,0,27,39,46,0,0,16,0,0,0,0,0,0,0,0,0,0,0,0,0,0,0,0,4,0
c4f9d3e2545f5817d7a2862431469795,37,64,45,210,204,49,13,12,17,110,104,138,40,22,31,108,114,100,21,16,21,41,93,116,0,26,22,127,108,46,0,0,0,86,111,161,0,0,0,140,141,59,9,0,0,90,88,132,11,25,23,83,36,97,15,23,19,10,12,0,3,12,23,0,0,0,0,0,0,7,0,9
a732871bc56e490e20c61cfbe2679f0f,10,0,0,5,0,0,21,24,46,0,5,0,28,12,0,0,0,0,52,53,42,0,0,0,37,33,18,0,0,0,45,33,24,0,0,0,23,47,38,0,0,0,52,38,0,0,0,0,27,39,38,7,0,0,22,33,42,0,0,0,0,14,0,7,28,0,51,0,0,0,16,0
dc5cb8f7eeeb8753cfbcca6a00a85d2d,14,13,0,0,0,0,0,0,78,0,0,0,24,10,31,0,0,0,48,0,0,0,0,0,54,72,56,6,0,0,144,72,89,0,0,0,43,125,110,0,3,0,115,96,59,10,14,25,86,47,77,0,5,0,0,55,0,5,16,0,0,0,33,0,16,14,91,95,10,11,0,0
9889036465ebe86f3bc2581b59e45245,0,0,0,392,402,0,0,0,0,329,314,295,192,0,123,305,316,244,111,133,105,0,305,274,0,0,0,401,315,121,0,0,0,380,389,525,0,0,0,367,396,209,0,0,0,272,288,370,0,0,0,339,0,262,0,0,0,202,264,216,0,177,0,174,255,190,0,0,0,179,207,203
be5f248a90f46ea13f8da99be1d38231,0,0,0,17,0,0,0,0,0,12,0,0,0,0,13,0,15,0,14,0,6,0,9,0,0,0,0,18,0,0,0,0,0,11,12,19,0,0,0,0,19,7,0,0,0,30,10,11,0,0,15,16,0,0,17,11,0,41,34,39,0,23,24,8,30,34,0,9,0,36,34,37