ASV,kingdom,phylum,class,order,family,genus,species
19242ac5ab65ad82fbaa7c55ab7fb44b,Bacteria,Proteobacteria,Gammaproteobacteria,Steroidobacterales,Woeseiaceae,Woeseia,uncultured_marine
4ccf5b67cc70d774941424b8bef23b79,Bacteria,Actinobacteriota,Acidimicrobiia,Microtrichales,Microtrichaceae,Sva0996_marine_group,
606e4e45cc9fc840f19af5e905603c38,Bacteria,Bacteroidota,Bacteroidia,Flavobacteriales,Flavobacteriaceae,NS4_marine_group,unidentified_marine
315dcfc446e5942c4480be233e1261fe,Bacteria,Bacteroidota,Bacteroidia,Flavobacteriales,Crocinitomicaceae,Fluviicola,uncultured_Flavobacteriia
9c1db092aa1dbf7fe433cbf9e9866e69,Bacteria,Proteobacteria,Gammaproteobacteria,,,,
96f4767c0881e58188b0f0a036002867,Bacteria,Proteobacteria,Alphaproteobacteria,Rhodobacterales,Rhodobacteraceae,,
637778b2b154e93147021d1c520a3fc4,Bacteria,Proteobacteria,Alphaproteobacteria,Puniceispirillales,SAR116_clade,SAR116_clade,uncultured_alpha
87000a3bd25aa918fea9477ceb6bcca7,Bacteria,Bacteroidota,Bacteroidia,Flavobacteriales,NS9_marine_group,NS9_marine_group,
d26d79c8f42fdb92feec83c9ed4076f2,Bacteria,Campylobacterota,Campylobacteria,Campylobacterales,Sulfurimonadaceae,Sulfurimonas,
98c65e2d82c79d5a888b0a2650f4ff82,Bacteria,Proteobacteria,Gammaproteobacteria,Pseudomonadales,Pseudohongiellaceae,Pseudohongiella,
c50d27d5fda90c8606a97217b3f9ec3e,Bacteria,Bacteroidota,Bacteroidia,Flavobacteriales,Flavobacteriaceae,NS4_marine_group,uncultured_Flavobacteriaceae
2bb3d44b2219d1b7c96278ce209ad89a,Bacteria,Verrucomicrobiota,Verrucomicrobiae,Verrucomicrobiales,Rubritaleaceae,Persicirhabdus,uncultured_bacterium
75233cab73071a5709e668a3f62d14e2,Bacteria,Proteobacteria,Alphaproteobacteria,Rhodobacterales,Rhodobacteraceae,Ascidiaceihabitans,uncultured_bacterium
126036f0a6c3ffc599d288d7e38ce6d5,Bacteria,Nitrospinota,Nitrospinia,Nitrospinales,Nitrospinaceae,LS-NOB,
7d5e5b4841ba3987d01b10d3539a79c0,Bacteria,Proteobacteria,Alphaproteobacteria,Kordiimonadales,uncultured,uncultured,uncultured_bacterium
a33258430636a5efdc52901b425a6f88,Bacteria,Actinobacteriota,Actinobacteria,Frankiales,Sporichthyaceae,hgcI_clade,bacterium_enrichment
389d43f34c70c0651c2e18d397d70dd2,Bacteria,Bacteroidota,Bacteroidia,Bacteroidales,Prolixibacteraceae,uncultured,uncultured_Bacteroidetes
7e0bdd66a5138248c38dd34b8c243aec,Bacteria,Bdellovibrionota,Bdellovibrionia,Bdellovibrionales,Bdellovibrionaceae,OM27_clade,uncultured_delta
7eeeb07402eebcacbb5caff051574634,Bacteria,Proteobacteria,Gammaproteobacteria,Pseudomonadales,Thioglobaceae,SUP05_cluster,
b2ac2bcba94ec50cbcf5d4d4312353d3,Bacteria,Proteobacteria,Alphaproteobacteria,SAR11_clade,Clade_I,Clade_Ia,
05c48e63fbae26ef61b6aad097ef8a40,Bacteria,Bacteroidota,Bacteroidia,Chitinophagales,uncultured,uncultured,uncultured_Bacteroidetes/Chlorobi
57bab37506c3ed9c8a3f07d4dbe66f02,Bacteria,Marinimicrobia_(SAR406_clade),Marinimicrobia_(SAR406_clade),Marinimicrobia_(SAR406_clade),Marinimicrobia_(SAR406_clade),Marinimicrobia_(SAR406_clade),unidentified_marine
e27ceff664d4502f601832f1c545bf00,Bacteria,Bacteroidota,Bacteroidia,Flavobacteriales,Flavobacteriaceae,NS5_marine_group,uncultured_Flavobacteriia
e9a9265d25c255bd00de8858b3c53e26,Bacteria,Bacteroidota,Bacteroidia,Bacteroidales,Marinifilaceae,uncultured,
060727d5f9e4aa5e600863ce454d24b5,Bacteria,Bacteroidota,Bacteroidia,Flavobacteriales,Cryomorphaceae,uncultured,uncultured_bacterium
0ba3ad212fb7532a516d669312ce2c09,Bacteria,Bacteroidota,Bacteroidia,Flavobacteriales,Crocinitomicaceae,Fluviicola,
83106bc54d15bb463b4fdc0f221c16c0,Bacteria,Bacteroidota,Bacteroidia,Flavobacteriales,Flavobacteriaceae,NS5_marine_group,
165824057f25679553765b093ae859cb,Bacteria,Bacteroidota,Bacteroidia,Bacteroidales,Prevotellaceae,Prevotella_7,uncultured_bacterium
b095f562c5f192f69cf565adf6761630,Bacteria,Bacteroidota,Bacteroidia,Flavobacteriales,Crocinitomicaceae,Fluviicola,
5625bef1e42a533756eb4c706d16f552,Bacteria,Proteobacteria,Alphaproteobacteria,SAR11_clade,Clade_III,Clade_III,
7cbcb8903193f66ed0f4e61e4d6d812b,Bacteria,Proteobacteria,Alphaproteobacteria,Puniceispirillales,SAR116_clade,SAR116_clade,
198239b00610a9e8f6d9197a1497bed8,Bacteria,Desulfobacterota,Desulfobulbia,Desulfobulbales,Desulfocapsaceae,,
7e7389dcdacbe875b8439811f54e375b,Bacteria,Proteobacteria,Alphaproteobacteria,Puniceispirillales,uncultured,uncultured,uncultured_bacterium
03d2562412a1bf9e9750373187b011e7,Bacteria,Proteobacteria,Gammaproteobacteria,Pseudomonadales,Halieaceae,OM60(NOR5)_clade,uncultured_marine
e9eac4012ad8a2aca34f445927a062c9,Bacteria,Proteobacteria,Alphaproteobacteria,Rhodobacterales,Rhodobacteraceae,HIMB11,uncultured_Rhodobacteraceae
e69f0d54304151f119f4bcdd58012582,Bacteria,Proteobacteria,Alphaproteobacteria,Puniceispirillales,SAR116_clade,SAR116_clade,
6d04e9f4e98b247d2cff1f36a6e2fd28,Bacteria,Proteobacteria,Alphaproteobacteria,SAR11_clade,Clade_I,Clade_Ia,
f63e051e474deadd28b693ed715314e5,Bacteria,Proteobacteria,Alphaproteobacteria,Caulobacterales,Caulobacteraceae,Brevundimonas,
d4f19964d0a19756e8643560e09965bd,Bacteria,Proteobacteria,Alphaproteobacteria,SAR11_clade,Clade_II,Clade_II,
7ecd01a1866d6a6047260dbe7cbfc092,Bacteria,Bdellovibrionota,Bdellovibrionia,Bdellovibrionales,Bdellovibrionaceae,OM27_clade,uncultured_marine
048eaf69a0776e759d23f4185fe18008,Bacteria,Verrucomicrobiota,Verrucomicrobiae,Opitutales,Puniceicoccaceae,MB11C04_marine_group,
94c770faa3cb3ed8acdaa119a29f41f4,Bacteria,Proteobacteria,Gammaproteobacteria,Pseudomonadales,Thioglobaceae,SUP05_cluster,
114fc12658b84d888cc4a23b969097c4,Bacteria,Proteobacteria,Alphaproteobacteria,,,,
8605150279c178d3a937c5592683685e,Bacteria,Hydrogenedentes,Hydrogenedentia,Hydrogenedentiales,Hydrogenedensaceae,Hydrogenedensaceae,uncultured_bacterium
0feedc3d5feb2939256745d55d7d656e,Bacteria,Bacteroidota,Bacteroidia,Flavobacteriales,Cryomorphaceae,uncultured,metagenome
671cc2e87375c041309501b92828fcf4,Bacteria,Bacteroidota,Bacteroidia,Flavobacteriales,Flavobacteriaceae,NS5_marine_group,
c44fd36f237fe559db5f2d77306dd82f,Bacteria,Bacteroidota,Bacteroidia,Flavobacteriales,Flavobacteriaceae,Lutibacter,Lutibacter_sp.
36827d85338717e25afe76492bf92cfd,Bacteria,Bacteroidota,Bacteroidia,Flavobacteriales,Crocinitomicaceae,Crocinitomix,uncultured_Flavobacteriia
27c5d2515ac58e15a6a3bacff3d9697e,Bacteria,Desulfobacterota,Desulfobulbia,Desulfobulbales,Desulfocapsaceae,uncultured,
1b51c2bcf60cbc321d30329cde2495a5,Bacteria,Proteobacteria,Gammaproteobacteria,Pseudomonadales,SAR86_clade,SAR86_clade,uncultured_SAR86
2804444e2143196ba313212f5be0f424,Bacteria,Planctomycetota,OM190,OM190,OM190,OM190,unidentified_marine
2d86cb4b11f9da26e3e0bc3f7becabcf,Bacteria,Bacteroidota,Bacteroidia,Flavobacteriales,Flavobacteriaceae,Flavobacterium,
c1527b1c33fc3f6b26d32a9bb11aebd1,Bacteria,Proteobacteria,Gammaproteobacteria,Gammaproteobacteria_Incertae_Sedis,Unknown_Family,uncultured,
b54b9132f90f468ddfdd15d32e8afec9,Bacteria,Proteobacteria,Alphaproteobacteria,Defluviicoccales,uncultured,uncultured,uncultured_organism
869e325e7c08c8513ada38b85d2e9f93,Bacteria,Bacteroidota,Bacteroidia,Flavobacteriales,Flavobacteriaceae,NS5_marine_group,uncultured_Flavobacterium
338005a578d2ea9a18b711554226e776,Bacteria,Proteobacteria,Alphaproteobacteria,SAR11_clade,Clade_I,Clade_Ia,
748d41a04a8f11c52e747a5d73fdcd09,Bacteria,Bacteroidota,Bacteroidia,Flavobacteriales,NS7_marine_group,NS7_marine_group,uncultured_organism
24aa9a5d7fafaf3fb96961b0d0e009bc,Bacteria,Proteobacteria,Alphaproteobacteria,SAR11_clade,Clade_III,Clade_III,
d6c57fdfc143125e2b279007e3591c27,Bacteria,Bdellovibrionota,Bdellovibrionia,Bdellovibrionales,Bdellovibrionaceae,OM27_clade,uncultured_bacterium
4eb5c5301dc97300c160594891f7ac54,Bacteria,Bacteroidota,Bacteroidia,Flavobacteriales,NS9_marine_group,NS9_marine_group,uncultured_marine
eb71342b57268fdaed51cb3b2760753a,Bacteria,Proteobacteria,Gammaproteobacteria,Pseudomonadales,Pseudomonadaceae,Pseudomonas,
563749298b222728e9107316eb5310ef,Bacteria,Proteobacteria,Alphaproteobacteria,Puniceispirillales,uncultured,uncultured,uncultured_bacterium
7a1c6d0627683c055e3ca85dfa233058,Bacteria,Bacteroidota,Bacteroidia,Bacteroidales,Marinifilaceae,uncultured,
4721bd5e8efa498ef8f50a1124c86642,Bacteria,Bacteroidota,Bacteroidia,Flavobacteriales,Cryomorphaceae,uncultured,uncultured_Flavobacterium
391a9b39e298f58802fa6a2f50e9381b,Bacteria,Proteobacteria,Alphaproteobacteria,SAR11_clade,Clade_I,Clade_Ia,
808cc41e339a11fcb5797352b150dc6f,Bacteria,Desulfobacterota,Desulfobulbia,Desulfobulbales,Desulfocapsaceae,Desulforhopalus,uncultured_delta
c3f1a986bf73014bf0cbe7b0a18035f0,Bacteria,Cyanobacteria,Cyanobacteriia,Synechococcales,Cyanobiaceae,Synechococcus_CC9902,
3d889070b57cbc4fb1227d03c476e965,Bacteria,Proteobacteria,Alphaproteobacteria,Puniceispirillales,SAR116_clade,Candidatus_Puniceispirillum,uncultured_bacterium
a40458964d5117cf5aa814cf455ebc73,Bacteria,Proteobacteria,Alphaproteobacteria,Rhodobacterales,Rhodobacteraceae,Ascidiaceihabitans,
b68ceec7d47616dc6368a36553010a04,Bacteria,Bdellovibrionota,Bdellovibrionia,Bdellovibrionales,Bdellovibrionaceae,OM27_clade,
87c6912347e2cafbe92407a2c6695cbe,Bacteria,Bacteroidota,Bacteroidia,Flavobacteriales,Flavobacteriaceae,Lutibacter,
1deb73bc6fe3c83b5d214cb8b06b8be1,Bacteria,Verrucomicrobiota,Verrucomicrobiae,Verrucomicrobiales,DEV007,DEV007,
8c614ec3d916c11c585e22d46cc47f04,Bacteria,Proteobacteria,Gammaproteobacteria,Pseudomonadales,SAR86_clade,SAR86_clade,uncultured_SAR86
ec74ae6c4e5133e9572e7d313c7915fb,Bacteria,Bacteroidota,Bacteroidia,Flavobacteriales,NS9_marine_group,NS9_marine_group,
53c3cdf271d7b3e3a1ca51b0573042eb,Bacteria,Proteobacteria,Gammaproteobacteria,Pseudomonadales,Porticoccaceae,SAR92_clade,
80bcc0f6fef138e753e2f3a6317352a0,Bacteria,Proteobacteria,Alphaproteobacteria,SAR11_clade,Clade_II,Clade_II,
afd66c03c4e1c3b31e4d7fc15f853ffb,Bacteria,Bacteroidota,Bacteroidia,Flavobacteriales,NS9_marine_group,NS9_marine_group,
e4df72fff25f6a3dfbf577c3cc3d4f8c,Bacteria,Bacteroidota,Bacteroidia,Chitinophagales,Saprospiraceae,Aureispira,uncultured_Saprospiraceae
b1fdff36e1f96f3a7e656366b2643676,Bacteria,Proteobacteria,Alphaproteobacteria,Puniceispirillales,SAR116_clade,SAR116_clade,uncultured_Rhodospirillales
52f10b8269a8d989fc79457562ee81c9,Bacteria,Desulfobacterota,Desulfuromonadia,Bradymonadales,Bradymonadales,Bradymonadales,uncultured_delta
4423e8ddc5842d1ba2828fb8a8202a81,Bacteria,Desulfobacterota,Desulfobulbia,Desulfobulbales,Desulfocapsaceae,uncultured,uncultured_Desulfobulbaceae
da389595fdf602faccbf3b18884b09c9,Bacteria,Proteobacteria,Alphaproteobacteria,Rhodospirillales,Magnetospiraceae,uncultured,
66a628e73d74c5077899e1f3a6f43006,Bacteria,Proteobacteria,Alphaproteobacteria,Rickettsiales,Rickettsiaceae,uncultured,uncultured_bacterium
570555a07e2e7674026bcf5a07b90c02,Bacteria,Bacteroidota,Bacteroidia,Flavobacteriales,Flavobacteriaceae,Polaribacter,Polaribacter_gangjinensis
4e2a033fab13116973bcd2a3fd95233c,Bacteria,Proteobacteria,Alphaproteobacteria,Rhizobiales,Xanthobacteraceae,Bradyrhizobium,
795f48099bccc7ed8ba75c68e86aef57,Bacteria,Campylobacterota,Campylobacteria,Campylobacterales,Sulfurimonadaceae,Sulfurimonas,
ec7c2c9d0d115338bc59b99c988d5d03,Bacteria,Firmicutes,Bacilli,Mycoplasmatales,Mycoplasmataceae,uncultured,uncultured_bacterium
3c690ebe994bd482f7db0d346a9b56ac,Bacteria,SAR324_clade(Marine_group_B),SAR324_clade(Marine_group_B),SAR324_clade(Marine_group_B),SAR324_clade(Marine_group_B),SAR324_clade(Marine_group_B),uncultured_bacterium
a3ecc62fbbdfcc335ef9c1c9761017b5,Bacteria,Proteobacteria,Gammaproteobacteria,Pseudomonadales,Halieaceae,Luminiphilus,
27f0fe433ab926b93e35f9c5813b91be,Bacteria,Verrucomicrobiota,Verrucomicrobiae,Opitutales,Puniceicoccaceae,MB11C04_marine_group,
d86e36b254e908a903abb124958d8d47,Bacteria,Proteobacteria,Gammaproteobacteria,Burkholderiales,Nitrosomonadaceae,IS-44,uncultured_marine
cc1c2c86a0914923fd987de1ca2f33c1,Bacteria,Bacteroidota,Bacteroidia,Sphingobacteriales,NS11-12_marine_group,NS11-12_marine_group,uncultured_marine
99fb3f0f694c779523a46b0349e922d5,Bacteria,Proteobacteria,Gammaproteobacteria,Pseudomonadales,Cellvibrionaceae,Umboniibacter,uncultured_bacterium
e708b3f8a2d2e83eba44985a28dfd3b8,Bacteria,Spirochaetota,Leptospirae,Leptospirales,Leptospiraceae,Turneriella,uncultured_marine
694ab1f58645545dccee148a203b6840,Bacteria,Bacteroidota,Bacteroidia,Flavobacteriales,Cryomorphaceae,uncultured,uncultured_Bacteroidetes/Chlorobi
75dc561661a9b789d695c059a7ea989b,Bacteria,Proteobacteria,Gammaproteobacteria,Pseudomonadales,Cellvibrionaceae,Eionea,Eionea_flava
3f5fe2cfde171ac8fc0b55f0a3fb6f3d,Bacteria,Proteobacteria,Alphaproteobacteria,Rhodospirillales,Magnetospiraceae,uncultured,uncultured_marine
dfbdc30e9c372006880120016161a300,Bacteria,Bacteroidota,Bacteroidia,Flavobacteriales,NS7_marine_group,NS7_marine_group,uncultured_marine
4c4412631a9259dc728221cbb11d93e8,Bacteria,Proteobacteria,Alphaproteobacteria,Rhodobacterales,Rhodobacteraceae,,
d450731b6ddc038db4fc45d3d2d42aed,Bacteria,Verrucomicrobiota,Verrucomicrobiae,Opitutales,Puniceicoccaceae,Lentimonas,
2f814d83763531e7c60b6e02368dc91c,Bacteria,Actinobacteriota,Actinobacteria,Micrococcales,Microbacteriaceae,ML602J-51,uncultured_bacterium
c4a652e8479eda05d56adac5b6418431,Bacteria,Proteobacteria,Alphaproteobacteria,SAR11_clade,Clade_I,Clade_Ia,
df36dbb2bb0c0d4566795e9252050a64,Bacteria,Proteobacteria,Gammaproteobacteria,Burkholderiales,Methylophilaceae,Candidatus_Methylopumilus,
d90acedc7a0f6ca06d87ac9e2a2deb98,Bacteria,Campylobacterota,Campylobacteria,Campylobacterales,Sulfurovaceae,Sulfurovum,uncultured_Helicobacteraceae
3608d1103cae304e05d4b72b01de6408,Bacteria,Bacteroidota,Bacteroidia,Flavobacteriales,Flavobacteriaceae,NS4_marine_group,uncultured_Flavobacteriaceae
d97f73d5b657210cf89ac703340b9b4f,Bacteria,Proteobacteria,Gammaproteobacteria,Pseudomonadales,SAR86_clade,SAR86_clade,uncultured_proteobacterium
975e4a799c2e054229dc28245b43ebd8,Bacteria,Proteobacteria,Gammaproteobacteria,Enterobacterales,Psychromonadaceae,Psychromonas,
723632a1348a55c32ed7a57f633a3694,Bacteria,Proteobacteria,Gammaproteobacteria,Enterobacterales,Colwelliaceae,Colwellia,
3b92be1b54b379ece4571bc4d2c14c71,Bacteria,Bacteroidota,Bacteroidia,Flavobacteriales,NS9_marine_group,NS9_marine_group,uncultured_Bacteroidetes/Chlorobi
35d2b4bd57c3dbb267f6c54058c33674,Bacteria,Bacteroidota,Bacteroidia,Flavobacteriales,NS9_marine_group,NS9_marine_group,hydrothermal_vent
5c70e81aa34561feb062fc5fc0daddaf,Bacteria,Proteobacteria,Gammaproteobacteria,Thiotrichales,Thiotrichaceae,uncultured,uncultured_marine
266ef46f3b89b08e7d063a64250412a7,Bacteria,Nitrospinota,Nitrospinia,Nitrospinales,Nitrospinaceae,LS-NOB,uncultured_bacterium
e799c0b1326cf248ccaea905bb102eeb,Bacteria,Bacteroidota,Bacteroidia,Flavobacteriales,Cryomorphaceae,uncultured,uncultured_organism
55864390ca56220bcc7e1d4973ca8402,Bacteria,Proteobacteria,Gammaproteobacteria,Pseudomonadales,Thioglobaceae,SUP05_cluster,
2c51df854fec887ba9c428f0f893fc45,Bacteria,Bacteroidota,Bacteroidia,Bacteroidales,Prevotellaceae,Prevotella_9,
acd8da910bae1ffe32a758f02aa55e72,Bacteria,Bacteroidota,Bacteroidia,Flavobacteriales,Flavobacteriaceae,Aquibacter,uncultured_bacterium
ac8b777990602911a66959c22ebcb057,Bacteria,Bacteroidota,Bacteroidia,Flavobacteriales,NS9_marine_group,NS9_marine_group,
f05c6e0847a018cfab199184c898947e,Bacteria,Bacteroidota,Bacteroidia,Chitinophagales,Saprospiraceae,uncultured,uncultured_marine
efaa4b9ea10e876366640c1ee4165e31,Bacteria,Bacteroidota,Bacteroidia,Flavobacteriales,Flavobacteriaceae,Aquibacter,uncultured_bacterium
a0bb9aa297485545397a2c4e2d48c880,Bacteria,Bacteroidota,Bacteroidia,Flavobacteriales,Flavobacteriaceae,Formosa,
36da9d457d594f741efe150363b8ec0f,Bacteria,Proteobacteria,Alphaproteobacteria,Sphingomonadales,Sphingomonadaceae,Altererythrobacter,
f5b6f74567ca5dd8c5db37f1211c9e7c,Bacteria,Verrucomicrobiota,Verrucomicrobiae,Opitutales,Puniceicoccaceae,MB11C04_marine_group,
a8f1aaf0ca162bf59b6d73540d6cb256,Bacteria,Proteobacteria,Gammaproteobacteria,HOC36,HOC36,HOC36,uncultured_marine
708d85186677b49ce307140503c67a0e,Bacteria,Proteobacteria,Gammaproteobacteria,Burkholderiales,Burkholderiaceae,Limnobacter,uncultured_bacterium
1afc352b610b5db01284454f96ce3028,Bacteria,Proteobacteria,Gammaproteobacteria,Pseudomonadales,Halieaceae,,
4c8b3dedf6c219bc2866d3fb2c3741ce,Bacteria,Proteobacteria,Gammaproteobacteria,Pseudomonadales,Pseudohongiellaceae,Pseudohongiella,
4fd6492f14a242f9784e72ae845edba6,Bacteria,Proteobacteria,Gammaproteobacteria,Enterobacterales,Aeromonadaceae,Aeromonas,
93d2b863ca7d060ccc780d83a7d38c9d,Bacteria,Proteobacteria,Gammaproteobacteria,,,,
a5fca58990e7a8cdc488b50838323d3d,Bacteria,Verrucomicrobiota,Verrucomicrobiae,Opitutales,Puniceicoccaceae,MB11C04_marine_group,uncultured_bacterium
58520b448673811ce2e7adb6739b787f,Bacteria,Bacteroidota,Bacteroidia,Flavobacteriales,Flavobacteriaceae,Polaribacter,Polaribacter_gangjinensis
3b00b2144514af2911872000bdb6825c,Bacteria,Bacteroidota,Rhodothermia,Rhodothermales,Rhodothermaceae,uncultured,uncultured_Cytophaga
6384d6fb5d753a802a8236d842c625ee,Bacteria,Bacteroidota,Bacteroidia,Flavobacteriales,Crocinitomicaceae,Fluviicola,
8c27a1159361656337fd8834a3c80824,Bacteria,Firmicutes,Negativicutes,Veillonellales-Selenomonadales,Selenomonadaceae,Selenomonas,Selenomonas_lacticifex
5d57528ffddddb932212420af97deb2f,Bacteria,Bacteroidota,Bacteroidia,Flavobacteriales,NS9_marine_group,NS9_marine_group,uncultured_Bacteroidetes/Chlorobi
088b8371b1242252b004ba6cb2dec39f,Bacteria,Proteobacteria,Alphaproteobacteria,SAR11_clade,Clade_II,Clade_II,
cb99a9a48399bce8cd60462e20380b7c,Bacteria,Bdellovibrionota,Bdellovibrionia,Bdellovibrionales,Bdellovibrionaceae,OM27_clade,uncultured_delta
a4363b8234b0fd085fd8876d8b80822d,Bacteria,Proteobacteria,Gammaproteobacteria,Burkholderiales,Comamonadaceae,,
af0e9f566bcd17606d79c2d95d6e1bef,Bacteria,Proteobacteria,Gammaproteobacteria,Pseudomonadales,Halieaceae,OM60(NOR5)_clade,
e3cff16a2e4e6b52e5717f5da85b9dad,Bacteria,Bacteroidota,Bacteroidia,Cytophagales,Cyclobacteriaceae,Marinoscillum,uncultured_Cytophagia
15953670a3a367ea387369969af76bb2,Bacteria,Proteobacteria,Alphaproteobacteria,Parvibaculales,PS1_clade,PS1_clade,uncultured_PS1
e1530e95155dee083d95272c99fa7aaa,Bacteria,Proteobacteria,Gammaproteobacteria,Pseudomonadales,Porticoccaceae,C1-B045,uncultured_gamma
d33be109bdaf677b562852a1a8d57351,Bacteria,Proteobacteria,Gammaproteobacteria,Pseudomonadales,Thioglobaceae,SUP05_cluster,uncultured_marine
513f5f26313f66f8ba1ba69d3e933a17,Bacteria,Bacteroidota,Bacteroidia,Flavobacteriales,Flavobacteriaceae,NS5_marine_group,
be7b2e7e81b894ca01656ac9df168bde,Bacteria,Cyanobacteria,Cyanobacteriia,Synechococcales,Cyanobiaceae,Synechococcus_CC9902,
65d2d9d8348964ee671e729f53d94012,Bacteria,Myxococcota,Polyangia,Polyangiales,Sandaracinaceae,uncultured,
a2f945de8a07ef91afcbf536c1882c2e,Bacteria,Myxococcota,Myxococcia,Myxococcales,Myxococcaceae,P3OB-42,uncultured_marine
07dc23a9c83815460fb175eae1e54e14,Bacteria,Chloroflexi,Dehalococcoidia,SAR202_clade,SAR202_clade,SAR202_clade,marine_metagenome
72a3fa050ae6e14a36af4ce66c888dbf,Bacteria,Proteobacteria,Alphaproteobacteria,Rhodobacterales,Rhodobacteraceae,Yoonia-Loktanella,uncultured_Alphaproteobacteria
aaeb322988994556a246a1c6763b7625,Bacteria,Proteobacteria,Alphaproteobacteria,SAR11_clade,Clade_I,Clade_Ia,
0a15bcd4381587d94fd08fd765c704c6,Bacteria,Proteobacteria,Gammaproteobacteria,Arenicellales,Arenicellaceae,,
a26b9784f4b5f057757eed755ea47eac,Bacteria,Proteobacteria,Alphaproteobacteria,Rhodobacterales,Rhodobacteraceae,Albimonas,uncultured_Alphaproteobacteria
11191c450dc64a619154336d6c00f0bc,Bacteria,Proteobacteria,Gammaproteobacteria,Pseudomonadales,SAR86_clade,SAR86_clade,
ffaba4ce09f1d144e8fe68eccd6f8938,Bacteria,Bacteroidota,Bacteroidia,Flavobacteriales,Crocinitomicaceae,Fluviicola,uncultured_Flexibacter
5e809294586be061b58d9ef1fad9d1da,Bacteria,Actinobacteriota,Actinobacteria,Frankiales,Sporichthyaceae,hgcI_clade,
c003cd1dfa0c8185d760b91d65061dc8,Bacteria,Bacteroidota,Bacteroidia,Flavobacteriales,Flavobacteriaceae,NS4_marine_group,
e864cd3a2a98f4a27d9e642a31673ccb,Bacteria,Campylobacterota,Campylobacteria,Campylobacterales,Sulfurovaceae,Sulfurovum,
f77d9f36a9a8e16adc01e3ddd065786c,Bacteria,Proteobacteria,Alphaproteobacteria,SAR11_clade,Clade_II,Clade_II,
c680dae750e84853326303a187fcc2e3,Bacteria,Campylobacterota,Campylobacteria,Campylobacterales,Arcobacteraceae,Pseudarcobacter,uncultured_Arcobacter
a96bef566be6337959d134901394957f,Bacteria,Proteobacteria,Alphaproteobacteria,Puniceispirillales,SAR116_clade,SAR116_clade,alpha_proteobacterium
832358e4d3e882c9cfff10ddf08ac71b,Bacteria,Proteobacteria,Gammaproteobacteria,Pseudomonadales,Cellvibrionaceae,Umboniibacter,uncultured_bacterium
7dcbf73d1f8426aff7d0053d54db2d43,Bacteria,Bacteroidota,Bacteroidia,Bacteroidales,Paludibacteraceae,uncultured,uncultured_Bacteroidetes
86c4a349b7cffb2c2c4e93cc3eceaf85,Bacteria,Bdellovibrionota,Bdellovibrionia,Bdellovibrionales,Bdellovibrionaceae,OM27_clade,uncultured_delta
23eb3a6122355713ac73efa9bb3a73b9,Bacteria,Planctomycetota,Planctomycetes,Pirellulales,Pirellulaceae,uncultured,marine_metagenome
15d4f2dbfb3ab458def4901f37a3ef2b,Bacteria,Bacteroidota,Bacteroidia,Flavobacteriales,Flavobacteriaceae,Ulvibacter,uncultured_marine
c8ca31e35d6595824932d81bdaa92069,Bacteria,Bacteroidota,Bacteroidia,Bacteroidales,Prolixibacteraceae,Roseimarinus,uncultured_Prolixibacter
e0f8710ae620ce13a9a3c4577c1d971e,Bacteria,Verrucomicrobiota,Verrucomicrobiae,Opitutales,Puniceicoccaceae,Coraliomargarita,
768fac642b73fd4b90ccae18f5a53269,Bacteria,Bacteroidota,Bacteroidia,Flavobacteriales,Cryomorphaceae,,
b1ec56e2c3806f86e8403c5bf11f9a91,Bacteria,Desulfobacterota,Desulfobulbia,Desulfobulbales,Desulfobulbaceae,uncultured,uncultured_bacterium
3b3d36abf54e8fffb3082e6350a51b70,Bacteria,Proteobacteria,Alphaproteobacteria,Kordiimonadales,uncultured,uncultured,
e84c0ce5e0a227964a09693cb4ed1cb8,Bacteria,Bacteroidota,Bacteroidia,Flavobacteriales,Flavobacteriaceae,NS5_marine_group,
e3bfd96a1f17a5a0f1e34fa14dc5b6d0,Bacteria,Bacteroidota,Bacteroidia,Flavobacteriales,Cryomorphaceae,uncultured,uncultured_Flavobacteriia
1929119c4066130e9903535a5f05d1e4,Bacteria,Bacteroidota,Bacteroidia,Flavobacteriales,NS7_marine_group,NS7_marine_group,
58b6ede5bbc2a7a9b454d48464fd7ead,Bacteria,Proteobacteria,Alphaproteobacteria,Puniceispirillales,SAR116_clade,Candidatus_Puniceispirillum,uncultured_bacterium
7df4e4c2fce363516493d7861976d82a,Bacteria,Bacteroidota,Bacteroidia,Sphingobacteriales,NS11-12_marine_group,NS11-12_marine_group,uncultured_bacterium
1c407353b0dfcb4d118ba19f4f3f636e,Bacteria,Firmicutes,Negativicutes,Veillonellales-Selenomonadales,Selenomonadaceae,Mitsuokella,uncultured_bacterium
6801ddfe0b87824d37a351add7ceb640,Bacteria,Proteobacteria,Gammaproteobacteria,Burkholderiales,Alcaligenaceae,Castellaniella,
82972a69e0e38cbff66a2cb9556b546e,Bacteria,Bacteroidota,Bacteroidia,Flavobacteriales,Flavobacteriaceae,uncultured,marine_metagenome
552789aad8097efd3a7a465211789669,Bacteria,Marinimicrobia_(SAR406_clade),Marinimicrobia_(SAR406_clade),Marinimicrobia_(SAR406_clade),Marinimicrobia_(SAR406_clade),Marinimicrobia_(SAR406_clade),
09b2258edc22a9698e6e2f7bb0d77775,Bacteria,Proteobacteria,Gammaproteobacteria,Pseudomonadales,Thioglobaceae,SUP05_cluster,uncultured_marine
8d46cec44ee6b70914f46376e2020f8c,Bacteria,Bacteroidota,Bacteroidia,Flavobacteriales,Flavobacteriaceae,,
27cc8862f17ec5edeb1204551eb90bd1,Bacteria,Proteobacteria,Alphaproteobacteria,Puniceispirillales,SAR116_clade,SAR116_clade,uncultured_Oceanibaculum
289adcbf49a1112470fc708cab5023b6,Bacteria,Proteobacteria,Gammaproteobacteria,Pseudomonadales,Porticoccaceae,SAR92_clade,
75ff379e525defca9cf2ee076dd0454e,Bacteria,Proteobacteria,Gammaproteobacteria,Pseudomonadales,,,
729793ce0072bbc7da7aacbeaf9696f2,Bacteria,Bacteroidota,Bacteroidia,Flavobacteriales,Flavobacteriaceae,uncultured,uncultured_Bacteroidetes
7f011ee0f0a160957c84b444835a2db9,Bacteria,Bacteroidota,Bacteroidia,Flavobacteriales,Crocinitomicaceae,Crocinitomix,uncultured_Bacteroidetes/Chlorobi
390ee206c4493f881f562359614bfacd,Bacteria,Bacteroidota,Bacteroidia,Flavobacteriales,NS9_marine_group,NS9_marine_group,uncultured_Flavobacteriia
ba5087d74a5b44577d6faf06029b19e3,Bacteria,Planctomycetota,Planctomycetes,Pirellulales,Pirellulaceae,Rubripirellula,
98c1016268ad28a9cb4b0edf15189fe0,Bacteria,Verrucomicrobiota,Verrucomicrobiae,Opitutales,Puniceicoccaceae,MB11C04_marine_group,
afa29a0cec8e483e4225e89147054f41,Bacteria,Proteobacteria,Gammaproteobacteria,Gammaproteobacteria_Incertae_Sedis,Unknown_Family,Candidatus_Berkiella,uncultured_bacterium
2255c701f0312472db0cd59327efc7e1,Bacteria,Proteobacteria,Gammaproteobacteria,Pseudomonadales,Porticoccaceae,Porticoccus,Porticoccus_litoralis
b6738e29c2a6412bc108a162b36ae11f,Bacteria,Proteobacteria,Alphaproteobacteria,SAR11_clade,Clade_II,Clade_II,
70468e23c68e3923bcfba275d9844c4f,Bacteria,Desulfobacterota,Desulfobacteria,Desulfobacterales,Desulfosarcinaceae,Desulfosarcina,
ccd26865eafe9a87cb4b3dd2bd70c439,Bacteria,Bacteroidota,Bacteroidia,Flavobacteriales,Flavobacteriaceae,Maritimimonas,uncultured_Bacteroidetes
24cafb0d147f9cc7ec1cbfb4d38e5392,Bacteria,Bacteroidota,Bacteroidia,Flavobacteriales,Flavobacteriaceae,Formosa,
6bc5848dbd32a2d84af600002e2fdf64,Bacteria,Campylobacterota,Campylobacteria,Campylobacterales,Sulfurimonadaceae,Sulfurimonas,
b4474138a34b023f4c12eda099a380f2,Bacteria,Campylobacterota,Campylobacteria,Campylobacterales,Sulfurimonadaceae,Sulfurimonas,
927da287d2eb60dd0e39dfada59d0a2d,Bacteria,Fusobacteriota,Fusobacteriia,Fusobacteriales,Fusobacteriaceae,Psychrilyobacter,
3f082c6d17ac75205782259be1a552da,Bacteria,Desulfobacterota,Desulfobulbia,Desulfobulbales,Desulfocapsaceae,,
65bf8d673c8ec40417d7398922f2b931,Bacteria,Proteobacteria,Alphaproteobacteria,Rhodobacterales,Rhodobacteraceae,,
987aa854a462623ff91dafdbdd4a71f8,Bacteria,Proteobacteria,Gammaproteobacteria,Gammaproteobacteria_Incertae_Sedis,Unknown_Family,Unknown_Family,uncultured_bacterium
429a55f78ccb16b00498991f42bbdc3f,Archaea,Thermoplasmatota,Thermoplasmata,Marine_Group_II,Marine_Group_II,Marine_Group_II,unidentified_archaeon
bf71722e93965303ca4f71e11586933e,Bacteria,Bacteroidota,Bacteroidia,Flavobacteriales,Flavobacteriaceae,Formosa,
5ff15c00de59af3e589e250584f41900,Bacteria,Proteobacteria,Gammaproteobacteria,Pseudomonadales,Nitrincolaceae,uncultured,uncultured_bacterium
b1dc9b25aded3c8462ceb8ba597b3685,Bacteria,Proteobacteria,Alphaproteobacteria,Rhodobacterales,Rhodobacteraceae,Roseobacter_clade_NAC11-7_lineage,uncultured_Rhodobacteraceae
8b99520d3b57f12fca60330840bdfcbb,Bacteria,Myxococcota,Polyangia,Polyangiales,Sandaracinaceae,uncultured,uncultured_delta
f365ba68ccc478c5569d6d2591d8919a,Bacteria,Bacteroidota,Bacteroidia,Flavobacteriales,NS9_marine_group,NS9_marine_group,
3a7fae40455444bed511017b090fdcb1,Bacteria,Proteobacteria,Alphaproteobacteria,Rhodobacterales,Rhodobacteraceae,Aestuariicoccus,uncultured_bacterium
c3760e29327788833bc497e480b72efa,Bacteria,Proteobacteria,Gammaproteobacteria,Tenderiales,Tenderiaceae,Candidatus_Tenderia,uncultured_gamma
3b4740993da5df7909acdd8d1b666d56,Bacteria,Proteobacteria,Gammaproteobacteria,Pseudomonadales,SAR86_clade,SAR86_clade,
1e9c2e52c186ce9afe52598bf2f4a20f,Bacteria,Bacteroidota,Bacteroidia,Flavobacteriales,Flavobacteriaceae,NS5_marine_group,
37f13183cddf656689c8b30316c7499f,Bacteria,Bacteroidota,Bacteroidia,Flavobacteriales,NS9_marine_group,NS9_marine_group,uncultured_marine
caf5d51f47da348a781c0b96bffe1510,Bacteria,Desulfobacterota,Desulfobacteria,Desulfobacterales,Desulfobacteraceae,Desulfoconvexum,uncultured_bacterium
baf79136a4e39c00d5ec6799d454e10a,Bacteria,Proteobacteria,Alphaproteobacteria,Rhodospirillales,Rhodospirillaceae,uncultured,uncultured_Alphaproteobacteria
1d0732ed12485871c9174b1c06cc073b,Bacteria,Bacteroidota,Bacteroidia,Flavobacteriales,Cryomorphaceae,Vicingus,uncultured_bacterium
0677ed154a3cc8492c64f657e73a5aab,Bacteria,Proteobacteria,Gammaproteobacteria,Pseudomonadales,Halieaceae,,
8f04ac0811e33f4479c1066e921cc5e3,Bacteria,Bacteroidota,Bacteroidia,Flavobacteriales,NS9_marine_group,NS9_marine_group,uncultured_Flavobacterium
2f169f24414a9f434b34824960481046,Bacteria,Proteobacteria,Alphaproteobacteria,Rhodospirillales,AEGEAN-169_marine_group,AEGEAN-169_marine_group,
e0f1d6753b3a9a33b35c41dd9493b6eb,Bacteria,Proteobacteria,Gammaproteobacteria,Pseudomonadales,Spongiibacteraceae,BD1-7_clade,
8119654818a0ca69d096bd3271c7fc74,Bacteria,Proteobacteria,Alphaproteobacteria,Rhodobacterales,Rhodobacteraceae,Ascidiaceihabitans,
fb3b2ba307fbd6cf75cae839ecc81567,Bacteria,Proteobacteria,Gammaproteobacteria,Pseudomonadales,Cellvibrionaceae,Umboniibacter,
94f299ad45306aa423b061f684df3b1e,Bacteria,Proteobacteria,Gammaproteobacteria,Burkholderiales,Comamonadaceae,,
1aef62e018ca96e5618874da5eb94637,Bacteria,,,,,,
39fd950f30a49658d0f9588582e03a52,Bacteria,Proteobacteria,Alphaproteobacteria,Defluviicoccales,uncultured,uncultured,uncultured_Alphaproteobacteria
5de6fbd9e1ec40a40ece79c858278fbd,Bacteria,Proteobacteria,Gammaproteobacteria,Pseudomonadales,Pseudomonadaceae,Pseudomonas,
553c2052d3a0d76ab7744da4b2b90b8d,Bacteria,Proteobacteria,Gammaproteobacteria,Thiotrichales,Thiotrichaceae,uncultured,uncultured_sediment
c7fcfaec4f48b44649618547e43e141c,Bacteria,Proteobacteria,Alphaproteobacteria,SAR11_clade,Clade_I,,
bc0055d9333115826eeea7443b286b43,Bacteria,Proteobacteria,Alphaproteobacteria,Rhodospirillales,Magnetospiraceae,uncultured,uncultured_bacterium
aa96d1b0225db4bf796ccf83d316a343,Bacteria,Proteobacteria,Alphaproteobacteria,Rhodobacterales,Rhodobacteraceae,uncultured,
5d0e15d44bca3b35fd3dbc239f78f381,Bacteria,Bacteroidota,Bacteroidia,Flavobacteriales,NS9_marine_group,NS9_marine_group,
0a2273b3151b9818b4ccd955b358084d,Bacteria,Bacteroidota,Bacteroidia,Flavobacteriales,NS7_marine_group,NS7_marine_group,
525a9a2c8b8b3e7b24b03fa272140ab9,Bacteria,Bacteroidota,Bacteroidia,Flavobacteriales,NS9_marine_group,NS9_marine_group,
811fc4ab5891a6e4ae4e69a9486c0321,Archaea,Thermoplasmatota,Thermoplasmata,Marine_Group_II,Marine_Group_II,Marine_Group_II,marine_metagenome
c48c0d056af21c58fcddf7ad808d4753,Bacteria,Bdellovibrionota,Bdellovibrionia,Bacteriovoracales,Bacteriovoracaceae,Peredibacter,uncultured_organism
dad4ffb704b56835de7e19e793b5abf2,Bacteria,Actinobacteriota,Actinobacteria,Frankiales,Sporichthyaceae,hgcI_clade,
27a99da9d136b29e38665aec65d3e4e3,Bacteria,Proteobacteria,Gammaproteobacteria,Pseudomonadales,SAR86_clade,SAR86_clade,uncultured_bacterium
77e6cdbd3392f6455e7238b689668b76,Bacteria,Proteobacteria,Alphaproteobacteria,Defluviicoccales,uncultured,uncultured,uncultured_Pelagibacterales
f50170fe38c27d11531f73edb272a59e,Bacteria,Proteobacteria,Gammaproteobacteria,Thiomicrospirales,Thiomicrospiraceae,Thiomicrorhabdus,Thiomicrospira_sp.
0c394b4e6d3845164535fb31bc1fc9d8,Bacteria,Proteobacteria,Gammaproteobacteria,Burkholderiales,Comamonadaceae,,
c7939819b704b910beb4f2a53a4f6b3a,Bacteria,Proteobacteria,Gammaproteobacteria,Milano-WF1B-44,Milano-WF1B-44,Milano-WF1B-44,uncultured_bacterium
67a946494a3b0fd2310b69b2b16614eb,Bacteria,Bdellovibrionota,Bdellovibrionia,Bacteriovoracales,Bacteriovoracaceae,uncultured,uncultured_Bacteriovoracaceae
87e7f483c5eceaeb9e81b86394989fed,Bacteria,Proteobacteria,Gammaproteobacteria,Pseudomonadales,Porticoccaceae,Porticoccus,uncultured_bacterium
d1e5a8e197ce962010a6db0e8b4159d4,Bacteria,Proteobacteria,Alphaproteobacteria,Rhodobacterales,Rhodobacteraceae,,
c7c0d82ee7e8b09d746a1f2f411254e3,Bacteria,Proteobacteria,Alphaproteobacteria,SAR11_clade,Clade_II,Clade_II,
72cb6e3977cd5772181b9a600cd5c96a,Bacteria,Proteobacteria,Gammaproteobacteria,B2M28,B2M28,B2M28,uncultured_sediment
b61544776025d792f9fa7c400de65e73,Bacteria,Bdellovibrionota,Bdellovibrionia,Bdellovibrionales,Bdellovibrionaceae,OM27_clade,uncultured_marine
37e9ced93d3240e0f53e277b3c7978eb,Bacteria,Proteobacteria,Gammaproteobacteria,Enterobacterales,Vibrionaceae,Vibrio,
43cd114332bef129b3b1268ec9a6239d,Bacteria,Myxococcota,Polyangia,Blfdi19,Blfdi19,Blfdi19,uncultured_bacterium
8fefb48bb870b6088aa596b31fbca02e,Bacteria,Bacteroidota,Bacteroidia,Flavobacteriales,Flavobacteriaceae,NS5_marine_group,
ba7f4bc813d422809b701c0b8a0dd2f5,Archaea,Crenarchaeota,Nitrososphaeria,Nitrosopumilales,Nitrosopumilaceae,Candidatus_Nitrosopumilus,
0ad4648dc65e151c19f7cc8822d33229,Bacteria,Verrucomicrobiota,Verrucomicrobiae,Opitutales,Puniceicoccaceae,MB11C04_marine_group,uncultured_Verrucomicrobia
744173dff624344fb4633e5e828eaa3d,Bacteria,Proteobacteria,Alphaproteobacteria,Rhodobacterales,Rhodobacteraceae,,
185052258ac9868227476d545f4cef5c,Bacteria,Bacteroidota,Bacteroidia,Flavobacteriales,NS9_marine_group,NS9_marine_group,uncultured_Flavobacteriales
11bba70a2caff4eca8f3345183bebf71,Bacteria,Planctomycetota,Planctomycetes,Planctomycetales,Rubinisphaeraceae,Planctomicrobium,uncultured_bacterium
22a5500d25b03ae1c35bb25f45e316c2,Bacteria,Actinobacteriota,Acidimicrobiia,Actinomarinales,Actinomarinaceae,Candidatus_Actinomarina,uncultured_marine
40b7441374cfca5989d9edee3f858ec0,Bacteria,Verrucomicrobiota,Verrucomicrobiae,Verrucomicrobiales,DEV007,DEV007,uncultured_Verrucomicrobia
231cfaab682bc7c20d06f78de6755e2f,Bacteria,Desulfobacterota,Desulfuromonadia,PB19,PB19,PB19,uncultured_delta
dc3e55aedd54f306c1b801ee86adac1d,Bacteria,Proteobacteria,Gammaproteobacteria,Coxiellales,Coxiellaceae,Coxiella,uncultured_bacterium
60123baacf5ba45e0613d39c47eae364,Bacteria,Proteobacteria,Alphaproteobacteria,Rhodobacterales,Rhodobacteraceae,Litorimicrobium,
e0fc6284f61032cfda428416bdff5213,Bacteria,Proteobacteria,Alphaproteobacteria,Rhodospirillales,Magnetospiraceae,uncultured,uncultured_Alphaproteobacteria
471f7213403bf620d5968b4f26c3fbae,Bacteria,Verrucomicrobiota,Verrucomicrobiae,Pedosphaerales,Pedosphaeraceae,SCGC_AAA164-E04,Verrucomicrobia_bacterium
5167f2966ea2456a92a4093fdc52c978,Bacteria,Proteobacteria,Alphaproteobacteria,Rhodobacterales,Rhodobacteraceae,Amylibacter,
77339b680aaf3567b09e8c8d078986d5,Bacteria,Proteobacteria,Gammaproteobacteria,HOC36,HOC36,HOC36,
090b319d19b66a59e55d26483af85221,Bacteria,Proteobacteria,Alphaproteobacteria,Rhodospirillales,Magnetospiraceae,uncultured,uncultured_marine
ec35659778e2c1821f6576f9f0ee107d,Bacteria,Proteobacteria,Gammaproteobacteria,Steroidobacterales,Woeseiaceae,Woeseia,uncultured_marine
c6d59cc8a6434db83cf61cb256a17017,Bacteria,Bacteroidota,Bacteroidia,Flavobacteriales,Cryomorphaceae,NS10_marine_group,uncultured_bacterium
3dc9c1f442ce44ecba509dda3a5c41ed,Bacteria,Proteobacteria,Gammaproteobacteria,Pseudomonadales,Alcanivoracaceae1,Alcanivorax,soda_lake
2cabfa347d3a9922a7843836b877deda,Bacteria,Proteobacteria,Gammaproteobacteria,Burkholderiales,Methylophilaceae,Methylotenera,uncultured_beta
cbbfdf9670a043aa5443097a04b99985,Bacteria,Cyanobacteria,Cyanobacteriia,Cyanobacteriales,Microcystaceae,Atelocyanobacterium_(UCYN-A),
a40dff917621f7ff5c0dd6859484c7ef,Bacteria,Bdellovibrionota,Bdellovibrionia,Bdellovibrionales,Bdellovibrionaceae,OM27_clade,uncultured_marine
9f1f5fc31c2512c4478d11ab986f07b3,Bacteria,Bacteroidota,Bacteroidia,Flavobacteriales,Flavobacteriaceae,Polaribacter,
27b072091ca75c62e9baf8971020f064,Bacteria,Firmicutes,Negativicutes,Veillonellales-Selenomonadales,Veillonellaceae,Megasphaera,
b18fc8045df1dc3c0712d7963858fc27,Bacteria,Proteobacteria,Gammaproteobacteria,Ectothiorhodospirales,Ectothiorhodospiraceae,uncultured,uncultured_proteobacterium
33a3e4cd3dbd0d95dae49bf3da44c1dc,Bacteria,SAR324_clade(Marine_group_B),SAR324_clade(Marine_group_B),SAR324_clade(Marine_group_B),SAR324_clade(Marine_group_B),SAR324_clade(Marine_group_B),uncultured_SAR324
47c80899c5d3af84b48b23d25521bea6,Bacteria,Bacteroidota,Bacteroidia,Chitinophagales,Saprospiraceae,uncultured,uncultured_marine
8068c07541ab0decce85713e98d7f2d8,Bacteria,Bacteroidota,Bacteroidia,Flavobacteriales,Flavobacteriaceae,NS5_marine_group,uncultured_Bacteroidetes
32ca60384429f0fa8d013a2ba24b53a3,Bacteria,Proteobacteria,Gammaproteobacteria,Burkholderiales,Burkholderiaceae,Polynucleobacter,
a3ad9f33d1761ffd5bf96f1c9c591216,Bacteria,Proteobacteria,Alphaproteobacteria,Defluviicoccales,uncultured,uncultured,uncultured_organism
af4ee74b1241d8815d0f280e1e0c39c0,Bacteria,Proteobacteria,Gammaproteobacteria,Thiomicrospirales,Thiomicrospiraceae,Thiomicrorhabdus,
da89816efaeaee7b21e494408f3f28fa,Bacteria,Proteobacteria,Alphaproteobacteria,Puniceispirillales,SAR116_clade,SAR116_clade,alpha_proteobacterium
7df9041ca1f48f3de8a797b51aa1132c,Bacteria,Campylobacterota,Campylobacteria,Campylobacterales,Sulfurovaceae,Sulfurovum,uncultured_Helicobacteraceae
4831699d65c8419b5ace272aeb7315c0,Bacteria,Bacteroidota,Bacteroidia,Flavobacteriales,Cryomorphaceae,uncultured,uncultured_Bacteroidetes/Chlorobi
f951dcdd0a0da259439633bf6dcf68af,Bacteria,Proteobacteria,Alphaproteobacteria,Caulobacterales,Hyphomonadaceae,Maricaulis,
5fed72a595b629399982d354487c1a1a,Bacteria,Bacteroidota,Bacteroidia,Flavobacteriales,Flavobacteriaceae,Polaribacter,
ba10129ba9ed73e063e6de48345ae68d,Bacteria,Bacteroidota,Bacteroidia,Bacteroidales,Bacteroidetes_BD2-2,Bacteroidetes_BD2-2,
b1c50fe032a838d5fbb142de9046ac41,Bacteria,Proteobacteria,Alphaproteobacteria,Puniceispirillales,SAR116_clade,SAR116_clade,
6e6cf845625c577d4717241c73249ae0,Bacteria,Proteobacteria,Gammaproteobacteria,Gammaproteobacteria_Incertae_Sedis,Unknown_Family,uncultured,
79e83765be38cf0c75f8ad27067b5c18,Bacteria,Campylobacterota,Campylobacteria,Campylobacterales,Arcobacteraceae,Arcobacter,
a0c14a7a9f9a151093e83aed1673f63c,Bacteria,Bacteroidota,Bacteroidia,Flavobacteriales,NS9_marine_group,NS9_marine_group,
e43bb93761309760cdab684efd92fa82,Bacteria,Bacteroidota,Bacteroidia,Flavobacteriales,NS9_marine_group,NS9_marine_group,uncultured_Bacteroidetes/Chlorobi
b3527a0e9aab9ad96b50be90fea8c0be,Bacteria,Proteobacteria,Gammaproteobacteria,Pseudomonadales,Litoricolaceae,Litoricola,uncultured_bacterium
fb9ce07f025bb82cfe2053c56c8a7358,Bacteria,Bacteroidota,Bacteroidia,Flavobacteriales,Flavobacteriaceae,NS5_marine_group,
c26a127d07bf6d400ec9ab37ef4ba047,Bacteria,Bacteroidota,Bacteroidia,Flavobacteriales,Flavobacteriaceae,NS5_marine_group,
4c1122dc74664bfc7b118523dd6a5c14,Bacteria,Proteobacteria,Gammaproteobacteria,Pseudomonadales,Thioglobaceae,SUP05_cluster,
0834133919641175cae8d292dd569410,Bacteria,Bacteroidota,Bacteroidia,Flavobacteriales,Flavobacteriaceae,Flavobacterium,
98b33260977b1d0df4bbbcdf5c2d9ae3,Bacteria,Bacteroidota,Bacteroidia,Flavobacteriales,NS7_marine_group,NS7_marine_group,uncultured_organism
28b1305719f379649423938a134db090,Bacteria,Cyanobacteria,Cyanobacteriia,Synechococcales,Cyanobiaceae,Synechococcus_CC9902,
35ef0b64f602d7e4d297106d66829c94,Bacteria,Proteobacteria,Gammaproteobacteria,Pseudomonadales,Nitrincolaceae,Neptunomonas,Neptunomonas_concharum
95922967d9979ae15e1a45a7616705b1,Bacteria,Cyanobacteria,Cyanobacteriia,Synechococcales,Cyanobiaceae,Synechococcus_CC9902,
f21770f200eaf25a123f0c8a266f11df,Bacteria,Proteobacteria,Alphaproteobacteria,Parvibaculales,OCS116_clade,OCS116_clade,
a2df253852ad5778ead1e2611c17e9f3,Bacteria,Bacteroidota,Bacteroidia,Flavobacteriales,Flavobacteriaceae,Flavicella,uncultured_bacterium
e458d831c120916deae119c67c91cbba,Bacteria,Bacteroidota,Bacteroidia,Flavobacteriales,Flavobacteriaceae,Formosa,uncultured_marine
a82e627baaa2b39307966062569e7562,Bacteria,Proteobacteria,Gammaproteobacteria,Burkholderiales,Methylophilaceae,OM43_clade,uncultured_bacterium
6af0612e99495504772aa8ca99660987,Bacteria,Bacteroidota,Bacteroidia,Flavobacteriales,Flavobacteriaceae,Lutibacter,
e4cf4dee77f432e234b221f10f81a532,Bacteria,Proteobacteria,Gammaproteobacteria,Pseudomonadales,Porticoccaceae,SAR92_clade,uncultured_bacterium
3d32476ab76c5cadf929f741034b9624,Bacteria,Proteobacteria,Gammaproteobacteria,Xanthomonadales,Xanthomonadaceae,Stenotrophomonas,
7c93e55d31dbccefcc24f28eabae4b9a,Bacteria,Proteobacteria,Gammaproteobacteria,Enterobacterales,Vibrionaceae,Vibrio,
7dc6d95263d446e50d34953febbe2307,Bacteria,Marinimicrobia_(SAR406_clade),Marinimicrobia_(SAR406_clade),Marinimicrobia_(SAR406_clade),Marinimicrobia_(SAR406_clade),Marinimicrobia_(SAR406_clade),
78bd2cfdc9b698849782f8ee9d4d233d,Bacteria,Proteobacteria,Gammaproteobacteria,Francisellales,Francisellaceae,Francisella,uncultured_bacterium
28feed490607dfdd8d07801149302b37,Bacteria,Campylobacterota,Campylobacteria,Campylobacterales,Sulfurimonadaceae,Sulfurimonas,
10d457e50e067ff8f8eae05ba91a865b,Bacteria,Proteobacteria,Gammaproteobacteria,Enterobacterales,Alteromonadaceae,Glaciecola,uncultured_Glaciecola
d16b0cd47a9f00cfa15e4c47aea338ae,Bacteria,Nitrospinota,Nitrospinia,Nitrospinales,Nitrospinaceae,Nitrospina,
74458ca91c71a3d8d62f07d755fb8cf9,Bacteria,Proteobacteria,Alphaproteobacteria,Rhodobacterales,Rhodobacteraceae,,
39ff2e06a49ee8d3b9c872989e128914,Bacteria,Desulfobacterota,Desulfuromonadia,PB19,PB19,PB19,
7b1943536c5e9836e9724211b8cd5520,Bacteria,Proteobacteria,Gammaproteobacteria,Pseudomonadales,Halieaceae,Halioglobus,
9e69450169083214dd84d3e639c64310,Bacteria,Bacteroidota,Bacteroidia,,,,
d3f651cb511dfeea11b127a8d5ac781e,Bacteria,Bacteroidota,Bacteroidia,Flavobacteriales,Crocinitomicaceae,Crocinitomix,uncultured_Flavobacteriia
40a82e3dc9d9973f01a0289f03a2e6b6,Bacteria,Proteobacteria,Alphaproteobacteria,Defluviicoccales,uncultured,uncultured,hydrothermal_vent
a6d1cb4524efc57ec8ec79d35e40d600,Bacteria,Bdellovibrionota,Bdellovibrionia,Bdellovibrionales,Bdellovibrionaceae,OM27_clade,uncultured_marine
226ad33e2583cecf67fa0860516aa987,Bacteria,Verrucomicrobiota,Verrucomicrobiae,Opitutales,Puniceicoccaceae,MB11C04_marine_group,
447037b766f15c6e02f7915e8038ba31,Bacteria,Bacteroidota,Bacteroidia,Bacteroidales,Marinifilaceae,Marinifilum,uncultured_marine
509c9b8a17fc6064888d23f7f5cf1fef,Bacteria,Proteobacteria,Alphaproteobacteria,Rhodobacterales,Rhodobacteraceae,,
f847a8fdea09cad2480ed80b6b36e641,Bacteria,Bacteroidota,Bacteroidia,Flavobacteriales,Flavobacteriaceae,NS4_marine_group,uncultured_marine
f19be33c7941a31fff8f7783c89812ea,Bacteria,Proteobacteria,Gammaproteobacteria,Pseudomonadales,SAR86_clade,SAR86_clade,
a5a818a275eee1236545c450f1f440de,Bacteria,Marinimicrobia_(SAR406_clade),Marinimicrobia_(SAR406_clade),Marinimicrobia_(SAR406_clade),Marinimicrobia_(SAR406_clade),Marinimicrobia_(SAR406_clade),uncultured_marine
a28fd1ffd6113c2138bfa6f681613f01,Bacteria,Proteobacteria,Alphaproteobacteria,Rhodobacterales,Rhodobacteraceae,Planktomarina,
20d79da051b26ef67e0e294013eedf6f,Bacteria,Verrucomicrobiota,Omnitrophia,Omnitrophales,Omnitrophaceae,Candidatus_Omnitrophus,uncultured_bacterium
2b93eb2b2a5143a5ded569b019862b00,Bacteria,Bacteroidota,Bacteroidia,Flavobacteriales,NS9_marine_group,NS9_marine_group,hydrothermal_vent
078f2dce352f4e8726ee1091af82752f,Bacteria,Proteobacteria,Alphaproteobacteria,uncultured,uncultured,uncultured,uncultured_bacterium
60ade6630af160a7fe738bae8685c408,Bacteria,Proteobacteria,Gammaproteobacteria,Enterobacterales,Vibrionaceae,Vibrio,
1ee50c35b976488f5174b3e80bcf15e1,Bacteria,Bacteroidota,Bacteroidia,Flavobacteriales,Flavobacteriaceae,uncultured,uncultured_Bacteroidetes
0b9114cb34999d4debc8c369e61a073c,Bacteria,Bacteroidota,Bacteroidia,Flavobacteriales,Flavobacteriaceae,NS5_marine_group,
7fafa23a08d8e9b08d5db92b645ece77,Bacteria,Proteobacteria,Gammaproteobacteria,Burkholderiales,Burkholderiaceae,Polynucleobacter,
63492508c45cf1b198c85d85654ad2d9,Bacteria,Proteobacteria,Gammaproteobacteria,Pseudomonadales,Endozoicomonadaceae,Kistimonas,uncultured_bacterium
52dc12f431927ec3e4615a0b11389892,Bacteria,Proteobacteria,Alphaproteobacteria,Rhodobacterales,Rhodobacteraceae,,
66ced4395fb7f6859bd057beee3ee4f2,Bacteria,Proteobacteria,Alphaproteobacteria,Rhodobacterales,Rhodobacteraceae,Octadecabacter,uncultured_marine
3515b99ed4c5a8ccd8ca76c15cc947c8,Archaea,Thermoplasmatota,Thermoplasmata,Marine_Group_II,Marine_Group_II,Marine_Group_II,uncultured_marine
3a1cf26328bb4a35c5b729868731c7b8,Bacteria,Proteobacteria,Alphaproteobacteria,Rickettsiales,Rickettsiaceae,Candidatus_Megaira,uncultured_bacterium
9c868d5c0208c6d62801f66aed772a83,Bacteria,Bacteroidota,Bacteroidia,Chitinophagales,Saprospiraceae,uncultured,uncultured_Sphingobacteriia
60fa93bc2b9dab995f942a5fd24faece,Bacteria,Bacteroidota,Bacteroidia,Flavobacteriales,NS9_marine_group,NS9_marine_group,uncultured_Flavobacteriia
18ad4b264ca2d0aadb587b35c3aaca37,Bacteria,Bacteroidota,Bacteroidia,Flavobacteriales,Crocinitomicaceae,Fluviicola,
ecebb6ac405665bf286dd89a82ed4700,Bacteria,Proteobacteria,Alphaproteobacteria,SAR11_clade,Clade_IV,Clade_IV,marine_metagenome
1089604b6c0eca8b90b190394477436d,Bacteria,Campylobacterota,Campylobacteria,Campylobacterales,Sulfurovaceae,Sulfurovum,
f80e4bdd59a29e8e2b4f62902095eb69,Bacteria,Bacteroidota,Bacteroidia,Flavobacteriales,Flavobacteriaceae,NS4_marine_group,
3cb5bf9a2d5b0120cc7d00d6a507432c,Bacteria,Desulfobacterota,Desulfuromonadia,PB19,PB19,PB19,uncultured_marine
e9673381f992dbb5a5b454db2b5b1c84,Bacteria,Bacteroidota,Bacteroidia,Flavobacteriales,Crocinitomicaceae,uncultured,uncultured_Bacteroidetes/Chlorobi
a801133eb55fdf82bec2b870252d1ed8,Bacteria,Proteobacteria,Gammaproteobacteria,Tenderiales,Tenderiaceae,Candidatus_Tenderia,uncultured_gamma
24658c549da2efb20db2fb15a0d05ab2,Bacteria,Proteobacteria,Gammaproteobacteria,Chromatiales,Sedimenticolaceae,uncultured,
f144b465df1a101fc79e0f842771ed8c,Bacteria,,,,,,
38692e57f0b4c83185a1474acd4fe0f3,Bacteria,Proteobacteria,Alphaproteobacteria,Puniceispirillales,uncultured,uncultured,uncultured_Rhodospirillaceae
39944a4ae0815185b53372bff057e495,Bacteria,Proteobacteria,Alphaproteobacteria,Sphingomonadales,Sphingomonadaceae,Novosphingobium,
a2f2aafdddf05fcfee43b5f36b19a1b1,Bacteria,Proteobacteria,Alphaproteobacteria,Rhodospirillales,AEGEAN-169_marine_group,AEGEAN-169_marine_group,
36a598bcb769927c1ce18aa79364eef8,Bacteria,Proteobacteria,Gammaproteobacteria,Francisellales,Francisellaceae,uncultured,uncultured_Francisella
29baed3e9a97c9093e1d4a410c3e7967,Bacteria,Planctomycetota,Planctomycetes,Planctomycetales,Gimesiaceae,uncultured,uncultured_planctomycete
a33a67a1051543d96e177caa7e01b360,Bacteria,Cyanobacteria,Cyanobacteriia,Synechococcales,Cyanobiaceae,Cyanobium_PCC-6307,uncultured_cyanobacterium
ee07f1dd95bab923e46488b0065adb4d,Bacteria,Proteobacteria,Gammaproteobacteria,Pseudomonadales,Litoricolaceae,Litoricola,uncultured_bacterium
528ca2b03f06de8bcdaccaa26cdf3689,Bacteria,Bacteroidota,Bacteroidia,Flavobacteriales,Cryomorphaceae,uncultured,uncultured_Bacteroidetes
191595b897a029ab2a1b46e156f297a8,Bacteria,Bacteroidota,Bacteroidia,Flavobacteriales,Flavobacteriaceae,NS4_marine_group,unidentified_marine
d7fc428e47cff32b2a907b533734d8c3,Bacteria,Bacteroidota,Bacteroidia,Flavobacteriales,Flavobacteriaceae,uncultured,Bacteroidetes_bacterium
f56492945a87a264d58d1ab9b300f591,Bacteria,Proteobacteria,Gammaproteobacteria,Gammaproteobacteria_Incertae_Sedis,Unknown_Family,uncultured,uncultured_sediment
46de0006edb3c7ae1ce5c7947ed035a9,Bacteria,Bacteroidota,Bacteroidia,Flavobacteriales,NS9_marine_group,NS9_marine_group,uncultured_marine
2f4dc319fedcb2b6bb94f794ed6babf6,Bacteria,Proteobacteria,Gammaproteobacteria,Pseudomonadales,Endozoicomonadaceae,Endozoicomonas,
5a5556a8908bb2a77626caae42a4c644,Bacteria,Proteobacteria,Gammaproteobacteria,UBA10353_marine_group,UBA10353_marine_group,UBA10353_marine_group,
3188b1ef0775fe2905f1b6cf9dc081f5,Bacteria,Bdellovibrionota,Bdellovibrionia,Bdellovibrionales,Bdellovibrionaceae,OM27_clade,uncultured_marine
5b2e645fd3a201363f8ab5709f36d64e,Bacteria,Bacteroidota,Bacteroidia,Flavobacteriales,NS9_marine_group,NS9_marine_group,
c52b4f6b5fcf6a1b3f02099019efab87,Bacteria,Actinobacteriota,Actinobacteria,Frankiales,Sporichthyaceae,hgcI_clade,Candidatus_Planktophila
9469bece17bd461bedbd7170cbcd26ff,Bacteria,Proteobacteria,Gammaproteobacteria,Pseudomonadales,,,
e13028ca5fadddbc509b1e609cbec37b,Bacteria,Proteobacteria,Gammaproteobacteria,UBA10353_marine_group,UBA10353_marine_group,UBA10353_marine_group,
0e818a032654ce8036cacc5a70332947,Bacteria,Verrucomicrobiota,Verrucomicrobiae,Arctic97B-4_marine_group,Arctic97B-4_marine_group,Arctic97B-4_marine_group,
b23d5118cecbcca22d5fda84d4b5e08b,Bacteria,Proteobacteria,Gammaproteobacteria,Pseudomonadales,Cellvibrionaceae,Umboniibacter,uncultured_bacterium
45331ce1b3f9a8c0b8c95e0948188462,Bacteria,Proteobacteria,Alphaproteobacteria,SAR11_clade,Clade_II,Clade_II,
2fa946275fa98ebc991b652f652e5aaa,Bacteria,NB1-j,NB1-j,NB1-j,NB1-j,NB1-j,hydrothermal_vent
d448277ccb7ad6835395ae75bfc4ff0a,Bacteria,Proteobacteria,Gammaproteobacteria,Pseudomonadales,Thioglobaceae,SUP05_cluster,
308dfbe4aad3307dd83bd8d735a318f1,Bacteria,Proteobacteria,Alphaproteobacteria,Rhodobacterales,Rhodobacteraceae,,
3eeb43cc35e4caae08720c945de475f4,Bacteria,Bacteroidota,Bacteroidia,Bacteroidales,Prolixibacteraceae,Draconibacterium,uncultured_bacterium
a77cb38f899522165340d11e276ac031,Bacteria,Proteobacteria,Alphaproteobacteria,Rhodobacterales,Rhodobacteraceae,Roseibacterium,Roseibacterium_sp.
3fbf949b2df4e6efe0e13bad1023a796,Bacteria,Bacteroidota,Bacteroidia,Flavobacteriales,Cryomorphaceae,uncultured,uncultured_Bacteroidetes
a41bd412623b888fafaa4b24cada8df8,Bacteria,Proteobacteria,Alphaproteobacteria,Rhodospirillales,Magnetospiraceae,uncultured,uncultured_Alphaproteobacteria
d0fa72bfbea511b70770b5a173bb235e,Bacteria,Proteobacteria,Gammaproteobacteria,Enterobacterales,Enterobacteriaceae,Escherichia-Shigella,
58c674c3fb1452b5bea3ebb67c6fa355,Bacteria,Proteobacteria,Gammaproteobacteria,Burkholderiales,Burkholderiaceae,Polynucleobacter,
7130a9826f31bcab103d92f85c1ecae5,Bacteria,Desulfobacterota,Desulfuromonadia,Desulfuromonadales,Sva1033,Sva1033,
9df499977e10512708b9e83e0ab8844e,Bacteria,Bacteroidota,Bacteroidia,Bacteroidales,Marinifilaceae,uncultured,uncultured_marine
7d86dbe78fcc0b0d312f0400215dc2e5,Bacteria,Bacteroidota,Bacteroidia,Flavobacteriales,Flavobacteriaceae,Lutibacter,
ce20dcfc43694b4068273005c249a1c7,Bacteria,Proteobacteria,Alphaproteobacteria,Rhizobiales,Beijerinckiaceae,Methylobacterium-Methylorubrum,
1084c79f37a961972f2213c2aee06239,Bacteria,Proteobacteria,Alphaproteobacteria,SAR11_clade,Clade_II,Clade_II,
f85c282e95646c6cf8393911f76cba46,Bacteria,Bacteroidota,Bacteroidia,Flavobacteriales,Flavobacteriaceae,NS5_marine_group,uncultured_Bacteroidetes
53bd8de15aaa81bd8a6d994659019079,Bacteria,Proteobacteria,Gammaproteobacteria,Enterobacterales,Pseudoalteromonadaceae,Pseudoalteromonas,Pseudoalteromonas_tunicata
fa2e3af1a1869ab615b9f7d90810d398,Bacteria,Campylobacterota,Campylobacteria,Campylobacterales,Sulfurimonadaceae,Sulfurimonas,
ae75f6f3488b7b6cebcccab9e9ad01e3,Bacteria,Bacteroidota,Bacteroidia,Flavobacteriales,Flavobacteriaceae,Flavicella,uncultured_bacterium
92c775c4c0557a671b5b3f0ebf1d0fa8,Bacteria,Verrucomicrobiota,Verrucomicrobiae,Opitutales,Puniceicoccaceae,Pelagicoccus,uncultured_marine
83b09c0923ba5c7a152ce0c69ff4d991,Bacteria,Bacteroidota,Bacteroidia,Flavobacteriales,NS9_marine_group,NS9_marine_group,uncultured_bacterium
15e049c9dae97b7d72850456c92774a2,Bacteria,Fibrobacterota,Fibrobacteria,Fibrobacterales,Fibrobacteraceae,uncultured,uncultured_bacterium
f3877af35eb0f7b45ac3fb58f925000e,Bacteria,Proteobacteria,Alphaproteobacteria,Thalassobaculales,Nisaeaceae,OM75_clade,
b14d56ec028fdb5103f0122f45ac45a8,Bacteria,Bacteroidota,Bacteroidia,Flavobacteriales,NS9_marine_group,NS9_marine_group,
24b6bdc66418e76813eea7dbc7adf527,Bacteria,Proteobacteria,Gammaproteobacteria,Gammaproteobacteria_Incertae_Sedis,Unknown_Family,uncultured,uncultured_proteobacterium
d62051635b25fb05b1d1507a174a407e,Bacteria,Verrucomicrobiota,Verrucomicrobiae,Arctic97B-4_marine_group,Arctic97B-4_marine_group,Arctic97B-4_marine_group,metagenome
f4e087faddc82a66fced6687746af374,Bacteria,Proteobacteria,Alphaproteobacteria,Parvibaculales,PS1_clade,PS1_clade,uncultured_Alphaproteobacteria
7295d8061fff1c9b8abead5ebd78899a,Bacteria,Proteobacteria,Alphaproteobacteria,Rhodospirillales,AEGEAN-169_marine_group,AEGEAN-169_marine_group,uncultured_Alphaproteobacteria
387bf88b484e7d82d894de8ba7c5dc61,Bacteria,Proteobacteria,Gammaproteobacteria,Burkholderiales,Methylophilaceae,OM43_clade,Methylophilales_bacterium
7d0611486745ccfca78576a8769f93a4,Bacteria,Bacteroidota,Bacteroidia,Cytophagales,Cyclobacteriaceae,Algoriphagus,uncultured_Hongiella
7b8ad74932100c1f7575a7b52ff92767,Bacteria,Proteobacteria,Gammaproteobacteria,Burkholderiales,Methylophilaceae,OM43_clade,
ff4453aedaef68091aeec6b4c1e14fbd,Bacteria,Bacteroidota,Bacteroidia,Flavobacteriales,Flavobacteriaceae,Polaribacter,
244f326322245e19d76b87d149c31fe4,Bacteria,Proteobacteria,Gammaproteobacteria,Pseudomonadales,Halieaceae,Halioglobus,
f2c0e3c51a12bf069ae73b84c398e070,Bacteria,Proteobacteria,Alphaproteobacteria,Rickettsiales,Rickettsiaceae,Candidatus_Megaira,
8209cc84cb4ae4c54fb649a95e108211,Bacteria,Actinobacteriota,Actinobacteria,Frankiales,Sporichthyaceae,hgcI_clade,Candidatus_Planktophila
00c68af20859b6a6065c1ec562dfb062,Bacteria,Proteobacteria,Alphaproteobacteria,Rhodobacterales,Rhodobacteraceae,,
c9e267c68b9f69f6a4194f8dd358b463,Bacteria,Bacteroidota,Bacteroidia,Flavobacteriales,Flavobacteriaceae,NS4_marine_group,uncultured_Flavobacteriaceae
08e5a044c8bb2c619195cb764c063aaa,Bacteria,Proteobacteria,Alphaproteobacteria,Thalassobaculales,Nisaeaceae,OM75_clade,
c56c401c6154394812a05ad54f76b649,Bacteria,Proteobacteria,Gammaproteobacteria,Milano-WF1B-44,Milano-WF1B-44,Milano-WF1B-44,uncultured_bacterium
97d473a08f05963f66670b7d621328b0,Bacteria,Cyanobacteria,Cyanobacteriia,Synechococcales,Cyanobiaceae,Synechococcus_CC9902,
43f11866424b1404530e16a53a88d844,Bacteria,Bacteroidota,Bacteroidia,Sphingobacteriales,NS11-12_marine_group,NS11-12_marine_group,
dbbd7c94d5a16630d496690bff08d5b2,Bacteria,Bacteroidota,Bacteroidia,Flavobacteriales,NS9_marine_group,NS9_marine_group,uncultured_marine
430f7995ad03693f921c30c3d794749c,Bacteria,Proteobacteria,Gammaproteobacteria,,,,
332982c6cf6e82ff2b2fd1de5bd0fd14,Bacteria,Verrucomicrobiota,Verrucomicrobiae,Verrucomicrobiales,Rubritaleaceae,Roseibacillus,
a9a2610e520408b425fa3f62d6f21404,Bacteria,Proteobacteria,Gammaproteobacteria,Pseudomonadales,KI89A_clade,KI89A_clade,uncultured_marine
700cfd1637f895c7196cbe157dd3ab2c,Bacteria,Proteobacteria,Alphaproteobacteria,SAR11_clade,Clade_II,Clade_II,
fed6bde2a290e9741ba5fbeeb88f0279,Bacteria,Proteobacteria,Gammaproteobacteria,Pseudomonadales,Nitrincolaceae,uncultured,uncultured_bacterium
cc3da772691993891b5dc093dabe301f,Bacteria,Bacteroidota,Bacteroidia,Flavobacteriales,Cryomorphaceae,uncultured,uncultured_bacterium
df368b6b7b7f750e5e6f606266584b7b,Bacteria,Marinimicrobia_(SAR406_clade),Marinimicrobia_(SAR406_clade),Marinimicrobia_(SAR406_clade),Marinimicrobia_(SAR406_clade),Marinimicrobia_(SAR406_clade),uncultured_marine
2ab0d22151e6f072489acf425ef9dbb6,Bacteria,Verrucomicrobiota,Verrucomicrobiae,Verrucomicrobiales,DEV007,DEV007,
a17be013ac75e0d7b9aa33a64bfd3c19,Bacteria,Bacteroidota,Bacteroidia,Flavobacteriales,Flavobacteriaceae,NS5_marine_group,
fdd283ed8d9443c6e018b6064749e6cd,Bacteria,Bdellovibrionota,Bdellovibrionia,Bdellovibrionales,Bdellovibrionaceae,OM27_clade,uncultured_delta
8e9d5e9064991561d911f4bf6257e65e,Bacteria,Bacteroidota,Bacteroidia,Flavobacteriales,Flavobacteriaceae,uncultured,uncultured_marine
7f6c0c3d12c2623509acf2b7e2e852c7,Bacteria,Bacteroidota,Bacteroidia,Flavobacteriales,Crocinitomicaceae,Fluviicola,
5e5b6bf287bfedecbbc497ec6a68f971,Bacteria,Proteobacteria,Gammaproteobacteria,Enterobacterales,Vibrionaceae,Photobacterium,
595c662fc9af21b7a968cca9050a1732,Bacteria,Proteobacteria,Gammaproteobacteria,Pseudomonadales,Halieaceae,OM60(NOR5)_clade,
3563866cbe77d9fc5a58f64a70d1edd8,Bacteria,Proteobacteria,Gammaproteobacteria,uncultured,uncultured,uncultured,uncultured_Thioalkalivibrio
64e9ce1c7991fea38d79ac53dea7e266,Bacteria,Proteobacteria,Alphaproteobacteria,Rickettsiales,Rickettsiaceae,uncultured,uncultured_bacterium
3c62c628d992307672ad72a9a7d429d5,Bacteria,Proteobacteria,Gammaproteobacteria,Coxiellales,Coxiellaceae,Coxiella,
82b50de0603c2f82f2bf1337e373ada9,Bacteria,Proteobacteria,Gammaproteobacteria,Enterobacterales,Vibrionaceae,Vibrio,
7f992dd210a0ec75e5c93df985e6e507,Bacteria,Proteobacteria,Alphaproteobacteria,Rickettsiales,Rickettsiaceae,Candidatus_Megaira,
1f1775b5b81eb962f326796fe09c2db2,Archaea,Crenarchaeota,Nitrososphaeria,Nitrosopumilales,Nitrosopumilaceae,Candidatus_Nitrosopelagicus,uncultured_marine
4adee8b333c0c3be549112e1a7590a71,Bacteria,Bacteroidota,Bacteroidia,Flavobacteriales,Flavobacteriaceae,NS4_marine_group,
153fc830393f168221a7daa1603c35dd,Bacteria,Proteobacteria,Alphaproteobacteria,SAR11_clade,Clade_I,Clade_Ia,
040c0bf17667d8fbf2fcbb2ac5347bf4,Bacteria,Proteobacteria,Gammaproteobacteria,Coxiellales,Coxiellaceae,Coxiella,uncultured_gamma
baed59bd0b5ce24215761041c2257b6c,Bacteria,Bacteroidota,Bacteroidia,Flavobacteriales,Flavobacteriaceae,NS5_marine_group,uncultured_Flavobacteriaceae
6c7cd3915c4eb7f3cded66952daaa894,Bacteria,Bacteroidota,Bacteroidia,Flavobacteriales,Cryomorphaceae,uncultured,marine_metagenome
c45449c6ab9737201c16edd108ac311a,Archaea,Crenarchaeota,Nitrososphaeria,Nitrosopumilales,Nitrosopumilaceae,Candidatus_Nitrosopumilus,
12b59ae1a7268282e69854717180c3bf,Bacteria,Proteobacteria,Alphaproteobacteria,SAR11_clade,Clade_I,,
52911eb9468f0f2c7bcf796c4871cdf2,Bacteria,Bacteroidota,Bacteroidia,Flavobacteriales,NS9_marine_group,NS9_marine_group,
aee598272fc4e96b0df9ac61aad558fd,Bacteria,Bacteroidota,Bacteroidia,Flavobacteriales,Flavobacteriaceae,uncultured,uncultured_marine
7a499b70ece2fd94065ebd2786aaa95b,Bacteria,Planctomycetota,Phycisphaerae,Phycisphaerales,Phycisphaeraceae,CL500-3,uncultured_marine
b43291efe9b9e7b59d7495613d2bf61a,Bacteria,Bacteroidota,Bacteroidia,Flavobacteriales,Flavobacteriaceae,,
1ced6b6c29efb4e50c7bf4d262fa0109,Bacteria,Bacteroidota,Bacteroidia,Flavobacteriales,NS9_marine_group,NS9_marine_group,
140848bf345b1743afbe55d83633e9a3,Bacteria,Proteobacteria,Alphaproteobacteria,Rhodospirillales,AEGEAN-169_marine_group,AEGEAN-169_marine_group,
60176142604abcf433152d2880cce647,Bacteria,Proteobacteria,Gammaproteobacteria,Enterobacterales,Colwelliaceae,Colwellia,Colwellia_rossensis
5cecb9ca6a0515a6c47038b79936e774,Bacteria,Proteobacteria,Alphaproteobacteria,Sphingomonadales,Sphingomonadaceae,Sphingorhabdus,
973e67e6ef84f207f3d33f7c51506560,Bacteria,Bdellovibrionota,Bdellovibrionia,Bacteriovoracales,Bacteriovoracaceae,uncultured,
01d1d111c2d40d8bc96704b95ed6a769,Bacteria,Marinimicrobia_(SAR406_clade),Marinimicrobia_(SAR406_clade),Marinimicrobia_(SAR406_clade),Marinimicrobia_(SAR406_clade),Marinimicrobia_(SAR406_clade),uncultured_delta
5a68a4553e1b7c22eb2b84d746ad030a,Bacteria,Verrucomicrobiota,Verrucomicrobiae,Opitutales,Puniceicoccaceae,MB11C04_marine_group,
34400afa24ca198c15b52318a0a84aa4,Bacteria,Bacteroidota,Bacteroidia,Chitinophagales,uncultured,uncultured,uncultured_Bacteroidetes/Chlorobi
277d521917830d04bde58013f1b74c91,Bacteria,Proteobacteria,Alphaproteobacteria,Rhodobacterales,Rhodobacteraceae,uncultured,bacterium_RCC
6352fcb08d8118c3391b6994309b5b1f,Bacteria,Bacteroidota,Bacteroidia,Flavobacteriales,Cryomorphaceae,uncultured,metagenome
214740e5ad5cd4fda20b41602914ead9,Bacteria,Proteobacteria,Gammaproteobacteria,Thiotrichales,Thiotrichaceae,uncultured,uncultured_marine
c4aef52a76dc4545691371295d3bd0b7,Bacteria,Proteobacteria,Alphaproteobacteria,Rhodospirillales,AEGEAN-169_marine_group,AEGEAN-169_marine_group,metagenome
6e7368f03823d9270ca47ea1a60d6516,Bacteria,Bacteroidota,Bacteroidia,Flavobacteriales,Flavobacteriaceae,Formosa,
cdd671aaa22a671d4d757712cabcb12f,Bacteria,Proteobacteria,Alphaproteobacteria,Rhodobacterales,Rhodobacteraceae,Rhodobacteraceae,uncultured_Alphaproteobacteria
e007aa8ad04b6455fd8783e2b856b2b5,Bacteria,Bacteroidota,Bacteroidia,Flavobacteriales,Cryomorphaceae,uncultured,
9ff3e6b5e83904d726bc274f981cf578,Bacteria,Proteobacteria,Alphaproteobacteria,Rhodobacterales,Rhodobacteraceae,Ascidiaceihabitans,
7f86af8f0dd823dded48f2ec2c7b66f7,Bacteria,Proteobacteria,Alphaproteobacteria,Puniceispirillales,SAR116_clade,SAR116_clade,uncultured_alpha
3045a4753d57df40cbacab92e9d31f50,Bacteria,Verrucomicrobiota,Verrucomicrobiae,Opitutales,Puniceicoccaceae,MB11C04_marine_group,
9a77402e09c58688d89a00edea813371,Bacteria,Proteobacteria,Alphaproteobacteria,Rhodospirillales,AEGEAN-169_marine_group,AEGEAN-169_marine_group,
cc6c9cd4470655dcff6169bcd6a41f39,Bacteria,Proteobacteria,Alphaproteobacteria,Puniceispirillales,SAR116_clade,Candidatus_Puniceispirillum,uncultured_bacterium
10a6fae3a6546019917e1583e1f776fc,Bacteria,Desulfobacterota,Desulfobulbia,Desulfobulbales,Desulfobulbaceae,uncultured,uncultured_bacterium
51443f7a8ddbd90f2451ab3ff3a506c5,Bacteria,Proteobacteria,Gammaproteobacteria,Burkholderiales,Burkholderiaceae,Polynucleobacter,Polynucleobacter_cosmopolitanus
f3dc9a1e555cc1a810303e00ee6332f7,Bacteria,Proteobacteria,Gammaproteobacteria,Burkholderiales,Methylophilaceae,OM43_clade,
abbb8cb8a984e3b3b37c2424a98ef922,Bacteria,Bacteroidota,Bacteroidia,Flavobacteriales,Flavobacteriaceae,Aquibacter,
de4309ab7fe41c00aca608be804fbb8e,Bacteria,Proteobacteria,Gammaproteobacteria,Pseudomonadales,SAR86_clade,SAR86_clade,
bdf2fdb61106458bc980bc3038b1d54a,Archaea,Thermoplasmatota,Thermoplasmata,Marine_Group_II,Marine_Group_II,Marine_Group_II,marine_metagenome
38d7271f66427aee68ea6e2ec787a2ec,Bacteria,Bacteroidota,Bacteroidia,Bacteroidetes_VC2.1_Bac22,Bacteroidetes_VC2.1_Bac22,Bacteroidetes_VC2.1_Bac22,uncultured_Bacteroidetes
d973301ca38b3503cde8867a63926c55,Bacteria,Proteobacteria,Alphaproteobacteria,SAR11_clade,Clade_I,Clade_Ia,
2b338bf9453c3c684be73eccc2aeda5a,Bacteria,Desulfobacterota,Desulfuromonadia,PB19,PB19,PB19,uncultured_bacterium
6c8f73c563aa671f8647b5c99b51145f,Bacteria,Proteobacteria,Gammaproteobacteria,Ga0077536,Ga0077536,Ga0077536,uncultured_bacterium
080a5d1d3b80b6a2b68e21a44320270c,Bacteria,Proteobacteria,Alphaproteobacteria,Rhodobacterales,Rhodobacteraceae,,
cc20329b7714ba7c719dbf1d652028e1,Bacteria,Proteobacteria,Alphaproteobacteria,SAR11_clade,Clade_II,Clade_II,
e82d30f3184848836f24042b1c98f92d,Bacteria,Bacteroidota,Bacteroidia,Flavobacteriales,Flavobacteriaceae,Flavobacterium,
5b8d53b1bfd022f96a6d3b5b19ed7d76,Bacteria,Desulfobacterota,Desulfuromonadia,PB19,PB19,PB19,uncultured_delta
85fac69d599b38137822fd38560e4767,Bacteria,Proteobacteria,Gammaproteobacteria,Pseudomonadales,Porticoccaceae,SAR92_clade,uncultured_bacterium
0a4a1772af2596f11336ce73c6407828,Bacteria,,,,,,
363036668aa3c2e382cc59978dd86843,Archaea,Crenarchaeota,Nitrososphaeria,Nitrosopumilales,Nitrosopumilaceae,Candidatus_Nitrosopumilus,
6c8d4c0eaf01082eba4a7b271aac2a19,Bacteria,Proteobacteria,Gammaproteobacteria,Pseudomonadales,Cellvibrionaceae,,
b128616e419ae2c80df82cad2a860ed1,Bacteria,Bacteroidota,Bacteroidia,Flavobacteriales,Flavobacteriaceae,NS4_marine_group,
1ede632adbb3c210d0d413962b472d74,Bacteria,Gemmatimonadota,BD2-11_terrestrial_group,BD2-11_terrestrial_group,BD2-11_terrestrial_group,BD2-11_terrestrial_group,uncultured_Gemmatimonadetes
7481b37637ca102bb06c4c0af2f3ba31,Bacteria,Desulfobacterota,,,,,
cd9380c7b44ededda7eae84026f8b951,Bacteria,Proteobacteria,Alphaproteobacteria,SAR11_clade,Clade_II,Clade_II,
9643ae3255a72ebc7dc2c7f1500174bf,Bacteria,Bacteroidota,Rhodothermia,Balneolales,Balneolaceae,Balneola,uncultured_bacterium
2f3fbc68cc002a1eaf6fb90109a5e25f,Bacteria,Chloroflexi,Dehalococcoidia,SAR202_clade,SAR202_clade,SAR202_clade,hydrothermal_vent
bdc8386d06dffe20d71e582b2d88e623,Bacteria,Proteobacteria,Gammaproteobacteria,Pseudomonadales,Halieaceae,OM60(NOR5)_clade,
bf5c1986ccd3be62488f6fab68d9b4d2,Bacteria,Proteobacteria,Gammaproteobacteria,Burkholderiales,Alcaligenaceae,Verticiella,metagenome
c64a560758adf60138a501ba77a6f0b6,Bacteria,Proteobacteria,Gammaproteobacteria,Coxiellales,Coxiellaceae,Coxiella,uncultured_Legionellales
811c83571cf35fb77db49ba2a7c7327b,Bacteria,Proteobacteria,Gammaproteobacteria,Pseudomonadales,Halieaceae,Halioglobus,uncultured_bacterium
99c785c8eb541bbec11ac67773c5db49,Bacteria,Bacteroidota,Bacteroidia,Flavobacteriales,NS9_marine_group,NS9_marine_group,
db364b65190fb8ba5f3c12d425a414c3,Bacteria,Proteobacteria,Alphaproteobacteria,Puniceispirillales,SAR116_clade,SAR116_clade,uncultured_Rhodospirillales
0d41441cfaaa7bc4f04d62e9092da7b6,Bacteria,Actinobacteriota,Acidimicrobiia,Microtrichales,Microtrichaceae,Sva0996_marine_group,uncultured_organism
4d494cd2bdf74b8347d12ee17b62bb02,Bacteria,Bacteroidota,Bacteroidia,Flavobacteriales,NS9_marine_group,NS9_marine_group,
dd435ea4fd03b52e20b784f322ae1a59,Bacteria,Proteobacteria,Alphaproteobacteria,Rhodospirillales,Magnetospiraceae,uncultured,uncultured_bacterium
6c42aeeb73aae1457ff4843bf88d26c5,Bacteria,Proteobacteria,Gammaproteobacteria,Pseudomonadales,Moraxellaceae,Acinetobacter,
0ca36673123cd299c11823bc2f8bd460,Bacteria,Proteobacteria,Alphaproteobacteria,SAR11_clade,,,
d87e50c83f784a60ca78484672b2b4f0,Bacteria,Bacteroidota,Bacteroidia,Cytophagales,Cyclobacteriaceae,uncultured,uncultured_marine
830a0c67d46f2feda120b4551f5524f8,Bacteria,Proteobacteria,Alphaproteobacteria,Rhodobacterales,Rhodobacteraceae,,
e1091e5bfa46f78aa9a841219f5139cb,Bacteria,Bacteroidota,Bacteroidia,Flavobacteriales,Flavobacteriaceae,NS5_marine_group,uncultured_Flavobacterium
c3280de99d28b8cfb32d5cc03157e47a,Bacteria,Proteobacteria,Alphaproteobacteria,,,,
6bfc742515d8832441f75fd9911c8cbf,Bacteria,Planctomycetota,OM190,OM190,OM190,OM190,
0a2080461985bb5baea657e0347478e0,Bacteria,Myxococcota,Polyangia,Polyangiales,Sandaracinaceae,uncultured,
28f03c3ffc0cf5091691f4a71f38ac0d,Bacteria,Verrucomicrobiota,Verrucomicrobiae,Chthoniobacterales,Terrimicrobiaceae,Terrimicrobium,uncultured_bacterium
bffc6d53d65a7842190399381a626f81,Bacteria,Patescibacteria,Gracilibacteria,JGI_0000069-P22,JGI_0000069-P22,JGI_0000069-P22,uncultured_bacterium
8864b079f5239cc09035fbd80440243d,Bacteria,Proteobacteria,Gammaproteobacteria,Gammaproteobacteria_Incertae_Sedis,Unknown_Family,uncultured,
94be49c6bbfe4b93ce418d1b24181613,Bacteria,Proteobacteria,Alphaproteobacteria,Sphingomonadales,Sphingomonadaceae,Altererythrobacter,
650f1be4d8a3e2e661379f7cb00aae63,Bacteria,Bacteroidota,Bacteroidia,Flavobacteriales,Flavobacteriaceae,NS5_marine_group,seawater_metagenome
3ab9002de0218c63247ed04f4c528c20,Bacteria,Bacteroidota,Bacteroidia,Flavobacteriales,Flavobacteriaceae,NS4_marine_group,
e4d9f8bb22d7231da1393443c36923de,Bacteria,Proteobacteria,Gammaproteobacteria,Pseudomonadales,Nitrincolaceae,Marinobacterium,bacterium_WHC3-3
74f33b689bd97652d2277c85fbdaedcc,Bacteria,Bacteroidota,Bacteroidia,Flavobacteriales,NS7_marine_group,NS7_marine_group,
2635f6e3f3bee62c5b166ea36f347c87,Bacteria,Bacteroidota,Bacteroidia,Flavobacteriales,Cryomorphaceae,Vicingus,Vicingus_serpentipes
0a99af09e928cbfd3ea04bfd58d926cf,Bacteria,Proteobacteria,Gammaproteobacteria,Pseudomonadales,Moraxellaceae,Acinetobacter,
fffa90abd1c64b94a0ab93592e8e9561,Bacteria,Bacteroidota,Bacteroidia,Bacteroidales,Bacteroidetes_BD2-2,Bacteroidetes_BD2-2,uncultured_Bacteroidales
106f5ef839e043968e789c15c7d5ae4f,Bacteria,Proteobacteria,Gammaproteobacteria,Burkholderiales,Gallionellaceae,,
bad3e9e25ceba403b2030578d9ed8a22,Bacteria,Proteobacteria,Gammaproteobacteria,Pseudomonadales,Porticoccaceae,SAR92_clade,
24f2ad591d400e2d400e32d3590e4d16,Bacteria,,,,,,
3ebc468c95b225b9474534f588305dff,Bacteria,Proteobacteria,Gammaproteobacteria,Pseudomonadales,Halieaceae,OM60(NOR5)_clade,
08c4285c3816ebb7cdf6ad8bb78bad2e,Bacteria,Bacteroidota,Bacteroidia,Flavobacteriales,Cryomorphaceae,uncultured,
27a896a9e6317b6842c7014515a7f4e8,Bacteria,Proteobacteria,Alphaproteobacteria,Parvibaculales,Parvibaculaceae,uncultured,uncultured_Alphaproteobacteria
df418c5317fdf50705a5cfc66d12053e,Bacteria,Bacteroidota,Bacteroidia,Flavobacteriales,NS9_marine_group,NS9_marine_group,seawater_metagenome
fb20722a384610a8fe4ba43f3501a694,Bacteria,Proteobacteria,Gammaproteobacteria,Burkholderiales,Methylophilaceae,OM43_clade,
eed4ceb21c0205837e572c00dd439b66,Bacteria,Bacteroidota,Bacteroidia,Flavobacteriales,Flavobacteriaceae,Robiginitalea,uncultured_bacterium
26ef231049cda455e48396f5e76ad4fd,Bacteria,Verrucomicrobiota,Verrucomicrobiae,Opitutales,Opitutaceae,Cephaloticoccus,
3545261756d8261cf4340a113f1464ed,Bacteria,Bacteroidota,Bacteroidia,Flavobacteriales,Cryomorphaceae,uncultured,metagenome
e903a7cc5cd017efb62cfe1cf4f5dc2a,Bacteria,Proteobacteria,Alphaproteobacteria,SAR11_clade,Clade_I,Clade_Ia,
6828ec58e8aacd61a335b62528c718fb,Bacteria,Bacteroidota,Bacteroidia,Flavobacteriales,Flavobacteriaceae,Polaribacter,
8c1f28a6e9e564b5d030ca059715fb91,Bacteria,Planctomycetota,OM190,OM190,OM190,OM190,uncultured_marine
69264d7025a0029d95559320da02da84,Bacteria,Bacteroidota,Bacteroidia,Sphingobacteriales,NS11-12_marine_group,NS11-12_marine_group,uncultured_bacterium
98e28dc70c9f5560d56c5aef59106efe,Bacteria,Bacteroidota,Bacteroidia,Flavobacteriales,Flavobacteriaceae,NS3a_marine_group,marine_metagenome
25ae2988b524896cea82d2d98a21b9d6,Bacteria,Bacteroidota,Bacteroidia,Flavobacteriales,Flavobacteriaceae,uncultured,uncultured_Flavobacteriia
dfbf22031b0a5f0156d75195a66826e0,Bacteria,,,,,,
fe7f28adf8175b4ee82aaf65aeffd3a1,Bacteria,Proteobacteria,Alphaproteobacteria,Parvibaculales,Parvibaculaceae,uncultured,uncultured_Alphaproteobacteria
3a4e412ef4870d1ac553eecd6eeab2aa,Bacteria,Bacteroidota,Bacteroidia,Flavobacteriales,Cryomorphaceae,uncultured,uncultured_bacterium
a19777ee968d6444564f9ad8028e3066,Bacteria,Bdellovibrionota,Bdellovibrionia,Bdellovibrionales,Bdellovibrionaceae,OM27_clade,uncultured_marine
63539551fb2eca2806f9c14cd5af1d23,Bacteria,Proteobacteria,Alphaproteobacteria,Rhodospirillales,Magnetospiraceae,uncultured,alpha_proteobacterium
e2dfefcd25ee861094466520108a0544,Bacteria,Cyanobacteria,Cyanobacteriia,Synechococcales,Cyanobiaceae,Synechococcus_CC9902,
834e009fda11032576f3621ab1487f00,Bacteria,Proteobacteria,Gammaproteobacteria,Pseudomonadales,OM182_clade,OM182_clade,
6e115bddf7baff839d89b6af64ebf93c,Bacteria,Desulfobacterota,Desulfobulbia,Desulfobulbales,Desulfocapsaceae,[Desulfobacterium]_catecholicum_group,
3d72ef1ae1f770f45a26def6fc5e78b3,Bacteria,Proteobacteria,Gammaproteobacteria,Burkholderiales,Comamonadaceae,Limnohabitans,
264fdc41c37e262f3a4ad9a4bdc366ba,Bacteria,Proteobacteria,Gammaproteobacteria,Pseudomonadales,Halieaceae,OM60(NOR5)_clade,
955b455d9757444d3ec5cd116bbd5193,Bacteria,Actinobacteriota,Actinobacteria,Propionibacteriales,Propionibacteriaceae,Cutibacterium,
aa26d6835174166716a2e1a11fa3b611,Bacteria,Desulfobacterota,Desulfobacteria,Desulfobacterales,Desulfosarcinaceae,Sva0081_sediment_group,uncultured_delta
def1e308b3245f909021e09b198ec187,Bacteria,Bacteroidota,Bacteroidia,Flavobacteriales,Flavobacteriaceae,NS5_marine_group,
eee96a9057ad89dff77cc9fe3505c33b,Bacteria,Bacteroidota,Bacteroidia,Flavobacteriales,Flavobacteriaceae,NS4_marine_group,
1c0df60a9f280296b2f506c1260b326d,Bacteria,Proteobacteria,Gammaproteobacteria,Piscirickettsiales,Piscirickettsiaceae,Candidatus_Endoecteinascidia,uncultured_gamma
83cbf5b2db44ebd6f81733ed7af50dd7,Bacteria,Proteobacteria,Alphaproteobacteria,Rhodobacterales,Rhodobacteraceae,Planktomarina,
3cc65d668b98005e386b4ecbf647c1d3,Bacteria,Nitrospinota,Nitrospinia,Nitrospinales,Nitrospinaceae,LS-NOB,
eec84e2d362e15e31480143a0d799f16,Bacteria,Proteobacteria,Alphaproteobacteria,SAR11_clade,Clade_II,Clade_II,uncultured_marine
6a6f7bc85cd9750f4d2fda9b0bd987bf,Bacteria,Dadabacteria,Dadabacteriia,Dadabacteriales,Dadabacteriales,Dadabacteriales,uncultured_marine
f24f2718d28d1544c0e131701378a743,Bacteria,NB1-j,NB1-j,NB1-j,NB1-j,NB1-j,
83280373f6fb3f036c21d9c2b609564b,Bacteria,Cyanobacteria,Cyanobacteriia,Synechococcales,Cyanobiaceae,Synechococcus_CC9902,uncultured_cyanobacterium
24972a4bbe07d4ce10c8ac14e3fd280e,Bacteria,Bacteroidota,Bacteroidia,Flavobacteriales,Crocinitomicaceae,Crocinitomix,uncultured_Flavobacteriia
d8a6dd70ae69cbec6b993da35fec4f4e,Bacteria,Proteobacteria,Gammaproteobacteria,Pseudomonadales,Nitrincolaceae,Marinobacterium,
177a34b60a7a9b121b75798b49037179,Bacteria,Proteobacteria,Gammaproteobacteria,Pseudomonadales,Litoricolaceae,Litoricola,
68d258f6feb690425ce856c80dda5338,Bacteria,Proteobacteria,Alphaproteobacteria,SAR11_clade,Clade_II,Clade_II,
34280a5468ba60622682d648b80a677d,Bacteria,Proteobacteria,Alphaproteobacteria,Rhodobacterales,Rhodobacteraceae,Roseibacterium,Roseobacter_sp.
0004ac90e88c79db7658a278e601e27d,Bacteria,Proteobacteria,Alphaproteobacteria,Rhodospirillales,Rhodospirillaceae,uncultured,uncultured_Alphaproteobacteria
e2abbc852238bd772db6699c133c2d74,Bacteria,Proteobacteria,Gammaproteobacteria,Pseudomonadales,SAR86_clade,SAR86_clade,SAR86_cluster
29fa6cdec0f51a3d196a5cf7e7726ac7,Bacteria,Verrucomicrobiota,Verrucomicrobiae,Opitutales,Puniceicoccaceae,MB11C04_marine_group,uncultured_marine
7d6c80214b9bc4e56efe3a2f4c5e1f04,Bacteria,Bacteroidota,Bacteroidia,Flavobacteriales,Flavobacteriaceae,Winogradskyella,
3f03bee0eb2aa738f629d2ed3a731658,Bacteria,Bacteroidota,Bacteroidia,Flavobacteriales,Flavobacteriaceae,NS2b_marine_group,
d0ee8ed943f3e8d90302548e24b2ba6e,Bacteria,Proteobacteria,Alphaproteobacteria,Rhodobacterales,Rhodobacteraceae,,
0a6a10e28cb6f4d4fcd3d724d9efdab6,Bacteria,Proteobacteria,Alphaproteobacteria,Rickettsiales,Fokiniaceae,MD3-55,uncultured_bacterium
f3bc0ccd0926a354a242a4d88e4c8ca5,Bacteria,Verrucomicrobiota,Verrucomicrobiae,Arctic97B-4_marine_group,Arctic97B-4_marine_group,Arctic97B-4_marine_group,uncultured_organism
4b761c225e815b1ee3973a55bc693b9e,Bacteria,Bacteroidota,Bacteroidia,Flavobacteriales,Crocinitomicaceae,Fluviicola,
651ac4df90350cf4aea72225ebd3a8ac,Bacteria,Actinobacteriota,Acidimicrobiia,Microtrichales,Ilumatobacteraceae,Ilumatobacter,
5f237aff9876c553f58a51e1bfdd82ed,Bacteria,Bacteroidota,Bacteroidia,Sphingobacteriales,NS11-12_marine_group,NS11-12_marine_group,
bcb452aa6bb6564dfd9e48ad89a655bb,Bacteria,Proteobacteria,Alphaproteobacteria,Sphingomonadales,Sphingomonadaceae,Altererythrobacter,
07e6d42e8d84ffd89d640e1d9b6fd55e,Bacteria,Proteobacteria,Gammaproteobacteria,Enterobacterales,Shewanellaceae,Shewanella,
e776966a81302798aad8dda0eb1c728f,Bacteria,Bacteroidota,Bacteroidia,Flavobacteriales,Flavobacteriaceae,uncultured,Bacteroidetes_bacterium
7cce4155ba030d5576e3df4c4306819e,Bacteria,Planctomycetota,Planctomycetes,Gemmatales,Gemmataceae,uncultured,bacterium_enrichment
17b45b5db43cc23b2636fd320ad7847c,Bacteria,Actinobacteriota,Actinobacteria,Propionibacteriales,Propionibacteriaceae,uncultured,
b6c1c03aed187aab8a64735f94e7127c,Bacteria,Bacteroidota,Bacteroidia,Flavobacteriales,Cryomorphaceae,uncultured,marine_metagenome
d6fdd932dadedd0786810ed39976c053,Bacteria,Planctomycetota,Planctomycetes,Planctomycetales,Rubinisphaeraceae,uncultured,uncultured_organism
8f48e87ca6c7153572a9b66f82b9f69c,Bacteria,Planctomycetota,Pla3_lineage,Pla3_lineage,Pla3_lineage,Pla3_lineage,
bc41a1422717bda3ac3dbd7512ecd3bf,Bacteria,Bacteroidota,Bacteroidia,Flavobacteriales,Cryomorphaceae,uncultured,uncultured_Owenweeksia
077fa0c6e4ba6384b1829c7b6a7abbc3,Bacteria,Desulfobacterota,Desulfobacteria,Desulfobacterales,Desulfosarcinaceae,Sva0081_sediment_group,uncultured_delta
df3b807114c0be1572168d03d1401140,Bacteria,Verrucomicrobiota,Verrucomicrobiae,Opitutales,Puniceicoccaceae,MB11C04_marine_group,uncultured_bacterium
2f89a1afec8b702dee58accc8116bb26,Bacteria,Campylobacterota,Campylobacteria,Campylobacterales,Arcobacteraceae,Pseudarcobacter,uncultured_Arcobacter
7fc43709588ad7318f494d634238dc60,Archaea,Thermoplasmatota,Thermoplasmata,Marine_Group_II,Marine_Group_II,Marine_Group_II,
6d54cb12142e11e4b13fb2e5d1d35d2c,Bacteria,Proteobacteria,Alphaproteobacteria,Sphingomonadales,Sphingomonadaceae,Sphingomonas,
f53c8dbc431d406b1dba6fa44858f97c,Bacteria,Bacteroidota,Bacteroidia,Flavobacteriales,Flavobacteriaceae,uncultured,marine_metagenome
bd093f2fa2993d744c90dcdb62d30d85,Bacteria,Proteobacteria,Alphaproteobacteria,SAR11_clade,Clade_II,Clade_II,
65d0a142ae95ee2a6ce3b775b61dbe90,Bacteria,Planctomycetota,Planctomycetes,Gemmatales,Gemmataceae,uncultured,uncultured_bacterium
a3b398232d3af29a45c9c3ff948a9eaf,Bacteria,Proteobacteria,Alphaproteobacteria,SAR11_clade,Clade_I,Clade_Ia,
e1e8a75c3521b3d26a823c76b7683938,Bacteria,Proteobacteria,Gammaproteobacteria,Pseudomonadales,KI89A_clade,KI89A_clade,uncultured_marine
2ce66e778729d6912eb0fd60536c2b52,Bacteria,SAR324_clade(Marine_group_B),SAR324_clade(Marine_group_B),SAR324_clade(Marine_group_B),SAR324_clade(Marine_group_B),SAR324_clade(Marine_group_B),
1282e96d14f740c45e4c0a598d60e9cd,Bacteria,Bacteroidota,Bacteroidia,Flavobacteriales,NS9_marine_group,NS9_marine_group,
d4a60c885f4a1b9cb5ee75b7180e34cd,Bacteria,Proteobacteria,Gammaproteobacteria,Pseudomonadales,SAR86_clade,SAR86_clade,bacterium_WHC4-9
cb2abcfddfdc6b397d9437301796ea8e,Bacteria,Bacteroidota,Bacteroidia,Flavobacteriales,Cryomorphaceae,uncultured,
c5ca9baf9de5a4b12de2c7ee2c1fb08e,Bacteria,Actinobacteriota,Actinobacteria,Micrococcales,Microbacteriaceae,Candidatus_Aquiluna,uncultured_bacterium
f77829ccb728de535a7cee982ac815fa,Bacteria,Proteobacteria,Alphaproteobacteria,Rhodobacterales,Rhodobacteraceae,,
1e356af563ee98fbec80420c9632ffaf,Bacteria,Bacteroidota,Bacteroidia,Flavobacteriales,Flavobacteriaceae,uncultured,
e2c4e746ccf92721b4562cddd0a0c69f,Bacteria,Bacteroidota,Bacteroidia,Flavobacteriales,NS7_marine_group,NS7_marine_group,uncultured_organism
7496db0988d8000687342e6b6983fc07,Bacteria,Proteobacteria,Alphaproteobacteria,Rhodobacterales,Rhodobacteraceae,Tateyamaria,uncultured_marine
8afaf5a1de92e15020fb5760a78b7654,Bacteria,Proteobacteria,Alphaproteobacteria,Defluviicoccales,uncultured,uncultured,uncultured_organism
07cb7dbf18feb8482016da1706079ae2,Bacteria,SAR324_clade(Marine_group_B),SAR324_clade(Marine_group_B),SAR324_clade(Marine_group_B),SAR324_clade(Marine_group_B),SAR324_clade(Marine_group_B),uncultured_marine
53a1ab57ff133c23bc324097c4af2f61,Bacteria,Proteobacteria,Gammaproteobacteria,Francisellales,Francisellaceae,Francisella,uncultured_bacterium
f1e3c890a8d83f7592d219968304fc22,Bacteria,Firmicutes,Clostridia,Lachnospirales,Defluviitaleaceae,Defluviitaleaceae_UCG-011,
911c6a1fed6de29ab7dad135ac95eb49,Bacteria,Bacteroidota,Bacteroidia,Flavobacteriales,Flavobacteriaceae,uncultured,uncultured_marine
b888b6ede1e3d3c8cac07979745075e1,Bacteria,Proteobacteria,Alphaproteobacteria,Rhodobacterales,Rhodobacteraceae,Yoonia-Loktanella,Thalassobium_sp.
7584c377d552bcada172b0176d92ccd8,Bacteria,Proteobacteria,Gammaproteobacteria,Enterobacterales,Enterobacteriaceae,,
748393f4cea55c873461a352715a99fb,Bacteria,Proteobacteria,Alphaproteobacteria,Rhodospirillales,Magnetospiraceae,uncultured,
c054d26457ea5865ba722e0143be03c1,Bacteria,Proteobacteria,Alphaproteobacteria,Rhizobiales,Stappiaceae,Stappiaceae,uncultured_bacterium
194301290f9544f1c82c93da8e538e81,Bacteria,Proteobacteria,Alphaproteobacteria,SAR11_clade,Clade_III,Clade_III,
c13de616269aead58cdf555b9689135a,Bacteria,Proteobacteria,Alphaproteobacteria,Rhodospirillales,AEGEAN-169_marine_group,AEGEAN-169_marine_group,uncultured_Alphaproteobacteria
62cbfbfa819f6572da1e7284b4dd6ffb,Bacteria,Bacteroidota,Bacteroidia,Sphingobacteriales,NS11-12_marine_group,NS11-12_marine_group,uncultured_Flexibacteraceae
8cc06cf7220aca0e6b360730f780ef09,Bacteria,Proteobacteria,Alphaproteobacteria,Rhizobiales,Stappiaceae,Stappiaceae,uncultured_bacterium
aade94ed0cc99152e2ebd61b41230cd7,Bacteria,Proteobacteria,Gammaproteobacteria,Pseudomonadales,Porticoccaceae,SAR92_clade,
16c7a11c914eb586ad84feeee5242da0,Bacteria,Desulfobacterota,Desulfobacteria,Desulfobacterales,Desulfosarcinaceae,,
7a81444441ec365a789c22e3da555628,Bacteria,Bacteroidota,Bacteroidia,Sphingobacteriales,NS11-12_marine_group,NS11-12_marine_group,uncultured_marine
4de8cefb04a292bf2aa9ec30d64de83c,Bacteria,Bacteroidota,Bacteroidia,Flavobacteriales,Flavobacteriaceae,uncultured,marine_metagenome
91ac0d33e4ae0fe5894c9722eb857374,Bacteria,Proteobacteria,Gammaproteobacteria,Piscirickettsiales,Piscirickettsiaceae,Candidatus_Endoecteinascidia,uncultured_bacterium
32da7109aee48064fd1261a35ed95ddc,Bacteria,Proteobacteria,Gammaproteobacteria,Pseudomonadales,Pseudohongiellaceae,Pseudohongiella,uncultured_gamma
9d6587b04964bdbcf732efa8b15d80ae,Bacteria,Cyanobacteria,Cyanobacteriia,Synechococcales,Cyanobiaceae,Synechococcus_CC9902,uncultured_cyanobacterium
b41c6830410431628784d1dfcd522aea,Bacteria,Proteobacteria,Alphaproteobacteria,SAR11_clade,,,
0baaa5793ff42a9f6919bf6d2f17ca53,Bacteria,Bdellovibrionota,Bdellovibrionia,Bdellovibrionales,Bdellovibrionaceae,OM27_clade,
52b05a3ca275bb30f20cdcdf0307bea0,Bacteria,Proteobacteria,Gammaproteobacteria,Enterobacterales,Shewanellaceae,Shewanella,
37f12e49de7268aa3b6146588a4e94cc,Bacteria,Proteobacteria,Gammaproteobacteria,Burkholderiales,Comamonadaceae,Limnohabitans,
5973e7c352177861a62269b203479550,Bacteria,Proteobacteria,Gammaproteobacteria,Burkholderiales,Comamonadaceae,RS62_marine_group,
6d61e69c1d753d003cb643eb9d644bd6,Bacteria,Proteobacteria,Gammaproteobacteria,Pseudomonadales,OM182_clade,OM182_clade,seawater_metagenome
c0b76b3591d78aee8f11674a02917ecc,Bacteria,Proteobacteria,Gammaproteobacteria,UBA10353_marine_group,UBA10353_marine_group,UBA10353_marine_group,
35abcd9069f9b4dd7d2bd65e9e150be0,Bacteria,Proteobacteria,Gammaproteobacteria,Pseudomonadales,Pseudohongiellaceae,Pseudohongiella,
92109da6bcad339a179455383dff4636,Bacteria,Bacteroidota,Bacteroidia,Flavobacteriales,NS9_marine_group,NS9_marine_group,uncultured_Flavobacteriia
d2c1e2853cc800662f27fd023dc3b621,Archaea,Thermoplasmatota,Thermoplasmata,Marine_Group_II,Marine_Group_II,Marine_Group_II,marine_metagenome
53eb1803f829ed0580710476434d54df,Bacteria,Proteobacteria,Alphaproteobacteria,Rhodospirillales,Magnetospiraceae,uncultured,uncultured_marine
5042e5f1739e431d7dc1370360b645b7,Bacteria,Proteobacteria,Alphaproteobacteria,Rhodospirillales,Magnetospiraceae,Magnetospira,uncultured_bacterium
819bc31939b61294cb5b05b491a6e069,Bacteria,Proteobacteria,Gammaproteobacteria,Coxiellales,Coxiellaceae,Coxiella,uncultured_bacterium
4de0644fa933c60f37010494a124dffa,Archaea,Thermoplasmatota,Thermoplasmata,Marine_Group_II,Marine_Group_II,Marine_Group_II,marine_metagenome
e893d97d3ac083b4750a0a7246d8b93b,Bacteria,Firmicutes,Clostridia,Oscillospirales,Ruminococcaceae,Faecalibacterium,
9ea9b6eee293f3571704da583595abe4,Bacteria,Bdellovibrionota,Bdellovibrionia,Bdellovibrionales,Bdellovibrionaceae,OM27_clade,uncultured_delta
f699b96d034b2934d3037fa4462a6f4b,Bacteria,Proteobacteria,Alphaproteobacteria,SAR11_clade,Clade_I,Clade_Ia,
9da04ff16cc798fb9c8028f68bdb45c0,Bacteria,Proteobacteria,Gammaproteobacteria,Enterobacterales,Vibrionaceae,Vibrio,
3d71c76169ef04b8e00d65b759152de9,Bacteria,Bacteroidota,Bacteroidia,Flavobacteriales,NS7_marine_group,NS7_marine_group,uncultured_bacterium
e0b6e02157f57ef16148a078d6b31cde,Bacteria,Proteobacteria,Gammaproteobacteria,Enterobacterales,Aeromonadaceae,Tolumonas,
387f80c7204ee7fcb847b8a12054f212,Bacteria,Proteobacteria,Alphaproteobacteria,Rhodobacterales,Rhodobacteraceae,Roseovarius,Pelagicola_sp.
a0def7c5bfb125e4869a0a9748d92819,Bacteria,Desulfobacterota,Desulfobacteria,Desulfobacterales,Desulfosarcinaceae,uncultured,
305d44382908bf903c550ec0c3ef78b0,Bacteria,Planctomycetota,OM190,OM190,OM190,OM190,marine_metagenome
4d7ad9011422885a23e41eb8815ab3fd,Bacteria,NB1-j,NB1-j,NB1-j,NB1-j,NB1-j,hydrothermal_vent
e4cd1f7a321414a2afe536ff3712aa36,Bacteria,NB1-j,NB1-j,NB1-j,NB1-j,NB1-j,
a5fe4280797f0a6cb6b559cac086ed72,Bacteria,Proteobacteria,Gammaproteobacteria,Burkholderiales,Methylophilaceae,OM43_clade,
aa84881b65a57dcefcccfc4e75611a30,Bacteria,Proteobacteria,Alphaproteobacteria,Rhodobacterales,Rhodobacteraceae,Ascidiaceihabitans,
9e080386c6672bfab8004f50244ddb27,Bacteria,Proteobacteria,Gammaproteobacteria,Pseudomonadales,SAR86_clade,SAR86_clade,
cf229ef41718b8e5ac67d12e01c342c5,Bacteria,Actinobacteriota,Actinobacteria,Frankiales,Sporichthyaceae,Sporichthyaceae,metagenome
1d670c90fa67361d504a538f81d09d35,Bacteria,Verrucomicrobiota,Verrucomicrobiae,Opitutales,Puniceicoccaceae,MB11C04_marine_group,
6b40431a84a5883b15ea14bd1a6f8953,Bacteria,Verrucomicrobiota,Verrucomicrobiae,Opitutales,Puniceicoccaceae,MB11C04_marine_group,
b6173f50bd4286d4915a088231dbd3f2,Bacteria,Bacteroidota,Bacteroidia,Flavobacteriales,Flavobacteriaceae,NS3a_marine_group,uncultured_bacterium
ef9552dc12503f0165a7013049c33138,Bacteria,Desulfobacterota,Desulfobulbia,Desulfobulbales,Desulfocapsaceae,,
56f99e0f121009a100063ac65c53dc15,Bacteria,Actinobacteriota,Actinobacteria,Frankiales,Sporichthyaceae,hgcI_clade,Candidatus_Planktophila
fc1e065e4e67ce880c96b02f0188b44b,Bacteria,Bacteroidota,Bacteroidia,Flavobacteriales,Cryomorphaceae,uncultured,metagenome
395fd6c65bf00188737cd5d952fe6cb1,Bacteria,Desulfobacterota,Desulfobacteria,Desulfobacterales,Desulfosarcinaceae,LCP-80,uncultured_delta
e0fdae7be24fa322820c0a326bde3753,Bacteria,Actinobacteriota,Actinobacteria,PeM15,PeM15,PeM15,metagenome
875838f674495be60aa87eef23dd583b,Bacteria,Proteobacteria,Alphaproteobacteria,Rickettsiales,Rickettsiaceae,Candidatus_Megaira,uncultured_bacterium
8c5888a50d37cde6850b227221d93b75,Bacteria,Bacteroidota,Bacteroidia,Chitinophagales,Saprospiraceae,uncultured,uncultured_bacterium
273aad3296dd155af312d69ee0074bc7,Bacteria,Bacteroidota,Bacteroidia,Flavobacteriales,Flavobacteriaceae,NS4_marine_group,uncultured_Flavobacteriaceae
0f3e18c5f1c3eeb98e7b06bd7951dd16,Bacteria,Proteobacteria,Gammaproteobacteria,Gammaproteobacteria_Incertae_Sedis,Unknown_Family,uncultured,
2f50ef74f05f68e405042ad71fa738ed,Bacteria,Verrucomicrobiota,Verrucomicrobiae,Opitutales,Puniceicoccaceae,Lentimonas,uncultured_marine
a69cf309176f956b53f73c593fab2dd0,Bacteria,Proteobacteria,Gammaproteobacteria,Pseudomonadales,KI89A_clade,KI89A_clade,
379a271f3a4ed0fdae1211f929c1395d,Bacteria,Verrucomicrobiota,Verrucomicrobiae,Verrucomicrobiales,Rubritaleaceae,Rubritalea,uncultured_bacterium
d95f86c1dc87a7f48c0957b3b29ed48f,Bacteria,Desulfobacterota,Desulfobacteria,Desulfobacterales,Desulfosarcinaceae,SEEP-SRB1,
e6c792caa2db019d94be47edfd867aba,Bacteria,Proteobacteria,Gammaproteobacteria,Francisellales,Francisellaceae,[Caedibacter]_taeniospiralis_group,uncultured_bacterium
3514abc5082c244e2a420a3cb91e7e40,Bacteria,Bacteroidota,Bacteroidia,Bacteroidales,Bacteroidaceae,Bacteroides,Bacteroides_vulgatus
2aef51473262e1185e38fb5f731d8952,Bacteria,Firmicutes,Bacilli,Lactobacillales,Lactobacillaceae,Lactobacillus,Lactobacillus_delbrueckii
e4c7037d6386c2eb315c10a5c43e14fa,Bacteria,Desulfobacterota,Desulfuromonadia,PB19,PB19,PB19,uncultured_delta
04fa449741f3e89419cd695047df7d9d,Archaea,Crenarchaeota,Nitrososphaeria,Nitrosopumilales,Nitrosopumilaceae,Candidatus_Nitrosopumilus,
53d6d9d08594fb343837ebcb2f4bd3db,Bacteria,Desulfobacterota,Desulfobulbia,Desulfobulbales,Desulfocapsaceae,,
b67e954f5d292724ac3f1a12f2e8de6c,Bacteria,Verrucomicrobiota,Verrucomicrobiae,Opitutales,Opitutaceae,Diplosphaera,uncultured_bacterium
72829e5cac69b20e7c610ba5db967f7c,Bacteria,Bacteroidota,Bacteroidia,Flavobacteriales,Flavobacteriaceae,NS4_marine_group,uncultured_Flavobacteriaceae
37ecf2585d49d9211e48014ba9b0ab5b,Bacteria,Bacteroidota,Bacteroidia,Flavobacteriales,NS9_marine_group,NS9_marine_group,uncultured_Flavobacteriia
65e071c0036a02067d4aedd8ce2b0dcd,Bacteria,Proteobacteria,Alphaproteobacteria,Rhodobacterales,Rhodobacteraceae,Ascidiaceihabitans,
fa6387b4227506fb0e57137f6eecca60,Bacteria,Bacteroidota,Bacteroidia,Flavobacteriales,Flavobacteriaceae,NS5_marine_group,
ca869506764ce47ccd46c75401bc19f3,Bacteria,Proteobacteria,Gammaproteobacteria,Pseudomonadales,Halieaceae,OM60(NOR5)_clade,
ea07fd2d58fa4fa3c135cbd7c5e6f023,Bacteria,Verrucomicrobiota,Verrucomicrobiae,Opitutales,Puniceicoccaceae,Coraliomargarita,
c245d82454a2a4ead14c40ae1fafbb4b,Bacteria,Bacteroidota,Bacteroidia,Flavobacteriales,Crocinitomicaceae,Fluviicola,uncultured_bacterium
746596110c7761995e1bce12c0061dac,Bacteria,Proteobacteria,Alphaproteobacteria,SAR11_clade,Clade_I,Clade_Ib,
4fa0249d4ce6c9b85341b48cb7752af8,Bacteria,Proteobacteria,Alphaproteobacteria,Parvibaculales,PS1_clade,PS1_clade,uncultured_bacterium
1fc3e640ff28cfa4748ab6ecf9c1044a,Bacteria,Verrucomicrobiota,Verrucomicrobiae,Opitutales,Puniceicoccaceae,MB11C04_marine_group,
560986016894c9b1847a1a90483bd5f3,Bacteria,Bacteroidota,Bacteroidia,Flavobacteriales,NS7_marine_group,NS7_marine_group,uncultured_marine
eae17abbd12b041b6e0413e7f3598f5e,Bacteria,Bacteroidota,Bacteroidia,Flavobacteriales,NS9_marine_group,NS9_marine_group,
23b72d8203270cf85f6dd603013f879c,Bacteria,Proteobacteria,Alphaproteobacteria,Puniceispirillales,SAR116_clade,SAR116_clade,uncultured_alpha
75f8d4627887a6521f74ca4addbc892a,Bacteria,Bacteroidota,Bacteroidia,Bacteroidetes_VC2.1_Bac22,Bacteroidetes_VC2.1_Bac22,Bacteroidetes_VC2.1_Bac22,
cca7e8354fafcd9263435ecc1397b598,Bacteria,Bacteroidota,Bacteroidia,Flavobacteriales,Flavobacteriaceae,NS3a_marine_group,
df7f0525487605998825d750abfd3677,Bacteria,Proteobacteria,Alphaproteobacteria,uncultured,uncultured,uncultured,uncultured_marine
633d07a591ad6f492a47535b285dddea,Bacteria,Proteobacteria,Gammaproteobacteria,Pseudomonadales,Moraxellaceae,Acinetobacter,
b3d5730a50c2f9472df4d82fdfd907f7,Bacteria,Proteobacteria,Gammaproteobacteria,Pseudomonadales,Pseudohongiellaceae,Pseudohongiella,
bdf71b1de9f43d66baeca7c7d3e3b430,Bacteria,Bacteroidota,Bacteroidia,Flavobacteriales,Flavobacteriaceae,NS5_marine_group,uncultured_Bacteroidetes
1d35bf3cfef13a9d8c530fba66a6a3da,Bacteria,Desulfobacterota,Desulfobulbia,Desulfobulbales,Desulfocapsaceae,uncultured,
6b56095fb75059703240760a315aa969,Bacteria,Bacteroidota,Bacteroidia,Chitinophagales,Saprospiraceae,uncultured,uncultured_Bacteroidetes
b8a6c229716e6e26a49b48611ae2833a,Bacteria,Bacteroidota,Bacteroidia,Bacteroidales,Bacteroidaceae,Bacteroides,Bacteroides_vulgatus
de683ad720155623122bbf190568865b,Bacteria,Bdellovibrionota,Bdellovibrionia,Bdellovibrionales,Bdellovibrionaceae,OM27_clade,
615296545e18021aef166119635ab376,Bacteria,Bacteroidota,Bacteroidia,Flavobacteriales,Flavobacteriaceae,Salegentibacter,
ae5d9e71a49baa56df6a3c8c726ec21c,Bacteria,Bacteroidota,Bacteroidia,Sphingobacteriales,NS11-12_marine_group,NS11-12_marine_group,uncultured_marine
ec3de6e6426a0ca9297d76d6cd8be9ed,Bacteria,Actinobacteriota,Actinobacteria,Micrococcales,Microbacteriaceae,ML602J-51,uncultured_bacterium
2ea1ba3909e0e8e60c4ec35bafee3a15,Bacteria,Proteobacteria,Alphaproteobacteria,Rhodobacterales,Rhodobacteraceae,Lentibacter,
fcf5a19a20080401df345ba64cde1478,Bacteria,Proteobacteria,Alphaproteobacteria,Rhodospirillales,Magnetospiraceae,uncultured,uncultured_bacterium
bcb89749af4ab2fb87f5fa449d5f2b3f,Bacteria,Proteobacteria,Alphaproteobacteria,Paracaedibacterales,Paracaedibacteraceae,uncultured,uncultured_bacterium
578fc5f8590053333e58293c1e742bba,Bacteria,Marinimicrobia_(SAR406_clade),Marinimicrobia_(SAR406_clade),Marinimicrobia_(SAR406_clade),Marinimicrobia_(SAR406_clade),Marinimicrobia_(SAR406_clade),marine_metagenome
ca747a90b02b597725de60e769fdfbcd,Bacteria,Proteobacteria,Gammaproteobacteria,Pseudomonadales,Spongiibacteraceae,BD1-7_clade,uncultured_gamma
6255713e2fcbdaab842287930f32f3ef,Bacteria,Bdellovibrionota,Bdellovibrionia,Bacteriovoracales,Bacteriovoracaceae,uncultured,uncultured_delta
7c9cfd8b49e7eae5f4c3b9cdd1ec46f3,Bacteria,Bacteroidota,Bacteroidia,Flavobacteriales,Flavobacteriaceae,NS5_marine_group,
fd0c7ff5dc8c713c47b342b6c5187a0b,Bacteria,Desulfobacterota,Desulfobacteria,Desulfobacterales,Desulfobacteraceae,Desulfoconvexum,
e377fab4b09068ea0c5a261609b6f29c,Bacteria,Bacteroidota,Bacteroidia,Flavobacteriales,NS9_marine_group,NS9_marine_group,
148c310d5b16dea5a88485a0dfde48f0,Bacteria,Actinobacteriota,Acidimicrobiia,Microtrichales,Ilumatobacteraceae,Ilumatobacter,
ed5b9fb51e64956d29d544485991c4e5,Bacteria,Bacteroidota,Bacteroidia,Flavobacteriales,Flavobacteriaceae,Flavobacterium,Flavobacterium_sasangense
5c299180c2f7c85597106c2c191b328c,Bacteria,Proteobacteria,Gammaproteobacteria,Pseudomonadales,Saccharospirillaceae,,
297836375c1b3d14e28e44f72fe396e4,Bacteria,Desulfobacterota,Desulfobacteria,Desulfobacterales,Desulfosarcinaceae,Sva0081_sediment_group,uncultured_delta
66ae43087663552537c297efea45e83b,Bacteria,Bacteroidota,Bacteroidia,Flavobacteriales,NS9_marine_group,NS9_marine_group,uncultured_Bacteroidetes/Chlorobi
cb4594f2ef6d977886b85f1d9e1c95db,Bacteria,Proteobacteria,Gammaproteobacteria,Burkholderiales,Nitrosomonadaceae,Nitrosomonas,uncultured_Nitrosospira
4e27cff3d283e00da63c885182e9ad07,Bacteria,Verrucomicrobiota,Verrucomicrobiae,Opitutales,Puniceicoccaceae,Lentimonas,uncultured_bacterium
4cbc2bc0c00c77552a8e0c08974e24ee,Bacteria,Proteobacteria,Gammaproteobacteria,Thiomicrospirales,Thiomicrospiraceae,endosymbionts,
41f52818fd46325fe35b740aefe5956a,Bacteria,Bacteroidota,Bacteroidia,Flavobacteriales,Crocinitomicaceae,Fluviicola,
f15deccbdad0d6714891b82ec2d46af6,Bacteria,Bacteroidota,Bacteroidia,Cytophagales,Cyclobacteriaceae,Algoriphagus,Algoriphagus_namhaensis
f8950457545b7a0a2d5ff1cd0cc783f5,Bacteria,Firmicutes,Bacilli,Acholeplasmatales,Acholeplasmataceae,Acholeplasma,uncultured_marine
96f2f6a30048c2a58b5b511d8fc1226c,Bacteria,Bacteroidota,Bacteroidia,Flavobacteriales,Crocinitomicaceae,uncultured,uncultured_Brumimicrobium
45194ef7659f8cc53af0f97fb9e7a51d,Bacteria,Proteobacteria,Alphaproteobacteria,SAR11_clade,,,
392389a140814d9bdc1a4eeadd225fc7,Bacteria,Proteobacteria,Alphaproteobacteria,SAR11_clade,Clade_II,Clade_II,
df145c7a8f525102e025d0fad224fd50,Bacteria,Verrucomicrobiota,Verrucomicrobiae,Verrucomicrobiales,DEV007,DEV007,
d8bbf94ec09c098a20be3b333183e525,Bacteria,Proteobacteria,Gammaproteobacteria,Thiotrichales,Thiotrichaceae,uncultured,uncultured_sediment
3c49cd245358eb7d25051a0f752547d7,Bacteria,Proteobacteria,Alphaproteobacteria,SAR11_clade,Clade_II,Clade_II,
c219fd341bd7eb7cc49147ac85c63152,Bacteria,Proteobacteria,Alphaproteobacteria,Puniceispirillales,SAR116_clade,SAR116_clade,uncultured_Oceanibaculum
9320165a41bcbad15e5a5494cdad92d9,Bacteria,Proteobacteria,Gammaproteobacteria,Burkholderiales,Comamonadaceae,RS62_marine_group,
48cf69c5881e9aa87e82db5bc4002289,Archaea,Crenarchaeota,Nitrososphaeria,Nitrosopumilales,Nitrosopumilaceae,Candidatus_Nitrosopumilus,
0f945501d53b77fed2fd541e64671404,Bacteria,Proteobacteria,Gammaproteobacteria,Pseudomonadales,Spongiibacteraceae,BD1-7_clade,
13cf8dc9987ad0954285ca8b14fdc409,Bacteria,Bacteroidota,Bacteroidia,Flavobacteriales,Crocinitomicaceae,Crocinitomix,unidentified_marine
85be7a34c9febd470fb14db47afdd10a,Bacteria,Bacteroidota,Bacteroidia,Flavobacteriales,Flavobacteriaceae,Lutimonas,Lutimonas_saemankumensis
e5230dd434cf2e99d657fe27557f7e3f,Bacteria,Proteobacteria,Gammaproteobacteria,Pseudomonadales,Pseudohongiellaceae,Pseudohongiella,
3285395ee56223b04c6c7257c74c7d70,Bacteria,Proteobacteria,Gammaproteobacteria,Pseudomonadales,Litoricolaceae,Litoricola,
7e9e6f426a682aca20e43a3f7ba7ac8a,Bacteria,Sva0485,Sva0485,Sva0485,Sva0485,Sva0485,metagenome
818059250051cbeed907f89c3bbb69e7,Bacteria,Proteobacteria,Alphaproteobacteria,Rhodobacterales,Rhodobacteraceae,,
dc422528cd5b179341812c31d08e4427,Archaea,Crenarchaeota,Nitrososphaeria,Nitrosopumilales,Nitrosopumilaceae,Candidatus_Nitrosopumilus,
bfaf7ce34b2b534fdcddf06f903c7ece,Bacteria,Bacteroidota,Rhodothermia,Balneolales,Balneolaceae,Balneola,uncultured_bacterium
c2ea8bbb5019fc24f8e0c0dd24c37848,Bacteria,Bacteroidota,Bacteroidia,Flavobacteriales,Flavobacteriaceae,uncultured,uncultured_marine
5acf2f8e78a4299e0bf451f4709cfc92,Bacteria,Proteobacteria,Gammaproteobacteria,Pseudomonadales,SAR86_clade,SAR86_clade,uncultured_Oceanospirillales
ee9f5e9866cd9757783d0afb55c66f26,Bacteria,Actinobacteriota,Actinobacteria,PeM15,PeM15,PeM15,
affb495e8da4aacd8bf0659b496b8043,Bacteria,Proteobacteria,Gammaproteobacteria,uncultured,uncultured,uncultured,uncultured_Sinobacteraceae
156fb0655d040303eefc84365dbfa96e,Bacteria,Bacteroidota,Bacteroidia,Bacteroidales,Prevotellaceae,Prevotella_9,
da51b7d34ed3fe58872ebae034872868,Bacteria,Bacteroidota,Bacteroidia,Flavobacteriales,Flavobacteriaceae,NS5_marine_group,
e011ebe13c11defd91556399c28d684a,Bacteria,Proteobacteria,Gammaproteobacteria,Pseudomonadales,Nitrincolaceae,Marinobacterium,Marinobacterium_marisflavi
4a44135aa2beaf9e8d83ba5921e0034a,Bacteria,Planctomycetota,Planctomycetes,Planctomycetales,Gimesiaceae,uncultured,
27b97f6a8f3b1bb40fb41fcaf8416a13,Bacteria,Planctomycetota,Planctomycetes,Pirellulales,Pirellulaceae,Blastopirellula,
9c933e37ca6adf559ade259abd560f31,Bacteria,Proteobacteria,Alphaproteobacteria,Rhodobacterales,Rhodobacteraceae,uncultured,
554bc637f00fdc934e35f4a5fa27e2b2,Bacteria,Dadabacteria,Dadabacteriia,Dadabacteriales,Dadabacteriales,Dadabacteriales,uncultured_marine
8dc5084fffd988e23ec3a6b93c55282a,Bacteria,Proteobacteria,Gammaproteobacteria,Pseudomonadales,Pseudomonadaceae,Pseudomonas,
0860980ee410a804cc822f9b78df093c,Bacteria,Bacteroidota,Bacteroidia,Flavobacteriales,Flavobacteriaceae,Lutimonas,uncultured_bacterium
809007b5ca3028a65cd5006226d19117,Bacteria,Planctomycetota,Phycisphaerae,Phycisphaerales,Phycisphaeraceae,JL-ETNP-F27,uncultured_bacterium
0c3e721b9f065680e1a269221d132001,Bacteria,Bacteroidota,Bacteroidia,Flavobacteriales,NS9_marine_group,NS9_marine_group,uncultured_bacterium
84d8daaecc5ed20e08397dc71bd09885,Bacteria,Proteobacteria,Gammaproteobacteria,HOC36,HOC36,HOC36,
8117665f177570b0010cdbd93c384474,Bacteria,Desulfobacterota,Desulfuromonadia,PB19,PB19,PB19,uncultured_bacterium
49bd5d4f47f23e4b1167ba7b488daaa4,Bacteria,Desulfobacterota,Desulfobulbia,Desulfobulbales,Desulfobulbaceae,uncultured,uncultured_bacterium
dcb95cab0efd9fb4d1303d198f051eff,Bacteria,Proteobacteria,Gammaproteobacteria,Pseudomonadales,SAR86_clade,SAR86_clade,bacterium_WHC4-9
766db580530b2882bc6f72ac724288f3,Bacteria,Proteobacteria,Gammaproteobacteria,Francisellales,Francisellaceae,Francisella,uncultured_bacterium
446b29491f96319362f588ab775a2801,Bacteria,Proteobacteria,Gammaproteobacteria,Pseudomonadales,SAR86_clade,SAR86_clade,uncultured_bacterium
aa92e68d8a5d725cd0674041624317b5,Bacteria,Bacteroidota,Bacteroidia,Sphingobacteriales,NS11-12_marine_group,NS11-12_marine_group,uncultured_marine
df18b4984b5853a78dfda2d1b3fd0c09,Bacteria,Bacteroidota,Bacteroidia,Flavobacteriales,Flavobacteriaceae,Formosa,uncultured_marine
f175abe2e87953bbaa7d5576190f6358,Bacteria,Proteobacteria,Gammaproteobacteria,Pseudomonadales,Nitrincolaceae,uncultured,uncultured_marine
31636983d3641abc11606592243ed4a7,Bacteria,Bacteroidota,Bacteroidia,Flavobacteriales,Weeksellaceae,Cloacibacterium,uncultured_bacterium
f45409d5bed349192a0799f49baeea8c,Bacteria,Proteobacteria,Gammaproteobacteria,Pseudomonadales,Porticoccaceae,Porticoccus,uncultured_marine
daac8c17c0fda7281a2c644e318f8161,Bacteria,Bacteroidota,Bacteroidia,Flavobacteriales,Cryomorphaceae,uncultured,uncultured_Bacteroidetes
7154ed0ae1f54f79ab06ffb94857f58b,Bacteria,Proteobacteria,Alphaproteobacteria,SAR11_clade,uncultured,uncultured,uncultured_bacterium
d62407ba70d70dce1f2d8bdbbb325597,Bacteria,Actinobacteriota,Actinobacteria,PeM15,PeM15,PeM15,uncultured_Actinomycetales
72f52778cfe172e1d4fa7c72228adc48,Bacteria,Verrucomicrobiota,Verrucomicrobiae,Verrucomicrobiales,Rubritaleaceae,Roseibacillus,
8c39887fa534c1f51786071b9ead359a,Bacteria,Proteobacteria,Gammaproteobacteria,Pseudomonadales,Thioglobaceae,SUP05_cluster,uncultured_SUP05
6756b3d5e69fa2a21c5ce65a3b55ea94,Bacteria,Proteobacteria,Gammaproteobacteria,Pseudomonadales,Moraxellaceae,Acinetobacter,
7b6afa274ff2b7a9a8716911a402a4bf,Bacteria,Proteobacteria,Alphaproteobacteria,Puniceispirillales,SAR116_clade,SAR116_clade,uncultured_Pelagibacterales
66f6813129cfb46bbb74aa607f471c12,Bacteria,Proteobacteria,Alphaproteobacteria,Thalassobaculales,uncultured,uncultured,uncultured_bacterium
c9d3ccd27e2e68469af2ae80765e9304,Bacteria,Marinimicrobia_(SAR406_clade),Marinimicrobia_(SAR406_clade),Marinimicrobia_(SAR406_clade),Marinimicrobia_(SAR406_clade),Marinimicrobia_(SAR406_clade),uncultured_Fibrobacteres/Acidobacteria
630c5e99988cf5f66b69179104c23de7,Bacteria,Proteobacteria,Gammaproteobacteria,Pseudomonadales,Porticoccaceae,SAR92_clade,
8a893d62241185dc8723dc12e1107941,Bacteria,Proteobacteria,Alphaproteobacteria,Rickettsiales,S25-593,S25-593,
006dce6a94c89ab56d01f209fb5f3921,Bacteria,Nitrospinota,Nitrospinia,Nitrospinales,Nitrospinaceae,LS-NOB,uncultured_delta
4b4cfb5700297bfd827566aed8a522d9,Bacteria,Bacteroidota,Bacteroidia,Flavobacteriales,Flavobacteriaceae,Lutibacter,
c582228ecf757433e65ccc2e5872330a,Bacteria,Proteobacteria,Alphaproteobacteria,Puniceispirillales,SAR116_clade,SAR116_clade,
c7506b4fed4954994149755081c8b4a9,Bacteria,Bacteroidota,Bacteroidia,Flavobacteriales,Flavobacteriaceae,uncultured,uncultured_Flavobacteriia
9bfccb8421582ce9d236554751d91cab,Bacteria,Campylobacterota,Campylobacteria,Campylobacterales,Sulfurimonadaceae,Sulfurimonas,
790aac2cfe29b62519644dcefdb7393f,Bacteria,Proteobacteria,Alphaproteobacteria,Caulobacterales,Hyphomonadaceae,uncultured,uncultured_Alphaproteobacteria
ad12d1a6582d18922621604458449dd6,Bacteria,Bacteroidota,Bacteroidia,Flavobacteriales,NS9_marine_group,NS9_marine_group,
d317837df11dcddd43c88d2dafe0d150,Bacteria,Proteobacteria,Alphaproteobacteria,Rhodobacterales,Rhodobacteraceae,Roseobacter_clade_NAC11-7_lineage,
a853b371d2f412b84fb8c95430040f6c,Bacteria,Bacteroidota,Bacteroidia,Flavobacteriales,Cryomorphaceae,NS10_marine_group,uncultured_Flavobacteriia
84ee1c61f44e6963f7d764b82cd84f59,Bacteria,Proteobacteria,Alphaproteobacteria,Caulobacterales,Hyphomonadaceae,uncultured,
15e85d21d242f4d1bd7ced905bb09c08,Bacteria,Campylobacterota,Campylobacteria,Campylobacterales,Sulfurovaceae,Sulfurovum,
d8f8c9d580e33a46fb22c416e0dbdfc2,Bacteria,Actinobacteriota,Actinobacteria,PeM15,PeM15,PeM15,uncultured_bacterium
75ca39e64667c291d5533019f82e8f39,Bacteria,Bdellovibrionota,Bdellovibrionia,Bdellovibrionales,Bdellovibrionaceae,OM27_clade,uncultured_marine
407cc413cc5e07648d0f54d65bb280a7,Bacteria,Desulfobacterota,Desulfuromonadia,PB19,PB19,PB19,uncultured_delta
e418cdbdb30406272bbb764ddab86949,Bacteria,Actinobacteriota,Actinobacteria,Micrococcales,Microbacteriaceae,Candidatus_Aquiluna,uncultured_bacterium
ae4adc2acc25ddce375f80977549362b,Bacteria,Bacteroidota,Bacteroidia,Chitinophagales,uncultured,uncultured,uncultured_Bacteroidetes/Chlorobi
d85bbe95a772fd235d3ee51d4ce613fb,Bacteria,Bacteroidota,Bacteroidia,Flavobacteriales,Flavobacteriaceae,uncultured,marine_metagenome
97b29f4da498169bcd81c9f3b1f41498,Bacteria,Bacteroidota,Bacteroidia,Flavobacteriales,Cryomorphaceae,uncultured,uncultured_Flavobacterium
e67d18cd323a8818d4bc835e1c1490dd,Bacteria,Proteobacteria,Gammaproteobacteria,Pseudomonadales,OM182_clade,OM182_clade,
97ae0ab3bf8533c60691bff3d2f29b25,Bacteria,Proteobacteria,Alphaproteobacteria,Rhodobacterales,Rhodobacteraceae,,
90b7ae19ca6dc82fbe39085531340aed,Bacteria,Desulfobacterota,Desulfobulbia,Desulfobulbales,Desulfocapsaceae,uncultured,
4e998050a17fa65d6997170d2770eecc,Bacteria,Proteobacteria,Alphaproteobacteria,Puniceispirillales,SAR116_clade,Candidatus_Puniceispirillum,uncultured_bacterium
2c0d1ef5330ae49c61192109894bf5c2,Bacteria,Desulfobacterota,Desulfobacteria,Desulfobacterales,Desulfobacteraceae,Desulfobacter,
d4c02b17386b0ae1e1bb5b5c275d0ffb,Bacteria,Actinobacteriota,Actinobacteria,PeM15,PeM15,PeM15,metagenome
ec4d86d46c6ae95bef2c04ee923ffc63,Bacteria,Actinobacteriota,Actinobacteria,PeM15,PeM15,PeM15,
8c06fbae950bb21c14f740f888d18925,Bacteria,Bacteroidota,Bacteroidia,Flavobacteriales,NS9_marine_group,NS9_marine_group,uncultured_Bacteroidetes/Chlorobi
2b56b55103d049938985213a0b0a38e9,Bacteria,Proteobacteria,Gammaproteobacteria,Ectothiorhodospirales,Ectothiorhodospiraceae,uncultured,uncultured_marine
50305ed2bff77b411805f019c49f7d77,Bacteria,Bacteroidota,Bacteroidia,Chitinophagales,Saprospiraceae,uncultured,uncultured_marine
1d9cd4e962c617754b4067e7fd46aff1,Bacteria,Proteobacteria,Gammaproteobacteria,Burkholderiales,Comamonadaceae,RS62_marine_group,
d46eac6ac5fa371d2b57ccbd39305645,Bacteria,Proteobacteria,Alphaproteobacteria,Caulobacterales,Hyphomonadaceae,Hellea,
159852bd58c5d0cbede6588f48347b0a,Bacteria,Firmicutes,Bacilli,Mycoplasmatales,Mycoplasmataceae,uncultured,uncultured_bacterium
0a7d529cb726ed8572d38709ccd3e9fc,Bacteria,Desulfobacterota,Desulfobacteria,Desulfobacterales,Desulfosarcinaceae,Desulfosarcina,
47f34a7221d93d20c532ab45255ada10,Bacteria,Proteobacteria,Gammaproteobacteria,Francisellales,Francisellaceae,uncultured,uncultured_Francisella
4cba5f3aee9296f88adf2fd937288a9f,Bacteria,Bacteroidota,Bacteroidia,Bacteroidales,Prolixibacteraceae,Draconibacterium,uncultured_bacterium
febad11b28eb80d3ed7584ad30effe26,Bacteria,Proteobacteria,Gammaproteobacteria,Pseudomonadales,Halieaceae,Luminiphilus,
e7a9d5f4b3f41e6cbac0410369b8bf7c,Bacteria,Bdellovibrionota,Bdellovibrionia,Bdellovibrionales,Bdellovibrionaceae,OM27_clade,uncultured_marine
66fb81f18c219237de78481c692be661,Bacteria,Proteobacteria,Gammaproteobacteria,Burkholderiales,Comamonadaceae,Comamonas,
15aa936162195e7b5111cc54ff776c78,Bacteria,Bacteroidota,Bacteroidia,Flavobacteriales,Flavobacteriaceae,NS5_marine_group,seawater_metagenome
f94eb0e837bb9a8632cb71a71f9875c3,Bacteria,Actinobacteriota,Actinobacteria,Micrococcales,Microbacteriaceae,Candidatus_Aquiluna,
7d6d57b2cdf4f8f2616f33f7f8d7e6c2,Bacteria,Proteobacteria,Alphaproteobacteria,Puniceispirillales,SAR116_clade,Candidatus_Puniceispirillum,uncultured_bacterium
e1b438389b35bcb6fb3f3a31c1da94f7,Bacteria,Proteobacteria,Alphaproteobacteria,Puniceispirillales,SAR116_clade,SAR116_clade,uncultured_Rhodospirillales
ce949d802c73041804257f4d04eb03c3,Bacteria,Bacteroidota,Bacteroidia,Flavobacteriales,Flavobacteriaceae,NS5_marine_group,
e0d4383a1ce12dcac55ed84d2bb9a0db,Bacteria,Bacteroidota,Bacteroidia,Flavobacteriales,Crocinitomicaceae,Fluviicola,
93003e68ce4843e2cbd30fa5a3f8b26c,Bacteria,Proteobacteria,Gammaproteobacteria,,,,
39b9f0e942bdfdf411b3c2e3b6c8825f,Bacteria,Proteobacteria,Alphaproteobacteria,Rhodobacterales,Rhodobacteraceae,Roseobacter_clade_NAC11-7_lineage,uncultured_Rhodobacteraceae
076fbc68068bb8fb068a788be9a9bec2,Bacteria,Proteobacteria,Gammaproteobacteria,Enterobacterales,Psychromonadaceae,Psychromonas,
c4f9d3e2545f5817d7a2862431469795,Bacteria,Proteobacteria,Gammaproteobacteria,Methylococcales,Cycloclasticaceae,Cycloclasticus,
a732871bc56e490e20c61cfbe2679f0f,Bacteria,Planctomycetota,Phycisphaerae,Phycisphaerales,Phycisphaeraceae,CL500-3,uncultured_marine
dc5cb8f7eeeb8753cfbcca6a00a85d2d,Bacteria,Dadabacteria,Dadabacteriia,Dadabacteriales,Dadabacteriales,Dadabacteriales,uncultured_marine
9889036465ebe86f3bc2581b59e45245,Bacteria,Proteobacteria,Gammaproteobacteria,Burkholderiales,Comamonadaceae,RS62_marine_group,
be5f248a90f46ea13f8da99be1d38231,Bacteria,Actinobacteriota,Actinobacteria,Frankiales,Sporichthyaceae,hgcI_clade,uncultured_actinobacterium