"","scientificName","verbatimIdentification","ASV","kingdom","phylum","class","order","family","genus","scientificNameID","taxonRank","scientificNameAuthorship"
"1","Woeseia","Woeseia","19242ac5ab65ad82fbaa7c55ab7fb44b",NA,NA,NA,NA,NA,NA,NA,NA,NA
"2","Microtrichaceae","Sva0996 marine group","4ccf5b67cc70d774941424b8bef23b79",NA,NA,NA,NA,NA,NA,NA,NA,NA
"3","Flavobacteriaceae","Ns4 marine group","606e4e45cc9fc840f19af5e905603c38","Bacteria","Bacteroidetes","Flavobacteria","Flavobacteriales","Flavobacteriaceae",NA,"urn:lsid:marinespecies.org:taxname:559995","Family","(Reichenbach, 1992) emend. Bernardet, Nakagawa & Holmes, 2002"
"4","Fluviicola","Fluviicola","315dcfc446e5942c4480be233e1261fe",NA,NA,NA,NA,NA,NA,NA,NA,NA
"5","Gammaproteobacteria","Gammaproteobacteria","9c1db092aa1dbf7fe433cbf9e9866e69","Bacteria","Proteobacteria","Gammaproteobacteria",NA,NA,NA,"urn:lsid:marinespecies.org:taxname:393018","Class",NA
"6","Rhodobacteraceae","Rhodobacteraceae","96f4767c0881e58188b0f0a036002867","Bacteria","Proteobacteria","Alphaproteobacteria","Rhodobacterales","Rhodobacteraceae",NA,"urn:lsid:marinespecies.org:taxname:393084","Family",NA
"7","Puniceispirillales","Sar116 clade","637778b2b154e93147021d1c520a3fc4",NA,NA,NA,NA,NA,NA,NA,NA,NA
"8","Flavobacteriales","Ns9 marine group","87000a3bd25aa918fea9477ceb6bcca7","Bacteria","Bacteroidetes","Flavobacteria","Flavobacteriales",NA,NA,"urn:lsid:marinespecies.org:taxname:559998","Order",NA
"9","Sulfurimonas","Sulfurimonas","D26d79c8f42fdb92feec83c9ed4076f2","Bacteria","Proteobacteria","Epsilonproteobacteria","Campylobacterales","Helicobacteraceae","Sulfurimonas","urn:lsid:marinespecies.org:taxname:393613","Genus","Inagaki, Takai, Kobayashi, Nealson & Horikoshi, 2005"
"10","Pseudohongiella","Pseudohongiella","98c65e2d82c79d5a888b0a2650f4ff82",NA,NA,NA,NA,NA,NA,NA,NA,NA
"11","Flavobacteriaceae","Ns4 marine group","C50d27d5fda90c8606a97217b3f9ec3e","Bacteria","Bacteroidetes","Flavobacteria","Flavobacteriales","Flavobacteriaceae",NA,"urn:lsid:marinespecies.org:taxname:559995","Family","(Reichenbach, 1992) emend. Bernardet, Nakagawa & Holmes, 2002"
"12","Persicirhabdus","Persicirhabdus","2bb3d44b2219d1b7c96278ce209ad89a","Bacteria","Verrucomicrobia","Verrucomicrobiae","Verrucomicrobiales","Verrucomicrobiaceae","Persicirhabdus","urn:lsid:marinespecies.org:taxname:564326","Genus","Yoon, Matsuo, Adachi, Nozawa, Matsuda, Kasai & Yokota, 2008"
"13","Ascidiaceihabitans","Ascidiaceihabitans","75233cab73071a5709e668a3f62d14e2",NA,NA,NA,NA,NA,NA,NA,NA,NA
"14","Nitrospinaceae","Ls nob","126036f0a6c3ffc599d288d7e38ce6d5","Bacteria","Proteobacteria","Deltaproteobacteria","Desulfobacterales","Nitrospinaceae",NA,"urn:lsid:marinespecies.org:taxname:570083","Family",NA
"15","Kordiimonadales","Kordiimonadales","7d5e5b4841ba3987d01b10d3539a79c0","Bacteria","Proteobacteria","Alphaproteobacteria","Kordiimonadales",NA,NA,"urn:lsid:marinespecies.org:taxname:393988","Order",NA
"16","Sporichthyaceae","Hgci clade","A33258430636a5efdc52901b425a6f88","Bacteria","Actinobacteria","Actinobacteria","Actinomycetales","Sporichthyaceae",NA,"urn:lsid:marinespecies.org:taxname:559566","Family","(Stackebrandt, Rainey & Ward-Rainey, 1997) emend. Zhi, Li & Stackebrandt, 2009"
"17","Prolixibacteraceae","Prolixibacteraceae","389d43f34c70c0651c2e18d397d70dd2","Bacteria","Bacteroidetes","Bacteroidia","Marinilabiliales","Prolixibacteraceae",NA,"urn:lsid:marinespecies.org:taxname:1731279","Family","Huang et al., 2014"
"18","Bdellovibrionaceae","Om27 clade","7e0bdd66a5138248c38dd34b8c243aec","Bacteria","Proteobacteria","Deltaproteobacteria","Bdellovibrionales","Bdellovibrionaceae",NA,"urn:lsid:marinespecies.org:taxname:570032","Family","Garrity, Bell & Lilburn, 2006"
"19","Thioglobaceae","Sup05 cluster","7eeeb07402eebcacbb5caff051574634",NA,NA,NA,NA,NA,NA,NA,NA,NA
"20","Alphaproteobacteria","Clade ia","B2ac2bcba94ec50cbcf5d4d4312353d3","Bacteria","Proteobacteria","Alphaproteobacteria",NA,NA,NA,"urn:lsid:marinespecies.org:taxname:392750","Class",NA
"21","Chitinophagales","Chitinophagales","05c48e63fbae26ef61b6aad097ef8a40",NA,NA,NA,NA,NA,NA,NA,NA,NA
"22","Bacteria","Marinimicrobia (sar406 clade)","57bab37506c3ed9c8a3f07d4dbe66f02","Bacteria",NA,NA,NA,NA,NA,"urn:lsid:marinespecies.org:taxname:6","Kingdom",NA
"23","Flavobacteriaceae","Ns5 marine group","E27ceff664d4502f601832f1c545bf00","Bacteria","Bacteroidetes","Flavobacteria","Flavobacteriales","Flavobacteriaceae",NA,"urn:lsid:marinespecies.org:taxname:559995","Family","(Reichenbach, 1992) emend. Bernardet, Nakagawa & Holmes, 2002"
"24","Marinifilaceae","Marinifilaceae","E9a9265d25c255bd00de8858b3c53e26",NA,NA,NA,NA,NA,NA,NA,NA,NA
"25","Cryomorphaceae","Cryomorphaceae","060727d5f9e4aa5e600863ce454d24b5","Bacteria","Bacteroidetes","Flavobacteria","Flavobacteriales","Cryomorphaceae",NA,"urn:lsid:marinespecies.org:taxname:559981","Family","Bowman, Mancuso Nichols & Gibson, 2003"
"26","Fluviicola","Fluviicola","0ba3ad212fb7532a516d669312ce2c09",NA,NA,NA,NA,NA,NA,NA,NA,NA
"27","Flavobacteriaceae","Ns5 marine group","83106bc54d15bb463b4fdc0f221c16c0","Bacteria","Bacteroidetes","Flavobacteria","Flavobacteriales","Flavobacteriaceae",NA,"urn:lsid:marinespecies.org:taxname:559995","Family","(Reichenbach, 1992) emend. Bernardet, Nakagawa & Holmes, 2002"
"28","Prevotellaceae","Prevotella 7","165824057f25679553765b093ae859cb",NA,NA,NA,NA,NA,NA,NA,NA,NA
"29","Fluviicola","Fluviicola","B095f562c5f192f69cf565adf6761630",NA,NA,NA,NA,NA,NA,NA,NA,NA
"30","Alphaproteobacteria","Clade iii","5625bef1e42a533756eb4c706d16f552","Bacteria","Proteobacteria","Alphaproteobacteria",NA,NA,NA,"urn:lsid:marinespecies.org:taxname:392750","Class",NA
"31","Puniceispirillales","Sar116 clade","7cbcb8903193f66ed0f4e61e4d6d812b",NA,NA,NA,NA,NA,NA,NA,NA,NA
"32","Desulfocapsaceae","Desulfocapsaceae","198239b00610a9e8f6d9197a1497bed8",NA,NA,NA,NA,NA,NA,NA,NA,NA
"33","Puniceispirillales","Puniceispirillales","7e7389dcdacbe875b8439811f54e375b",NA,NA,NA,NA,NA,NA,NA,NA,NA
"34","Halieaceae","Om60(nor5) clade","03d2562412a1bf9e9750373187b011e7",NA,NA,NA,NA,NA,NA,NA,NA,NA
"35","Rhodobacteraceae","Himb11","E9eac4012ad8a2aca34f445927a062c9","Bacteria","Proteobacteria","Alphaproteobacteria","Rhodobacterales","Rhodobacteraceae",NA,"urn:lsid:marinespecies.org:taxname:393084","Family",NA
"36","Puniceispirillales","Sar116 clade","E69f0d54304151f119f4bcdd58012582",NA,NA,NA,NA,NA,NA,NA,NA,NA
"37","Alphaproteobacteria","Clade ia","6d04e9f4e98b247d2cff1f36a6e2fd28","Bacteria","Proteobacteria","Alphaproteobacteria",NA,NA,NA,"urn:lsid:marinespecies.org:taxname:392750","Class",NA
"38","Brevundimonas","Brevundimonas","F63e051e474deadd28b693ed715314e5","Bacteria","Proteobacteria","Alphaproteobacteria","Caulobacterales","Caulobacteraceae","Brevundimonas","urn:lsid:marinespecies.org:taxname:565572","Genus","Segers, Vancanneyt, Pot, Torck, Hoste, Dewettinck, Falsen, Kersters & De Vos, 1994"
"39","Alphaproteobacteria","Clade ii","D4f19964d0a19756e8643560e09965bd","Bacteria","Proteobacteria","Alphaproteobacteria",NA,NA,NA,"urn:lsid:marinespecies.org:taxname:392750","Class",NA
"40","Bdellovibrionaceae","Om27 clade","7ecd01a1866d6a6047260dbe7cbfc092","Bacteria","Proteobacteria","Deltaproteobacteria","Bdellovibrionales","Bdellovibrionaceae",NA,"urn:lsid:marinespecies.org:taxname:570032","Family","Garrity, Bell & Lilburn, 2006"
"41","Puniceicoccaceae","Mb11c04 marine group","048eaf69a0776e759d23f4185fe18008","Bacteria","Verrucomicrobia","Opitutae","Puniceicoccales","Puniceicoccaceae",NA,"urn:lsid:marinespecies.org:taxname:564177","Family","Choo, Lee, Song & Cho, 2007"
"42","Thioglobaceae","Sup05 cluster","94c770faa3cb3ed8acdaa119a29f41f4",NA,NA,NA,NA,NA,NA,NA,NA,NA
"43","Alphaproteobacteria","Alphaproteobacteria","114fc12658b84d888cc4a23b969097c4","Bacteria","Proteobacteria","Alphaproteobacteria",NA,NA,NA,"urn:lsid:marinespecies.org:taxname:392750","Class",NA
"44","Hydrogenedensaceae","Hydrogenedensaceae","8605150279c178d3a937c5592683685e",NA,NA,NA,NA,NA,NA,NA,NA,NA
"45","Cryomorphaceae","Cryomorphaceae","0feedc3d5feb2939256745d55d7d656e","Bacteria","Bacteroidetes","Flavobacteria","Flavobacteriales","Cryomorphaceae",NA,"urn:lsid:marinespecies.org:taxname:559981","Family","Bowman, Mancuso Nichols & Gibson, 2003"
"46","Flavobacteriaceae","Ns5 marine group","671cc2e87375c041309501b92828fcf4","Bacteria","Bacteroidetes","Flavobacteria","Flavobacteriales","Flavobacteriaceae",NA,"urn:lsid:marinespecies.org:taxname:559995","Family","(Reichenbach, 1992) emend. Bernardet, Nakagawa & Holmes, 2002"
"47","Lutibacter sp.","Lutibacter sp.","C44fd36f237fe559db5f2d77306dd82f",NA,NA,NA,NA,NA,NA,NA,NA,NA
"48","Crocinitomix","Crocinitomix","36827d85338717e25afe76492bf92cfd","Bacteria","Bacteroidetes","Flavobacteria","Flavobacteriales","Cryomorphaceae","Crocinitomix","urn:lsid:marinespecies.org:taxname:559985","Genus","Bowman, Mancuso Nichols & Gibson, 2003"
"49","Desulfocapsaceae","Desulfocapsaceae","27c5d2515ac58e15a6a3bacff3d9697e",NA,NA,NA,NA,NA,NA,NA,NA,NA
"50","Pseudomonadales","Sar86 clade","1b51c2bcf60cbc321d30329cde2495a5","Bacteria","Proteobacteria","Gammaproteobacteria","Pseudomonadales",NA,NA,"urn:lsid:marinespecies.org:taxname:393032","Order",NA
"51","Planctomycetota","Om190","2804444e2143196ba313212f5be0f424","Bacteria","Planctomycetota",NA,NA,NA,NA,"urn:lsid:marinespecies.org:taxname:1730074","Phylum","Garrity & Holt, 2021"
"52","Flavobacterium","Flavobacterium","2d86cb4b11f9da26e3e0bc3f7becabcf","Bacteria","Bacteroidetes","Flavobacteria","Flavobacteriales","Flavobacteriaceae","Flavobacterium","urn:lsid:marinespecies.org:taxname:562615","Genus","Bergey, Harrison, Breed, Hammer & Huntoon, 1923"
"53","Gammaproteobacteria incertae sedis","Gammaproteobacteria incertae sedis","C1527b1c33fc3f6b26d32a9bb11aebd1","Bacteria","Proteobacteria","Gammaproteobacteria","Gammaproteobacteria incertae sedis",NA,NA,"urn:lsid:marinespecies.org:taxname:393076","Order",NA
"54","Defluviicoccales","Defluviicoccales","B54b9132f90f468ddfdd15d32e8afec9",NA,NA,NA,NA,NA,NA,NA,NA,NA
"55","Flavobacteriaceae","Ns5 marine group","869e325e7c08c8513ada38b85d2e9f93","Bacteria","Bacteroidetes","Flavobacteria","Flavobacteriales","Flavobacteriaceae",NA,"urn:lsid:marinespecies.org:taxname:559995","Family","(Reichenbach, 1992) emend. Bernardet, Nakagawa & Holmes, 2002"
"56","Alphaproteobacteria","Clade ia","338005a578d2ea9a18b711554226e776","Bacteria","Proteobacteria","Alphaproteobacteria",NA,NA,NA,"urn:lsid:marinespecies.org:taxname:392750","Class",NA
"57","Flavobacteriales","Ns7 marine group","748d41a04a8f11c52e747a5d73fdcd09","Bacteria","Bacteroidetes","Flavobacteria","Flavobacteriales",NA,NA,"urn:lsid:marinespecies.org:taxname:559998","Order",NA
"58","Alphaproteobacteria","Clade iii","24aa9a5d7fafaf3fb96961b0d0e009bc","Bacteria","Proteobacteria","Alphaproteobacteria",NA,NA,NA,"urn:lsid:marinespecies.org:taxname:392750","Class",NA
"59","Bdellovibrionaceae","Om27 clade","D6c57fdfc143125e2b279007e3591c27","Bacteria","Proteobacteria","Deltaproteobacteria","Bdellovibrionales","Bdellovibrionaceae",NA,"urn:lsid:marinespecies.org:taxname:570032","Family","Garrity, Bell & Lilburn, 2006"
"60","Flavobacteriales","Ns9 marine group","4eb5c5301dc97300c160594891f7ac54","Bacteria","Bacteroidetes","Flavobacteria","Flavobacteriales",NA,NA,"urn:lsid:marinespecies.org:taxname:559998","Order",NA
"61","Pseudomonas","Pseudomonas","Eb71342b57268fdaed51cb3b2760753a","Bacteria","Proteobacteria","Gammaproteobacteria","Pseudomonadales","Pseudomonadaceae","Pseudomonas","urn:lsid:marinespecies.org:taxname:570642","Genus","Migula, 1894"
"62","Puniceispirillales","Puniceispirillales","563749298b222728e9107316eb5310ef",NA,NA,NA,NA,NA,NA,NA,NA,NA
"63","Marinifilaceae","Marinifilaceae","7a1c6d0627683c055e3ca85dfa233058",NA,NA,NA,NA,NA,NA,NA,NA,NA
"64","Cryomorphaceae","Cryomorphaceae","4721bd5e8efa498ef8f50a1124c86642","Bacteria","Bacteroidetes","Flavobacteria","Flavobacteriales","Cryomorphaceae",NA,"urn:lsid:marinespecies.org:taxname:559981","Family","Bowman, Mancuso Nichols & Gibson, 2003"
"65","Alphaproteobacteria","Clade ia","391a9b39e298f58802fa6a2f50e9381b","Bacteria","Proteobacteria","Alphaproteobacteria",NA,NA,NA,"urn:lsid:marinespecies.org:taxname:392750","Class",NA
"66","Desulforhopalus","Desulforhopalus","808cc41e339a11fcb5797352b150dc6f",NA,NA,NA,NA,NA,NA,NA,NA,NA
"67","Cyanobiaceae","Synechococcus cc9902","C3f1a986bf73014bf0cbe7b0a18035f0",NA,NA,NA,NA,NA,NA,NA,NA,NA
"68","Candidatus puniceispirillum","Candidatus puniceispirillum","3d889070b57cbc4fb1227d03c476e965","Bacteria","Proteobacteria","Alphaproteobacteria","Alphaproteobacteria incertae sedis",NA,"Candidatus Puniceispirillum","urn:lsid:marinespecies.org:taxname:573770","Genus","Oh, Kwon, Kang, Kang, Lee, Kim & Cho, 2010"
"69","Ascidiaceihabitans","Ascidiaceihabitans","A40458964d5117cf5aa814cf455ebc73",NA,NA,NA,NA,NA,NA,NA,NA,NA
"70","Bdellovibrionaceae","Om27 clade","B68ceec7d47616dc6368a36553010a04","Bacteria","Proteobacteria","Deltaproteobacteria","Bdellovibrionales","Bdellovibrionaceae",NA,"urn:lsid:marinespecies.org:taxname:570032","Family","Garrity, Bell & Lilburn, 2006"
"71","Lutibacter","Lutibacter","87c6912347e2cafbe92407a2c6695cbe","Bacteria","Bacteroidetes","Flavobacteria","Flavobacteriales","Flavobacteriaceae","Lutibacter","urn:lsid:marinespecies.org:taxname:563886","Genus","Choi & Cho, 2006"
"72","Verrucomicrobiales","Dev007","1deb73bc6fe3c83b5d214cb8b06b8be1","Bacteria","Verrucomicrobia","Verrucomicrobiae","Verrucomicrobiales",NA,NA,"urn:lsid:marinespecies.org:taxname:564210","Order","Ward-Rainey, Rainey, Schlesner & Stackebrandt, 1996"
"73","Pseudomonadales","Sar86 clade","8c614ec3d916c11c585e22d46cc47f04","Bacteria","Proteobacteria","Gammaproteobacteria","Pseudomonadales",NA,NA,"urn:lsid:marinespecies.org:taxname:393032","Order",NA
"74","Flavobacteriales","Ns9 marine group","Ec74ae6c4e5133e9572e7d313c7915fb","Bacteria","Bacteroidetes","Flavobacteria","Flavobacteriales",NA,NA,"urn:lsid:marinespecies.org:taxname:559998","Order",NA
"75","Porticoccaceae","Sar92 clade","53c3cdf271d7b3e3a1ca51b0573042eb",NA,NA,NA,NA,NA,NA,NA,NA,NA
"76","Alphaproteobacteria","Clade ii","80bcc0f6fef138e753e2f3a6317352a0","Bacteria","Proteobacteria","Alphaproteobacteria",NA,NA,NA,"urn:lsid:marinespecies.org:taxname:392750","Class",NA
"77","Flavobacteriales","Ns9 marine group","Afd66c03c4e1c3b31e4d7fc15f853ffb","Bacteria","Bacteroidetes","Flavobacteria","Flavobacteriales",NA,NA,"urn:lsid:marinespecies.org:taxname:559998","Order",NA
"78","Aureispira","Aureispira","E4df72fff25f6a3dfbf577c3cc3d4f8c","Bacteria","Bacteroidetes","Sphingobacteria","Sphingobacteriales","Saprospiraceae","Aureispira","urn:lsid:marinespecies.org:taxname:564121","Genus","Hosoya, Arunpairojana, Suwannachart, Kanjana-Opas & Yokota, 2006"
"79","Puniceispirillales","Sar116 clade","B1fdff36e1f96f3a7e656366b2643676",NA,NA,NA,NA,NA,NA,NA,NA,NA
"80","Bradymonadales","Bradymonadales","52f10b8269a8d989fc79457562ee81c9",NA,NA,NA,NA,NA,NA,NA,NA,NA
"81","Desulfocapsaceae","Desulfocapsaceae","4423e8ddc5842d1ba2828fb8a8202a81",NA,NA,NA,NA,NA,NA,NA,NA,NA
"82","Magnetospiraceae","Magnetospiraceae","Da389595fdf602faccbf3b18884b09c9",NA,NA,NA,NA,NA,NA,NA,NA,NA
"83","Rickettsiaceae","Rickettsiaceae","66a628e73d74c5077899e1f3a6f43006",NA,NA,NA,NA,NA,NA,NA,NA,NA
"84","Polaribacter gangjinensis","Polaribacter gangjinensis","570555a07e2e7674026bcf5a07b90c02",NA,NA,NA,NA,NA,NA,NA,NA,NA
"85","Bradyrhizobium","Bradyrhizobium","4e2a033fab13116973bcd2a3fd95233c",NA,NA,NA,NA,NA,NA,NA,NA,NA
"86","Sulfurimonas","Sulfurimonas","795f48099bccc7ed8ba75c68e86aef57","Bacteria","Proteobacteria","Epsilonproteobacteria","Campylobacterales","Helicobacteraceae","Sulfurimonas","urn:lsid:marinespecies.org:taxname:393613","Genus","Inagaki, Takai, Kobayashi, Nealson & Horikoshi, 2005"
"87","Mycoplasmataceae","Mycoplasmataceae","Ec7c2c9d0d115338bc59b99c988d5d03","Bacteria","Tenericutes","Mollicutes","Mycoplasmatales","Mycoplasmataceae",NA,"urn:lsid:marinespecies.org:taxname:567366","Family","Freundt, 1955"
"88","Bacteria","Sar324 clade(marine group b)","3c690ebe994bd482f7db0d346a9b56ac","Bacteria",NA,NA,NA,NA,NA,"urn:lsid:marinespecies.org:taxname:6","Kingdom",NA
"89","Luminiphilus","Luminiphilus","A3ecc62fbbdfcc335ef9c1c9761017b5",NA,NA,NA,NA,NA,NA,NA,NA,NA
"90","Puniceicoccaceae","Mb11c04 marine group","27f0fe433ab926b93e35f9c5813b91be","Bacteria","Verrucomicrobia","Opitutae","Puniceicoccales","Puniceicoccaceae",NA,"urn:lsid:marinespecies.org:taxname:564177","Family","Choo, Lee, Song & Cho, 2007"
"91","Nitrosomonadaceae","Is 44","D86e36b254e908a903abb124958d8d47","Bacteria","Proteobacteria","Betaproteobacteria","Nitrosomonadales","Nitrosomonadaceae",NA,"urn:lsid:marinespecies.org:taxname:569926","Family",NA
"92","Sphingobacteriales","Ns11 12 marine group","Cc1c2c86a0914923fd987de1ca2f33c1","Bacteria","Bacteroidetes","Sphingobacteria","Sphingobacteriales",NA,NA,"urn:lsid:marinespecies.org:taxname:564100","Order",NA
"93","Umboniibacter","Umboniibacter","99fb3f0f694c779523a46b0349e922d5",NA,NA,NA,NA,NA,NA,NA,NA,NA
"94","Turneriella","Turneriella","E708b3f8a2d2e83eba44985a28dfd3b8",NA,NA,NA,NA,NA,NA,NA,NA,NA
"95","Cryomorphaceae","Cryomorphaceae","694ab1f58645545dccee148a203b6840","Bacteria","Bacteroidetes","Flavobacteria","Flavobacteriales","Cryomorphaceae",NA,"urn:lsid:marinespecies.org:taxname:559981","Family","Bowman, Mancuso Nichols & Gibson, 2003"
"96","Eionea flava","Eionea flava","75dc561661a9b789d695c059a7ea989b",NA,NA,NA,NA,NA,NA,NA,NA,NA
"97","Magnetospiraceae","Magnetospiraceae","3f5fe2cfde171ac8fc0b55f0a3fb6f3d",NA,NA,NA,NA,NA,NA,NA,NA,NA
"98","Flavobacteriales","Ns7 marine group","Dfbdc30e9c372006880120016161a300","Bacteria","Bacteroidetes","Flavobacteria","Flavobacteriales",NA,NA,"urn:lsid:marinespecies.org:taxname:559998","Order",NA
"99","Rhodobacteraceae","Rhodobacteraceae","4c4412631a9259dc728221cbb11d93e8","Bacteria","Proteobacteria","Alphaproteobacteria","Rhodobacterales","Rhodobacteraceae",NA,"urn:lsid:marinespecies.org:taxname:393084","Family",NA
"100","Lentimonas","Lentimonas","D450731b6ddc038db4fc45d3d2d42aed",NA,NA,NA,NA,NA,NA,NA,NA,NA
"101","Microbacteriaceae","Ml602j 51","2f814d83763531e7c60b6e02368dc91c","Bacteria","Actinobacteria","Actinobacteria","Actinomycetales","Microbacteriaceae",NA,"urn:lsid:marinespecies.org:taxname:393617","Family",NA
"102","Alphaproteobacteria","Clade ia","C4a652e8479eda05d56adac5b6418431","Bacteria","Proteobacteria","Alphaproteobacteria",NA,NA,NA,"urn:lsid:marinespecies.org:taxname:392750","Class",NA
"103","Candidatus methylopumilus","Candidatus methylopumilus","Df36dbb2bb0c0d4566795e9252050a64",NA,NA,NA,NA,NA,NA,NA,NA,NA
"104","Sulfurovum","Sulfurovum","D90acedc7a0f6ca06d87ac9e2a2deb98","Bacteria","Proteobacteria","Epsilonproteobacteria","Epsilonproteobacteria incertae sedis",NA,"Sulfurovum","urn:lsid:marinespecies.org:taxname:393925","Genus","Inagaki, Takai, Nealson & Horikoshi, 2004"
"105","Flavobacteriaceae","Ns4 marine group","3608d1103cae304e05d4b72b01de6408","Bacteria","Bacteroidetes","Flavobacteria","Flavobacteriales","Flavobacteriaceae",NA,"urn:lsid:marinespecies.org:taxname:559995","Family","(Reichenbach, 1992) emend. Bernardet, Nakagawa & Holmes, 2002"
"106","Pseudomonadales","Sar86 clade","D97f73d5b657210cf89ac703340b9b4f","Bacteria","Proteobacteria","Gammaproteobacteria","Pseudomonadales",NA,NA,"urn:lsid:marinespecies.org:taxname:393032","Order",NA
"107","Psychromonas","Psychromonas","975e4a799c2e054229dc28245b43ebd8","Bacteria","Proteobacteria","Gammaproteobacteria","Alteromonadales","Psychromonadaceae","Psychromonas","urn:lsid:marinespecies.org:taxname:393038","Genus","Mountfort, Rainey, Burghardt, Kaspar & Stackebrandt, 1998"
"108","Colwellia","Colwellia","723632a1348a55c32ed7a57f633a3694","Bacteria","Proteobacteria","Gammaproteobacteria","Alteromonadales","Colwelliaceae","Colwellia","urn:lsid:marinespecies.org:taxname:393930","Genus","Deming, Somers, Straube, Swartz & Macdonell, 1988"
"109","Flavobacteriales","Ns9 marine group","3b92be1b54b379ece4571bc4d2c14c71","Bacteria","Bacteroidetes","Flavobacteria","Flavobacteriales",NA,NA,"urn:lsid:marinespecies.org:taxname:559998","Order",NA
"110","Flavobacteriales","Ns9 marine group","35d2b4bd57c3dbb267f6c54058c33674","Bacteria","Bacteroidetes","Flavobacteria","Flavobacteriales",NA,NA,"urn:lsid:marinespecies.org:taxname:559998","Order",NA
"111","Thiotrichaceae","Thiotrichaceae","5c70e81aa34561feb062fc5fc0daddaf","Bacteria","Proteobacteria","Gammaproteobacteria","Thiotrichales","Thiotrichaceae",NA,"urn:lsid:marinespecies.org:taxname:414904","Family",NA
"112","Nitrospinaceae","Ls nob","266ef46f3b89b08e7d063a64250412a7","Bacteria","Proteobacteria","Deltaproteobacteria","Desulfobacterales","Nitrospinaceae",NA,"urn:lsid:marinespecies.org:taxname:570083","Family",NA
"113","Cryomorphaceae","Cryomorphaceae","E799c0b1326cf248ccaea905bb102eeb","Bacteria","Bacteroidetes","Flavobacteria","Flavobacteriales","Cryomorphaceae",NA,"urn:lsid:marinespecies.org:taxname:559981","Family","Bowman, Mancuso Nichols & Gibson, 2003"
"114","Thioglobaceae","Sup05 cluster","55864390ca56220bcc7e1d4973ca8402",NA,NA,NA,NA,NA,NA,NA,NA,NA
"115","Prevotellaceae","Prevotella 9","2c51df854fec887ba9c428f0f893fc45",NA,NA,NA,NA,NA,NA,NA,NA,NA
"116","Aquibacter","Aquibacter","Acd8da910bae1ffe32a758f02aa55e72",NA,NA,NA,NA,NA,NA,NA,NA,NA
"117","Flavobacteriales","Ns9 marine group","Ac8b777990602911a66959c22ebcb057","Bacteria","Bacteroidetes","Flavobacteria","Flavobacteriales",NA,NA,"urn:lsid:marinespecies.org:taxname:559998","Order",NA
"118","Saprospiraceae","Saprospiraceae","F05c6e0847a018cfab199184c898947e","Bacteria","Bacteroidetes","Sphingobacteria","Sphingobacteriales","Saprospiraceae",NA,"urn:lsid:marinespecies.org:taxname:564120","Family",NA
"119","Aquibacter","Aquibacter","Efaa4b9ea10e876366640c1ee4165e31",NA,NA,NA,NA,NA,NA,NA,NA,NA
"120","Formosa","Formosa","A0bb9aa297485545397a2c4e2d48c880","Bacteria","Bacteroidetes","Flavobacteria","Flavobacteriales","Flavobacteriaceae","Formosa","urn:lsid:marinespecies.org:taxname:562632","Genus","Ivanova, Alexeeva, Flavier, Wright, Zhukova, Gorshkova, Mikhailov, Nicolau & Christen, 2006"
"121","Altererythrobacter","Altererythrobacter","36da9d457d594f741efe150363b8ec0f","Bacteria","Proteobacteria","Alphaproteobacteria","Sphingomonadales","Erythrobacteraceae","Altererythrobacter","urn:lsid:marinespecies.org:taxname:568243","Genus","Kwon, Woo, Yang, Kang, Kang, Kim, Sato & Kato, 2007"
"122","Puniceicoccaceae","Mb11c04 marine group","F5b6f74567ca5dd8c5db37f1211c9e7c","Bacteria","Verrucomicrobia","Opitutae","Puniceicoccales","Puniceicoccaceae",NA,"urn:lsid:marinespecies.org:taxname:564177","Family","Choo, Lee, Song & Cho, 2007"
"123","Gammaproteobacteria","Hoc36","A8f1aaf0ca162bf59b6d73540d6cb256","Bacteria","Proteobacteria","Gammaproteobacteria",NA,NA,NA,"urn:lsid:marinespecies.org:taxname:393018","Class",NA
"124","Limnobacter","Limnobacter","708d85186677b49ce307140503c67a0e",NA,NA,NA,NA,NA,NA,NA,NA,NA
"125","Halieaceae","Halieaceae","1afc352b610b5db01284454f96ce3028",NA,NA,NA,NA,NA,NA,NA,NA,NA
"126","Pseudohongiella","Pseudohongiella","4c8b3dedf6c219bc2866d3fb2c3741ce",NA,NA,NA,NA,NA,NA,NA,NA,NA
"127","Aeromonas","Aeromonas","4fd6492f14a242f9784e72ae845edba6","Bacteria","Proteobacteria","Gammaproteobacteria","Aeromonadales","Aeromonadaceae","Aeromonas","urn:lsid:marinespecies.org:taxname:393941","Genus","Stanier, 1943"
"128","Gammaproteobacteria","Gammaproteobacteria","93d2b863ca7d060ccc780d83a7d38c9d","Bacteria","Proteobacteria","Gammaproteobacteria",NA,NA,NA,"urn:lsid:marinespecies.org:taxname:393018","Class",NA
"129","Puniceicoccaceae","Mb11c04 marine group","A5fca58990e7a8cdc488b50838323d3d","Bacteria","Verrucomicrobia","Opitutae","Puniceicoccales","Puniceicoccaceae",NA,"urn:lsid:marinespecies.org:taxname:564177","Family","Choo, Lee, Song & Cho, 2007"
"130","Polaribacter gangjinensis","Polaribacter gangjinensis","58520b448673811ce2e7adb6739b787f",NA,NA,NA,NA,NA,NA,NA,NA,NA
"131","Rhodothermaceae","Rhodothermaceae","3b00b2144514af2911872000bdb6825c","Bacteria","Bacteroidetes","Sphingobacteria","Sphingobacteriales","Rhodothermaceae",NA,"urn:lsid:marinespecies.org:taxname:564109","Family",NA
"132","Fluviicola","Fluviicola","6384d6fb5d753a802a8236d842c625ee",NA,NA,NA,NA,NA,NA,NA,NA,NA
"133","Selenomonas lacticifex","Selenomonas lacticifex","8c27a1159361656337fd8834a3c80824",NA,NA,NA,NA,NA,NA,NA,NA,NA
"134","Flavobacteriales","Ns9 marine group","5d57528ffddddb932212420af97deb2f","Bacteria","Bacteroidetes","Flavobacteria","Flavobacteriales",NA,NA,"urn:lsid:marinespecies.org:taxname:559998","Order",NA
"135","Alphaproteobacteria","Clade ii","088b8371b1242252b004ba6cb2dec39f","Bacteria","Proteobacteria","Alphaproteobacteria",NA,NA,NA,"urn:lsid:marinespecies.org:taxname:392750","Class",NA
"136","Bdellovibrionaceae","Om27 clade","Cb99a9a48399bce8cd60462e20380b7c","Bacteria","Proteobacteria","Deltaproteobacteria","Bdellovibrionales","Bdellovibrionaceae",NA,"urn:lsid:marinespecies.org:taxname:570032","Family","Garrity, Bell & Lilburn, 2006"
"137","Comamonadaceae","Comamonadaceae","A4363b8234b0fd085fd8876d8b80822d","Bacteria","Proteobacteria","Betaproteobacteria","Burkholderiales","Comamonadaceae",NA,"urn:lsid:marinespecies.org:taxname:393948","Family",NA
"138","Halieaceae","Om60(nor5) clade","Af0e9f566bcd17606d79c2d95d6e1bef",NA,NA,NA,NA,NA,NA,NA,NA,NA
"139","Marinoscillum","Marinoscillum","E3cff16a2e4e6b52e5717f5da85b9dad","Bacteria","Bacteroidetes","Cytophagia","Cytophagales","Cytophagaceae","Marinoscillum","urn:lsid:marinespecies.org:taxname:562006","Genus","Seo, Kwon, Yang, Lee, Bae, Lee & Kim, 2009"
"140","Parvibaculales","Ps1 clade","15953670a3a367ea387369969af76bb2",NA,NA,NA,NA,NA,NA,NA,NA,NA
"141","Porticoccaceae","C1 b045","E1530e95155dee083d95272c99fa7aaa",NA,NA,NA,NA,NA,NA,NA,NA,NA
"142","Thioglobaceae","Sup05 cluster","D33be109bdaf677b562852a1a8d57351",NA,NA,NA,NA,NA,NA,NA,NA,NA
"143","Flavobacteriaceae","Ns5 marine group","513f5f26313f66f8ba1ba69d3e933a17","Bacteria","Bacteroidetes","Flavobacteria","Flavobacteriales","Flavobacteriaceae",NA,"urn:lsid:marinespecies.org:taxname:559995","Family","(Reichenbach, 1992) emend. Bernardet, Nakagawa & Holmes, 2002"
"144","Cyanobiaceae","Synechococcus cc9902","Be7b2e7e81b894ca01656ac9df168bde",NA,NA,NA,NA,NA,NA,NA,NA,NA
"145","Sandaracinaceae","Sandaracinaceae","65d2d9d8348964ee671e729f53d94012",NA,NA,NA,NA,NA,NA,NA,NA,NA
"146","Myxococcaceae","P3ob 42","A2f945de8a07ef91afcbf536c1882c2e","Bacteria","Proteobacteria","Deltaproteobacteria","Myxococcales","Myxococcaceae",NA,"urn:lsid:marinespecies.org:taxname:570956","Family",NA
"147","Dehalococcoidia","Sar202 clade","07dc23a9c83815460fb175eae1e54e14",NA,NA,NA,NA,NA,NA,NA,NA,NA
"148","Yoonia loktanella","Yoonia loktanella","72a3fa050ae6e14a36af4ce66c888dbf",NA,NA,NA,NA,NA,NA,NA,NA,NA
"149","Alphaproteobacteria","Clade ia","Aaeb322988994556a246a1c6763b7625","Bacteria","Proteobacteria","Alphaproteobacteria",NA,NA,NA,"urn:lsid:marinespecies.org:taxname:392750","Class",NA
"150","Arenicellaceae","Arenicellaceae","0a15bcd4381587d94fd08fd765c704c6",NA,NA,NA,NA,NA,NA,NA,NA,NA
"151","Albimonas","Albimonas","A26b9784f4b5f057757eed755ea47eac","Bacteria","Proteobacteria","Alphaproteobacteria","Rhodobacterales","Rhodobacteraceae","Albimonas","urn:lsid:marinespecies.org:taxname:567627","Genus","Lim, Jeon, Jang, Park, Shin, Yeo & Kim, 2008"
"152","Pseudomonadales","Sar86 clade","11191c450dc64a619154336d6c00f0bc","Bacteria","Proteobacteria","Gammaproteobacteria","Pseudomonadales",NA,NA,"urn:lsid:marinespecies.org:taxname:393032","Order",NA
"153","Fluviicola","Fluviicola","Ffaba4ce09f1d144e8fe68eccd6f8938",NA,NA,NA,NA,NA,NA,NA,NA,NA
"154","Sporichthyaceae","Hgci clade","5e809294586be061b58d9ef1fad9d1da","Bacteria","Actinobacteria","Actinobacteria","Actinomycetales","Sporichthyaceae",NA,"urn:lsid:marinespecies.org:taxname:559566","Family","(Stackebrandt, Rainey & Ward-Rainey, 1997) emend. Zhi, Li & Stackebrandt, 2009"
"155","Flavobacteriaceae","Ns4 marine group","C003cd1dfa0c8185d760b91d65061dc8","Bacteria","Bacteroidetes","Flavobacteria","Flavobacteriales","Flavobacteriaceae",NA,"urn:lsid:marinespecies.org:taxname:559995","Family","(Reichenbach, 1992) emend. Bernardet, Nakagawa & Holmes, 2002"
"156","Sulfurovum","Sulfurovum","E864cd3a2a98f4a27d9e642a31673ccb","Bacteria","Proteobacteria","Epsilonproteobacteria","Epsilonproteobacteria incertae sedis",NA,"Sulfurovum","urn:lsid:marinespecies.org:taxname:393925","Genus","Inagaki, Takai, Nealson & Horikoshi, 2004"
"157","Alphaproteobacteria","Clade ii","F77d9f36a9a8e16adc01e3ddd065786c","Bacteria","Proteobacteria","Alphaproteobacteria",NA,NA,NA,"urn:lsid:marinespecies.org:taxname:392750","Class",NA
"158","Pseudarcobacter","Pseudarcobacter","C680dae750e84853326303a187fcc2e3",NA,NA,NA,NA,NA,NA,NA,NA,NA
"159","Puniceispirillales","Alpha proteobacterium","A96bef566be6337959d134901394957f",NA,NA,NA,NA,NA,NA,NA,NA,NA
"160","Umboniibacter","Umboniibacter","832358e4d3e882c9cfff10ddf08ac71b",NA,NA,NA,NA,NA,NA,NA,NA,NA
"161","Paludibacteraceae","Paludibacteraceae","7dcbf73d1f8426aff7d0053d54db2d43",NA,NA,NA,NA,NA,NA,NA,NA,NA
"162","Bdellovibrionaceae","Om27 clade","86c4a349b7cffb2c2c4e93cc3eceaf85","Bacteria","Proteobacteria","Deltaproteobacteria","Bdellovibrionales","Bdellovibrionaceae",NA,"urn:lsid:marinespecies.org:taxname:570032","Family","Garrity, Bell & Lilburn, 2006"
"163","Pirellulaceae","Pirellulaceae","23eb3a6122355713ac73efa9bb3a73b9","Bacteria","Planctomycetota","Planctomycetia","Pirellulales","Pirellulaceae",NA,"urn:lsid:marinespecies.org:taxname:1730077","Family","Dedysh et al., 2020"
"164","Ulvibacter","Ulvibacter","15d4f2dbfb3ab458def4901f37a3ef2b","Bacteria","Bacteroidetes","Flavobacteria","Flavobacteriales","Flavobacteriaceae","Ulvibacter","urn:lsid:marinespecies.org:taxname:564076","Genus","Nedashkovskaya, Kim, Han, Rhee, Lysenko, Falsen, Frolova, Mikhailov & Bae, 2004"
"165","Roseimarinus","Roseimarinus","C8ca31e35d6595824932d81bdaa92069",NA,NA,NA,NA,NA,NA,NA,NA,NA
"166","Coraliomargarita","Coraliomargarita","E0f8710ae620ce13a9a3c4577c1d971e","Bacteria","Verrucomicrobia","Opitutae","Puniceicoccales","Puniceicoccaceae","Coraliomargarita","urn:lsid:marinespecies.org:taxname:564184","Genus","Yoon, Yasumoto-Hirose, Katsuta, Sekiguchi, Matsuda, Kasai & Yokota, 2007"
"167","Cryomorphaceae","Cryomorphaceae","768fac642b73fd4b90ccae18f5a53269","Bacteria","Bacteroidetes","Flavobacteria","Flavobacteriales","Cryomorphaceae",NA,"urn:lsid:marinespecies.org:taxname:559981","Family","Bowman, Mancuso Nichols & Gibson, 2003"
"168","Desulfobulbaceae","Desulfobulbaceae","B1ec56e2c3806f86e8403c5bf11f9a91","Bacteria","Proteobacteria","Deltaproteobacteria","Desulfobacterales","Desulfobulbaceae",NA,"urn:lsid:marinespecies.org:taxname:570067","Family",NA
"169","Kordiimonadales","Kordiimonadales","3b3d36abf54e8fffb3082e6350a51b70","Bacteria","Proteobacteria","Alphaproteobacteria","Kordiimonadales",NA,NA,"urn:lsid:marinespecies.org:taxname:393988","Order",NA
"170","Flavobacteriaceae","Ns5 marine group","E84c0ce5e0a227964a09693cb4ed1cb8","Bacteria","Bacteroidetes","Flavobacteria","Flavobacteriales","Flavobacteriaceae",NA,"urn:lsid:marinespecies.org:taxname:559995","Family","(Reichenbach, 1992) emend. Bernardet, Nakagawa & Holmes, 2002"
"171","Cryomorphaceae","Cryomorphaceae","E3bfd96a1f17a5a0f1e34fa14dc5b6d0","Bacteria","Bacteroidetes","Flavobacteria","Flavobacteriales","Cryomorphaceae",NA,"urn:lsid:marinespecies.org:taxname:559981","Family","Bowman, Mancuso Nichols & Gibson, 2003"
"172","Flavobacteriales","Ns7 marine group","1929119c4066130e9903535a5f05d1e4","Bacteria","Bacteroidetes","Flavobacteria","Flavobacteriales",NA,NA,"urn:lsid:marinespecies.org:taxname:559998","Order",NA
"173","Candidatus puniceispirillum","Candidatus puniceispirillum","58b6ede5bbc2a7a9b454d48464fd7ead","Bacteria","Proteobacteria","Alphaproteobacteria","Alphaproteobacteria incertae sedis",NA,"Candidatus Puniceispirillum","urn:lsid:marinespecies.org:taxname:573770","Genus","Oh, Kwon, Kang, Kang, Lee, Kim & Cho, 2010"
"174","Sphingobacteriales","Ns11 12 marine group","7df4e4c2fce363516493d7861976d82a","Bacteria","Bacteroidetes","Sphingobacteria","Sphingobacteriales",NA,NA,"urn:lsid:marinespecies.org:taxname:564100","Order",NA
"175","Mitsuokella","Mitsuokella","1c407353b0dfcb4d118ba19f4f3f636e",NA,NA,NA,NA,NA,NA,NA,NA,NA
"176","Castellaniella","Castellaniella","6801ddfe0b87824d37a351add7ceb640",NA,NA,NA,NA,NA,NA,NA,NA,NA
"177","Flavobacteriaceae","Flavobacteriaceae","82972a69e0e38cbff66a2cb9556b546e","Bacteria","Bacteroidetes","Flavobacteria","Flavobacteriales","Flavobacteriaceae",NA,"urn:lsid:marinespecies.org:taxname:559995","Family","(Reichenbach, 1992) emend. Bernardet, Nakagawa & Holmes, 2002"
"178","Bacteria","Marinimicrobia (sar406 clade)","552789aad8097efd3a7a465211789669","Bacteria",NA,NA,NA,NA,NA,"urn:lsid:marinespecies.org:taxname:6","Kingdom",NA
"179","Thioglobaceae","Sup05 cluster","09b2258edc22a9698e6e2f7bb0d77775",NA,NA,NA,NA,NA,NA,NA,NA,NA
"180","Flavobacteriaceae","Flavobacteriaceae","8d46cec44ee6b70914f46376e2020f8c","Bacteria","Bacteroidetes","Flavobacteria","Flavobacteriales","Flavobacteriaceae",NA,"urn:lsid:marinespecies.org:taxname:559995","Family","(Reichenbach, 1992) emend. Bernardet, Nakagawa & Holmes, 2002"
"181","Puniceispirillales","Sar116 clade","27cc8862f17ec5edeb1204551eb90bd1",NA,NA,NA,NA,NA,NA,NA,NA,NA
"182","Porticoccaceae","Sar92 clade","289adcbf49a1112470fc708cab5023b6",NA,NA,NA,NA,NA,NA,NA,NA,NA
"183","Pseudomonadales","Pseudomonadales","75ff379e525defca9cf2ee076dd0454e","Bacteria","Proteobacteria","Gammaproteobacteria","Pseudomonadales",NA,NA,"urn:lsid:marinespecies.org:taxname:393032","Order",NA
"184","Flavobacteriaceae","Flavobacteriaceae","729793ce0072bbc7da7aacbeaf9696f2","Bacteria","Bacteroidetes","Flavobacteria","Flavobacteriales","Flavobacteriaceae",NA,"urn:lsid:marinespecies.org:taxname:559995","Family","(Reichenbach, 1992) emend. Bernardet, Nakagawa & Holmes, 2002"
"185","Crocinitomix","Crocinitomix","7f011ee0f0a160957c84b444835a2db9","Bacteria","Bacteroidetes","Flavobacteria","Flavobacteriales","Cryomorphaceae","Crocinitomix","urn:lsid:marinespecies.org:taxname:559985","Genus","Bowman, Mancuso Nichols & Gibson, 2003"
"186","Flavobacteriales","Ns9 marine group","390ee206c4493f881f562359614bfacd","Bacteria","Bacteroidetes","Flavobacteria","Flavobacteriales",NA,NA,"urn:lsid:marinespecies.org:taxname:559998","Order",NA
"187","Rubripirellula","Rubripirellula","Ba5087d74a5b44577d6faf06029b19e3",NA,NA,NA,NA,NA,NA,NA,NA,NA
"188","Puniceicoccaceae","Mb11c04 marine group","98c1016268ad28a9cb4b0edf15189fe0","Bacteria","Verrucomicrobia","Opitutae","Puniceicoccales","Puniceicoccaceae",NA,"urn:lsid:marinespecies.org:taxname:564177","Family","Choo, Lee, Song & Cho, 2007"
"189","Candidatus berkiella","Candidatus berkiella","Afa29a0cec8e483e4225e89147054f41",NA,NA,NA,NA,NA,NA,NA,NA,NA
"190","Porticoccus litoralis","Porticoccus litoralis","2255c701f0312472db0cd59327efc7e1",NA,NA,NA,NA,NA,NA,NA,NA,NA
"191","Alphaproteobacteria","Clade ii","B6738e29c2a6412bc108a162b36ae11f","Bacteria","Proteobacteria","Alphaproteobacteria",NA,NA,NA,"urn:lsid:marinespecies.org:taxname:392750","Class",NA
"192","Desulfosarcina","Desulfosarcina","70468e23c68e3923bcfba275d9844c4f","Bacteria","Proteobacteria","Deltaproteobacteria","Desulfobacterales","Desulfobacteraceae","Desulfosarcina","urn:lsid:marinespecies.org:taxname:570058","Genus","Widdel, 1981"
"193","Maritimimonas","Maritimimonas","Ccd26865eafe9a87cb4b3dd2bd70c439",NA,NA,NA,NA,NA,NA,NA,NA,NA
"194","Formosa","Formosa","24cafb0d147f9cc7ec1cbfb4d38e5392","Bacteria","Bacteroidetes","Flavobacteria","Flavobacteriales","Flavobacteriaceae","Formosa","urn:lsid:marinespecies.org:taxname:562632","Genus","Ivanova, Alexeeva, Flavier, Wright, Zhukova, Gorshkova, Mikhailov, Nicolau & Christen, 2006"
"195","Sulfurimonas","Sulfurimonas","6bc5848dbd32a2d84af600002e2fdf64","Bacteria","Proteobacteria","Epsilonproteobacteria","Campylobacterales","Helicobacteraceae","Sulfurimonas","urn:lsid:marinespecies.org:taxname:393613","Genus","Inagaki, Takai, Kobayashi, Nealson & Horikoshi, 2005"
"196","Sulfurimonas","Sulfurimonas","B4474138a34b023f4c12eda099a380f2","Bacteria","Proteobacteria","Epsilonproteobacteria","Campylobacterales","Helicobacteraceae","Sulfurimonas","urn:lsid:marinespecies.org:taxname:393613","Genus","Inagaki, Takai, Kobayashi, Nealson & Horikoshi, 2005"
"197","Psychrilyobacter","Psychrilyobacter","927da287d2eb60dd0e39dfada59d0a2d","Bacteria","Fusobacteria","Fusobacteria","Fusobacteriales","Fusobacteriaceae","Psychrilyobacter","urn:lsid:marinespecies.org:taxname:565453","Genus","Zhao, Manno & Hawari, 2009"
"198","Desulfocapsaceae","Desulfocapsaceae","3f082c6d17ac75205782259be1a552da",NA,NA,NA,NA,NA,NA,NA,NA,NA
"199","Rhodobacteraceae","Rhodobacteraceae","65bf8d673c8ec40417d7398922f2b931","Bacteria","Proteobacteria","Alphaproteobacteria","Rhodobacterales","Rhodobacteraceae",NA,"urn:lsid:marinespecies.org:taxname:393084","Family",NA
"200","Gammaproteobacteria incertae sedis","Gammaproteobacteria incertae sedis","987aa854a462623ff91dafdbdd4a71f8","Bacteria","Proteobacteria","Gammaproteobacteria","Gammaproteobacteria incertae sedis",NA,NA,"urn:lsid:marinespecies.org:taxname:393076","Order",NA
"201","Thermoplasmata","Marine group ii","429a55f78ccb16b00498991f42bbdc3f","Archaea","Euryarchaeota","Thermoplasmata",NA,NA,NA,"urn:lsid:marinespecies.org:taxname:416268","Class",NA
"202","Formosa","Formosa","Bf71722e93965303ca4f71e11586933e","Bacteria","Bacteroidetes","Flavobacteria","Flavobacteriales","Flavobacteriaceae","Formosa","urn:lsid:marinespecies.org:taxname:562632","Genus","Ivanova, Alexeeva, Flavier, Wright, Zhukova, Gorshkova, Mikhailov, Nicolau & Christen, 2006"
"203","Nitrincolaceae","Nitrincolaceae","5ff15c00de59af3e589e250584f41900",NA,NA,NA,NA,NA,NA,NA,NA,NA
"204","Rhodobacteraceae","Roseobacter clade nac11 7 lineage","B1dc9b25aded3c8462ceb8ba597b3685","Bacteria","Proteobacteria","Alphaproteobacteria","Rhodobacterales","Rhodobacteraceae",NA,"urn:lsid:marinespecies.org:taxname:393084","Family",NA
"205","Sandaracinaceae","Sandaracinaceae","8b99520d3b57f12fca60330840bdfcbb",NA,NA,NA,NA,NA,NA,NA,NA,NA
"206","Flavobacteriales","Ns9 marine group","F365ba68ccc478c5569d6d2591d8919a","Bacteria","Bacteroidetes","Flavobacteria","Flavobacteriales",NA,NA,"urn:lsid:marinespecies.org:taxname:559998","Order",NA
"207","Aestuariicoccus","Aestuariicoccus","3a7fae40455444bed511017b090fdcb1",NA,NA,NA,NA,NA,NA,NA,NA,NA
"208","Candidatus tenderia","Candidatus tenderia","C3760e29327788833bc497e480b72efa",NA,NA,NA,NA,NA,NA,NA,NA,NA
"209","Pseudomonadales","Sar86 clade","3b4740993da5df7909acdd8d1b666d56","Bacteria","Proteobacteria","Gammaproteobacteria","Pseudomonadales",NA,NA,"urn:lsid:marinespecies.org:taxname:393032","Order",NA
"210","Flavobacteriaceae","Ns5 marine group","1e9c2e52c186ce9afe52598bf2f4a20f","Bacteria","Bacteroidetes","Flavobacteria","Flavobacteriales","Flavobacteriaceae",NA,"urn:lsid:marinespecies.org:taxname:559995","Family","(Reichenbach, 1992) emend. Bernardet, Nakagawa & Holmes, 2002"
"211","Flavobacteriales","Ns9 marine group","37f13183cddf656689c8b30316c7499f","Bacteria","Bacteroidetes","Flavobacteria","Flavobacteriales",NA,NA,"urn:lsid:marinespecies.org:taxname:559998","Order",NA
"212","Desulfoconvexum","Desulfoconvexum","Caf5d51f47da348a781c0b96bffe1510",NA,NA,NA,NA,NA,NA,NA,NA,NA
"213","Rhodospirillaceae","Rhodospirillaceae","Baf79136a4e39c00d5ec6799d454e10a","Bacteria","Proteobacteria","Alphaproteobacteria","Rhodospirillales","Rhodospirillaceae",NA,"urn:lsid:marinespecies.org:taxname:392752","Family",NA
"214","Vicingus","Vicingus","1d0732ed12485871c9174b1c06cc073b",NA,NA,NA,NA,NA,NA,NA,NA,NA
"215","Halieaceae","Halieaceae","0677ed154a3cc8492c64f657e73a5aab",NA,NA,NA,NA,NA,NA,NA,NA,NA
"216","Flavobacteriales","Ns9 marine group","8f04ac0811e33f4479c1066e921cc5e3","Bacteria","Bacteroidetes","Flavobacteria","Flavobacteriales",NA,NA,"urn:lsid:marinespecies.org:taxname:559998","Order",NA
"217","Rhodospirillales","Aegean 169 marine group","2f169f24414a9f434b34824960481046","Bacteria","Proteobacteria","Alphaproteobacteria","Rhodospirillales",NA,NA,"urn:lsid:marinespecies.org:taxname:392751","Order",NA
"218","Spongiibacteraceae","Bd1 7 clade","E0f1d6753b3a9a33b35c41dd9493b6eb",NA,NA,NA,NA,NA,NA,NA,NA,NA
"219","Ascidiaceihabitans","Ascidiaceihabitans","8119654818a0ca69d096bd3271c7fc74",NA,NA,NA,NA,NA,NA,NA,NA,NA
"220","Umboniibacter","Umboniibacter","Fb3b2ba307fbd6cf75cae839ecc81567",NA,NA,NA,NA,NA,NA,NA,NA,NA
"221","Comamonadaceae","Comamonadaceae","94f299ad45306aa423b061f684df3b1e","Bacteria","Proteobacteria","Betaproteobacteria","Burkholderiales","Comamonadaceae",NA,"urn:lsid:marinespecies.org:taxname:393948","Family",NA
"222","Bacteria","Bacteria","1aef62e018ca96e5618874da5eb94637","Bacteria",NA,NA,NA,NA,NA,"urn:lsid:marinespecies.org:taxname:6","Kingdom",NA
"223","Defluviicoccales","Defluviicoccales","39fd950f30a49658d0f9588582e03a52",NA,NA,NA,NA,NA,NA,NA,NA,NA
"224","Pseudomonas","Pseudomonas","5de6fbd9e1ec40a40ece79c858278fbd","Bacteria","Proteobacteria","Gammaproteobacteria","Pseudomonadales","Pseudomonadaceae","Pseudomonas","urn:lsid:marinespecies.org:taxname:570642","Genus","Migula, 1894"
"225","Thiotrichaceae","Thiotrichaceae","553c2052d3a0d76ab7744da4b2b90b8d","Bacteria","Proteobacteria","Gammaproteobacteria","Thiotrichales","Thiotrichaceae",NA,"urn:lsid:marinespecies.org:taxname:414904","Family",NA
"226","Alphaproteobacteria","Clade i","C7fcfaec4f48b44649618547e43e141c","Bacteria","Proteobacteria","Alphaproteobacteria",NA,NA,NA,"urn:lsid:marinespecies.org:taxname:392750","Class",NA
"227","Magnetospiraceae","Magnetospiraceae","Bc0055d9333115826eeea7443b286b43",NA,NA,NA,NA,NA,NA,NA,NA,NA
"228","Rhodobacteraceae","Rhodobacteraceae","Aa96d1b0225db4bf796ccf83d316a343","Bacteria","Proteobacteria","Alphaproteobacteria","Rhodobacterales","Rhodobacteraceae",NA,"urn:lsid:marinespecies.org:taxname:393084","Family",NA
"229","Flavobacteriales","Ns9 marine group","5d0e15d44bca3b35fd3dbc239f78f381","Bacteria","Bacteroidetes","Flavobacteria","Flavobacteriales",NA,NA,"urn:lsid:marinespecies.org:taxname:559998","Order",NA
"230","Flavobacteriales","Ns7 marine group","0a2273b3151b9818b4ccd955b358084d","Bacteria","Bacteroidetes","Flavobacteria","Flavobacteriales",NA,NA,"urn:lsid:marinespecies.org:taxname:559998","Order",NA
"231","Flavobacteriales","Ns9 marine group","525a9a2c8b8b3e7b24b03fa272140ab9","Bacteria","Bacteroidetes","Flavobacteria","Flavobacteriales",NA,NA,"urn:lsid:marinespecies.org:taxname:559998","Order",NA
"232","Thermoplasmata","Marine group ii","811fc4ab5891a6e4ae4e69a9486c0321","Archaea","Euryarchaeota","Thermoplasmata",NA,NA,NA,"urn:lsid:marinespecies.org:taxname:416268","Class",NA
"233","Peredibacter","Peredibacter","C48c0d056af21c58fcddf7ad808d4753",NA,NA,NA,NA,NA,NA,NA,NA,NA
"234","Sporichthyaceae","Hgci clade","Dad4ffb704b56835de7e19e793b5abf2","Bacteria","Actinobacteria","Actinobacteria","Actinomycetales","Sporichthyaceae",NA,"urn:lsid:marinespecies.org:taxname:559566","Family","(Stackebrandt, Rainey & Ward-Rainey, 1997) emend. Zhi, Li & Stackebrandt, 2009"
"235","Pseudomonadales","Sar86 clade","27a99da9d136b29e38665aec65d3e4e3","Bacteria","Proteobacteria","Gammaproteobacteria","Pseudomonadales",NA,NA,"urn:lsid:marinespecies.org:taxname:393032","Order",NA
"236","Defluviicoccales","Defluviicoccales","77e6cdbd3392f6455e7238b689668b76",NA,NA,NA,NA,NA,NA,NA,NA,NA
"237","Thiomicrospira sp.","Thiomicrospira sp.","F50170fe38c27d11531f73edb272a59e",NA,NA,NA,NA,NA,NA,NA,NA,NA
"238","Comamonadaceae","Comamonadaceae","0c394b4e6d3845164535fb31bc1fc9d8","Bacteria","Proteobacteria","Betaproteobacteria","Burkholderiales","Comamonadaceae",NA,"urn:lsid:marinespecies.org:taxname:393948","Family",NA
"239","Gammaproteobacteria","Milano wf1b 44","C7939819b704b910beb4f2a53a4f6b3a","Bacteria","Proteobacteria","Gammaproteobacteria",NA,NA,NA,"urn:lsid:marinespecies.org:taxname:393018","Class",NA
"240","Bacteriovoracaceae","Bacteriovoracaceae","67a946494a3b0fd2310b69b2b16614eb","Bacteria","Proteobacteria","Deltaproteobacteria","Bdellovibrionales","Bacteriovoracaceae",NA,"urn:lsid:marinespecies.org:taxname:570028","Family","Davidov & Jurkevitch, 2004"
"241","Porticoccus","Porticoccus","87e7f483c5eceaeb9e81b86394989fed",NA,NA,NA,NA,NA,NA,NA,NA,NA
"242","Rhodobacteraceae","Rhodobacteraceae","D1e5a8e197ce962010a6db0e8b4159d4","Bacteria","Proteobacteria","Alphaproteobacteria","Rhodobacterales","Rhodobacteraceae",NA,"urn:lsid:marinespecies.org:taxname:393084","Family",NA
"243","Alphaproteobacteria","Clade ii","C7c0d82ee7e8b09d746a1f2f411254e3","Bacteria","Proteobacteria","Alphaproteobacteria",NA,NA,NA,"urn:lsid:marinespecies.org:taxname:392750","Class",NA
"244","Gammaproteobacteria","B2m28","72cb6e3977cd5772181b9a600cd5c96a","Bacteria","Proteobacteria","Gammaproteobacteria",NA,NA,NA,"urn:lsid:marinespecies.org:taxname:393018","Class",NA
"245","Bdellovibrionaceae","Om27 clade","B61544776025d792f9fa7c400de65e73","Bacteria","Proteobacteria","Deltaproteobacteria","Bdellovibrionales","Bdellovibrionaceae",NA,"urn:lsid:marinespecies.org:taxname:570032","Family","Garrity, Bell & Lilburn, 2006"
"246","Vibrio","Vibrio","37e9ced93d3240e0f53e277b3c7978eb","Bacteria","Proteobacteria","Gammaproteobacteria","Vibrionales","Vibrionaceae","Vibrio","urn:lsid:marinespecies.org:taxname:480248","Genus","Pacini, 1854"
"247","Polyangia","Blfdi19","43cd114332bef129b3b1268ec9a6239d",NA,NA,NA,NA,NA,NA,NA,NA,NA
"248","Flavobacteriaceae","Ns5 marine group","8fefb48bb870b6088aa596b31fbca02e","Bacteria","Bacteroidetes","Flavobacteria","Flavobacteriales","Flavobacteriaceae",NA,"urn:lsid:marinespecies.org:taxname:559995","Family","(Reichenbach, 1992) emend. Bernardet, Nakagawa & Holmes, 2002"
"249","Candidatus nitrosopumilus","Candidatus nitrosopumilus","Ba7f4bc813d422809b701c0b8a0dd2f5",NA,NA,NA,NA,NA,NA,NA,NA,NA
"250","Puniceicoccaceae","Mb11c04 marine group","0ad4648dc65e151c19f7cc8822d33229","Bacteria","Verrucomicrobia","Opitutae","Puniceicoccales","Puniceicoccaceae",NA,"urn:lsid:marinespecies.org:taxname:564177","Family","Choo, Lee, Song & Cho, 2007"
"251","Rhodobacteraceae","Rhodobacteraceae","744173dff624344fb4633e5e828eaa3d","Bacteria","Proteobacteria","Alphaproteobacteria","Rhodobacterales","Rhodobacteraceae",NA,"urn:lsid:marinespecies.org:taxname:393084","Family",NA
"252","Flavobacteriales","Ns9 marine group","185052258ac9868227476d545f4cef5c","Bacteria","Bacteroidetes","Flavobacteria","Flavobacteriales",NA,NA,"urn:lsid:marinespecies.org:taxname:559998","Order",NA
"253","Planctomicrobium","Planctomicrobium","11bba70a2caff4eca8f3345183bebf71",NA,NA,NA,NA,NA,NA,NA,NA,NA
"254","Candidatus actinomarina","Candidatus actinomarina","22a5500d25b03ae1c35bb25f45e316c2",NA,NA,NA,NA,NA,NA,NA,NA,NA
"255","Verrucomicrobiales","Dev007","40b7441374cfca5989d9edee3f858ec0","Bacteria","Verrucomicrobia","Verrucomicrobiae","Verrucomicrobiales",NA,NA,"urn:lsid:marinespecies.org:taxname:564210","Order","Ward-Rainey, Rainey, Schlesner & Stackebrandt, 1996"
"256","Desulfuromonadia","Pb19","231cfaab682bc7c20d06f78de6755e2f",NA,NA,NA,NA,NA,NA,NA,NA,NA
"257","Coxiella","Coxiella","Dc3e55aedd54f306c1b801ee86adac1d","Animalia","Mollusca","Gastropoda","Littorinimorpha","Tomichiidae","Coxiella","urn:lsid:marinespecies.org:taxname:722760","Genus","E. A. Smith, 1894"
"258","Litorimicrobium","Litorimicrobium","60123baacf5ba45e0613d39c47eae364",NA,NA,NA,NA,NA,NA,NA,NA,NA
"259","Magnetospiraceae","Magnetospiraceae","E0fc6284f61032cfda428416bdff5213",NA,NA,NA,NA,NA,NA,NA,NA,NA
"260","Verrucomicrobia bacterium","Verrucomicrobia bacterium","471f7213403bf620d5968b4f26c3fbae",NA,NA,NA,NA,NA,NA,NA,NA,NA
"261","Amylibacter","Amylibacter","5167f2966ea2456a92a4093fdc52c978",NA,NA,NA,NA,NA,NA,NA,NA,NA
"262","Gammaproteobacteria","Hoc36","77339b680aaf3567b09e8c8d078986d5","Bacteria","Proteobacteria","Gammaproteobacteria",NA,NA,NA,"urn:lsid:marinespecies.org:taxname:393018","Class",NA
"263","Magnetospiraceae","Magnetospiraceae","090b319d19b66a59e55d26483af85221",NA,NA,NA,NA,NA,NA,NA,NA,NA
"264","Woeseia","Woeseia","Ec35659778e2c1821f6576f9f0ee107d",NA,NA,NA,NA,NA,NA,NA,NA,NA
"265","Cryomorphaceae","Ns10 marine group","C6d59cc8a6434db83cf61cb256a17017","Bacteria","Bacteroidetes","Flavobacteria","Flavobacteriales","Cryomorphaceae",NA,"urn:lsid:marinespecies.org:taxname:559981","Family","Bowman, Mancuso Nichols & Gibson, 2003"
"266","Alcanivorax","Alcanivorax","3dc9c1f442ce44ecba509dda3a5c41ed","Bacteria","Proteobacteria","Gammaproteobacteria","Oceanospirillales","Alcanivoracaceae","Alcanivorax","urn:lsid:marinespecies.org:taxname:393082","Genus","Yakimov, Golyshin, Lang, Moore, Abraham, Lunsdorf & Timmis, 1998"
"267","Methylotenera","Methylotenera","2cabfa347d3a9922a7843836b877deda",NA,NA,NA,NA,NA,NA,NA,NA,NA
"268","Microcystaceae","Atelocyanobacterium (ucyn a)","Cbbfdf9670a043aa5443097a04b99985","Bacteria","Cyanobacteria","Cyanophyceae","Chroococcales","Microcystaceae",NA,"urn:lsid:marinespecies.org:taxname:146556","Family","Elenkin, 1933"
"269","Bdellovibrionaceae","Om27 clade","A40dff917621f7ff5c0dd6859484c7ef","Bacteria","Proteobacteria","Deltaproteobacteria","Bdellovibrionales","Bdellovibrionaceae",NA,"urn:lsid:marinespecies.org:taxname:570032","Family","Garrity, Bell & Lilburn, 2006"
"270","Polaribacter","Polaribacter","9f1f5fc31c2512c4478d11ab986f07b3","Bacteria","Bacteroidetes","Flavobacteria","Flavobacteriales","Flavobacteriaceae","Polaribacter","urn:lsid:marinespecies.org:taxname:563947","Genus","Gosink, Woese & Staley, 1998"
"271","Megasphaera","Megasphaera","27b072091ca75c62e9baf8971020f064",NA,NA,NA,NA,NA,NA,NA,NA,NA
"272","Ectothiorhodospiraceae","Ectothiorhodospiraceae","B18fc8045df1dc3c0712d7963858fc27","Bacteria","Proteobacteria","Gammaproteobacteria","Chromatiales","Ectothiorhodospiraceae",NA,"urn:lsid:marinespecies.org:taxname:570404","Family",NA
"273","Bacteria","Sar324 clade(marine group b)","33a3e4cd3dbd0d95dae49bf3da44c1dc","Bacteria",NA,NA,NA,NA,NA,"urn:lsid:marinespecies.org:taxname:6","Kingdom",NA
"274","Saprospiraceae","Saprospiraceae","47c80899c5d3af84b48b23d25521bea6","Bacteria","Bacteroidetes","Sphingobacteria","Sphingobacteriales","Saprospiraceae",NA,"urn:lsid:marinespecies.org:taxname:564120","Family",NA
"275","Flavobacteriaceae","Ns5 marine group","8068c07541ab0decce85713e98d7f2d8","Bacteria","Bacteroidetes","Flavobacteria","Flavobacteriales","Flavobacteriaceae",NA,"urn:lsid:marinespecies.org:taxname:559995","Family","(Reichenbach, 1992) emend. Bernardet, Nakagawa & Holmes, 2002"
"276","Polynucleobacter","Polynucleobacter","32ca60384429f0fa8d013a2ba24b53a3",NA,NA,NA,NA,NA,NA,NA,NA,NA
"277","Defluviicoccales","Defluviicoccales","A3ad9f33d1761ffd5bf96f1c9c591216",NA,NA,NA,NA,NA,NA,NA,NA,NA
"278","Thiomicrorhabdus","Thiomicrorhabdus","Af4ee74b1241d8815d0f280e1e0c39c0",NA,NA,NA,NA,NA,NA,NA,NA,NA
"279","Puniceispirillales","Alpha proteobacterium","Da89816efaeaee7b21e494408f3f28fa",NA,NA,NA,NA,NA,NA,NA,NA,NA
"280","Sulfurovum","Sulfurovum","7df9041ca1f48f3de8a797b51aa1132c","Bacteria","Proteobacteria","Epsilonproteobacteria","Epsilonproteobacteria incertae sedis",NA,"Sulfurovum","urn:lsid:marinespecies.org:taxname:393925","Genus","Inagaki, Takai, Nealson & Horikoshi, 2004"
"281","Cryomorphaceae","Cryomorphaceae","4831699d65c8419b5ace272aeb7315c0","Bacteria","Bacteroidetes","Flavobacteria","Flavobacteriales","Cryomorphaceae",NA,"urn:lsid:marinespecies.org:taxname:559981","Family","Bowman, Mancuso Nichols & Gibson, 2003"
"282","Maricaulis","Maricaulis","F951dcdd0a0da259439633bf6dcf68af","Bacteria","Proteobacteria","Alphaproteobacteria","Rhodobacterales","Hyphomonadaceae","Maricaulis","urn:lsid:marinespecies.org:taxname:394204","Genus","Abraham, Strömpl, Meyer, Lindholst, Moore, Christ, Vancanneyt, Tindall, Bennasar, Smit & Tesar, 1999"
"283","Polaribacter","Polaribacter","5fed72a595b629399982d354487c1a1a","Bacteria","Bacteroidetes","Flavobacteria","Flavobacteriales","Flavobacteriaceae","Polaribacter","urn:lsid:marinespecies.org:taxname:563947","Genus","Gosink, Woese & Staley, 1998"
"284","Bacteroidales","Bacteroidetes bd2 2","Ba10129ba9ed73e063e6de48345ae68d","Bacteria","Bacteroidetes","Bacteroidia","Bacteroidales",NA,NA,"urn:lsid:marinespecies.org:taxname:559847","Order",NA
"285","Puniceispirillales","Sar116 clade","B1c50fe032a838d5fbb142de9046ac41",NA,NA,NA,NA,NA,NA,NA,NA,NA
"286","Gammaproteobacteria incertae sedis","Gammaproteobacteria incertae sedis","6e6cf845625c577d4717241c73249ae0","Bacteria","Proteobacteria","Gammaproteobacteria","Gammaproteobacteria incertae sedis",NA,NA,"urn:lsid:marinespecies.org:taxname:393076","Order",NA
"287","Arcobacter","Arcobacter","79e83765be38cf0c75f8ad27067b5c18","Bacteria","Proteobacteria","Epsilonproteobacteria","Campylobacterales","Campylobacteraceae","Arcobacter","urn:lsid:marinespecies.org:taxname:570987","Genus","Vandamme, Falsen, Rossau, Hoste, Segers, Tytgat & De Ley, 1991"
"288","Flavobacteriales","Ns9 marine group","A0c14a7a9f9a151093e83aed1673f63c","Bacteria","Bacteroidetes","Flavobacteria","Flavobacteriales",NA,NA,"urn:lsid:marinespecies.org:taxname:559998","Order",NA
"289","Flavobacteriales","Ns9 marine group","E43bb93761309760cdab684efd92fa82","Bacteria","Bacteroidetes","Flavobacteria","Flavobacteriales",NA,NA,"urn:lsid:marinespecies.org:taxname:559998","Order",NA
"290","Litoricola","Litoricola","B3527a0e9aab9ad96b50be90fea8c0be","Bacteria","Proteobacteria","Gammaproteobacteria","Oceanospirillales","Litoricolaceae","Litoricola","urn:lsid:marinespecies.org:taxname:570448","Genus","Kim, Choo & Cho, 2007"
"291","Flavobacteriaceae","Ns5 marine group","Fb9ce07f025bb82cfe2053c56c8a7358","Bacteria","Bacteroidetes","Flavobacteria","Flavobacteriales","Flavobacteriaceae",NA,"urn:lsid:marinespecies.org:taxname:559995","Family","(Reichenbach, 1992) emend. Bernardet, Nakagawa & Holmes, 2002"
"292","Flavobacteriaceae","Ns5 marine group","C26a127d07bf6d400ec9ab37ef4ba047","Bacteria","Bacteroidetes","Flavobacteria","Flavobacteriales","Flavobacteriaceae",NA,"urn:lsid:marinespecies.org:taxname:559995","Family","(Reichenbach, 1992) emend. Bernardet, Nakagawa & Holmes, 2002"
"293","Thioglobaceae","Sup05 cluster","4c1122dc74664bfc7b118523dd6a5c14",NA,NA,NA,NA,NA,NA,NA,NA,NA
"294","Flavobacterium","Flavobacterium","0834133919641175cae8d292dd569410","Bacteria","Bacteroidetes","Flavobacteria","Flavobacteriales","Flavobacteriaceae","Flavobacterium","urn:lsid:marinespecies.org:taxname:562615","Genus","Bergey, Harrison, Breed, Hammer & Huntoon, 1923"
"295","Flavobacteriales","Ns7 marine group","98b33260977b1d0df4bbbcdf5c2d9ae3","Bacteria","Bacteroidetes","Flavobacteria","Flavobacteriales",NA,NA,"urn:lsid:marinespecies.org:taxname:559998","Order",NA
"296","Cyanobiaceae","Synechococcus cc9902","28b1305719f379649423938a134db090",NA,NA,NA,NA,NA,NA,NA,NA,NA
"297","Neptunomonas concharum","Neptunomonas concharum","35ef0b64f602d7e4d297106d66829c94",NA,NA,NA,NA,NA,NA,NA,NA,NA
"298","Cyanobiaceae","Synechococcus cc9902","95922967d9979ae15e1a45a7616705b1",NA,NA,NA,NA,NA,NA,NA,NA,NA
"299","Parvibaculales","Ocs116 clade","F21770f200eaf25a123f0c8a266f11df",NA,NA,NA,NA,NA,NA,NA,NA,NA
"300","Flavicella","Flavicella","A2df253852ad5778ead1e2611c17e9f3",NA,NA,NA,NA,NA,NA,NA,NA,NA
"301","Formosa","Formosa","E458d831c120916deae119c67c91cbba","Bacteria","Bacteroidetes","Flavobacteria","Flavobacteriales","Flavobacteriaceae","Formosa","urn:lsid:marinespecies.org:taxname:562632","Genus","Ivanova, Alexeeva, Flavier, Wright, Zhukova, Gorshkova, Mikhailov, Nicolau & Christen, 2006"
"302","Methylophilaceae","Om43 clade","A82e627baaa2b39307966062569e7562",NA,NA,NA,NA,NA,NA,NA,NA,NA
"303","Lutibacter","Lutibacter","6af0612e99495504772aa8ca99660987","Bacteria","Bacteroidetes","Flavobacteria","Flavobacteriales","Flavobacteriaceae","Lutibacter","urn:lsid:marinespecies.org:taxname:563886","Genus","Choi & Cho, 2006"
"304","Porticoccaceae","Sar92 clade","E4cf4dee77f432e234b221f10f81a532",NA,NA,NA,NA,NA,NA,NA,NA,NA
"305","Stenotrophomonas","Stenotrophomonas","3d32476ab76c5cadf929f741034b9624",NA,NA,NA,NA,NA,NA,NA,NA,NA
"306","Vibrio","Vibrio","7c93e55d31dbccefcc24f28eabae4b9a","Bacteria","Proteobacteria","Gammaproteobacteria","Vibrionales","Vibrionaceae","Vibrio","urn:lsid:marinespecies.org:taxname:480248","Genus","Pacini, 1854"
"307","Bacteria","Marinimicrobia (sar406 clade)","7dc6d95263d446e50d34953febbe2307","Bacteria",NA,NA,NA,NA,NA,"urn:lsid:marinespecies.org:taxname:6","Kingdom",NA
"308","Francisella","Francisella","78bd2cfdc9b698849782f8ee9d4d233d","Bacteria","Proteobacteria","Gammaproteobacteria","Thiotrichales","Francisellaceae","Francisella","urn:lsid:marinespecies.org:taxname:570667","Genus","Dorofe'ev, 1947"
"309","Sulfurimonas","Sulfurimonas","28feed490607dfdd8d07801149302b37","Bacteria","Proteobacteria","Epsilonproteobacteria","Campylobacterales","Helicobacteraceae","Sulfurimonas","urn:lsid:marinespecies.org:taxname:393613","Genus","Inagaki, Takai, Kobayashi, Nealson & Horikoshi, 2005"
"310","Glaciecola","Glaciecola","10d457e50e067ff8f8eae05ba91a865b","Bacteria","Proteobacteria","Gammaproteobacteria","Alteromonadales","Alteromonadaceae","Glaciecola","urn:lsid:marinespecies.org:taxname:393087","Genus","Bowman, McCammon, Brown & McMeekin, 1998"
"311","Nitrospina","Nitrospina","D16b0cd47a9f00cfa15e4c47aea338ae","Bacteria","Proteobacteria","Deltaproteobacteria","Desulfobacterales","Nitrospinaceae","Nitrospina","urn:lsid:marinespecies.org:taxname:570084","Genus","Watson & Waterbury, 1971"
"312","Rhodobacteraceae","Rhodobacteraceae","74458ca91c71a3d8d62f07d755fb8cf9","Bacteria","Proteobacteria","Alphaproteobacteria","Rhodobacterales","Rhodobacteraceae",NA,"urn:lsid:marinespecies.org:taxname:393084","Family",NA
"313","Desulfuromonadia","Pb19","39ff2e06a49ee8d3b9c872989e128914",NA,NA,NA,NA,NA,NA,NA,NA,NA
"314","Halioglobus","Halioglobus","7b1943536c5e9836e9724211b8cd5520",NA,NA,NA,NA,NA,NA,NA,NA,NA
"315","Bacteroidia","Bacteroidia","9e69450169083214dd84d3e639c64310","Bacteria","Bacteroidetes","Bacteroidia",NA,NA,NA,"urn:lsid:marinespecies.org:taxname:559846","Class",NA
"316","Crocinitomix","Crocinitomix","D3f651cb511dfeea11b127a8d5ac781e","Bacteria","Bacteroidetes","Flavobacteria","Flavobacteriales","Cryomorphaceae","Crocinitomix","urn:lsid:marinespecies.org:taxname:559985","Genus","Bowman, Mancuso Nichols & Gibson, 2003"
"317","Defluviicoccales","Defluviicoccales","40a82e3dc9d9973f01a0289f03a2e6b6",NA,NA,NA,NA,NA,NA,NA,NA,NA
"318","Bdellovibrionaceae","Om27 clade","A6d1cb4524efc57ec8ec79d35e40d600","Bacteria","Proteobacteria","Deltaproteobacteria","Bdellovibrionales","Bdellovibrionaceae",NA,"urn:lsid:marinespecies.org:taxname:570032","Family","Garrity, Bell & Lilburn, 2006"
"319","Puniceicoccaceae","Mb11c04 marine group","226ad33e2583cecf67fa0860516aa987","Bacteria","Verrucomicrobia","Opitutae","Puniceicoccales","Puniceicoccaceae",NA,"urn:lsid:marinespecies.org:taxname:564177","Family","Choo, Lee, Song & Cho, 2007"
"320","Marinifilum","Marinifilum","447037b766f15c6e02f7915e8038ba31","Bacteria","Bacteroidetes","Bacteroidetes incertae sedis",NA,NA,"Marinifilum","urn:lsid:marinespecies.org:taxname:562072","Genus","Na, Kim, Moon & Chun, 2009"
"321","Rhodobacteraceae","Rhodobacteraceae","509c9b8a17fc6064888d23f7f5cf1fef","Bacteria","Proteobacteria","Alphaproteobacteria","Rhodobacterales","Rhodobacteraceae",NA,"urn:lsid:marinespecies.org:taxname:393084","Family",NA
"322","Flavobacteriaceae","Ns4 marine group","F847a8fdea09cad2480ed80b6b36e641","Bacteria","Bacteroidetes","Flavobacteria","Flavobacteriales","Flavobacteriaceae",NA,"urn:lsid:marinespecies.org:taxname:559995","Family","(Reichenbach, 1992) emend. Bernardet, Nakagawa & Holmes, 2002"
"323","Pseudomonadales","Sar86 clade","F19be33c7941a31fff8f7783c89812ea","Bacteria","Proteobacteria","Gammaproteobacteria","Pseudomonadales",NA,NA,"urn:lsid:marinespecies.org:taxname:393032","Order",NA
"324","Bacteria","Marinimicrobia (sar406 clade)","A5a818a275eee1236545c450f1f440de","Bacteria",NA,NA,NA,NA,NA,"urn:lsid:marinespecies.org:taxname:6","Kingdom",NA
"325","Planktomarina","Planktomarina","A28fd1ffd6113c2138bfa6f681613f01",NA,NA,NA,NA,NA,NA,NA,NA,NA
"326","Candidatus omnitrophus","Candidatus omnitrophus","20d79da051b26ef67e0e294013eedf6f",NA,NA,NA,NA,NA,NA,NA,NA,NA
"327","Flavobacteriales","Ns9 marine group","2b93eb2b2a5143a5ded569b019862b00","Bacteria","Bacteroidetes","Flavobacteria","Flavobacteriales",NA,NA,"urn:lsid:marinespecies.org:taxname:559998","Order",NA
"328","Alphaproteobacteria","Alphaproteobacteria","078f2dce352f4e8726ee1091af82752f","Bacteria","Proteobacteria","Alphaproteobacteria",NA,NA,NA,"urn:lsid:marinespecies.org:taxname:392750","Class",NA
"329","Vibrio","Vibrio","60ade6630af160a7fe738bae8685c408","Bacteria","Proteobacteria","Gammaproteobacteria","Vibrionales","Vibrionaceae","Vibrio","urn:lsid:marinespecies.org:taxname:480248","Genus","Pacini, 1854"
"330","Flavobacteriaceae","Flavobacteriaceae","1ee50c35b976488f5174b3e80bcf15e1","Bacteria","Bacteroidetes","Flavobacteria","Flavobacteriales","Flavobacteriaceae",NA,"urn:lsid:marinespecies.org:taxname:559995","Family","(Reichenbach, 1992) emend. Bernardet, Nakagawa & Holmes, 2002"
"331","Flavobacteriaceae","Ns5 marine group","0b9114cb34999d4debc8c369e61a073c","Bacteria","Bacteroidetes","Flavobacteria","Flavobacteriales","Flavobacteriaceae",NA,"urn:lsid:marinespecies.org:taxname:559995","Family","(Reichenbach, 1992) emend. Bernardet, Nakagawa & Holmes, 2002"
"332","Polynucleobacter","Polynucleobacter","7fafa23a08d8e9b08d5db92b645ece77",NA,NA,NA,NA,NA,NA,NA,NA,NA
"333","Kistimonas","Kistimonas","63492508c45cf1b198c85d85654ad2d9",NA,NA,NA,NA,NA,NA,NA,NA,NA
"334","Rhodobacteraceae","Rhodobacteraceae","52dc12f431927ec3e4615a0b11389892","Bacteria","Proteobacteria","Alphaproteobacteria","Rhodobacterales","Rhodobacteraceae",NA,"urn:lsid:marinespecies.org:taxname:393084","Family",NA
"335","Octadecabacter","Octadecabacter","66ced4395fb7f6859bd057beee3ee4f2","Bacteria","Proteobacteria","Alphaproteobacteria","Rhodobacterales","Rhodobacteraceae","Octadecabacter","urn:lsid:marinespecies.org:taxname:567812","Genus","Gosink, Herwig & Staley, 1997"
"336","Thermoplasmata","Marine group ii","3515b99ed4c5a8ccd8ca76c15cc947c8","Archaea","Euryarchaeota","Thermoplasmata",NA,NA,NA,"urn:lsid:marinespecies.org:taxname:416268","Class",NA
"337","Candidatus megaira","Candidatus megaira","3a1cf26328bb4a35c5b729868731c7b8",NA,NA,NA,NA,NA,NA,NA,NA,NA
"338","Saprospiraceae","Saprospiraceae","9c868d5c0208c6d62801f66aed772a83","Bacteria","Bacteroidetes","Sphingobacteria","Sphingobacteriales","Saprospiraceae",NA,"urn:lsid:marinespecies.org:taxname:564120","Family",NA
"339","Flavobacteriales","Ns9 marine group","60fa93bc2b9dab995f942a5fd24faece","Bacteria","Bacteroidetes","Flavobacteria","Flavobacteriales",NA,NA,"urn:lsid:marinespecies.org:taxname:559998","Order",NA
"340","Fluviicola","Fluviicola","18ad4b264ca2d0aadb587b35c3aaca37",NA,NA,NA,NA,NA,NA,NA,NA,NA
"341","Alphaproteobacteria","Clade iv","Ecebb6ac405665bf286dd89a82ed4700","Bacteria","Proteobacteria","Alphaproteobacteria",NA,NA,NA,"urn:lsid:marinespecies.org:taxname:392750","Class",NA
"342","Sulfurovum","Sulfurovum","1089604b6c0eca8b90b190394477436d","Bacteria","Proteobacteria","Epsilonproteobacteria","Epsilonproteobacteria incertae sedis",NA,"Sulfurovum","urn:lsid:marinespecies.org:taxname:393925","Genus","Inagaki, Takai, Nealson & Horikoshi, 2004"
"343","Flavobacteriaceae","Ns4 marine group","F80e4bdd59a29e8e2b4f62902095eb69","Bacteria","Bacteroidetes","Flavobacteria","Flavobacteriales","Flavobacteriaceae",NA,"urn:lsid:marinespecies.org:taxname:559995","Family","(Reichenbach, 1992) emend. Bernardet, Nakagawa & Holmes, 2002"
"344","Desulfuromonadia","Pb19","3cb5bf9a2d5b0120cc7d00d6a507432c",NA,NA,NA,NA,NA,NA,NA,NA,NA
"345","Crocinitomicaceae","Crocinitomicaceae","E9673381f992dbb5a5b454db2b5b1c84",NA,NA,NA,NA,NA,NA,NA,NA,NA
"346","Candidatus tenderia","Candidatus tenderia","A801133eb55fdf82bec2b870252d1ed8",NA,NA,NA,NA,NA,NA,NA,NA,NA
"347","Sedimenticolaceae","Sedimenticolaceae","24658c549da2efb20db2fb15a0d05ab2",NA,NA,NA,NA,NA,NA,NA,NA,NA
"348","Bacteria","Bacteria","F144b465df1a101fc79e0f842771ed8c","Bacteria",NA,NA,NA,NA,NA,"urn:lsid:marinespecies.org:taxname:6","Kingdom",NA
"349","Puniceispirillales","Puniceispirillales","38692e57f0b4c83185a1474acd4fe0f3",NA,NA,NA,NA,NA,NA,NA,NA,NA
"350","Novosphingobium","Novosphingobium","39944a4ae0815185b53372bff057e495","Bacteria","Proteobacteria","Alphaproteobacteria","Sphingomonadales","Sphingomonadaceae","Novosphingobium","urn:lsid:marinespecies.org:taxname:568281","Genus","Takeuchi, Hamana & Hiraishi, 2001"
"351","Rhodospirillales","Aegean 169 marine group","A2f2aafdddf05fcfee43b5f36b19a1b1","Bacteria","Proteobacteria","Alphaproteobacteria","Rhodospirillales",NA,NA,"urn:lsid:marinespecies.org:taxname:392751","Order",NA
"352","Francisellaceae","Francisellaceae","36a598bcb769927c1ce18aa79364eef8","Bacteria","Proteobacteria","Gammaproteobacteria","Thiotrichales","Francisellaceae",NA,"urn:lsid:marinespecies.org:taxname:570666","Family",NA
"353","Gimesiaceae","Gimesiaceae","29baed3e9a97c9093e1d4a410c3e7967",NA,NA,NA,NA,NA,NA,NA,NA,NA
"354","Cyanobiaceae","Cyanobium pcc 6307","A33a67a1051543d96e177caa7e01b360",NA,NA,NA,NA,NA,NA,NA,NA,NA
"355","Litoricola","Litoricola","Ee07f1dd95bab923e46488b0065adb4d","Bacteria","Proteobacteria","Gammaproteobacteria","Oceanospirillales","Litoricolaceae","Litoricola","urn:lsid:marinespecies.org:taxname:570448","Genus","Kim, Choo & Cho, 2007"
"356","Cryomorphaceae","Cryomorphaceae","528ca2b03f06de8bcdaccaa26cdf3689","Bacteria","Bacteroidetes","Flavobacteria","Flavobacteriales","Cryomorphaceae",NA,"urn:lsid:marinespecies.org:taxname:559981","Family","Bowman, Mancuso Nichols & Gibson, 2003"
"357","Flavobacteriaceae","Ns4 marine group","191595b897a029ab2a1b46e156f297a8","Bacteria","Bacteroidetes","Flavobacteria","Flavobacteriales","Flavobacteriaceae",NA,"urn:lsid:marinespecies.org:taxname:559995","Family","(Reichenbach, 1992) emend. Bernardet, Nakagawa & Holmes, 2002"
"358","Bacteroidetes bacterium","Bacteroidetes bacterium","D7fc428e47cff32b2a907b533734d8c3",NA,NA,NA,NA,NA,NA,NA,NA,NA
"359","Gammaproteobacteria incertae sedis","Gammaproteobacteria incertae sedis","F56492945a87a264d58d1ab9b300f591","Bacteria","Proteobacteria","Gammaproteobacteria","Gammaproteobacteria incertae sedis",NA,NA,"urn:lsid:marinespecies.org:taxname:393076","Order",NA
"360","Flavobacteriales","Ns9 marine group","46de0006edb3c7ae1ce5c7947ed035a9","Bacteria","Bacteroidetes","Flavobacteria","Flavobacteriales",NA,NA,"urn:lsid:marinespecies.org:taxname:559998","Order",NA
"361","Endozoicomonas","Endozoicomonas","2f4dc319fedcb2b6bb94f794ed6babf6","Bacteria","Proteobacteria","Gammaproteobacteria","Oceanospirillales","Hahellaceae","Endozoicomonas","urn:lsid:marinespecies.org:taxname:570425","Genus","Kurahashi & Yokota, 2007"
"362","Gammaproteobacteria","Uba10353 marine group","5a5556a8908bb2a77626caae42a4c644","Bacteria","Proteobacteria","Gammaproteobacteria",NA,NA,NA,"urn:lsid:marinespecies.org:taxname:393018","Class",NA
"363","Bdellovibrionaceae","Om27 clade","3188b1ef0775fe2905f1b6cf9dc081f5","Bacteria","Proteobacteria","Deltaproteobacteria","Bdellovibrionales","Bdellovibrionaceae",NA,"urn:lsid:marinespecies.org:taxname:570032","Family","Garrity, Bell & Lilburn, 2006"
"364","Flavobacteriales","Ns9 marine group","5b2e645fd3a201363f8ab5709f36d64e","Bacteria","Bacteroidetes","Flavobacteria","Flavobacteriales",NA,NA,"urn:lsid:marinespecies.org:taxname:559998","Order",NA
"365","Candidatus planktophila","Candidatus planktophila","C52b4f6b5fcf6a1b3f02099019efab87",NA,NA,NA,NA,NA,NA,NA,NA,NA
"366","Pseudomonadales","Pseudomonadales","9469bece17bd461bedbd7170cbcd26ff","Bacteria","Proteobacteria","Gammaproteobacteria","Pseudomonadales",NA,NA,"urn:lsid:marinespecies.org:taxname:393032","Order",NA
"367","Gammaproteobacteria","Uba10353 marine group","E13028ca5fadddbc509b1e609cbec37b","Bacteria","Proteobacteria","Gammaproteobacteria",NA,NA,NA,"urn:lsid:marinespecies.org:taxname:393018","Class",NA
"368","Verrucomicrobiae","Arctic97b 4 marine group","0e818a032654ce8036cacc5a70332947","Bacteria","Verrucomicrobia","Verrucomicrobiae",NA,NA,NA,"urn:lsid:marinespecies.org:taxname:564208","Class","Hedlund, Gosink & Staley, 1997"
"369","Umboniibacter","Umboniibacter","B23d5118cecbcca22d5fda84d4b5e08b",NA,NA,NA,NA,NA,NA,NA,NA,NA
"370","Alphaproteobacteria","Clade ii","45331ce1b3f9a8c0b8c95e0948188462","Bacteria","Proteobacteria","Alphaproteobacteria",NA,NA,NA,"urn:lsid:marinespecies.org:taxname:392750","Class",NA
"371","Bacteria","Nb1 j","2fa946275fa98ebc991b652f652e5aaa","Bacteria",NA,NA,NA,NA,NA,"urn:lsid:marinespecies.org:taxname:6","Kingdom",NA
"372","Thioglobaceae","Sup05 cluster","D448277ccb7ad6835395ae75bfc4ff0a",NA,NA,NA,NA,NA,NA,NA,NA,NA
"373","Rhodobacteraceae","Rhodobacteraceae","308dfbe4aad3307dd83bd8d735a318f1","Bacteria","Proteobacteria","Alphaproteobacteria","Rhodobacterales","Rhodobacteraceae",NA,"urn:lsid:marinespecies.org:taxname:393084","Family",NA
"374","Draconibacterium","Draconibacterium","3eeb43cc35e4caae08720c945de475f4",NA,NA,NA,NA,NA,NA,NA,NA,NA
"375","Roseibacterium sp.","Roseibacterium sp.","A77cb38f899522165340d11e276ac031",NA,NA,NA,NA,NA,NA,NA,NA,NA
"376","Cryomorphaceae","Cryomorphaceae","3fbf949b2df4e6efe0e13bad1023a796","Bacteria","Bacteroidetes","Flavobacteria","Flavobacteriales","Cryomorphaceae",NA,"urn:lsid:marinespecies.org:taxname:559981","Family","Bowman, Mancuso Nichols & Gibson, 2003"
"377","Magnetospiraceae","Magnetospiraceae","A41bd412623b888fafaa4b24cada8df8",NA,NA,NA,NA,NA,NA,NA,NA,NA
"378","Escherichia shigella","Escherichia shigella","D0fa72bfbea511b70770b5a173bb235e",NA,NA,NA,NA,NA,NA,NA,NA,NA
"379","Polynucleobacter","Polynucleobacter","58c674c3fb1452b5bea3ebb67c6fa355",NA,NA,NA,NA,NA,NA,NA,NA,NA
"380","Desulfuromonadales","Sva1033","7130a9826f31bcab103d92f85c1ecae5","Bacteria","Proteobacteria","Deltaproteobacteria","Desulfuromonadales",NA,NA,"urn:lsid:marinespecies.org:taxname:570103","Order",NA
"381","Marinifilaceae","Marinifilaceae","9df499977e10512708b9e83e0ab8844e",NA,NA,NA,NA,NA,NA,NA,NA,NA
"382","Lutibacter","Lutibacter","7d86dbe78fcc0b0d312f0400215dc2e5","Bacteria","Bacteroidetes","Flavobacteria","Flavobacteriales","Flavobacteriaceae","Lutibacter","urn:lsid:marinespecies.org:taxname:563886","Genus","Choi & Cho, 2006"
"383","Methylobacterium methylorubrum","Methylobacterium methylorubrum","Ce20dcfc43694b4068273005c249a1c7",NA,NA,NA,NA,NA,NA,NA,NA,NA
"384","Alphaproteobacteria","Clade ii","1084c79f37a961972f2213c2aee06239","Bacteria","Proteobacteria","Alphaproteobacteria",NA,NA,NA,"urn:lsid:marinespecies.org:taxname:392750","Class",NA
"385","Flavobacteriaceae","Ns5 marine group","F85c282e95646c6cf8393911f76cba46","Bacteria","Bacteroidetes","Flavobacteria","Flavobacteriales","Flavobacteriaceae",NA,"urn:lsid:marinespecies.org:taxname:559995","Family","(Reichenbach, 1992) emend. Bernardet, Nakagawa & Holmes, 2002"
"386","Pseudoalteromonas tunicata","Pseudoalteromonas tunicata","53bd8de15aaa81bd8a6d994659019079","Bacteria","Proteobacteria","Gammaproteobacteria","Alteromonadales","Pseudoalteromonadaceae","Pseudoalteromonas","urn:lsid:marinespecies.org:taxname:570359","Species","Holmstrom, James, Neilan, White & Kjelleberg, 1998"
"387","Sulfurimonas","Sulfurimonas","Fa2e3af1a1869ab615b9f7d90810d398","Bacteria","Proteobacteria","Epsilonproteobacteria","Campylobacterales","Helicobacteraceae","Sulfurimonas","urn:lsid:marinespecies.org:taxname:393613","Genus","Inagaki, Takai, Kobayashi, Nealson & Horikoshi, 2005"
"388","Flavicella","Flavicella","Ae75f6f3488b7b6cebcccab9e9ad01e3",NA,NA,NA,NA,NA,NA,NA,NA,NA
"389","Pelagicoccus","Pelagicoccus","92c775c4c0557a671b5b3f0ebf1d0fa8","Bacteria","Verrucomicrobia","Opitutae","Puniceicoccales","Puniceicoccaceae","Pelagicoccus","urn:lsid:marinespecies.org:taxname:564190","Genus","Yoon, Yasumoto-Hirose, Matsuo, Nozawa, Matsuda, Kasai & Yokota, 2007"
"390","Flavobacteriales","Ns9 marine group","83b09c0923ba5c7a152ce0c69ff4d991","Bacteria","Bacteroidetes","Flavobacteria","Flavobacteriales",NA,NA,"urn:lsid:marinespecies.org:taxname:559998","Order",NA
"391","Fibrobacteraceae","Fibrobacteraceae","15e049c9dae97b7d72850456c92774a2",NA,NA,NA,NA,NA,NA,NA,NA,NA
"392","Nisaeaceae","Om75 clade","F3877af35eb0f7b45ac3fb58f925000e",NA,NA,NA,NA,NA,NA,NA,NA,NA
"393","Flavobacteriales","Ns9 marine group","B14d56ec028fdb5103f0122f45ac45a8","Bacteria","Bacteroidetes","Flavobacteria","Flavobacteriales",NA,NA,"urn:lsid:marinespecies.org:taxname:559998","Order",NA
"394","Gammaproteobacteria incertae sedis","Gammaproteobacteria incertae sedis","24b6bdc66418e76813eea7dbc7adf527","Bacteria","Proteobacteria","Gammaproteobacteria","Gammaproteobacteria incertae sedis",NA,NA,"urn:lsid:marinespecies.org:taxname:393076","Order",NA
"395","Verrucomicrobiae","Arctic97b 4 marine group","D62051635b25fb05b1d1507a174a407e","Bacteria","Verrucomicrobia","Verrucomicrobiae",NA,NA,NA,"urn:lsid:marinespecies.org:taxname:564208","Class","Hedlund, Gosink & Staley, 1997"
"396","Parvibaculales","Ps1 clade","F4e087faddc82a66fced6687746af374",NA,NA,NA,NA,NA,NA,NA,NA,NA
"397","Rhodospirillales","Aegean 169 marine group","7295d8061fff1c9b8abead5ebd78899a","Bacteria","Proteobacteria","Alphaproteobacteria","Rhodospirillales",NA,NA,"urn:lsid:marinespecies.org:taxname:392751","Order",NA
"398","Methylophilales bacterium","Methylophilales bacterium","387bf88b484e7d82d894de8ba7c5dc61",NA,NA,NA,NA,NA,NA,NA,NA,NA
"399","Algoriphagus","Algoriphagus","7d0611486745ccfca78576a8769f93a4","Bacteria","Bacteroidetes","Cytophagia","Cytophagales","Cyclobacteriaceae","Algoriphagus","urn:lsid:marinespecies.org:taxname:559878","Genus","Bowman, Mancuso Nichols & Gibson, 2003"
"400","Methylophilaceae","Om43 clade","7b8ad74932100c1f7575a7b52ff92767",NA,NA,NA,NA,NA,NA,NA,NA,NA
"401","Polaribacter","Polaribacter","Ff4453aedaef68091aeec6b4c1e14fbd","Bacteria","Bacteroidetes","Flavobacteria","Flavobacteriales","Flavobacteriaceae","Polaribacter","urn:lsid:marinespecies.org:taxname:563947","Genus","Gosink, Woese & Staley, 1998"
"402","Halioglobus","Halioglobus","244f326322245e19d76b87d149c31fe4",NA,NA,NA,NA,NA,NA,NA,NA,NA
"403","Candidatus megaira","Candidatus megaira","F2c0e3c51a12bf069ae73b84c398e070",NA,NA,NA,NA,NA,NA,NA,NA,NA
"404","Candidatus planktophila","Candidatus planktophila","8209cc84cb4ae4c54fb649a95e108211",NA,NA,NA,NA,NA,NA,NA,NA,NA
"405","Rhodobacteraceae","Rhodobacteraceae","00c68af20859b6a6065c1ec562dfb062","Bacteria","Proteobacteria","Alphaproteobacteria","Rhodobacterales","Rhodobacteraceae",NA,"urn:lsid:marinespecies.org:taxname:393084","Family",NA
"406","Flavobacteriaceae","Ns4 marine group","C9e267c68b9f69f6a4194f8dd358b463","Bacteria","Bacteroidetes","Flavobacteria","Flavobacteriales","Flavobacteriaceae",NA,"urn:lsid:marinespecies.org:taxname:559995","Family","(Reichenbach, 1992) emend. Bernardet, Nakagawa & Holmes, 2002"
"407","Nisaeaceae","Om75 clade","08e5a044c8bb2c619195cb764c063aaa",NA,NA,NA,NA,NA,NA,NA,NA,NA
"408","Gammaproteobacteria","Milano wf1b 44","C56c401c6154394812a05ad54f76b649","Bacteria","Proteobacteria","Gammaproteobacteria",NA,NA,NA,"urn:lsid:marinespecies.org:taxname:393018","Class",NA
"409","Cyanobiaceae","Synechococcus cc9902","97d473a08f05963f66670b7d621328b0",NA,NA,NA,NA,NA,NA,NA,NA,NA
"410","Sphingobacteriales","Ns11 12 marine group","43f11866424b1404530e16a53a88d844","Bacteria","Bacteroidetes","Sphingobacteria","Sphingobacteriales",NA,NA,"urn:lsid:marinespecies.org:taxname:564100","Order",NA
"411","Flavobacteriales","Ns9 marine group","Dbbd7c94d5a16630d496690bff08d5b2","Bacteria","Bacteroidetes","Flavobacteria","Flavobacteriales",NA,NA,"urn:lsid:marinespecies.org:taxname:559998","Order",NA
"412","Gammaproteobacteria","Gammaproteobacteria","430f7995ad03693f921c30c3d794749c","Bacteria","Proteobacteria","Gammaproteobacteria",NA,NA,NA,"urn:lsid:marinespecies.org:taxname:393018","Class",NA
"413","Roseibacillus","Roseibacillus","332982c6cf6e82ff2b2fd1de5bd0fd14","Bacteria","Verrucomicrobia","Verrucomicrobiae","Verrucomicrobiales","Verrucomicrobiaceae","Roseibacillus","urn:lsid:marinespecies.org:taxname:564329","Genus","Yoon, Matsuo, Adachi, Nozawa, Matsuda, Kasai & Yokota, 2008"
"414","Pseudomonadales","Ki89a clade","A9a2610e520408b425fa3f62d6f21404","Bacteria","Proteobacteria","Gammaproteobacteria","Pseudomonadales",NA,NA,"urn:lsid:marinespecies.org:taxname:393032","Order",NA
"415","Alphaproteobacteria","Clade ii","700cfd1637f895c7196cbe157dd3ab2c","Bacteria","Proteobacteria","Alphaproteobacteria",NA,NA,NA,"urn:lsid:marinespecies.org:taxname:392750","Class",NA
"416","Nitrincolaceae","Nitrincolaceae","Fed6bde2a290e9741ba5fbeeb88f0279",NA,NA,NA,NA,NA,NA,NA,NA,NA
"417","Cryomorphaceae","Cryomorphaceae","Cc3da772691993891b5dc093dabe301f","Bacteria","Bacteroidetes","Flavobacteria","Flavobacteriales","Cryomorphaceae",NA,"urn:lsid:marinespecies.org:taxname:559981","Family","Bowman, Mancuso Nichols & Gibson, 2003"
"418","Bacteria","Marinimicrobia (sar406 clade)","Df368b6b7b7f750e5e6f606266584b7b","Bacteria",NA,NA,NA,NA,NA,"urn:lsid:marinespecies.org:taxname:6","Kingdom",NA
"419","Verrucomicrobiales","Dev007","2ab0d22151e6f072489acf425ef9dbb6","Bacteria","Verrucomicrobia","Verrucomicrobiae","Verrucomicrobiales",NA,NA,"urn:lsid:marinespecies.org:taxname:564210","Order","Ward-Rainey, Rainey, Schlesner & Stackebrandt, 1996"
"420","Flavobacteriaceae","Ns5 marine group","A17be013ac75e0d7b9aa33a64bfd3c19","Bacteria","Bacteroidetes","Flavobacteria","Flavobacteriales","Flavobacteriaceae",NA,"urn:lsid:marinespecies.org:taxname:559995","Family","(Reichenbach, 1992) emend. Bernardet, Nakagawa & Holmes, 2002"
"421","Bdellovibrionaceae","Om27 clade","Fdd283ed8d9443c6e018b6064749e6cd","Bacteria","Proteobacteria","Deltaproteobacteria","Bdellovibrionales","Bdellovibrionaceae",NA,"urn:lsid:marinespecies.org:taxname:570032","Family","Garrity, Bell & Lilburn, 2006"
"422","Flavobacteriaceae","Flavobacteriaceae","8e9d5e9064991561d911f4bf6257e65e","Bacteria","Bacteroidetes","Flavobacteria","Flavobacteriales","Flavobacteriaceae",NA,"urn:lsid:marinespecies.org:taxname:559995","Family","(Reichenbach, 1992) emend. Bernardet, Nakagawa & Holmes, 2002"
"423","Fluviicola","Fluviicola","7f6c0c3d12c2623509acf2b7e2e852c7",NA,NA,NA,NA,NA,NA,NA,NA,NA
"424","Photobacterium","Photobacterium","5e5b6bf287bfedecbbc497ec6a68f971","Bacteria","Proteobacteria","Gammaproteobacteria","Vibrionales","Vibrionaceae","Photobacterium","urn:lsid:marinespecies.org:taxname:393998","Genus","Beijerinck, 1889"
"425","Halieaceae","Om60(nor5) clade","595c662fc9af21b7a968cca9050a1732",NA,NA,NA,NA,NA,NA,NA,NA,NA
"426","Gammaproteobacteria","Gammaproteobacteria","3563866cbe77d9fc5a58f64a70d1edd8","Bacteria","Proteobacteria","Gammaproteobacteria",NA,NA,NA,"urn:lsid:marinespecies.org:taxname:393018","Class",NA
"427","Rickettsiaceae","Rickettsiaceae","64e9ce1c7991fea38d79ac53dea7e266",NA,NA,NA,NA,NA,NA,NA,NA,NA
"428","Coxiella","Coxiella","3c62c628d992307672ad72a9a7d429d5","Animalia","Mollusca","Gastropoda","Littorinimorpha","Tomichiidae","Coxiella","urn:lsid:marinespecies.org:taxname:722760","Genus","E. A. Smith, 1894"
"429","Vibrio","Vibrio","82b50de0603c2f82f2bf1337e373ada9","Bacteria","Proteobacteria","Gammaproteobacteria","Vibrionales","Vibrionaceae","Vibrio","urn:lsid:marinespecies.org:taxname:480248","Genus","Pacini, 1854"
"430","Candidatus megaira","Candidatus megaira","7f992dd210a0ec75e5c93df985e6e507",NA,NA,NA,NA,NA,NA,NA,NA,NA
"431","Candidatus nitrosopelagicus","Candidatus nitrosopelagicus","1f1775b5b81eb962f326796fe09c2db2",NA,NA,NA,NA,NA,NA,NA,NA,NA
"432","Flavobacteriaceae","Ns4 marine group","4adee8b333c0c3be549112e1a7590a71","Bacteria","Bacteroidetes","Flavobacteria","Flavobacteriales","Flavobacteriaceae",NA,"urn:lsid:marinespecies.org:taxname:559995","Family","(Reichenbach, 1992) emend. Bernardet, Nakagawa & Holmes, 2002"
"433","Alphaproteobacteria","Clade ia","153fc830393f168221a7daa1603c35dd","Bacteria","Proteobacteria","Alphaproteobacteria",NA,NA,NA,"urn:lsid:marinespecies.org:taxname:392750","Class",NA
"434","Coxiella","Coxiella","040c0bf17667d8fbf2fcbb2ac5347bf4","Animalia","Mollusca","Gastropoda","Littorinimorpha","Tomichiidae","Coxiella","urn:lsid:marinespecies.org:taxname:722760","Genus","E. A. Smith, 1894"
"435","Flavobacteriaceae","Ns5 marine group","Baed59bd0b5ce24215761041c2257b6c","Bacteria","Bacteroidetes","Flavobacteria","Flavobacteriales","Flavobacteriaceae",NA,"urn:lsid:marinespecies.org:taxname:559995","Family","(Reichenbach, 1992) emend. Bernardet, Nakagawa & Holmes, 2002"
"436","Cryomorphaceae","Cryomorphaceae","6c7cd3915c4eb7f3cded66952daaa894","Bacteria","Bacteroidetes","Flavobacteria","Flavobacteriales","Cryomorphaceae",NA,"urn:lsid:marinespecies.org:taxname:559981","Family","Bowman, Mancuso Nichols & Gibson, 2003"
"437","Candidatus nitrosopumilus","Candidatus nitrosopumilus","C45449c6ab9737201c16edd108ac311a",NA,NA,NA,NA,NA,NA,NA,NA,NA
"438","Alphaproteobacteria","Clade i","12b59ae1a7268282e69854717180c3bf","Bacteria","Proteobacteria","Alphaproteobacteria",NA,NA,NA,"urn:lsid:marinespecies.org:taxname:392750","Class",NA
"439","Flavobacteriales","Ns9 marine group","52911eb9468f0f2c7bcf796c4871cdf2","Bacteria","Bacteroidetes","Flavobacteria","Flavobacteriales",NA,NA,"urn:lsid:marinespecies.org:taxname:559998","Order",NA
"440","Flavobacteriaceae","Flavobacteriaceae","Aee598272fc4e96b0df9ac61aad558fd","Bacteria","Bacteroidetes","Flavobacteria","Flavobacteriales","Flavobacteriaceae",NA,"urn:lsid:marinespecies.org:taxname:559995","Family","(Reichenbach, 1992) emend. Bernardet, Nakagawa & Holmes, 2002"
"441","Phycisphaeraceae","Cl500 3","7a499b70ece2fd94065ebd2786aaa95b","Bacteria","Planctomycetes","Phycisphaerae","Phycisphaerales","Phycisphaeraceae",NA,"urn:lsid:marinespecies.org:taxname:565458","Family","Fukunaga, Kurahashi, Sakiyama, Ohuchi, Yokota & Harayama, 2009"
"442","Flavobacteriaceae","Flavobacteriaceae","B43291efe9b9e7b59d7495613d2bf61a","Bacteria","Bacteroidetes","Flavobacteria","Flavobacteriales","Flavobacteriaceae",NA,"urn:lsid:marinespecies.org:taxname:559995","Family","(Reichenbach, 1992) emend. Bernardet, Nakagawa & Holmes, 2002"
"443","Flavobacteriales","Ns9 marine group","1ced6b6c29efb4e50c7bf4d262fa0109","Bacteria","Bacteroidetes","Flavobacteria","Flavobacteriales",NA,NA,"urn:lsid:marinespecies.org:taxname:559998","Order",NA
"444","Rhodospirillales","Aegean 169 marine group","140848bf345b1743afbe55d83633e9a3","Bacteria","Proteobacteria","Alphaproteobacteria","Rhodospirillales",NA,NA,"urn:lsid:marinespecies.org:taxname:392751","Order",NA
"445","Colwellia rossensis","Colwellia rossensis","60176142604abcf433152d2880cce647","Bacteria","Proteobacteria","Gammaproteobacteria","Alteromonadales","Colwelliaceae","Colwellia","urn:lsid:marinespecies.org:taxname:582122","Species","Bowman, Gosink, McCammon, Lewis, Nichols, Nichols, Skerratt, Staley & McMeekin, 1998"
"446","Sphingorhabdus","Sphingorhabdus","5cecb9ca6a0515a6c47038b79936e774",NA,NA,NA,NA,NA,NA,NA,NA,NA
"447","Bacteriovoracaceae","Bacteriovoracaceae","973e67e6ef84f207f3d33f7c51506560","Bacteria","Proteobacteria","Deltaproteobacteria","Bdellovibrionales","Bacteriovoracaceae",NA,"urn:lsid:marinespecies.org:taxname:570028","Family","Davidov & Jurkevitch, 2004"
"448","Bacteria","Marinimicrobia (sar406 clade)","01d1d111c2d40d8bc96704b95ed6a769","Bacteria",NA,NA,NA,NA,NA,"urn:lsid:marinespecies.org:taxname:6","Kingdom",NA
"449","Puniceicoccaceae","Mb11c04 marine group","5a68a4553e1b7c22eb2b84d746ad030a","Bacteria","Verrucomicrobia","Opitutae","Puniceicoccales","Puniceicoccaceae",NA,"urn:lsid:marinespecies.org:taxname:564177","Family","Choo, Lee, Song & Cho, 2007"
"450","Chitinophagales","Chitinophagales","34400afa24ca198c15b52318a0a84aa4",NA,NA,NA,NA,NA,NA,NA,NA,NA
"451","Rhodobacteraceae","Bacterium rcc","277d521917830d04bde58013f1b74c91","Bacteria","Proteobacteria","Alphaproteobacteria","Rhodobacterales","Rhodobacteraceae",NA,"urn:lsid:marinespecies.org:taxname:393084","Family",NA
"452","Cryomorphaceae","Cryomorphaceae","6352fcb08d8118c3391b6994309b5b1f","Bacteria","Bacteroidetes","Flavobacteria","Flavobacteriales","Cryomorphaceae",NA,"urn:lsid:marinespecies.org:taxname:559981","Family","Bowman, Mancuso Nichols & Gibson, 2003"
"453","Thiotrichaceae","Thiotrichaceae","214740e5ad5cd4fda20b41602914ead9","Bacteria","Proteobacteria","Gammaproteobacteria","Thiotrichales","Thiotrichaceae",NA,"urn:lsid:marinespecies.org:taxname:414904","Family",NA
"454","Rhodospirillales","Aegean 169 marine group","C4aef52a76dc4545691371295d3bd0b7","Bacteria","Proteobacteria","Alphaproteobacteria","Rhodospirillales",NA,NA,"urn:lsid:marinespecies.org:taxname:392751","Order",NA
"455","Formosa","Formosa","6e7368f03823d9270ca47ea1a60d6516","Bacteria","Bacteroidetes","Flavobacteria","Flavobacteriales","Flavobacteriaceae","Formosa","urn:lsid:marinespecies.org:taxname:562632","Genus","Ivanova, Alexeeva, Flavier, Wright, Zhukova, Gorshkova, Mikhailov, Nicolau & Christen, 2006"
"456","Rhodobacteraceae","Rhodobacteraceae","Cdd671aaa22a671d4d757712cabcb12f","Bacteria","Proteobacteria","Alphaproteobacteria","Rhodobacterales","Rhodobacteraceae",NA,"urn:lsid:marinespecies.org:taxname:393084","Family",NA
"457","Cryomorphaceae","Cryomorphaceae","E007aa8ad04b6455fd8783e2b856b2b5","Bacteria","Bacteroidetes","Flavobacteria","Flavobacteriales","Cryomorphaceae",NA,"urn:lsid:marinespecies.org:taxname:559981","Family","Bowman, Mancuso Nichols & Gibson, 2003"
"458","Ascidiaceihabitans","Ascidiaceihabitans","9ff3e6b5e83904d726bc274f981cf578",NA,NA,NA,NA,NA,NA,NA,NA,NA
"459","Puniceispirillales","Sar116 clade","7f86af8f0dd823dded48f2ec2c7b66f7",NA,NA,NA,NA,NA,NA,NA,NA,NA
"460","Puniceicoccaceae","Mb11c04 marine group","3045a4753d57df40cbacab92e9d31f50","Bacteria","Verrucomicrobia","Opitutae","Puniceicoccales","Puniceicoccaceae",NA,"urn:lsid:marinespecies.org:taxname:564177","Family","Choo, Lee, Song & Cho, 2007"
"461","Rhodospirillales","Aegean 169 marine group","9a77402e09c58688d89a00edea813371","Bacteria","Proteobacteria","Alphaproteobacteria","Rhodospirillales",NA,NA,"urn:lsid:marinespecies.org:taxname:392751","Order",NA
"462","Candidatus puniceispirillum","Candidatus puniceispirillum","Cc6c9cd4470655dcff6169bcd6a41f39","Bacteria","Proteobacteria","Alphaproteobacteria","Alphaproteobacteria incertae sedis",NA,"Candidatus Puniceispirillum","urn:lsid:marinespecies.org:taxname:573770","Genus","Oh, Kwon, Kang, Kang, Lee, Kim & Cho, 2010"
"463","Desulfobulbaceae","Desulfobulbaceae","10a6fae3a6546019917e1583e1f776fc","Bacteria","Proteobacteria","Deltaproteobacteria","Desulfobacterales","Desulfobulbaceae",NA,"urn:lsid:marinespecies.org:taxname:570067","Family",NA
"464","Polynucleobacter cosmopolitanus","Polynucleobacter cosmopolitanus","51443f7a8ddbd90f2451ab3ff3a506c5",NA,NA,NA,NA,NA,NA,NA,NA,NA
"465","Methylophilaceae","Om43 clade","F3dc9a1e555cc1a810303e00ee6332f7",NA,NA,NA,NA,NA,NA,NA,NA,NA
"466","Aquibacter","Aquibacter","Abbb8cb8a984e3b3b37c2424a98ef922",NA,NA,NA,NA,NA,NA,NA,NA,NA
"467","Pseudomonadales","Sar86 clade","De4309ab7fe41c00aca608be804fbb8e","Bacteria","Proteobacteria","Gammaproteobacteria","Pseudomonadales",NA,NA,"urn:lsid:marinespecies.org:taxname:393032","Order",NA
"468","Thermoplasmata","Marine group ii","Bdf2fdb61106458bc980bc3038b1d54a","Archaea","Euryarchaeota","Thermoplasmata",NA,NA,NA,"urn:lsid:marinespecies.org:taxname:416268","Class",NA
"469","Bacteroidia","Bacteroidetes vc2.1 bac22","38d7271f66427aee68ea6e2ec787a2ec","Bacteria","Bacteroidetes","Bacteroidia",NA,NA,NA,"urn:lsid:marinespecies.org:taxname:559846","Class",NA
"470","Alphaproteobacteria","Clade ia","D973301ca38b3503cde8867a63926c55","Bacteria","Proteobacteria","Alphaproteobacteria",NA,NA,NA,"urn:lsid:marinespecies.org:taxname:392750","Class",NA
"471","Desulfuromonadia","Pb19","2b338bf9453c3c684be73eccc2aeda5a",NA,NA,NA,NA,NA,NA,NA,NA,NA
"472","Gammaproteobacteria","Ga0077536","6c8f73c563aa671f8647b5c99b51145f","Bacteria","Proteobacteria","Gammaproteobacteria",NA,NA,NA,"urn:lsid:marinespecies.org:taxname:393018","Class",NA
"473","Rhodobacteraceae","Rhodobacteraceae","080a5d1d3b80b6a2b68e21a44320270c","Bacteria","Proteobacteria","Alphaproteobacteria","Rhodobacterales","Rhodobacteraceae",NA,"urn:lsid:marinespecies.org:taxname:393084","Family",NA
"474","Alphaproteobacteria","Clade ii","Cc20329b7714ba7c719dbf1d652028e1","Bacteria","Proteobacteria","Alphaproteobacteria",NA,NA,NA,"urn:lsid:marinespecies.org:taxname:392750","Class",NA
"475","Flavobacterium","Flavobacterium","E82d30f3184848836f24042b1c98f92d","Bacteria","Bacteroidetes","Flavobacteria","Flavobacteriales","Flavobacteriaceae","Flavobacterium","urn:lsid:marinespecies.org:taxname:562615","Genus","Bergey, Harrison, Breed, Hammer & Huntoon, 1923"
"476","Desulfuromonadia","Pb19","5b8d53b1bfd022f96a6d3b5b19ed7d76",NA,NA,NA,NA,NA,NA,NA,NA,NA
"477","Porticoccaceae","Sar92 clade","85fac69d599b38137822fd38560e4767",NA,NA,NA,NA,NA,NA,NA,NA,NA
"478","Bacteria","Bacteria","0a4a1772af2596f11336ce73c6407828","Bacteria",NA,NA,NA,NA,NA,"urn:lsid:marinespecies.org:taxname:6","Kingdom",NA
"479","Candidatus nitrosopumilus","Candidatus nitrosopumilus","363036668aa3c2e382cc59978dd86843",NA,NA,NA,NA,NA,NA,NA,NA,NA
"480","Cellvibrionaceae","Cellvibrionaceae","6c8d4c0eaf01082eba4a7b271aac2a19",NA,NA,NA,NA,NA,NA,NA,NA,NA
"481","Flavobacteriaceae","Ns4 marine group","B128616e419ae2c80df82cad2a860ed1","Bacteria","Bacteroidetes","Flavobacteria","Flavobacteriales","Flavobacteriaceae",NA,"urn:lsid:marinespecies.org:taxname:559995","Family","(Reichenbach, 1992) emend. Bernardet, Nakagawa & Holmes, 2002"
"482","Gemmatimonadota","Bd2 11 terrestrial group","1ede632adbb3c210d0d413962b472d74",NA,NA,NA,NA,NA,NA,NA,NA,NA
"483","Desulfobacterota","Desulfobacterota","7481b37637ca102bb06c4c0af2f3ba31",NA,NA,NA,NA,NA,NA,NA,NA,NA
"484","Alphaproteobacteria","Clade ii","Cd9380c7b44ededda7eae84026f8b951","Bacteria","Proteobacteria","Alphaproteobacteria",NA,NA,NA,"urn:lsid:marinespecies.org:taxname:392750","Class",NA
"485","Balneola","Balneola","9643ae3255a72ebc7dc2c7f1500174bf","Bacteria","Bacteroidetes","Sphingobacteria","Sphingobacteriales","Chitinophagaceae","Balneola","urn:lsid:marinespecies.org:taxname:564102","Genus","Urios, Agogue, Lesongeur, Stackebrandt & Lebaron, 2006"
"486","Dehalococcoidia","Sar202 clade","2f3fbc68cc002a1eaf6fb90109a5e25f",NA,NA,NA,NA,NA,NA,NA,NA,NA
"487","Halieaceae","Om60(nor5) clade","Bdc8386d06dffe20d71e582b2d88e623",NA,NA,NA,NA,NA,NA,NA,NA,NA
"488","Verticiella","Verticiella","Bf5c1986ccd3be62488f6fab68d9b4d2",NA,NA,NA,NA,NA,NA,NA,NA,NA
"489","Coxiella","Coxiella","C64a560758adf60138a501ba77a6f0b6","Animalia","Mollusca","Gastropoda","Littorinimorpha","Tomichiidae","Coxiella","urn:lsid:marinespecies.org:taxname:722760","Genus","E. A. Smith, 1894"
"490","Halioglobus","Halioglobus","811c83571cf35fb77db49ba2a7c7327b",NA,NA,NA,NA,NA,NA,NA,NA,NA
"491","Flavobacteriales","Ns9 marine group","99c785c8eb541bbec11ac67773c5db49","Bacteria","Bacteroidetes","Flavobacteria","Flavobacteriales",NA,NA,"urn:lsid:marinespecies.org:taxname:559998","Order",NA
"492","Puniceispirillales","Sar116 clade","Db364b65190fb8ba5f3c12d425a414c3",NA,NA,NA,NA,NA,NA,NA,NA,NA
"493","Microtrichaceae","Sva0996 marine group","0d41441cfaaa7bc4f04d62e9092da7b6",NA,NA,NA,NA,NA,NA,NA,NA,NA
"494","Flavobacteriales","Ns9 marine group","4d494cd2bdf74b8347d12ee17b62bb02","Bacteria","Bacteroidetes","Flavobacteria","Flavobacteriales",NA,NA,"urn:lsid:marinespecies.org:taxname:559998","Order",NA
"495","Magnetospiraceae","Magnetospiraceae","Dd435ea4fd03b52e20b784f322ae1a59",NA,NA,NA,NA,NA,NA,NA,NA,NA
"496","Acinetobacter","Acinetobacter","6c42aeeb73aae1457ff4843bf88d26c5","Bacteria","Proteobacteria","Gammaproteobacteria","Pseudomonadales","Moraxellaceae","Acinetobacter","urn:lsid:marinespecies.org:taxname:570612","Genus","Brisou & Prevot, 1954"
"497","Alphaproteobacteria","Sar11 clade","0ca36673123cd299c11823bc2f8bd460","Bacteria","Proteobacteria","Alphaproteobacteria",NA,NA,NA,"urn:lsid:marinespecies.org:taxname:392750","Class",NA
"498","Cyclobacteriaceae","Cyclobacteriaceae","D87e50c83f784a60ca78484672b2b4f0","Bacteria","Bacteroidetes","Cytophagia","Cytophagales","Cyclobacteriaceae",NA,"urn:lsid:marinespecies.org:taxname:559877","Family",NA
"499","Rhodobacteraceae","Rhodobacteraceae","830a0c67d46f2feda120b4551f5524f8","Bacteria","Proteobacteria","Alphaproteobacteria","Rhodobacterales","Rhodobacteraceae",NA,"urn:lsid:marinespecies.org:taxname:393084","Family",NA
"500","Flavobacteriaceae","Ns5 marine group","E1091e5bfa46f78aa9a841219f5139cb","Bacteria","Bacteroidetes","Flavobacteria","Flavobacteriales","Flavobacteriaceae",NA,"urn:lsid:marinespecies.org:taxname:559995","Family","(Reichenbach, 1992) emend. Bernardet, Nakagawa & Holmes, 2002"
"501","Alphaproteobacteria","Alphaproteobacteria","C3280de99d28b8cfb32d5cc03157e47a","Bacteria","Proteobacteria","Alphaproteobacteria",NA,NA,NA,"urn:lsid:marinespecies.org:taxname:392750","Class",NA
"502","Planctomycetota","Om190","6bfc742515d8832441f75fd9911c8cbf","Bacteria","Planctomycetota",NA,NA,NA,NA,"urn:lsid:marinespecies.org:taxname:1730074","Phylum","Garrity & Holt, 2021"
"503","Sandaracinaceae","Sandaracinaceae","0a2080461985bb5baea657e0347478e0",NA,NA,NA,NA,NA,NA,NA,NA,NA
"504","Terrimicrobium","Terrimicrobium","28f03c3ffc0cf5091691f4a71f38ac0d",NA,NA,NA,NA,NA,NA,NA,NA,NA
"505","Gracilibacteria","Jgi 0000069 p22","Bffc6d53d65a7842190399381a626f81",NA,NA,NA,NA,NA,NA,NA,NA,NA
"506","Gammaproteobacteria incertae sedis","Gammaproteobacteria incertae sedis","8864b079f5239cc09035fbd80440243d","Bacteria","Proteobacteria","Gammaproteobacteria","Gammaproteobacteria incertae sedis",NA,NA,"urn:lsid:marinespecies.org:taxname:393076","Order",NA
"507","Altererythrobacter","Altererythrobacter","94be49c6bbfe4b93ce418d1b24181613","Bacteria","Proteobacteria","Alphaproteobacteria","Sphingomonadales","Erythrobacteraceae","Altererythrobacter","urn:lsid:marinespecies.org:taxname:568243","Genus","Kwon, Woo, Yang, Kang, Kang, Kim, Sato & Kato, 2007"
"508","Flavobacteriaceae","Ns5 marine group","650f1be4d8a3e2e661379f7cb00aae63","Bacteria","Bacteroidetes","Flavobacteria","Flavobacteriales","Flavobacteriaceae",NA,"urn:lsid:marinespecies.org:taxname:559995","Family","(Reichenbach, 1992) emend. Bernardet, Nakagawa & Holmes, 2002"
"509","Flavobacteriaceae","Ns4 marine group","3ab9002de0218c63247ed04f4c528c20","Bacteria","Bacteroidetes","Flavobacteria","Flavobacteriales","Flavobacteriaceae",NA,"urn:lsid:marinespecies.org:taxname:559995","Family","(Reichenbach, 1992) emend. Bernardet, Nakagawa & Holmes, 2002"
"510","Marinobacterium","Bacterium whc3 3","E4d9f8bb22d7231da1393443c36923de","Bacteria","Proteobacteria","Gammaproteobacteria","Alteromonadales","Alteromonadaceae","Marinobacterium","urn:lsid:marinespecies.org:taxname:570280","Genus","Gonzalez, Mayer, Moran, Hodson & Whitman, 1997"
"511","Flavobacteriales","Ns7 marine group","74f33b689bd97652d2277c85fbdaedcc","Bacteria","Bacteroidetes","Flavobacteria","Flavobacteriales",NA,NA,"urn:lsid:marinespecies.org:taxname:559998","Order",NA
"512","Vicingus serpentipes","Vicingus serpentipes","2635f6e3f3bee62c5b166ea36f347c87",NA,NA,NA,NA,NA,NA,NA,NA,NA
"513","Acinetobacter","Acinetobacter","0a99af09e928cbfd3ea04bfd58d926cf","Bacteria","Proteobacteria","Gammaproteobacteria","Pseudomonadales","Moraxellaceae","Acinetobacter","urn:lsid:marinespecies.org:taxname:570612","Genus","Brisou & Prevot, 1954"
"514","Bacteroidales","Bacteroidetes bd2 2","Fffa90abd1c64b94a0ab93592e8e9561","Bacteria","Bacteroidetes","Bacteroidia","Bacteroidales",NA,NA,"urn:lsid:marinespecies.org:taxname:559847","Order",NA
"515","Gallionellaceae","Gallionellaceae","106f5ef839e043968e789c15c7d5ae4f",NA,NA,NA,NA,NA,NA,NA,NA,NA
"516","Porticoccaceae","Sar92 clade","Bad3e9e25ceba403b2030578d9ed8a22",NA,NA,NA,NA,NA,NA,NA,NA,NA
"517","Bacteria","Bacteria","24f2ad591d400e2d400e32d3590e4d16","Bacteria",NA,NA,NA,NA,NA,"urn:lsid:marinespecies.org:taxname:6","Kingdom",NA
"518","Halieaceae","Om60(nor5) clade","3ebc468c95b225b9474534f588305dff",NA,NA,NA,NA,NA,NA,NA,NA,NA
"519","Cryomorphaceae","Cryomorphaceae","08c4285c3816ebb7cdf6ad8bb78bad2e","Bacteria","Bacteroidetes","Flavobacteria","Flavobacteriales","Cryomorphaceae",NA,"urn:lsid:marinespecies.org:taxname:559981","Family","Bowman, Mancuso Nichols & Gibson, 2003"
"520","Parvibaculaceae","Parvibaculaceae","27a896a9e6317b6842c7014515a7f4e8",NA,NA,NA,NA,NA,NA,NA,NA,NA
"521","Flavobacteriales","Ns9 marine group","Df418c5317fdf50705a5cfc66d12053e","Bacteria","Bacteroidetes","Flavobacteria","Flavobacteriales",NA,NA,"urn:lsid:marinespecies.org:taxname:559998","Order",NA
"522","Methylophilaceae","Om43 clade","Fb20722a384610a8fe4ba43f3501a694",NA,NA,NA,NA,NA,NA,NA,NA,NA
"523","Robiginitalea","Robiginitalea","Eed4ceb21c0205837e572c00dd439b66","Bacteria","Bacteroidetes","Flavobacteria","Flavobacteriales","Flavobacteriaceae","Robiginitalea","urn:lsid:marinespecies.org:taxname:564028","Genus","Cho & Giovannoni, 2004"
"524","Cephaloticoccus","Cephaloticoccus","26ef231049cda455e48396f5e76ad4fd",NA,NA,NA,NA,NA,NA,NA,NA,NA
"525","Cryomorphaceae","Cryomorphaceae","3545261756d8261cf4340a113f1464ed","Bacteria","Bacteroidetes","Flavobacteria","Flavobacteriales","Cryomorphaceae",NA,"urn:lsid:marinespecies.org:taxname:559981","Family","Bowman, Mancuso Nichols & Gibson, 2003"
"526","Alphaproteobacteria","Clade ia","E903a7cc5cd017efb62cfe1cf4f5dc2a","Bacteria","Proteobacteria","Alphaproteobacteria",NA,NA,NA,"urn:lsid:marinespecies.org:taxname:392750","Class",NA
"527","Polaribacter","Polaribacter","6828ec58e8aacd61a335b62528c718fb","Bacteria","Bacteroidetes","Flavobacteria","Flavobacteriales","Flavobacteriaceae","Polaribacter","urn:lsid:marinespecies.org:taxname:563947","Genus","Gosink, Woese & Staley, 1998"
"528","Planctomycetota","Om190","8c1f28a6e9e564b5d030ca059715fb91","Bacteria","Planctomycetota",NA,NA,NA,NA,"urn:lsid:marinespecies.org:taxname:1730074","Phylum","Garrity & Holt, 2021"
"529","Sphingobacteriales","Ns11 12 marine group","69264d7025a0029d95559320da02da84","Bacteria","Bacteroidetes","Sphingobacteria","Sphingobacteriales",NA,NA,"urn:lsid:marinespecies.org:taxname:564100","Order",NA
"530","Flavobacteriaceae","Ns3a marine group","98e28dc70c9f5560d56c5aef59106efe","Bacteria","Bacteroidetes","Flavobacteria","Flavobacteriales","Flavobacteriaceae",NA,"urn:lsid:marinespecies.org:taxname:559995","Family","(Reichenbach, 1992) emend. Bernardet, Nakagawa & Holmes, 2002"
"531","Flavobacteriaceae","Flavobacteriaceae","25ae2988b524896cea82d2d98a21b9d6","Bacteria","Bacteroidetes","Flavobacteria","Flavobacteriales","Flavobacteriaceae",NA,"urn:lsid:marinespecies.org:taxname:559995","Family","(Reichenbach, 1992) emend. Bernardet, Nakagawa & Holmes, 2002"
"532","Bacteria","Bacteria","Dfbf22031b0a5f0156d75195a66826e0","Bacteria",NA,NA,NA,NA,NA,"urn:lsid:marinespecies.org:taxname:6","Kingdom",NA
"533","Parvibaculaceae","Parvibaculaceae","Fe7f28adf8175b4ee82aaf65aeffd3a1",NA,NA,NA,NA,NA,NA,NA,NA,NA
"534","Cryomorphaceae","Cryomorphaceae","3a4e412ef4870d1ac553eecd6eeab2aa","Bacteria","Bacteroidetes","Flavobacteria","Flavobacteriales","Cryomorphaceae",NA,"urn:lsid:marinespecies.org:taxname:559981","Family","Bowman, Mancuso Nichols & Gibson, 2003"
"535","Bdellovibrionaceae","Om27 clade","A19777ee968d6444564f9ad8028e3066","Bacteria","Proteobacteria","Deltaproteobacteria","Bdellovibrionales","Bdellovibrionaceae",NA,"urn:lsid:marinespecies.org:taxname:570032","Family","Garrity, Bell & Lilburn, 2006"
"536","Magnetospiraceae","Alpha proteobacterium","63539551fb2eca2806f9c14cd5af1d23",NA,NA,NA,NA,NA,NA,NA,NA,NA
"537","Cyanobiaceae","Synechococcus cc9902","E2dfefcd25ee861094466520108a0544",NA,NA,NA,NA,NA,NA,NA,NA,NA
"538","Pseudomonadales","Om182 clade","834e009fda11032576f3621ab1487f00","Bacteria","Proteobacteria","Gammaproteobacteria","Pseudomonadales",NA,NA,"urn:lsid:marinespecies.org:taxname:393032","Order",NA
"539","Desulfocapsaceae","[Desulfobacterium] catecholicum group","6e115bddf7baff839d89b6af64ebf93c",NA,NA,NA,NA,NA,NA,NA,NA,NA
"540","Limnohabitans","Limnohabitans","3d72ef1ae1f770f45a26def6fc5e78b3",NA,NA,NA,NA,NA,NA,NA,NA,NA
"541","Halieaceae","Om60(nor5) clade","264fdc41c37e262f3a4ad9a4bdc366ba",NA,NA,NA,NA,NA,NA,NA,NA,NA
"542","Cutibacterium","Cutibacterium","955b455d9757444d3ec5cd116bbd5193",NA,NA,NA,NA,NA,NA,NA,NA,NA
"543","Desulfosarcinaceae","Sva0081 sediment group","Aa26d6835174166716a2e1a11fa3b611",NA,NA,NA,NA,NA,NA,NA,NA,NA
"544","Flavobacteriaceae","Ns5 marine group","Def1e308b3245f909021e09b198ec187","Bacteria","Bacteroidetes","Flavobacteria","Flavobacteriales","Flavobacteriaceae",NA,"urn:lsid:marinespecies.org:taxname:559995","Family","(Reichenbach, 1992) emend. Bernardet, Nakagawa & Holmes, 2002"
"545","Flavobacteriaceae","Ns4 marine group","Eee96a9057ad89dff77cc9fe3505c33b","Bacteria","Bacteroidetes","Flavobacteria","Flavobacteriales","Flavobacteriaceae",NA,"urn:lsid:marinespecies.org:taxname:559995","Family","(Reichenbach, 1992) emend. Bernardet, Nakagawa & Holmes, 2002"
"546","Candidatus endoecteinascidia","Candidatus endoecteinascidia","1c0df60a9f280296b2f506c1260b326d",NA,NA,NA,NA,NA,NA,NA,NA,NA
"547","Planktomarina","Planktomarina","83cbf5b2db44ebd6f81733ed7af50dd7",NA,NA,NA,NA,NA,NA,NA,NA,NA
"548","Nitrospinaceae","Ls nob","3cc65d668b98005e386b4ecbf647c1d3","Bacteria","Proteobacteria","Deltaproteobacteria","Desulfobacterales","Nitrospinaceae",NA,"urn:lsid:marinespecies.org:taxname:570083","Family",NA
"549","Alphaproteobacteria","Clade ii","Eec84e2d362e15e31480143a0d799f16","Bacteria","Proteobacteria","Alphaproteobacteria",NA,NA,NA,"urn:lsid:marinespecies.org:taxname:392750","Class",NA
"550","Dadabacteriales","Dadabacteriales","6a6f7bc85cd9750f4d2fda9b0bd987bf",NA,NA,NA,NA,NA,NA,NA,NA,NA
"551","Bacteria","Nb1 j","F24f2718d28d1544c0e131701378a743","Bacteria",NA,NA,NA,NA,NA,"urn:lsid:marinespecies.org:taxname:6","Kingdom",NA
"552","Cyanobiaceae","Synechococcus cc9902","83280373f6fb3f036c21d9c2b609564b",NA,NA,NA,NA,NA,NA,NA,NA,NA
"553","Crocinitomix","Crocinitomix","24972a4bbe07d4ce10c8ac14e3fd280e","Bacteria","Bacteroidetes","Flavobacteria","Flavobacteriales","Cryomorphaceae","Crocinitomix","urn:lsid:marinespecies.org:taxname:559985","Genus","Bowman, Mancuso Nichols & Gibson, 2003"
"554","Marinobacterium","Marinobacterium","D8a6dd70ae69cbec6b993da35fec4f4e","Bacteria","Proteobacteria","Gammaproteobacteria","Alteromonadales","Alteromonadaceae","Marinobacterium","urn:lsid:marinespecies.org:taxname:570280","Genus","Gonzalez, Mayer, Moran, Hodson & Whitman, 1997"
"555","Litoricola","Litoricola","177a34b60a7a9b121b75798b49037179","Bacteria","Proteobacteria","Gammaproteobacteria","Oceanospirillales","Litoricolaceae","Litoricola","urn:lsid:marinespecies.org:taxname:570448","Genus","Kim, Choo & Cho, 2007"
"556","Alphaproteobacteria","Clade ii","68d258f6feb690425ce856c80dda5338","Bacteria","Proteobacteria","Alphaproteobacteria",NA,NA,NA,"urn:lsid:marinespecies.org:taxname:392750","Class",NA
"557","Roseobacter sp.","Roseobacter sp.","34280a5468ba60622682d648b80a677d",NA,NA,NA,NA,NA,NA,NA,NA,NA
"558","Rhodospirillaceae","Rhodospirillaceae","0004ac90e88c79db7658a278e601e27d","Bacteria","Proteobacteria","Alphaproteobacteria","Rhodospirillales","Rhodospirillaceae",NA,"urn:lsid:marinespecies.org:taxname:392752","Family",NA
"559","Pseudomonadales","Sar86 cluster","E2abbc852238bd772db6699c133c2d74","Bacteria","Proteobacteria","Gammaproteobacteria","Pseudomonadales",NA,NA,"urn:lsid:marinespecies.org:taxname:393032","Order",NA
"560","Puniceicoccaceae","Mb11c04 marine group","29fa6cdec0f51a3d196a5cf7e7726ac7","Bacteria","Verrucomicrobia","Opitutae","Puniceicoccales","Puniceicoccaceae",NA,"urn:lsid:marinespecies.org:taxname:564177","Family","Choo, Lee, Song & Cho, 2007"
"561","Winogradskyella","Winogradskyella","7d6c80214b9bc4e56efe3a2f4c5e1f04","Bacteria","Bacteroidetes","Flavobacteria","Flavobacteriales","Flavobacteriaceae","Winogradskyella","urn:lsid:marinespecies.org:taxname:562111","Genus","Nedashkovskaya, Kim, Han, Snauwaert, Vancanneyt, Swings, Kim, Lysenko, Rohde, Frolova, Mikhailov & Bae, 2005"
"562","Flavobacteriaceae","Ns2b marine group","3f03bee0eb2aa738f629d2ed3a731658","Bacteria","Bacteroidetes","Flavobacteria","Flavobacteriales","Flavobacteriaceae",NA,"urn:lsid:marinespecies.org:taxname:559995","Family","(Reichenbach, 1992) emend. Bernardet, Nakagawa & Holmes, 2002"
"563","Rhodobacteraceae","Rhodobacteraceae","D0ee8ed943f3e8d90302548e24b2ba6e","Bacteria","Proteobacteria","Alphaproteobacteria","Rhodobacterales","Rhodobacteraceae",NA,"urn:lsid:marinespecies.org:taxname:393084","Family",NA
"564","Fokiniaceae","Md3 55","0a6a10e28cb6f4d4fcd3d724d9efdab6",NA,NA,NA,NA,NA,NA,NA,NA,NA
"565","Verrucomicrobiae","Arctic97b 4 marine group","F3bc0ccd0926a354a242a4d88e4c8ca5","Bacteria","Verrucomicrobia","Verrucomicrobiae",NA,NA,NA,"urn:lsid:marinespecies.org:taxname:564208","Class","Hedlund, Gosink & Staley, 1997"
"566","Fluviicola","Fluviicola","4b761c225e815b1ee3973a55bc693b9e",NA,NA,NA,NA,NA,NA,NA,NA,NA
"567","Ilumatobacter","Ilumatobacter","651ac4df90350cf4aea72225ebd3a8ac","Bacteria","Actinobacteria","Actinobacteria","Acidimicrobiales","Acidimicrobiaceae","Ilumatobacter","urn:lsid:marinespecies.org:taxname:571734","Genus","Matsumoto, Kasai, Matsuo, Omura, Shizuri & Takahashi, 2009"
"568","Sphingobacteriales","Ns11 12 marine group","5f237aff9876c553f58a51e1bfdd82ed","Bacteria","Bacteroidetes","Sphingobacteria","Sphingobacteriales",NA,NA,"urn:lsid:marinespecies.org:taxname:564100","Order",NA
"569","Altererythrobacter","Altererythrobacter","Bcb452aa6bb6564dfd9e48ad89a655bb","Bacteria","Proteobacteria","Alphaproteobacteria","Sphingomonadales","Erythrobacteraceae","Altererythrobacter","urn:lsid:marinespecies.org:taxname:568243","Genus","Kwon, Woo, Yang, Kang, Kang, Kim, Sato & Kato, 2007"
"570","Shewanella","Shewanella","07e6d42e8d84ffd89d640e1d9b6fd55e","Bacteria","Proteobacteria","Gammaproteobacteria","Alteromonadales","Shewanellaceae","Shewanella","urn:lsid:marinespecies.org:taxname:393040","Genus","MacDonell & Colwell, 1985"
"571","Bacteroidetes bacterium","Bacteroidetes bacterium","E776966a81302798aad8dda0eb1c728f",NA,NA,NA,NA,NA,NA,NA,NA,NA
"572","Gemmataceae","Gemmataceae","7cce4155ba030d5576e3df4c4306819e",NA,NA,NA,NA,NA,NA,NA,NA,NA
"573","Propionibacteriaceae","Propionibacteriaceae","17b45b5db43cc23b2636fd320ad7847c","Bacteria","Actinobacteria","Actinobacteria","Actinomycetales","Propionibacteriaceae",NA,"urn:lsid:marinespecies.org:taxname:559759","Family","Delwiche, 1957"
"574","Cryomorphaceae","Cryomorphaceae","B6c1c03aed187aab8a64735f94e7127c","Bacteria","Bacteroidetes","Flavobacteria","Flavobacteriales","Cryomorphaceae",NA,"urn:lsid:marinespecies.org:taxname:559981","Family","Bowman, Mancuso Nichols & Gibson, 2003"
"575","Rubinisphaeraceae","Rubinisphaeraceae","D6fdd932dadedd0786810ed39976c053",NA,NA,NA,NA,NA,NA,NA,NA,NA
"576","Planctomycetota","Pla3 lineage","8f48e87ca6c7153572a9b66f82b9f69c","Bacteria","Planctomycetota",NA,NA,NA,NA,"urn:lsid:marinespecies.org:taxname:1730074","Phylum","Garrity & Holt, 2021"
"577","Cryomorphaceae","Cryomorphaceae","Bc41a1422717bda3ac3dbd7512ecd3bf","Bacteria","Bacteroidetes","Flavobacteria","Flavobacteriales","Cryomorphaceae",NA,"urn:lsid:marinespecies.org:taxname:559981","Family","Bowman, Mancuso Nichols & Gibson, 2003"
"578","Desulfosarcinaceae","Sva0081 sediment group","077fa0c6e4ba6384b1829c7b6a7abbc3",NA,NA,NA,NA,NA,NA,NA,NA,NA
"579","Puniceicoccaceae","Mb11c04 marine group","Df3b807114c0be1572168d03d1401140","Bacteria","Verrucomicrobia","Opitutae","Puniceicoccales","Puniceicoccaceae",NA,"urn:lsid:marinespecies.org:taxname:564177","Family","Choo, Lee, Song & Cho, 2007"
"580","Pseudarcobacter","Pseudarcobacter","2f89a1afec8b702dee58accc8116bb26",NA,NA,NA,NA,NA,NA,NA,NA,NA
"581","Thermoplasmata","Marine group ii","7fc43709588ad7318f494d634238dc60","Archaea","Euryarchaeota","Thermoplasmata",NA,NA,NA,"urn:lsid:marinespecies.org:taxname:416268","Class",NA
"582","Sphingomonas","Sphingomonas","6d54cb12142e11e4b13fb2e5d1d35d2c","Bacteria","Proteobacteria","Alphaproteobacteria","Sphingomonadales","Sphingomonadaceae","Sphingomonas","urn:lsid:marinespecies.org:taxname:568285","Genus","Yabuuchi, Yano, Oyaizu, Hashimoto, Ezaki & Yamamoto, 1990"
"583","Flavobacteriaceae","Flavobacteriaceae","F53c8dbc431d406b1dba6fa44858f97c","Bacteria","Bacteroidetes","Flavobacteria","Flavobacteriales","Flavobacteriaceae",NA,"urn:lsid:marinespecies.org:taxname:559995","Family","(Reichenbach, 1992) emend. Bernardet, Nakagawa & Holmes, 2002"
"584","Alphaproteobacteria","Clade ii","Bd093f2fa2993d744c90dcdb62d30d85","Bacteria","Proteobacteria","Alphaproteobacteria",NA,NA,NA,"urn:lsid:marinespecies.org:taxname:392750","Class",NA
"585","Gemmataceae","Gemmataceae","65d0a142ae95ee2a6ce3b775b61dbe90",NA,NA,NA,NA,NA,NA,NA,NA,NA
"586","Alphaproteobacteria","Clade ia","A3b398232d3af29a45c9c3ff948a9eaf","Bacteria","Proteobacteria","Alphaproteobacteria",NA,NA,NA,"urn:lsid:marinespecies.org:taxname:392750","Class",NA
"587","Pseudomonadales","Ki89a clade","E1e8a75c3521b3d26a823c76b7683938","Bacteria","Proteobacteria","Gammaproteobacteria","Pseudomonadales",NA,NA,"urn:lsid:marinespecies.org:taxname:393032","Order",NA
"588","Bacteria","Sar324 clade(marine group b)","2ce66e778729d6912eb0fd60536c2b52","Bacteria",NA,NA,NA,NA,NA,"urn:lsid:marinespecies.org:taxname:6","Kingdom",NA
"589","Flavobacteriales","Ns9 marine group","1282e96d14f740c45e4c0a598d60e9cd","Bacteria","Bacteroidetes","Flavobacteria","Flavobacteriales",NA,NA,"urn:lsid:marinespecies.org:taxname:559998","Order",NA
"590","Pseudomonadales","Bacterium whc4 9","D4a60c885f4a1b9cb5ee75b7180e34cd","Bacteria","Proteobacteria","Gammaproteobacteria","Pseudomonadales",NA,NA,"urn:lsid:marinespecies.org:taxname:393032","Order",NA
"591","Cryomorphaceae","Cryomorphaceae","Cb2abcfddfdc6b397d9437301796ea8e","Bacteria","Bacteroidetes","Flavobacteria","Flavobacteriales","Cryomorphaceae",NA,"urn:lsid:marinespecies.org:taxname:559981","Family","Bowman, Mancuso Nichols & Gibson, 2003"
"592","Candidatus aquiluna","Candidatus aquiluna","C5ca9baf9de5a4b12de2c7ee2c1fb08e",NA,NA,NA,NA,NA,NA,NA,NA,NA
"593","Rhodobacteraceae","Rhodobacteraceae","F77829ccb728de535a7cee982ac815fa","Bacteria","Proteobacteria","Alphaproteobacteria","Rhodobacterales","Rhodobacteraceae",NA,"urn:lsid:marinespecies.org:taxname:393084","Family",NA
"594","Flavobacteriaceae","Flavobacteriaceae","1e356af563ee98fbec80420c9632ffaf","Bacteria","Bacteroidetes","Flavobacteria","Flavobacteriales","Flavobacteriaceae",NA,"urn:lsid:marinespecies.org:taxname:559995","Family","(Reichenbach, 1992) emend. Bernardet, Nakagawa & Holmes, 2002"
"595","Flavobacteriales","Ns7 marine group","E2c4e746ccf92721b4562cddd0a0c69f","Bacteria","Bacteroidetes","Flavobacteria","Flavobacteriales",NA,NA,"urn:lsid:marinespecies.org:taxname:559998","Order",NA
"596","Tateyamaria","Tateyamaria","7496db0988d8000687342e6b6983fc07","Bacteria","Proteobacteria","Alphaproteobacteria","Rhodobacterales","Rhodobacteraceae","Tateyamaria","urn:lsid:marinespecies.org:taxname:562106","Genus","Kurahashi & Yokota, 2008"
"597","Defluviicoccales","Defluviicoccales","8afaf5a1de92e15020fb5760a78b7654",NA,NA,NA,NA,NA,NA,NA,NA,NA
"598","Bacteria","Sar324 clade(marine group b)","07cb7dbf18feb8482016da1706079ae2","Bacteria",NA,NA,NA,NA,NA,"urn:lsid:marinespecies.org:taxname:6","Kingdom",NA
"599","Francisella","Francisella","53a1ab57ff133c23bc324097c4af2f61","Bacteria","Proteobacteria","Gammaproteobacteria","Thiotrichales","Francisellaceae","Francisella","urn:lsid:marinespecies.org:taxname:570667","Genus","Dorofe'ev, 1947"
"600","Defluviitaleaceae","Defluviitaleaceae ucg 011","F1e3c890a8d83f7592d219968304fc22",NA,NA,NA,NA,NA,NA,NA,NA,NA
"601","Flavobacteriaceae","Flavobacteriaceae","911c6a1fed6de29ab7dad135ac95eb49","Bacteria","Bacteroidetes","Flavobacteria","Flavobacteriales","Flavobacteriaceae",NA,"urn:lsid:marinespecies.org:taxname:559995","Family","(Reichenbach, 1992) emend. Bernardet, Nakagawa & Holmes, 2002"
"602","Thalassobium sp.","Thalassobium sp.","B888b6ede1e3d3c8cac07979745075e1",NA,NA,NA,NA,NA,NA,NA,NA,NA
"603","Enterobacteriaceae","Enterobacteriaceae","7584c377d552bcada172b0176d92ccd8","Bacteria","Proteobacteria","Gammaproteobacteria","Enterobacterales","Enterobacteriaceae",NA,"urn:lsid:marinespecies.org:taxname:414809","Family",NA
"604","Magnetospiraceae","Magnetospiraceae","748393f4cea55c873461a352715a99fb",NA,NA,NA,NA,NA,NA,NA,NA,NA
"605","Stappiaceae","Stappiaceae","C054d26457ea5865ba722e0143be03c1",NA,NA,NA,NA,NA,NA,NA,NA,NA
"606","Alphaproteobacteria","Clade iii","194301290f9544f1c82c93da8e538e81","Bacteria","Proteobacteria","Alphaproteobacteria",NA,NA,NA,"urn:lsid:marinespecies.org:taxname:392750","Class",NA
"607","Rhodospirillales","Aegean 169 marine group","C13de616269aead58cdf555b9689135a","Bacteria","Proteobacteria","Alphaproteobacteria","Rhodospirillales",NA,NA,"urn:lsid:marinespecies.org:taxname:392751","Order",NA
"608","Sphingobacteriales","Ns11 12 marine group","62cbfbfa819f6572da1e7284b4dd6ffb","Bacteria","Bacteroidetes","Sphingobacteria","Sphingobacteriales",NA,NA,"urn:lsid:marinespecies.org:taxname:564100","Order",NA
"609","Stappiaceae","Stappiaceae","8cc06cf7220aca0e6b360730f780ef09",NA,NA,NA,NA,NA,NA,NA,NA,NA
"610","Porticoccaceae","Sar92 clade","Aade94ed0cc99152e2ebd61b41230cd7",NA,NA,NA,NA,NA,NA,NA,NA,NA
"611","Desulfosarcinaceae","Desulfosarcinaceae","16c7a11c914eb586ad84feeee5242da0",NA,NA,NA,NA,NA,NA,NA,NA,NA
"612","Sphingobacteriales","Ns11 12 marine group","7a81444441ec365a789c22e3da555628","Bacteria","Bacteroidetes","Sphingobacteria","Sphingobacteriales",NA,NA,"urn:lsid:marinespecies.org:taxname:564100","Order",NA
"613","Flavobacteriaceae","Flavobacteriaceae","4de8cefb04a292bf2aa9ec30d64de83c","Bacteria","Bacteroidetes","Flavobacteria","Flavobacteriales","Flavobacteriaceae",NA,"urn:lsid:marinespecies.org:taxname:559995","Family","(Reichenbach, 1992) emend. Bernardet, Nakagawa & Holmes, 2002"
"614","Candidatus endoecteinascidia","Candidatus endoecteinascidia","91ac0d33e4ae0fe5894c9722eb857374",NA,NA,NA,NA,NA,NA,NA,NA,NA
"615","Pseudohongiella","Pseudohongiella","32da7109aee48064fd1261a35ed95ddc",NA,NA,NA,NA,NA,NA,NA,NA,NA
"616","Cyanobiaceae","Synechococcus cc9902","9d6587b04964bdbcf732efa8b15d80ae",NA,NA,NA,NA,NA,NA,NA,NA,NA
"617","Alphaproteobacteria","Sar11 clade","B41c6830410431628784d1dfcd522aea","Bacteria","Proteobacteria","Alphaproteobacteria",NA,NA,NA,"urn:lsid:marinespecies.org:taxname:392750","Class",NA
"618","Bdellovibrionaceae","Om27 clade","0baaa5793ff42a9f6919bf6d2f17ca53","Bacteria","Proteobacteria","Deltaproteobacteria","Bdellovibrionales","Bdellovibrionaceae",NA,"urn:lsid:marinespecies.org:taxname:570032","Family","Garrity, Bell & Lilburn, 2006"
"619","Shewanella","Shewanella","52b05a3ca275bb30f20cdcdf0307bea0","Bacteria","Proteobacteria","Gammaproteobacteria","Alteromonadales","Shewanellaceae","Shewanella","urn:lsid:marinespecies.org:taxname:393040","Genus","MacDonell & Colwell, 1985"
"620","Limnohabitans","Limnohabitans","37f12e49de7268aa3b6146588a4e94cc",NA,NA,NA,NA,NA,NA,NA,NA,NA
"621","Comamonadaceae","Rs62 marine group","5973e7c352177861a62269b203479550","Bacteria","Proteobacteria","Betaproteobacteria","Burkholderiales","Comamonadaceae",NA,"urn:lsid:marinespecies.org:taxname:393948","Family",NA
"622","Pseudomonadales","Om182 clade","6d61e69c1d753d003cb643eb9d644bd6","Bacteria","Proteobacteria","Gammaproteobacteria","Pseudomonadales",NA,NA,"urn:lsid:marinespecies.org:taxname:393032","Order",NA
"623","Gammaproteobacteria","Uba10353 marine group","C0b76b3591d78aee8f11674a02917ecc","Bacteria","Proteobacteria","Gammaproteobacteria",NA,NA,NA,"urn:lsid:marinespecies.org:taxname:393018","Class",NA
"624","Pseudohongiella","Pseudohongiella","35abcd9069f9b4dd7d2bd65e9e150be0",NA,NA,NA,NA,NA,NA,NA,NA,NA
"625","Flavobacteriales","Ns9 marine group","92109da6bcad339a179455383dff4636","Bacteria","Bacteroidetes","Flavobacteria","Flavobacteriales",NA,NA,"urn:lsid:marinespecies.org:taxname:559998","Order",NA
"626","Thermoplasmata","Marine group ii","D2c1e2853cc800662f27fd023dc3b621","Archaea","Euryarchaeota","Thermoplasmata",NA,NA,NA,"urn:lsid:marinespecies.org:taxname:416268","Class",NA
"627","Magnetospiraceae","Magnetospiraceae","53eb1803f829ed0580710476434d54df",NA,NA,NA,NA,NA,NA,NA,NA,NA
"628","Magnetospira","Magnetospira","5042e5f1739e431d7dc1370360b645b7",NA,NA,NA,NA,NA,NA,NA,NA,NA
"629","Coxiella","Coxiella","819bc31939b61294cb5b05b491a6e069","Animalia","Mollusca","Gastropoda","Littorinimorpha","Tomichiidae","Coxiella","urn:lsid:marinespecies.org:taxname:722760","Genus","E. A. Smith, 1894"
"630","Thermoplasmata","Marine group ii","4de0644fa933c60f37010494a124dffa","Archaea","Euryarchaeota","Thermoplasmata",NA,NA,NA,"urn:lsid:marinespecies.org:taxname:416268","Class",NA
"631","Faecalibacterium","Faecalibacterium","E893d97d3ac083b4750a0a7246d8b93b",NA,NA,NA,NA,NA,NA,NA,NA,NA
"632","Bdellovibrionaceae","Om27 clade","9ea9b6eee293f3571704da583595abe4","Bacteria","Proteobacteria","Deltaproteobacteria","Bdellovibrionales","Bdellovibrionaceae",NA,"urn:lsid:marinespecies.org:taxname:570032","Family","Garrity, Bell & Lilburn, 2006"
"633","Alphaproteobacteria","Clade ia","F699b96d034b2934d3037fa4462a6f4b","Bacteria","Proteobacteria","Alphaproteobacteria",NA,NA,NA,"urn:lsid:marinespecies.org:taxname:392750","Class",NA
"634","Vibrio","Vibrio","9da04ff16cc798fb9c8028f68bdb45c0","Bacteria","Proteobacteria","Gammaproteobacteria","Vibrionales","Vibrionaceae","Vibrio","urn:lsid:marinespecies.org:taxname:480248","Genus","Pacini, 1854"
"635","Flavobacteriales","Ns7 marine group","3d71c76169ef04b8e00d65b759152de9","Bacteria","Bacteroidetes","Flavobacteria","Flavobacteriales",NA,NA,"urn:lsid:marinespecies.org:taxname:559998","Order",NA
"636","Tolumonas","Tolumonas","E0b6e02157f57ef16148a078d6b31cde",NA,NA,NA,NA,NA,NA,NA,NA,NA
"637","Pelagicola sp.","Pelagicola sp.","387f80c7204ee7fcb847b8a12054f212",NA,NA,NA,NA,NA,NA,NA,NA,NA
"638","Desulfosarcinaceae","Desulfosarcinaceae","A0def7c5bfb125e4869a0a9748d92819",NA,NA,NA,NA,NA,NA,NA,NA,NA
"639","Planctomycetota","Om190","305d44382908bf903c550ec0c3ef78b0","Bacteria","Planctomycetota",NA,NA,NA,NA,"urn:lsid:marinespecies.org:taxname:1730074","Phylum","Garrity & Holt, 2021"
"640","Bacteria","Nb1 j","4d7ad9011422885a23e41eb8815ab3fd","Bacteria",NA,NA,NA,NA,NA,"urn:lsid:marinespecies.org:taxname:6","Kingdom",NA
"641","Bacteria","Nb1 j","E4cd1f7a321414a2afe536ff3712aa36","Bacteria",NA,NA,NA,NA,NA,"urn:lsid:marinespecies.org:taxname:6","Kingdom",NA
"642","Methylophilaceae","Om43 clade","A5fe4280797f0a6cb6b559cac086ed72",NA,NA,NA,NA,NA,NA,NA,NA,NA
"643","Ascidiaceihabitans","Ascidiaceihabitans","Aa84881b65a57dcefcccfc4e75611a30",NA,NA,NA,NA,NA,NA,NA,NA,NA
"644","Pseudomonadales","Sar86 clade","9e080386c6672bfab8004f50244ddb27","Bacteria","Proteobacteria","Gammaproteobacteria","Pseudomonadales",NA,NA,"urn:lsid:marinespecies.org:taxname:393032","Order",NA
"645","Sporichthyaceae","Sporichthyaceae","Cf229ef41718b8e5ac67d12e01c342c5","Bacteria","Actinobacteria","Actinobacteria","Actinomycetales","Sporichthyaceae",NA,"urn:lsid:marinespecies.org:taxname:559566","Family","(Stackebrandt, Rainey & Ward-Rainey, 1997) emend. Zhi, Li & Stackebrandt, 2009"
"646","Puniceicoccaceae","Mb11c04 marine group","1d670c90fa67361d504a538f81d09d35","Bacteria","Verrucomicrobia","Opitutae","Puniceicoccales","Puniceicoccaceae",NA,"urn:lsid:marinespecies.org:taxname:564177","Family","Choo, Lee, Song & Cho, 2007"
"647","Puniceicoccaceae","Mb11c04 marine group","6b40431a84a5883b15ea14bd1a6f8953","Bacteria","Verrucomicrobia","Opitutae","Puniceicoccales","Puniceicoccaceae",NA,"urn:lsid:marinespecies.org:taxname:564177","Family","Choo, Lee, Song & Cho, 2007"
"648","Flavobacteriaceae","Ns3a marine group","B6173f50bd4286d4915a088231dbd3f2","Bacteria","Bacteroidetes","Flavobacteria","Flavobacteriales","Flavobacteriaceae",NA,"urn:lsid:marinespecies.org:taxname:559995","Family","(Reichenbach, 1992) emend. Bernardet, Nakagawa & Holmes, 2002"
"649","Desulfocapsaceae","Desulfocapsaceae","Ef9552dc12503f0165a7013049c33138",NA,NA,NA,NA,NA,NA,NA,NA,NA
"650","Candidatus planktophila","Candidatus planktophila","56f99e0f121009a100063ac65c53dc15",NA,NA,NA,NA,NA,NA,NA,NA,NA
"651","Cryomorphaceae","Cryomorphaceae","Fc1e065e4e67ce880c96b02f0188b44b","Bacteria","Bacteroidetes","Flavobacteria","Flavobacteriales","Cryomorphaceae",NA,"urn:lsid:marinespecies.org:taxname:559981","Family","Bowman, Mancuso Nichols & Gibson, 2003"
"652","Desulfosarcinaceae","Lcp 80","395fd6c65bf00188737cd5d952fe6cb1",NA,NA,NA,NA,NA,NA,NA,NA,NA
"653","Actinobacteria","Pem15","E0fdae7be24fa322820c0a326bde3753","Bacteria","Actinobacteria",NA,NA,NA,NA,"urn:lsid:marinespecies.org:taxname:178057","Phylum",NA
"654","Candidatus megaira","Candidatus megaira","875838f674495be60aa87eef23dd583b",NA,NA,NA,NA,NA,NA,NA,NA,NA
"655","Saprospiraceae","Saprospiraceae","8c5888a50d37cde6850b227221d93b75","Bacteria","Bacteroidetes","Sphingobacteria","Sphingobacteriales","Saprospiraceae",NA,"urn:lsid:marinespecies.org:taxname:564120","Family",NA
"656","Flavobacteriaceae","Ns4 marine group","273aad3296dd155af312d69ee0074bc7","Bacteria","Bacteroidetes","Flavobacteria","Flavobacteriales","Flavobacteriaceae",NA,"urn:lsid:marinespecies.org:taxname:559995","Family","(Reichenbach, 1992) emend. Bernardet, Nakagawa & Holmes, 2002"
"657","Gammaproteobacteria incertae sedis","Gammaproteobacteria incertae sedis","0f3e18c5f1c3eeb98e7b06bd7951dd16","Bacteria","Proteobacteria","Gammaproteobacteria","Gammaproteobacteria incertae sedis",NA,NA,"urn:lsid:marinespecies.org:taxname:393076","Order",NA
"658","Lentimonas","Lentimonas","2f50ef74f05f68e405042ad71fa738ed",NA,NA,NA,NA,NA,NA,NA,NA,NA
"659","Pseudomonadales","Ki89a clade","A69cf309176f956b53f73c593fab2dd0","Bacteria","Proteobacteria","Gammaproteobacteria","Pseudomonadales",NA,NA,"urn:lsid:marinespecies.org:taxname:393032","Order",NA
"660","Rubritalea","Rubritalea","379a271f3a4ed0fdae1211f929c1395d","Bacteria","Verrucomicrobia","Verrucomicrobiae","Verrucomicrobiales","Verrucomicrobiaceae","Rubritalea","urn:lsid:marinespecies.org:taxname:564333","Genus","Scheuermayer, Gulder, Bringmann & Hentschel, 2006"
"661","Desulfosarcinaceae","Seep srb1","D95f86c1dc87a7f48c0957b3b29ed48f",NA,NA,NA,NA,NA,NA,NA,NA,NA
"662","Francisellaceae","[Caedibacter] taeniospiralis group","E6c792caa2db019d94be47edfd867aba","Bacteria","Proteobacteria","Gammaproteobacteria","Thiotrichales","Francisellaceae",NA,"urn:lsid:marinespecies.org:taxname:570666","Family",NA
"663","Bacteroides vulgatus","Bacteroides vulgatus","3514abc5082c244e2a420a3cb91e7e40",NA,NA,NA,NA,NA,NA,NA,NA,NA
"664","Lactobacillus delbrueckii","Lactobacillus delbrueckii","2aef51473262e1185e38fb5f731d8952",NA,NA,NA,NA,NA,NA,NA,NA,NA
"665","Desulfuromonadia","Pb19","E4c7037d6386c2eb315c10a5c43e14fa",NA,NA,NA,NA,NA,NA,NA,NA,NA
"666","Candidatus nitrosopumilus","Candidatus nitrosopumilus","04fa449741f3e89419cd695047df7d9d",NA,NA,NA,NA,NA,NA,NA,NA,NA
"667","Desulfocapsaceae","Desulfocapsaceae","53d6d9d08594fb343837ebcb2f4bd3db",NA,NA,NA,NA,NA,NA,NA,NA,NA
"668","Diplosphaera","Diplosphaera","B67e954f5d292724ac3f1a12f2e8de6c",NA,NA,NA,NA,NA,NA,NA,NA,NA
"669","Flavobacteriaceae","Ns4 marine group","72829e5cac69b20e7c610ba5db967f7c","Bacteria","Bacteroidetes","Flavobacteria","Flavobacteriales","Flavobacteriaceae",NA,"urn:lsid:marinespecies.org:taxname:559995","Family","(Reichenbach, 1992) emend. Bernardet, Nakagawa & Holmes, 2002"
"670","Flavobacteriales","Ns9 marine group","37ecf2585d49d9211e48014ba9b0ab5b","Bacteria","Bacteroidetes","Flavobacteria","Flavobacteriales",NA,NA,"urn:lsid:marinespecies.org:taxname:559998","Order",NA
"671","Ascidiaceihabitans","Ascidiaceihabitans","65e071c0036a02067d4aedd8ce2b0dcd",NA,NA,NA,NA,NA,NA,NA,NA,NA
"672","Flavobacteriaceae","Ns5 marine group","Fa6387b4227506fb0e57137f6eecca60","Bacteria","Bacteroidetes","Flavobacteria","Flavobacteriales","Flavobacteriaceae",NA,"urn:lsid:marinespecies.org:taxname:559995","Family","(Reichenbach, 1992) emend. Bernardet, Nakagawa & Holmes, 2002"
"673","Halieaceae","Om60(nor5) clade","Ca869506764ce47ccd46c75401bc19f3",NA,NA,NA,NA,NA,NA,NA,NA,NA
"674","Coraliomargarita","Coraliomargarita","Ea07fd2d58fa4fa3c135cbd7c5e6f023","Bacteria","Verrucomicrobia","Opitutae","Puniceicoccales","Puniceicoccaceae","Coraliomargarita","urn:lsid:marinespecies.org:taxname:564184","Genus","Yoon, Yasumoto-Hirose, Katsuta, Sekiguchi, Matsuda, Kasai & Yokota, 2007"
"675","Fluviicola","Fluviicola","C245d82454a2a4ead14c40ae1fafbb4b",NA,NA,NA,NA,NA,NA,NA,NA,NA
"676","Alphaproteobacteria","Clade ib","746596110c7761995e1bce12c0061dac","Bacteria","Proteobacteria","Alphaproteobacteria",NA,NA,NA,"urn:lsid:marinespecies.org:taxname:392750","Class",NA
"677","Parvibaculales","Ps1 clade","4fa0249d4ce6c9b85341b48cb7752af8",NA,NA,NA,NA,NA,NA,NA,NA,NA
"678","Puniceicoccaceae","Mb11c04 marine group","1fc3e640ff28cfa4748ab6ecf9c1044a","Bacteria","Verrucomicrobia","Opitutae","Puniceicoccales","Puniceicoccaceae",NA,"urn:lsid:marinespecies.org:taxname:564177","Family","Choo, Lee, Song & Cho, 2007"
"679","Flavobacteriales","Ns7 marine group","560986016894c9b1847a1a90483bd5f3","Bacteria","Bacteroidetes","Flavobacteria","Flavobacteriales",NA,NA,"urn:lsid:marinespecies.org:taxname:559998","Order",NA
"680","Flavobacteriales","Ns9 marine group","Eae17abbd12b041b6e0413e7f3598f5e","Bacteria","Bacteroidetes","Flavobacteria","Flavobacteriales",NA,NA,"urn:lsid:marinespecies.org:taxname:559998","Order",NA
"681","Puniceispirillales","Sar116 clade","23b72d8203270cf85f6dd603013f879c",NA,NA,NA,NA,NA,NA,NA,NA,NA
"682","Bacteroidia","Bacteroidetes vc2.1 bac22","75f8d4627887a6521f74ca4addbc892a","Bacteria","Bacteroidetes","Bacteroidia",NA,NA,NA,"urn:lsid:marinespecies.org:taxname:559846","Class",NA
"683","Flavobacteriaceae","Ns3a marine group","Cca7e8354fafcd9263435ecc1397b598","Bacteria","Bacteroidetes","Flavobacteria","Flavobacteriales","Flavobacteriaceae",NA,"urn:lsid:marinespecies.org:taxname:559995","Family","(Reichenbach, 1992) emend. Bernardet, Nakagawa & Holmes, 2002"
"684","Alphaproteobacteria","Alphaproteobacteria","Df7f0525487605998825d750abfd3677","Bacteria","Proteobacteria","Alphaproteobacteria",NA,NA,NA,"urn:lsid:marinespecies.org:taxname:392750","Class",NA
"685","Acinetobacter","Acinetobacter","633d07a591ad6f492a47535b285dddea","Bacteria","Proteobacteria","Gammaproteobacteria","Pseudomonadales","Moraxellaceae","Acinetobacter","urn:lsid:marinespecies.org:taxname:570612","Genus","Brisou & Prevot, 1954"
"686","Pseudohongiella","Pseudohongiella","B3d5730a50c2f9472df4d82fdfd907f7",NA,NA,NA,NA,NA,NA,NA,NA,NA
"687","Flavobacteriaceae","Ns5 marine group","Bdf71b1de9f43d66baeca7c7d3e3b430","Bacteria","Bacteroidetes","Flavobacteria","Flavobacteriales","Flavobacteriaceae",NA,"urn:lsid:marinespecies.org:taxname:559995","Family","(Reichenbach, 1992) emend. Bernardet, Nakagawa & Holmes, 2002"
"688","Desulfocapsaceae","Desulfocapsaceae","1d35bf3cfef13a9d8c530fba66a6a3da",NA,NA,NA,NA,NA,NA,NA,NA,NA
"689","Saprospiraceae","Saprospiraceae","6b56095fb75059703240760a315aa969","Bacteria","Bacteroidetes","Sphingobacteria","Sphingobacteriales","Saprospiraceae",NA,"urn:lsid:marinespecies.org:taxname:564120","Family",NA
"690","Bacteroides vulgatus","Bacteroides vulgatus","B8a6c229716e6e26a49b48611ae2833a",NA,NA,NA,NA,NA,NA,NA,NA,NA
"691","Bdellovibrionaceae","Om27 clade","De683ad720155623122bbf190568865b","Bacteria","Proteobacteria","Deltaproteobacteria","Bdellovibrionales","Bdellovibrionaceae",NA,"urn:lsid:marinespecies.org:taxname:570032","Family","Garrity, Bell & Lilburn, 2006"
"692","Salegentibacter","Salegentibacter","615296545e18021aef166119635ab376","Bacteria","Bacteroidetes","Flavobacteria","Flavobacteriales","Flavobacteriaceae","Salegentibacter","urn:lsid:marinespecies.org:taxname:564033","Genus","McCammon & Bowman, 2000"
"693","Sphingobacteriales","Ns11 12 marine group","Ae5d9e71a49baa56df6a3c8c726ec21c","Bacteria","Bacteroidetes","Sphingobacteria","Sphingobacteriales",NA,NA,"urn:lsid:marinespecies.org:taxname:564100","Order",NA
"694","Microbacteriaceae","Ml602j 51","Ec3de6e6426a0ca9297d76d6cd8be9ed","Bacteria","Actinobacteria","Actinobacteria","Actinomycetales","Microbacteriaceae",NA,"urn:lsid:marinespecies.org:taxname:393617","Family",NA
"695","Lentibacter","Lentibacter","2ea1ba3909e0e8e60c4ec35bafee3a15",NA,NA,NA,NA,NA,NA,NA,NA,NA
"696","Magnetospiraceae","Magnetospiraceae","Fcf5a19a20080401df345ba64cde1478",NA,NA,NA,NA,NA,NA,NA,NA,NA
"697","Paracaedibacteraceae","Paracaedibacteraceae","Bcb89749af4ab2fb87f5fa449d5f2b3f",NA,NA,NA,NA,NA,NA,NA,NA,NA
"698","Bacteria","Marinimicrobia (sar406 clade)","578fc5f8590053333e58293c1e742bba","Bacteria",NA,NA,NA,NA,NA,"urn:lsid:marinespecies.org:taxname:6","Kingdom",NA
"699","Spongiibacteraceae","Bd1 7 clade","Ca747a90b02b597725de60e769fdfbcd",NA,NA,NA,NA,NA,NA,NA,NA,NA
"700","Bacteriovoracaceae","Bacteriovoracaceae","6255713e2fcbdaab842287930f32f3ef","Bacteria","Proteobacteria","Deltaproteobacteria","Bdellovibrionales","Bacteriovoracaceae",NA,"urn:lsid:marinespecies.org:taxname:570028","Family","Davidov & Jurkevitch, 2004"
"701","Flavobacteriaceae","Ns5 marine group","7c9cfd8b49e7eae5f4c3b9cdd1ec46f3","Bacteria","Bacteroidetes","Flavobacteria","Flavobacteriales","Flavobacteriaceae",NA,"urn:lsid:marinespecies.org:taxname:559995","Family","(Reichenbach, 1992) emend. Bernardet, Nakagawa & Holmes, 2002"
"702","Desulfoconvexum","Desulfoconvexum","Fd0c7ff5dc8c713c47b342b6c5187a0b",NA,NA,NA,NA,NA,NA,NA,NA,NA
"703","Flavobacteriales","Ns9 marine group","E377fab4b09068ea0c5a261609b6f29c","Bacteria","Bacteroidetes","Flavobacteria","Flavobacteriales",NA,NA,"urn:lsid:marinespecies.org:taxname:559998","Order",NA
"704","Ilumatobacter","Ilumatobacter","148c310d5b16dea5a88485a0dfde48f0","Bacteria","Actinobacteria","Actinobacteria","Acidimicrobiales","Acidimicrobiaceae","Ilumatobacter","urn:lsid:marinespecies.org:taxname:571734","Genus","Matsumoto, Kasai, Matsuo, Omura, Shizuri & Takahashi, 2009"
"705","Flavobacterium sasangense","Flavobacterium sasangense","Ed5b9fb51e64956d29d544485991c4e5",NA,NA,NA,NA,NA,NA,NA,NA,NA
"706","Saccharospirillaceae","Saccharospirillaceae","5c299180c2f7c85597106c2c191b328c",NA,NA,NA,NA,NA,NA,NA,NA,NA
"707","Desulfosarcinaceae","Sva0081 sediment group","297836375c1b3d14e28e44f72fe396e4",NA,NA,NA,NA,NA,NA,NA,NA,NA
"708","Flavobacteriales","Ns9 marine group","66ae43087663552537c297efea45e83b","Bacteria","Bacteroidetes","Flavobacteria","Flavobacteriales",NA,NA,"urn:lsid:marinespecies.org:taxname:559998","Order",NA
"709","Nitrosomonas","Nitrosomonas","Cb4594f2ef6d977886b85f1d9e1c95db","Bacteria","Proteobacteria","Betaproteobacteria","Nitrosomonadales","Nitrosomonadaceae","Nitrosomonas","urn:lsid:marinespecies.org:taxname:569927","Genus","Winogradsky, 1892"
"710","Lentimonas","Lentimonas","4e27cff3d283e00da63c885182e9ad07",NA,NA,NA,NA,NA,NA,NA,NA,NA
"711","Thiomicrospiraceae","Endosymbionts","4cbc2bc0c00c77552a8e0c08974e24ee",NA,NA,NA,NA,NA,NA,NA,NA,NA
"712","Fluviicola","Fluviicola","41f52818fd46325fe35b740aefe5956a",NA,NA,NA,NA,NA,NA,NA,NA,NA
"713","Algoriphagus namhaensis","Algoriphagus namhaensis","F15deccbdad0d6714891b82ec2d46af6",NA,NA,NA,NA,NA,NA,NA,NA,NA
"714","Acholeplasma","Acholeplasma","F8950457545b7a0a2d5ff1cd0cc783f5",NA,NA,NA,NA,NA,NA,NA,NA,NA
"715","Crocinitomicaceae","Crocinitomicaceae","96f2f6a30048c2a58b5b511d8fc1226c",NA,NA,NA,NA,NA,NA,NA,NA,NA
"716","Alphaproteobacteria","Sar11 clade","45194ef7659f8cc53af0f97fb9e7a51d","Bacteria","Proteobacteria","Alphaproteobacteria",NA,NA,NA,"urn:lsid:marinespecies.org:taxname:392750","Class",NA
"717","Alphaproteobacteria","Clade ii","392389a140814d9bdc1a4eeadd225fc7","Bacteria","Proteobacteria","Alphaproteobacteria",NA,NA,NA,"urn:lsid:marinespecies.org:taxname:392750","Class",NA
"718","Verrucomicrobiales","Dev007","Df145c7a8f525102e025d0fad224fd50","Bacteria","Verrucomicrobia","Verrucomicrobiae","Verrucomicrobiales",NA,NA,"urn:lsid:marinespecies.org:taxname:564210","Order","Ward-Rainey, Rainey, Schlesner & Stackebrandt, 1996"
"719","Thiotrichaceae","Thiotrichaceae","D8bbf94ec09c098a20be3b333183e525","Bacteria","Proteobacteria","Gammaproteobacteria","Thiotrichales","Thiotrichaceae",NA,"urn:lsid:marinespecies.org:taxname:414904","Family",NA
"720","Alphaproteobacteria","Clade ii","3c49cd245358eb7d25051a0f752547d7","Bacteria","Proteobacteria","Alphaproteobacteria",NA,NA,NA,"urn:lsid:marinespecies.org:taxname:392750","Class",NA
"721","Puniceispirillales","Sar116 clade","C219fd341bd7eb7cc49147ac85c63152",NA,NA,NA,NA,NA,NA,NA,NA,NA
"722","Comamonadaceae","Rs62 marine group","9320165a41bcbad15e5a5494cdad92d9","Bacteria","Proteobacteria","Betaproteobacteria","Burkholderiales","Comamonadaceae",NA,"urn:lsid:marinespecies.org:taxname:393948","Family",NA
"723","Candidatus nitrosopumilus","Candidatus nitrosopumilus","48cf69c5881e9aa87e82db5bc4002289",NA,NA,NA,NA,NA,NA,NA,NA,NA
"724","Spongiibacteraceae","Bd1 7 clade","0f945501d53b77fed2fd541e64671404",NA,NA,NA,NA,NA,NA,NA,NA,NA
"725","Crocinitomix","Crocinitomix","13cf8dc9987ad0954285ca8b14fdc409","Bacteria","Bacteroidetes","Flavobacteria","Flavobacteriales","Cryomorphaceae","Crocinitomix","urn:lsid:marinespecies.org:taxname:559985","Genus","Bowman, Mancuso Nichols & Gibson, 2003"
"726","Lutimonas saemankumensis","Lutimonas saemankumensis","85be7a34c9febd470fb14db47afdd10a",NA,NA,NA,NA,NA,NA,NA,NA,NA
"727","Pseudohongiella","Pseudohongiella","E5230dd434cf2e99d657fe27557f7e3f",NA,NA,NA,NA,NA,NA,NA,NA,NA
"728","Litoricola","Litoricola","3285395ee56223b04c6c7257c74c7d70","Bacteria","Proteobacteria","Gammaproteobacteria","Oceanospirillales","Litoricolaceae","Litoricola","urn:lsid:marinespecies.org:taxname:570448","Genus","Kim, Choo & Cho, 2007"
"729","Bacteria","Sva0485","7e9e6f426a682aca20e43a3f7ba7ac8a","Bacteria",NA,NA,NA,NA,NA,"urn:lsid:marinespecies.org:taxname:6","Kingdom",NA
"730","Rhodobacteraceae","Rhodobacteraceae","818059250051cbeed907f89c3bbb69e7","Bacteria","Proteobacteria","Alphaproteobacteria","Rhodobacterales","Rhodobacteraceae",NA,"urn:lsid:marinespecies.org:taxname:393084","Family",NA
"731","Candidatus nitrosopumilus","Candidatus nitrosopumilus","Dc422528cd5b179341812c31d08e4427",NA,NA,NA,NA,NA,NA,NA,NA,NA
"732","Balneola","Balneola","Bfaf7ce34b2b534fdcddf06f903c7ece","Bacteria","Bacteroidetes","Sphingobacteria","Sphingobacteriales","Chitinophagaceae","Balneola","urn:lsid:marinespecies.org:taxname:564102","Genus","Urios, Agogue, Lesongeur, Stackebrandt & Lebaron, 2006"
"733","Flavobacteriaceae","Flavobacteriaceae","C2ea8bbb5019fc24f8e0c0dd24c37848","Bacteria","Bacteroidetes","Flavobacteria","Flavobacteriales","Flavobacteriaceae",NA,"urn:lsid:marinespecies.org:taxname:559995","Family","(Reichenbach, 1992) emend. Bernardet, Nakagawa & Holmes, 2002"
"734","Pseudomonadales","Sar86 clade","5acf2f8e78a4299e0bf451f4709cfc92","Bacteria","Proteobacteria","Gammaproteobacteria","Pseudomonadales",NA,NA,"urn:lsid:marinespecies.org:taxname:393032","Order",NA
"735","Actinobacteria","Pem15","Ee9f5e9866cd9757783d0afb55c66f26","Bacteria","Actinobacteria",NA,NA,NA,NA,"urn:lsid:marinespecies.org:taxname:178057","Phylum",NA
"736","Gammaproteobacteria","Gammaproteobacteria","Affb495e8da4aacd8bf0659b496b8043","Bacteria","Proteobacteria","Gammaproteobacteria",NA,NA,NA,"urn:lsid:marinespecies.org:taxname:393018","Class",NA
"737","Prevotellaceae","Prevotella 9","156fb0655d040303eefc84365dbfa96e",NA,NA,NA,NA,NA,NA,NA,NA,NA
"738","Flavobacteriaceae","Ns5 marine group","Da51b7d34ed3fe58872ebae034872868","Bacteria","Bacteroidetes","Flavobacteria","Flavobacteriales","Flavobacteriaceae",NA,"urn:lsid:marinespecies.org:taxname:559995","Family","(Reichenbach, 1992) emend. Bernardet, Nakagawa & Holmes, 2002"
"739","Marinobacterium marisflavi","Marinobacterium marisflavi","E011ebe13c11defd91556399c28d684a",NA,NA,NA,NA,NA,NA,NA,NA,NA
"740","Gimesiaceae","Gimesiaceae","4a44135aa2beaf9e8d83ba5921e0034a",NA,NA,NA,NA,NA,NA,NA,NA,NA
"741","Blastopirellula","Blastopirellula","27b97f6a8f3b1bb40fb41fcaf8416a13","Bacteria","Planctomycetes","Planctomycetacia","Planctomycetales","Planctomycetaceae","Blastopirellula","urn:lsid:marinespecies.org:taxname:565464","Genus","Schlesner, Rendsmann, Tindall, Gade, Rabus, Pfeiffer & Hirsch, 2004"
"742","Rhodobacteraceae","Rhodobacteraceae","9c933e37ca6adf559ade259abd560f31","Bacteria","Proteobacteria","Alphaproteobacteria","Rhodobacterales","Rhodobacteraceae",NA,"urn:lsid:marinespecies.org:taxname:393084","Family",NA
"743","Dadabacteriales","Dadabacteriales","554bc637f00fdc934e35f4a5fa27e2b2",NA,NA,NA,NA,NA,NA,NA,NA,NA
"744","Pseudomonas","Pseudomonas","8dc5084fffd988e23ec3a6b93c55282a","Bacteria","Proteobacteria","Gammaproteobacteria","Pseudomonadales","Pseudomonadaceae","Pseudomonas","urn:lsid:marinespecies.org:taxname:570642","Genus","Migula, 1894"
"745","Lutimonas","Lutimonas","0860980ee410a804cc822f9b78df093c","Bacteria","Bacteroidetes","Flavobacteria","Flavobacteriales","Flavobacteriaceae","Lutimonas","urn:lsid:marinespecies.org:taxname:563891","Genus","Yang, Choo & Cho, 2007"
"746","Phycisphaeraceae","Jl etnp f27","809007b5ca3028a65cd5006226d19117","Bacteria","Planctomycetes","Phycisphaerae","Phycisphaerales","Phycisphaeraceae",NA,"urn:lsid:marinespecies.org:taxname:565458","Family","Fukunaga, Kurahashi, Sakiyama, Ohuchi, Yokota & Harayama, 2009"
"747","Flavobacteriales","Ns9 marine group","0c3e721b9f065680e1a269221d132001","Bacteria","Bacteroidetes","Flavobacteria","Flavobacteriales",NA,NA,"urn:lsid:marinespecies.org:taxname:559998","Order",NA
"748","Gammaproteobacteria","Hoc36","84d8daaecc5ed20e08397dc71bd09885","Bacteria","Proteobacteria","Gammaproteobacteria",NA,NA,NA,"urn:lsid:marinespecies.org:taxname:393018","Class",NA
"749","Desulfuromonadia","Pb19","8117665f177570b0010cdbd93c384474",NA,NA,NA,NA,NA,NA,NA,NA,NA
"750","Desulfobulbaceae","Desulfobulbaceae","49bd5d4f47f23e4b1167ba7b488daaa4","Bacteria","Proteobacteria","Deltaproteobacteria","Desulfobacterales","Desulfobulbaceae",NA,"urn:lsid:marinespecies.org:taxname:570067","Family",NA
"751","Pseudomonadales","Bacterium whc4 9","Dcb95cab0efd9fb4d1303d198f051eff","Bacteria","Proteobacteria","Gammaproteobacteria","Pseudomonadales",NA,NA,"urn:lsid:marinespecies.org:taxname:393032","Order",NA
"752","Francisella","Francisella","766db580530b2882bc6f72ac724288f3","Bacteria","Proteobacteria","Gammaproteobacteria","Thiotrichales","Francisellaceae","Francisella","urn:lsid:marinespecies.org:taxname:570667","Genus","Dorofe'ev, 1947"
"753","Pseudomonadales","Sar86 clade","446b29491f96319362f588ab775a2801","Bacteria","Proteobacteria","Gammaproteobacteria","Pseudomonadales",NA,NA,"urn:lsid:marinespecies.org:taxname:393032","Order",NA
"754","Sphingobacteriales","Ns11 12 marine group","Aa92e68d8a5d725cd0674041624317b5","Bacteria","Bacteroidetes","Sphingobacteria","Sphingobacteriales",NA,NA,"urn:lsid:marinespecies.org:taxname:564100","Order",NA
"755","Formosa","Formosa","Df18b4984b5853a78dfda2d1b3fd0c09","Bacteria","Bacteroidetes","Flavobacteria","Flavobacteriales","Flavobacteriaceae","Formosa","urn:lsid:marinespecies.org:taxname:562632","Genus","Ivanova, Alexeeva, Flavier, Wright, Zhukova, Gorshkova, Mikhailov, Nicolau & Christen, 2006"
"756","Nitrincolaceae","Nitrincolaceae","F175abe2e87953bbaa7d5576190f6358",NA,NA,NA,NA,NA,NA,NA,NA,NA
"757","Cloacibacterium","Cloacibacterium","31636983d3641abc11606592243ed4a7",NA,NA,NA,NA,NA,NA,NA,NA,NA
"758","Porticoccus","Porticoccus","F45409d5bed349192a0799f49baeea8c",NA,NA,NA,NA,NA,NA,NA,NA,NA
"759","Cryomorphaceae","Cryomorphaceae","Daac8c17c0fda7281a2c644e318f8161","Bacteria","Bacteroidetes","Flavobacteria","Flavobacteriales","Cryomorphaceae",NA,"urn:lsid:marinespecies.org:taxname:559981","Family","Bowman, Mancuso Nichols & Gibson, 2003"
"760","Alphaproteobacteria","Sar11 clade","7154ed0ae1f54f79ab06ffb94857f58b","Bacteria","Proteobacteria","Alphaproteobacteria",NA,NA,NA,"urn:lsid:marinespecies.org:taxname:392750","Class",NA
"761","Actinobacteria","Pem15","D62407ba70d70dce1f2d8bdbbb325597","Bacteria","Actinobacteria",NA,NA,NA,NA,"urn:lsid:marinespecies.org:taxname:178057","Phylum",NA
"762","Roseibacillus","Roseibacillus","72f52778cfe172e1d4fa7c72228adc48","Bacteria","Verrucomicrobia","Verrucomicrobiae","Verrucomicrobiales","Verrucomicrobiaceae","Roseibacillus","urn:lsid:marinespecies.org:taxname:564329","Genus","Yoon, Matsuo, Adachi, Nozawa, Matsuda, Kasai & Yokota, 2008"
"763","Thioglobaceae","Sup05 cluster","8c39887fa534c1f51786071b9ead359a",NA,NA,NA,NA,NA,NA,NA,NA,NA
"764","Acinetobacter","Acinetobacter","6756b3d5e69fa2a21c5ce65a3b55ea94","Bacteria","Proteobacteria","Gammaproteobacteria","Pseudomonadales","Moraxellaceae","Acinetobacter","urn:lsid:marinespecies.org:taxname:570612","Genus","Brisou & Prevot, 1954"
"765","Puniceispirillales","Sar116 clade","7b6afa274ff2b7a9a8716911a402a4bf",NA,NA,NA,NA,NA,NA,NA,NA,NA
"766","Thalassobaculales","Thalassobaculales","66f6813129cfb46bbb74aa607f471c12",NA,NA,NA,NA,NA,NA,NA,NA,NA
"767","Bacteria","Marinimicrobia (sar406 clade)","C9d3ccd27e2e68469af2ae80765e9304","Bacteria",NA,NA,NA,NA,NA,"urn:lsid:marinespecies.org:taxname:6","Kingdom",NA
"768","Porticoccaceae","Sar92 clade","630c5e99988cf5f66b69179104c23de7",NA,NA,NA,NA,NA,NA,NA,NA,NA
"769","Rickettsiales","S25 593","8a893d62241185dc8723dc12e1107941",NA,NA,NA,NA,NA,NA,NA,NA,NA
"770","Nitrospinaceae","Ls nob","006dce6a94c89ab56d01f209fb5f3921","Bacteria","Proteobacteria","Deltaproteobacteria","Desulfobacterales","Nitrospinaceae",NA,"urn:lsid:marinespecies.org:taxname:570083","Family",NA
"771","Lutibacter","Lutibacter","4b4cfb5700297bfd827566aed8a522d9","Bacteria","Bacteroidetes","Flavobacteria","Flavobacteriales","Flavobacteriaceae","Lutibacter","urn:lsid:marinespecies.org:taxname:563886","Genus","Choi & Cho, 2006"
"772","Puniceispirillales","Sar116 clade","C582228ecf757433e65ccc2e5872330a",NA,NA,NA,NA,NA,NA,NA,NA,NA
"773","Flavobacteriaceae","Flavobacteriaceae","C7506b4fed4954994149755081c8b4a9","Bacteria","Bacteroidetes","Flavobacteria","Flavobacteriales","Flavobacteriaceae",NA,"urn:lsid:marinespecies.org:taxname:559995","Family","(Reichenbach, 1992) emend. Bernardet, Nakagawa & Holmes, 2002"
"774","Sulfurimonas","Sulfurimonas","9bfccb8421582ce9d236554751d91cab","Bacteria","Proteobacteria","Epsilonproteobacteria","Campylobacterales","Helicobacteraceae","Sulfurimonas","urn:lsid:marinespecies.org:taxname:393613","Genus","Inagaki, Takai, Kobayashi, Nealson & Horikoshi, 2005"
"775","Hyphomonadaceae","Hyphomonadaceae","790aac2cfe29b62519644dcefdb7393f","Bacteria","Proteobacteria","Alphaproteobacteria","Rhodobacterales","Hyphomonadaceae",NA,"urn:lsid:marinespecies.org:taxname:567574","Family",NA
"776","Flavobacteriales","Ns9 marine group","Ad12d1a6582d18922621604458449dd6","Bacteria","Bacteroidetes","Flavobacteria","Flavobacteriales",NA,NA,"urn:lsid:marinespecies.org:taxname:559998","Order",NA
"777","Rhodobacteraceae","Roseobacter clade nac11 7 lineage","D317837df11dcddd43c88d2dafe0d150","Bacteria","Proteobacteria","Alphaproteobacteria","Rhodobacterales","Rhodobacteraceae",NA,"urn:lsid:marinespecies.org:taxname:393084","Family",NA
"778","Cryomorphaceae","Ns10 marine group","A853b371d2f412b84fb8c95430040f6c","Bacteria","Bacteroidetes","Flavobacteria","Flavobacteriales","Cryomorphaceae",NA,"urn:lsid:marinespecies.org:taxname:559981","Family","Bowman, Mancuso Nichols & Gibson, 2003"
"779","Hyphomonadaceae","Hyphomonadaceae","84ee1c61f44e6963f7d764b82cd84f59","Bacteria","Proteobacteria","Alphaproteobacteria","Rhodobacterales","Hyphomonadaceae",NA,"urn:lsid:marinespecies.org:taxname:567574","Family",NA
"780","Sulfurovum","Sulfurovum","15e85d21d242f4d1bd7ced905bb09c08","Bacteria","Proteobacteria","Epsilonproteobacteria","Epsilonproteobacteria incertae sedis",NA,"Sulfurovum","urn:lsid:marinespecies.org:taxname:393925","Genus","Inagaki, Takai, Nealson & Horikoshi, 2004"
"781","Actinobacteria","Pem15","D8f8c9d580e33a46fb22c416e0dbdfc2","Bacteria","Actinobacteria",NA,NA,NA,NA,"urn:lsid:marinespecies.org:taxname:178057","Phylum",NA
"782","Bdellovibrionaceae","Om27 clade","75ca39e64667c291d5533019f82e8f39","Bacteria","Proteobacteria","Deltaproteobacteria","Bdellovibrionales","Bdellovibrionaceae",NA,"urn:lsid:marinespecies.org:taxname:570032","Family","Garrity, Bell & Lilburn, 2006"
"783","Desulfuromonadia","Pb19","407cc413cc5e07648d0f54d65bb280a7",NA,NA,NA,NA,NA,NA,NA,NA,NA
"784","Candidatus aquiluna","Candidatus aquiluna","E418cdbdb30406272bbb764ddab86949",NA,NA,NA,NA,NA,NA,NA,NA,NA
"785","Chitinophagales","Chitinophagales","Ae4adc2acc25ddce375f80977549362b",NA,NA,NA,NA,NA,NA,NA,NA,NA
"786","Flavobacteriaceae","Flavobacteriaceae","D85bbe95a772fd235d3ee51d4ce613fb","Bacteria","Bacteroidetes","Flavobacteria","Flavobacteriales","Flavobacteriaceae",NA,"urn:lsid:marinespecies.org:taxname:559995","Family","(Reichenbach, 1992) emend. Bernardet, Nakagawa & Holmes, 2002"
"787","Cryomorphaceae","Cryomorphaceae","97b29f4da498169bcd81c9f3b1f41498","Bacteria","Bacteroidetes","Flavobacteria","Flavobacteriales","Cryomorphaceae",NA,"urn:lsid:marinespecies.org:taxname:559981","Family","Bowman, Mancuso Nichols & Gibson, 2003"
"788","Pseudomonadales","Om182 clade","E67d18cd323a8818d4bc835e1c1490dd","Bacteria","Proteobacteria","Gammaproteobacteria","Pseudomonadales",NA,NA,"urn:lsid:marinespecies.org:taxname:393032","Order",NA
"789","Rhodobacteraceae","Rhodobacteraceae","97ae0ab3bf8533c60691bff3d2f29b25","Bacteria","Proteobacteria","Alphaproteobacteria","Rhodobacterales","Rhodobacteraceae",NA,"urn:lsid:marinespecies.org:taxname:393084","Family",NA
"790","Desulfocapsaceae","Desulfocapsaceae","90b7ae19ca6dc82fbe39085531340aed",NA,NA,NA,NA,NA,NA,NA,NA,NA
"791","Candidatus puniceispirillum","Candidatus puniceispirillum","4e998050a17fa65d6997170d2770eecc","Bacteria","Proteobacteria","Alphaproteobacteria","Alphaproteobacteria incertae sedis",NA,"Candidatus Puniceispirillum","urn:lsid:marinespecies.org:taxname:573770","Genus","Oh, Kwon, Kang, Kang, Lee, Kim & Cho, 2010"
"792","Desulfobacter","Desulfobacter","2c0d1ef5330ae49c61192109894bf5c2","Bacteria","Proteobacteria","Deltaproteobacteria","Desulfobacterales","Desulfobacteraceae","Desulfobacter","urn:lsid:marinespecies.org:taxname:394156","Genus","Widdel, 1981"
"793","Actinobacteria","Pem15","D4c02b17386b0ae1e1bb5b5c275d0ffb","Bacteria","Actinobacteria",NA,NA,NA,NA,"urn:lsid:marinespecies.org:taxname:178057","Phylum",NA
"794","Actinobacteria","Pem15","Ec4d86d46c6ae95bef2c04ee923ffc63","Bacteria","Actinobacteria",NA,NA,NA,NA,"urn:lsid:marinespecies.org:taxname:178057","Phylum",NA
"795","Flavobacteriales","Ns9 marine group","8c06fbae950bb21c14f740f888d18925","Bacteria","Bacteroidetes","Flavobacteria","Flavobacteriales",NA,NA,"urn:lsid:marinespecies.org:taxname:559998","Order",NA
"796","Ectothiorhodospiraceae","Ectothiorhodospiraceae","2b56b55103d049938985213a0b0a38e9","Bacteria","Proteobacteria","Gammaproteobacteria","Chromatiales","Ectothiorhodospiraceae",NA,"urn:lsid:marinespecies.org:taxname:570404","Family",NA
"797","Saprospiraceae","Saprospiraceae","50305ed2bff77b411805f019c49f7d77","Bacteria","Bacteroidetes","Sphingobacteria","Sphingobacteriales","Saprospiraceae",NA,"urn:lsid:marinespecies.org:taxname:564120","Family",NA
"798","Comamonadaceae","Rs62 marine group","1d9cd4e962c617754b4067e7fd46aff1","Bacteria","Proteobacteria","Betaproteobacteria","Burkholderiales","Comamonadaceae",NA,"urn:lsid:marinespecies.org:taxname:393948","Family",NA
"799","Hellea","Hellea","D46eac6ac5fa371d2b57ccbd39305645","Bacteria","Proteobacteria","Alphaproteobacteria","Rhodobacterales","Hyphomonadaceae","Hellea","urn:lsid:marinespecies.org:taxname:567572","Genus","Alain, Tindall, Intertaglia, Catala & Lebaron, 2008"
"800","Mycoplasmataceae","Mycoplasmataceae","159852bd58c5d0cbede6588f48347b0a","Bacteria","Tenericutes","Mollicutes","Mycoplasmatales","Mycoplasmataceae",NA,"urn:lsid:marinespecies.org:taxname:567366","Family","Freundt, 1955"
"801","Desulfosarcina","Desulfosarcina","0a7d529cb726ed8572d38709ccd3e9fc","Bacteria","Proteobacteria","Deltaproteobacteria","Desulfobacterales","Desulfobacteraceae","Desulfosarcina","urn:lsid:marinespecies.org:taxname:570058","Genus","Widdel, 1981"
"802","Francisellaceae","Francisellaceae","47f34a7221d93d20c532ab45255ada10","Bacteria","Proteobacteria","Gammaproteobacteria","Thiotrichales","Francisellaceae",NA,"urn:lsid:marinespecies.org:taxname:570666","Family",NA
"803","Draconibacterium","Draconibacterium","4cba5f3aee9296f88adf2fd937288a9f",NA,NA,NA,NA,NA,NA,NA,NA,NA
"804","Luminiphilus","Luminiphilus","Febad11b28eb80d3ed7584ad30effe26",NA,NA,NA,NA,NA,NA,NA,NA,NA
"805","Bdellovibrionaceae","Om27 clade","E7a9d5f4b3f41e6cbac0410369b8bf7c","Bacteria","Proteobacteria","Deltaproteobacteria","Bdellovibrionales","Bdellovibrionaceae",NA,"urn:lsid:marinespecies.org:taxname:570032","Family","Garrity, Bell & Lilburn, 2006"
"806","Comamonas","Comamonas","66fb81f18c219237de78481c692be661","Bacteria","Proteobacteria","Betaproteobacteria","Burkholderiales","Comamonadaceae","Comamonas","urn:lsid:marinespecies.org:taxname:569917","Genus","De Vos, Kersters, Falsen, Pot, Gillis, Segers & De Ley, 1985"
"807","Flavobacteriaceae","Ns5 marine group","15aa936162195e7b5111cc54ff776c78","Bacteria","Bacteroidetes","Flavobacteria","Flavobacteriales","Flavobacteriaceae",NA,"urn:lsid:marinespecies.org:taxname:559995","Family","(Reichenbach, 1992) emend. Bernardet, Nakagawa & Holmes, 2002"
"808","Candidatus aquiluna","Candidatus aquiluna","F94eb0e837bb9a8632cb71a71f9875c3",NA,NA,NA,NA,NA,NA,NA,NA,NA
"809","Candidatus puniceispirillum","Candidatus puniceispirillum","7d6d57b2cdf4f8f2616f33f7f8d7e6c2","Bacteria","Proteobacteria","Alphaproteobacteria","Alphaproteobacteria incertae sedis",NA,"Candidatus Puniceispirillum","urn:lsid:marinespecies.org:taxname:573770","Genus","Oh, Kwon, Kang, Kang, Lee, Kim & Cho, 2010"
"810","Puniceispirillales","Sar116 clade","E1b438389b35bcb6fb3f3a31c1da94f7",NA,NA,NA,NA,NA,NA,NA,NA,NA
"811","Flavobacteriaceae","Ns5 marine group","Ce949d802c73041804257f4d04eb03c3","Bacteria","Bacteroidetes","Flavobacteria","Flavobacteriales","Flavobacteriaceae",NA,"urn:lsid:marinespecies.org:taxname:559995","Family","(Reichenbach, 1992) emend. Bernardet, Nakagawa & Holmes, 2002"
"812","Fluviicola","Fluviicola","E0d4383a1ce12dcac55ed84d2bb9a0db",NA,NA,NA,NA,NA,NA,NA,NA,NA
"813","Gammaproteobacteria","Gammaproteobacteria","93003e68ce4843e2cbd30fa5a3f8b26c","Bacteria","Proteobacteria","Gammaproteobacteria",NA,NA,NA,"urn:lsid:marinespecies.org:taxname:393018","Class",NA
"814","Rhodobacteraceae","Roseobacter clade nac11 7 lineage","39b9f0e942bdfdf411b3c2e3b6c8825f","Bacteria","Proteobacteria","Alphaproteobacteria","Rhodobacterales","Rhodobacteraceae",NA,"urn:lsid:marinespecies.org:taxname:393084","Family",NA
"815","Psychromonas","Psychromonas","076fbc68068bb8fb068a788be9a9bec2","Bacteria","Proteobacteria","Gammaproteobacteria","Alteromonadales","Psychromonadaceae","Psychromonas","urn:lsid:marinespecies.org:taxname:393038","Genus","Mountfort, Rainey, Burghardt, Kaspar & Stackebrandt, 1998"
"816","Cycloclasticus","Cycloclasticus","C4f9d3e2545f5817d7a2862431469795","Bacteria","Proteobacteria","Gammaproteobacteria","Thiotrichales","Piscirickettsiaceae","Cycloclasticus","urn:lsid:marinespecies.org:taxname:570669","Genus","Dyksterhouse, Gray, Herwig, Lara & Staley, 1995"
"817","Phycisphaeraceae","Cl500 3","A732871bc56e490e20c61cfbe2679f0f","Bacteria","Planctomycetes","Phycisphaerae","Phycisphaerales","Phycisphaeraceae",NA,"urn:lsid:marinespecies.org:taxname:565458","Family","Fukunaga, Kurahashi, Sakiyama, Ohuchi, Yokota & Harayama, 2009"
"818","Dadabacteriales","Dadabacteriales","Dc5cb8f7eeeb8753cfbcca6a00a85d2d",NA,NA,NA,NA,NA,NA,NA,NA,NA
"819","Comamonadaceae","Rs62 marine group","9889036465ebe86f3bc2581b59e45245","Bacteria","Proteobacteria","Betaproteobacteria","Burkholderiales","Comamonadaceae",NA,"urn:lsid:marinespecies.org:taxname:393948","Family",NA
"820","Sporichthyaceae","Hgci clade","Be5f248a90f46ea13f8da99be1d38231","Bacteria","Actinobacteria","Actinobacteria","Actinomycetales","Sporichthyaceae",NA,"urn:lsid:marinespecies.org:taxname:559566","Family","(Stackebrandt, Rainey & Ward-Rainey, 1997) emend. Zhi, Li & Stackebrandt, 2009"
