"","ASV","kingdom","phylum","class","order","family","genus","species","verbatimIdentification"
"sp1","19242ac5ab65ad82fbaa7c55ab7fb44b","Bacteria","Proteobacteria","Gammaproteobacteria","Steroidobacterales","Woeseiaceae","Woeseia",NA,"Woeseia"
"sp2","4ccf5b67cc70d774941424b8bef23b79","Bacteria","Actinobacteriota","Acidimicrobiia","Microtrichales","Microtrichaceae",NA,NA,"Sva0996_marine_group"
"sp3","606e4e45cc9fc840f19af5e905603c38","Bacteria","Bacteroidota","Bacteroidia","Flavobacteriales","Flavobacteriaceae",NA,NA,"NS4_marine_group"
"sp4","315dcfc446e5942c4480be233e1261fe","Bacteria","Bacteroidota","Bacteroidia","Flavobacteriales","Crocinitomicaceae","Fluviicola",NA,"Fluviicola"
"sp5","9c1db092aa1dbf7fe433cbf9e9866e69","Bacteria","Proteobacteria","Gammaproteobacteria",NA,NA,NA,NA,"Gammaproteobacteria"
"sp6","96f4767c0881e58188b0f0a036002867","Bacteria","Proteobacteria","Alphaproteobacteria","Rhodobacterales","Rhodobacteraceae",NA,NA,"Rhodobacteraceae"
"sp7","637778b2b154e93147021d1c520a3fc4","Bacteria","Proteobacteria","Alphaproteobacteria","Puniceispirillales",NA,NA,NA,"SAR116_clade"
"sp8","87000a3bd25aa918fea9477ceb6bcca7","Bacteria","Bacteroidota","Bacteroidia","Flavobacteriales",NA,NA,NA,"NS9_marine_group"
"sp9","d26d79c8f42fdb92feec83c9ed4076f2","Bacteria","Campylobacterota","Campylobacteria","Campylobacterales","Sulfurimonadaceae","Sulfurimonas",NA,"Sulfurimonas"
"sp10","98c65e2d82c79d5a888b0a2650f4ff82","Bacteria","Proteobacteria","Gammaproteobacteria","Pseudomonadales","Pseudohongiellaceae","Pseudohongiella",NA,"Pseudohongiella"
"sp11","c50d27d5fda90c8606a97217b3f9ec3e","Bacteria","Bacteroidota","Bacteroidia","Flavobacteriales","Flavobacteriaceae",NA,NA,"NS4_marine_group"
"sp12","2bb3d44b2219d1b7c96278ce209ad89a","Bacteria","Verrucomicrobiota","Verrucomicrobiae","Verrucomicrobiales","Rubritaleaceae","Persicirhabdus",NA,"Persicirhabdus"
"sp13","75233cab73071a5709e668a3f62d14e2","Bacteria","Proteobacteria","Alphaproteobacteria","Rhodobacterales","Rhodobacteraceae","Ascidiaceihabitans",NA,"Ascidiaceihabitans"
"sp14","126036f0a6c3ffc599d288d7e38ce6d5","Bacteria","Nitrospinota","Nitrospinia","Nitrospinales","Nitrospinaceae",NA,NA,"LS-NOB"
"sp15","7d5e5b4841ba3987d01b10d3539a79c0","Bacteria","Proteobacteria","Alphaproteobacteria","Kordiimonadales",NA,NA,NA,"Kordiimonadales"
"sp16","a33258430636a5efdc52901b425a6f88","Bacteria","Actinobacteriota","Actinobacteria","Frankiales","Sporichthyaceae",NA,NA,"hgcI_clade"
"sp17","389d43f34c70c0651c2e18d397d70dd2","Bacteria","Bacteroidota","Bacteroidia","Bacteroidales","Prolixibacteraceae",NA,NA,"Prolixibacteraceae"
"sp18","7e0bdd66a5138248c38dd34b8c243aec","Bacteria","Bdellovibrionota","Bdellovibrionia","Bdellovibrionales","Bdellovibrionaceae",NA,NA,"OM27_clade"
"sp19","7eeeb07402eebcacbb5caff051574634","Bacteria","Proteobacteria","Gammaproteobacteria","Pseudomonadales","Thioglobaceae",NA,NA,"SUP05_cluster"
"sp20","b2ac2bcba94ec50cbcf5d4d4312353d3","Bacteria","Proteobacteria","Alphaproteobacteria",NA,NA,NA,NA,"Clade_Ia"
"sp21","05c48e63fbae26ef61b6aad097ef8a40","Bacteria","Bacteroidota","Bacteroidia","Chitinophagales",NA,NA,NA,"Chitinophagales"
"sp22","57bab37506c3ed9c8a3f07d4dbe66f02","Bacteria",NA,NA,NA,NA,NA,NA,"Marinimicrobia_(SAR406_clade)"
"sp23","e27ceff664d4502f601832f1c545bf00","Bacteria","Bacteroidota","Bacteroidia","Flavobacteriales","Flavobacteriaceae",NA,NA,"NS5_marine_group"
"sp24","e9a9265d25c255bd00de8858b3c53e26","Bacteria","Bacteroidota","Bacteroidia","Bacteroidales","Marinifilaceae",NA,NA,"Marinifilaceae"
"sp25","060727d5f9e4aa5e600863ce454d24b5","Bacteria","Bacteroidota","Bacteroidia","Flavobacteriales","Cryomorphaceae",NA,NA,"Cryomorphaceae"
"sp26","0ba3ad212fb7532a516d669312ce2c09","Bacteria","Bacteroidota","Bacteroidia","Flavobacteriales","Crocinitomicaceae","Fluviicola",NA,"Fluviicola"
"sp27","83106bc54d15bb463b4fdc0f221c16c0","Bacteria","Bacteroidota","Bacteroidia","Flavobacteriales","Flavobacteriaceae",NA,NA,"NS5_marine_group"
"sp28","165824057f25679553765b093ae859cb","Bacteria","Bacteroidota","Bacteroidia","Bacteroidales","Prevotellaceae",NA,NA,"Prevotella_7"
"sp29","b095f562c5f192f69cf565adf6761630","Bacteria","Bacteroidota","Bacteroidia","Flavobacteriales","Crocinitomicaceae","Fluviicola",NA,"Fluviicola"
"sp30","5625bef1e42a533756eb4c706d16f552","Bacteria","Proteobacteria","Alphaproteobacteria",NA,NA,NA,NA,"Clade_III"
"sp31","7cbcb8903193f66ed0f4e61e4d6d812b","Bacteria","Proteobacteria","Alphaproteobacteria","Puniceispirillales",NA,NA,NA,"SAR116_clade"
"sp32","198239b00610a9e8f6d9197a1497bed8","Bacteria","Desulfobacterota","Desulfobulbia","Desulfobulbales","Desulfocapsaceae",NA,NA,"Desulfocapsaceae"
"sp33","7e7389dcdacbe875b8439811f54e375b","Bacteria","Proteobacteria","Alphaproteobacteria","Puniceispirillales",NA,NA,NA,"Puniceispirillales"
"sp34","03d2562412a1bf9e9750373187b011e7","Bacteria","Proteobacteria","Gammaproteobacteria","Pseudomonadales","Halieaceae",NA,NA,"OM60(NOR5)_clade"
"sp35","e9eac4012ad8a2aca34f445927a062c9","Bacteria","Proteobacteria","Alphaproteobacteria","Rhodobacterales","Rhodobacteraceae",NA,NA,"HIMB11"
"sp36","e69f0d54304151f119f4bcdd58012582","Bacteria","Proteobacteria","Alphaproteobacteria","Puniceispirillales",NA,NA,NA,"SAR116_clade"
"sp37","6d04e9f4e98b247d2cff1f36a6e2fd28","Bacteria","Proteobacteria","Alphaproteobacteria",NA,NA,NA,NA,"Clade_Ia"
"sp38","f63e051e474deadd28b693ed715314e5","Bacteria","Proteobacteria","Alphaproteobacteria","Caulobacterales","Caulobacteraceae","Brevundimonas",NA,"Brevundimonas"
"sp39","d4f19964d0a19756e8643560e09965bd","Bacteria","Proteobacteria","Alphaproteobacteria",NA,NA,NA,NA,"Clade_II"
"sp40","7ecd01a1866d6a6047260dbe7cbfc092","Bacteria","Bdellovibrionota","Bdellovibrionia","Bdellovibrionales","Bdellovibrionaceae",NA,NA,"OM27_clade"
"sp41","048eaf69a0776e759d23f4185fe18008","Bacteria","Verrucomicrobiota","Verrucomicrobiae","Opitutales","Puniceicoccaceae",NA,NA,"MB11C04_marine_group"
"sp42","94c770faa3cb3ed8acdaa119a29f41f4","Bacteria","Proteobacteria","Gammaproteobacteria","Pseudomonadales","Thioglobaceae",NA,NA,"SUP05_cluster"
"sp43","114fc12658b84d888cc4a23b969097c4","Bacteria","Proteobacteria","Alphaproteobacteria",NA,NA,NA,NA,"Alphaproteobacteria"
"sp44","8605150279c178d3a937c5592683685e","Bacteria","Hydrogenedentes","Hydrogenedentia","Hydrogenedentiales","Hydrogenedensaceae","Hydrogenedensaceae",NA,"Hydrogenedensaceae"
"sp45","0feedc3d5feb2939256745d55d7d656e","Bacteria","Bacteroidota","Bacteroidia","Flavobacteriales","Cryomorphaceae",NA,NA,"Cryomorphaceae"
"sp46","671cc2e87375c041309501b92828fcf4","Bacteria","Bacteroidota","Bacteroidia","Flavobacteriales","Flavobacteriaceae",NA,NA,"NS5_marine_group"
"sp47","c44fd36f237fe559db5f2d77306dd82f","Bacteria","Bacteroidota","Bacteroidia","Flavobacteriales","Flavobacteriaceae","Lutibacter","Lutibacter sp.","Lutibacter_sp."
"sp48","36827d85338717e25afe76492bf92cfd","Bacteria","Bacteroidota","Bacteroidia","Flavobacteriales","Crocinitomicaceae","Crocinitomix",NA,"Crocinitomix"
"sp49","27c5d2515ac58e15a6a3bacff3d9697e","Bacteria","Desulfobacterota","Desulfobulbia","Desulfobulbales","Desulfocapsaceae",NA,NA,"Desulfocapsaceae"
"sp50","1b51c2bcf60cbc321d30329cde2495a5","Bacteria","Proteobacteria","Gammaproteobacteria","Pseudomonadales",NA,NA,NA,"SAR86_clade"
"sp51","2804444e2143196ba313212f5be0f424","Bacteria","Planctomycetota",NA,NA,NA,NA,NA,"OM190"
"sp52","2d86cb4b11f9da26e3e0bc3f7becabcf","Bacteria","Bacteroidota","Bacteroidia","Flavobacteriales","Flavobacteriaceae","Flavobacterium",NA,"Flavobacterium"
"sp53","c1527b1c33fc3f6b26d32a9bb11aebd1","Bacteria","Proteobacteria","Gammaproteobacteria","Gammaproteobacteria incertae sedis",NA,NA,NA,"Gammaproteobacteria_Incertae_Sedis"
"sp54","b54b9132f90f468ddfdd15d32e8afec9","Bacteria","Proteobacteria","Alphaproteobacteria","Defluviicoccales",NA,NA,NA,"Defluviicoccales"
"sp55","869e325e7c08c8513ada38b85d2e9f93","Bacteria","Bacteroidota","Bacteroidia","Flavobacteriales","Flavobacteriaceae",NA,NA,"NS5_marine_group"
"sp56","338005a578d2ea9a18b711554226e776","Bacteria","Proteobacteria","Alphaproteobacteria",NA,NA,NA,NA,"Clade_Ia"
"sp57","748d41a04a8f11c52e747a5d73fdcd09","Bacteria","Bacteroidota","Bacteroidia","Flavobacteriales",NA,NA,NA,"NS7_marine_group"
"sp58","24aa9a5d7fafaf3fb96961b0d0e009bc","Bacteria","Proteobacteria","Alphaproteobacteria",NA,NA,NA,NA,"Clade_III"
"sp59","d6c57fdfc143125e2b279007e3591c27","Bacteria","Bdellovibrionota","Bdellovibrionia","Bdellovibrionales","Bdellovibrionaceae",NA,NA,"OM27_clade"
"sp60","4eb5c5301dc97300c160594891f7ac54","Bacteria","Bacteroidota","Bacteroidia","Flavobacteriales",NA,NA,NA,"NS9_marine_group"
"sp61","eb71342b57268fdaed51cb3b2760753a","Bacteria","Proteobacteria","Gammaproteobacteria","Pseudomonadales","Pseudomonadaceae","Pseudomonas",NA,"Pseudomonas"
"sp62","563749298b222728e9107316eb5310ef","Bacteria","Proteobacteria","Alphaproteobacteria","Puniceispirillales",NA,NA,NA,"Puniceispirillales"
"sp63","7a1c6d0627683c055e3ca85dfa233058","Bacteria","Bacteroidota","Bacteroidia","Bacteroidales","Marinifilaceae",NA,NA,"Marinifilaceae"
"sp64","4721bd5e8efa498ef8f50a1124c86642","Bacteria","Bacteroidota","Bacteroidia","Flavobacteriales","Cryomorphaceae",NA,NA,"Cryomorphaceae"
"sp65","391a9b39e298f58802fa6a2f50e9381b","Bacteria","Proteobacteria","Alphaproteobacteria",NA,NA,NA,NA,"Clade_Ia"
"sp66","808cc41e339a11fcb5797352b150dc6f","Bacteria","Desulfobacterota","Desulfobulbia","Desulfobulbales","Desulfocapsaceae","Desulforhopalus",NA,"Desulforhopalus"
"sp67","c3f1a986bf73014bf0cbe7b0a18035f0","Bacteria","Cyanobacteria","Cyanobacteriia","Synechococcales","Cyanobiaceae",NA,NA,"Synechococcus_CC9902"
"sp68","3d889070b57cbc4fb1227d03c476e965","Bacteria","Proteobacteria","Alphaproteobacteria","Puniceispirillales",NA,"Candidatus puniceispirillum",NA,"Candidatus_Puniceispirillum"
"sp69","a40458964d5117cf5aa814cf455ebc73","Bacteria","Proteobacteria","Alphaproteobacteria","Rhodobacterales","Rhodobacteraceae","Ascidiaceihabitans",NA,"Ascidiaceihabitans"
"sp70","b68ceec7d47616dc6368a36553010a04","Bacteria","Bdellovibrionota","Bdellovibrionia","Bdellovibrionales","Bdellovibrionaceae",NA,NA,"OM27_clade"
"sp71","87c6912347e2cafbe92407a2c6695cbe","Bacteria","Bacteroidota","Bacteroidia","Flavobacteriales","Flavobacteriaceae","Lutibacter",NA,"Lutibacter"
"sp72","1deb73bc6fe3c83b5d214cb8b06b8be1","Bacteria","Verrucomicrobiota","Verrucomicrobiae","Verrucomicrobiales",NA,NA,NA,"DEV007"
"sp73","8c614ec3d916c11c585e22d46cc47f04","Bacteria","Proteobacteria","Gammaproteobacteria","Pseudomonadales",NA,NA,NA,"SAR86_clade"
"sp74","ec74ae6c4e5133e9572e7d313c7915fb","Bacteria","Bacteroidota","Bacteroidia","Flavobacteriales",NA,NA,NA,"NS9_marine_group"
"sp75","53c3cdf271d7b3e3a1ca51b0573042eb","Bacteria","Proteobacteria","Gammaproteobacteria","Pseudomonadales","Porticoccaceae",NA,NA,"SAR92_clade"
"sp76","80bcc0f6fef138e753e2f3a6317352a0","Bacteria","Proteobacteria","Alphaproteobacteria",NA,NA,NA,NA,"Clade_II"
"sp77","afd66c03c4e1c3b31e4d7fc15f853ffb","Bacteria","Bacteroidota","Bacteroidia","Flavobacteriales",NA,NA,NA,"NS9_marine_group"
"sp78","e4df72fff25f6a3dfbf577c3cc3d4f8c","Bacteria","Bacteroidota","Bacteroidia","Chitinophagales","Saprospiraceae","Aureispira",NA,"Aureispira"
"sp79","b1fdff36e1f96f3a7e656366b2643676","Bacteria","Proteobacteria","Alphaproteobacteria","Puniceispirillales",NA,NA,NA,"SAR116_clade"
"sp80","52f10b8269a8d989fc79457562ee81c9","Bacteria","Desulfobacterota","Desulfuromonadia","Bradymonadales","Bradymonadales","Bradymonadales",NA,"Bradymonadales"
"sp81","4423e8ddc5842d1ba2828fb8a8202a81","Bacteria","Desulfobacterota","Desulfobulbia","Desulfobulbales","Desulfocapsaceae",NA,NA,"Desulfocapsaceae"
"sp82","da389595fdf602faccbf3b18884b09c9","Bacteria","Proteobacteria","Alphaproteobacteria","Rhodospirillales","Magnetospiraceae",NA,NA,"Magnetospiraceae"
"sp83","66a628e73d74c5077899e1f3a6f43006","Bacteria","Proteobacteria","Alphaproteobacteria","Rickettsiales","Rickettsiaceae",NA,NA,"Rickettsiaceae"
"sp84","570555a07e2e7674026bcf5a07b90c02","Bacteria","Bacteroidota","Bacteroidia","Flavobacteriales","Flavobacteriaceae","Polaribacter","Polaribacter gangjinensis","Polaribacter_gangjinensis"
"sp85","4e2a033fab13116973bcd2a3fd95233c","Bacteria","Proteobacteria","Alphaproteobacteria","Rhizobiales","Xanthobacteraceae","Bradyrhizobium",NA,"Bradyrhizobium"
"sp86","795f48099bccc7ed8ba75c68e86aef57","Bacteria","Campylobacterota","Campylobacteria","Campylobacterales","Sulfurimonadaceae","Sulfurimonas",NA,"Sulfurimonas"
"sp87","ec7c2c9d0d115338bc59b99c988d5d03","Bacteria","Firmicutes","Bacilli","Mycoplasmatales","Mycoplasmataceae",NA,NA,"Mycoplasmataceae"
"sp88","3c690ebe994bd482f7db0d346a9b56ac","Bacteria",NA,NA,NA,NA,NA,NA,"SAR324_clade(Marine_group_B)"
"sp89","a3ecc62fbbdfcc335ef9c1c9761017b5","Bacteria","Proteobacteria","Gammaproteobacteria","Pseudomonadales","Halieaceae","Luminiphilus",NA,"Luminiphilus"
"sp90","27f0fe433ab926b93e35f9c5813b91be","Bacteria","Verrucomicrobiota","Verrucomicrobiae","Opitutales","Puniceicoccaceae",NA,NA,"MB11C04_marine_group"
"sp91","d86e36b254e908a903abb124958d8d47","Bacteria","Proteobacteria","Gammaproteobacteria","Burkholderiales","Nitrosomonadaceae",NA,NA,"IS-44"
"sp92","cc1c2c86a0914923fd987de1ca2f33c1","Bacteria","Bacteroidota","Bacteroidia","Sphingobacteriales",NA,NA,NA,"NS11-12_marine_group"
"sp93","99fb3f0f694c779523a46b0349e922d5","Bacteria","Proteobacteria","Gammaproteobacteria","Pseudomonadales","Cellvibrionaceae","Umboniibacter",NA,"Umboniibacter"
"sp94","e708b3f8a2d2e83eba44985a28dfd3b8","Bacteria","Spirochaetota","Leptospirae","Leptospirales","Leptospiraceae","Turneriella",NA,"Turneriella"
"sp95","694ab1f58645545dccee148a203b6840","Bacteria","Bacteroidota","Bacteroidia","Flavobacteriales","Cryomorphaceae",NA,NA,"Cryomorphaceae"
"sp96","75dc561661a9b789d695c059a7ea989b","Bacteria","Proteobacteria","Gammaproteobacteria","Pseudomonadales","Cellvibrionaceae","Eionea","Eionea flava","Eionea_flava"
"sp97","3f5fe2cfde171ac8fc0b55f0a3fb6f3d","Bacteria","Proteobacteria","Alphaproteobacteria","Rhodospirillales","Magnetospiraceae",NA,NA,"Magnetospiraceae"
"sp98","dfbdc30e9c372006880120016161a300","Bacteria","Bacteroidota","Bacteroidia","Flavobacteriales",NA,NA,NA,"NS7_marine_group"
"sp99","4c4412631a9259dc728221cbb11d93e8","Bacteria","Proteobacteria","Alphaproteobacteria","Rhodobacterales","Rhodobacteraceae",NA,NA,"Rhodobacteraceae"
"sp100","d450731b6ddc038db4fc45d3d2d42aed","Bacteria","Verrucomicrobiota","Verrucomicrobiae","Opitutales","Puniceicoccaceae","Lentimonas",NA,"Lentimonas"
"sp101","2f814d83763531e7c60b6e02368dc91c","Bacteria","Actinobacteriota","Actinobacteria","Micrococcales","Microbacteriaceae",NA,NA,"ML602J-51"
"sp102","c4a652e8479eda05d56adac5b6418431","Bacteria","Proteobacteria","Alphaproteobacteria",NA,NA,NA,NA,"Clade_Ia"
"sp103","df36dbb2bb0c0d4566795e9252050a64","Bacteria","Proteobacteria","Gammaproteobacteria","Burkholderiales","Methylophilaceae","Candidatus methylopumilus",NA,"Candidatus_Methylopumilus"
"sp104","d90acedc7a0f6ca06d87ac9e2a2deb98","Bacteria","Campylobacterota","Campylobacteria","Campylobacterales","Sulfurovaceae","Sulfurovum",NA,"Sulfurovum"
"sp105","3608d1103cae304e05d4b72b01de6408","Bacteria","Bacteroidota","Bacteroidia","Flavobacteriales","Flavobacteriaceae",NA,NA,"NS4_marine_group"
"sp106","d97f73d5b657210cf89ac703340b9b4f","Bacteria","Proteobacteria","Gammaproteobacteria","Pseudomonadales",NA,NA,NA,"SAR86_clade"
"sp107","975e4a799c2e054229dc28245b43ebd8","Bacteria","Proteobacteria","Gammaproteobacteria","Enterobacterales","Psychromonadaceae","Psychromonas",NA,"Psychromonas"
"sp108","723632a1348a55c32ed7a57f633a3694","Bacteria","Proteobacteria","Gammaproteobacteria","Enterobacterales","Colwelliaceae","Colwellia",NA,"Colwellia"
"sp109","3b92be1b54b379ece4571bc4d2c14c71","Bacteria","Bacteroidota","Bacteroidia","Flavobacteriales",NA,NA,NA,"NS9_marine_group"
"sp110","35d2b4bd57c3dbb267f6c54058c33674","Bacteria","Bacteroidota","Bacteroidia","Flavobacteriales",NA,NA,NA,"NS9_marine_group"
"sp111","5c70e81aa34561feb062fc5fc0daddaf","Bacteria","Proteobacteria","Gammaproteobacteria","Thiotrichales","Thiotrichaceae",NA,NA,"Thiotrichaceae"
"sp112","266ef46f3b89b08e7d063a64250412a7","Bacteria","Nitrospinota","Nitrospinia","Nitrospinales","Nitrospinaceae",NA,NA,"LS-NOB"
"sp113","e799c0b1326cf248ccaea905bb102eeb","Bacteria","Bacteroidota","Bacteroidia","Flavobacteriales","Cryomorphaceae",NA,NA,"Cryomorphaceae"
"sp114","55864390ca56220bcc7e1d4973ca8402","Bacteria","Proteobacteria","Gammaproteobacteria","Pseudomonadales","Thioglobaceae",NA,NA,"SUP05_cluster"
"sp115","2c51df854fec887ba9c428f0f893fc45","Bacteria","Bacteroidota","Bacteroidia","Bacteroidales","Prevotellaceae",NA,NA,"Prevotella_9"
"sp116","acd8da910bae1ffe32a758f02aa55e72","Bacteria","Bacteroidota","Bacteroidia","Flavobacteriales","Flavobacteriaceae","Aquibacter",NA,"Aquibacter"
"sp117","ac8b777990602911a66959c22ebcb057","Bacteria","Bacteroidota","Bacteroidia","Flavobacteriales",NA,NA,NA,"NS9_marine_group"
"sp118","f05c6e0847a018cfab199184c898947e","Bacteria","Bacteroidota","Bacteroidia","Chitinophagales","Saprospiraceae",NA,NA,"Saprospiraceae"
"sp119","efaa4b9ea10e876366640c1ee4165e31","Bacteria","Bacteroidota","Bacteroidia","Flavobacteriales","Flavobacteriaceae","Aquibacter",NA,"Aquibacter"
"sp120","a0bb9aa297485545397a2c4e2d48c880","Bacteria","Bacteroidota","Bacteroidia","Flavobacteriales","Flavobacteriaceae","Formosa",NA,"Formosa"
"sp121","36da9d457d594f741efe150363b8ec0f","Bacteria","Proteobacteria","Alphaproteobacteria","Sphingomonadales","Sphingomonadaceae","Altererythrobacter",NA,"Altererythrobacter"
"sp122","f5b6f74567ca5dd8c5db37f1211c9e7c","Bacteria","Verrucomicrobiota","Verrucomicrobiae","Opitutales","Puniceicoccaceae",NA,NA,"MB11C04_marine_group"
"sp123","a8f1aaf0ca162bf59b6d73540d6cb256","Bacteria","Proteobacteria","Gammaproteobacteria",NA,NA,NA,NA,"HOC36"
"sp124","708d85186677b49ce307140503c67a0e","Bacteria","Proteobacteria","Gammaproteobacteria","Burkholderiales","Burkholderiaceae","Limnobacter",NA,"Limnobacter"
"sp125","1afc352b610b5db01284454f96ce3028","Bacteria","Proteobacteria","Gammaproteobacteria","Pseudomonadales","Halieaceae",NA,NA,"Halieaceae"
"sp126","4c8b3dedf6c219bc2866d3fb2c3741ce","Bacteria","Proteobacteria","Gammaproteobacteria","Pseudomonadales","Pseudohongiellaceae","Pseudohongiella",NA,"Pseudohongiella"
"sp127","4fd6492f14a242f9784e72ae845edba6","Bacteria","Proteobacteria","Gammaproteobacteria","Enterobacterales","Aeromonadaceae","Aeromonas",NA,"Aeromonas"
"sp128","93d2b863ca7d060ccc780d83a7d38c9d","Bacteria","Proteobacteria","Gammaproteobacteria",NA,NA,NA,NA,"Gammaproteobacteria"
"sp129","a5fca58990e7a8cdc488b50838323d3d","Bacteria","Verrucomicrobiota","Verrucomicrobiae","Opitutales","Puniceicoccaceae",NA,NA,"MB11C04_marine_group"
"sp130","58520b448673811ce2e7adb6739b787f","Bacteria","Bacteroidota","Bacteroidia","Flavobacteriales","Flavobacteriaceae","Polaribacter","Polaribacter gangjinensis","Polaribacter_gangjinensis"
"sp131","3b00b2144514af2911872000bdb6825c","Bacteria","Bacteroidota","Rhodothermia","Rhodothermales","Rhodothermaceae",NA,NA,"Rhodothermaceae"
"sp132","6384d6fb5d753a802a8236d842c625ee","Bacteria","Bacteroidota","Bacteroidia","Flavobacteriales","Crocinitomicaceae","Fluviicola",NA,"Fluviicola"
"sp133","8c27a1159361656337fd8834a3c80824","Bacteria","Firmicutes","Negativicutes","Veillonellales selenomonadales","Selenomonadaceae","Selenomonas","Selenomonas lacticifex","Selenomonas_lacticifex"
"sp134","5d57528ffddddb932212420af97deb2f","Bacteria","Bacteroidota","Bacteroidia","Flavobacteriales",NA,NA,NA,"NS9_marine_group"
"sp135","088b8371b1242252b004ba6cb2dec39f","Bacteria","Proteobacteria","Alphaproteobacteria",NA,NA,NA,NA,"Clade_II"
"sp136","cb99a9a48399bce8cd60462e20380b7c","Bacteria","Bdellovibrionota","Bdellovibrionia","Bdellovibrionales","Bdellovibrionaceae",NA,NA,"OM27_clade"
"sp137","a4363b8234b0fd085fd8876d8b80822d","Bacteria","Proteobacteria","Gammaproteobacteria","Burkholderiales","Comamonadaceae",NA,NA,"Comamonadaceae"
"sp138","af0e9f566bcd17606d79c2d95d6e1bef","Bacteria","Proteobacteria","Gammaproteobacteria","Pseudomonadales","Halieaceae",NA,NA,"OM60(NOR5)_clade"
"sp139","e3cff16a2e4e6b52e5717f5da85b9dad","Bacteria","Bacteroidota","Bacteroidia","Cytophagales","Cyclobacteriaceae","Marinoscillum",NA,"Marinoscillum"
"sp140","15953670a3a367ea387369969af76bb2","Bacteria","Proteobacteria","Alphaproteobacteria","Parvibaculales",NA,NA,NA,"PS1_clade"
"sp141","e1530e95155dee083d95272c99fa7aaa","Bacteria","Proteobacteria","Gammaproteobacteria","Pseudomonadales","Porticoccaceae",NA,NA,"C1-B045"
"sp142","d33be109bdaf677b562852a1a8d57351","Bacteria","Proteobacteria","Gammaproteobacteria","Pseudomonadales","Thioglobaceae",NA,NA,"SUP05_cluster"
"sp143","513f5f26313f66f8ba1ba69d3e933a17","Bacteria","Bacteroidota","Bacteroidia","Flavobacteriales","Flavobacteriaceae",NA,NA,"NS5_marine_group"
"sp144","be7b2e7e81b894ca01656ac9df168bde","Bacteria","Cyanobacteria","Cyanobacteriia","Synechococcales","Cyanobiaceae",NA,NA,"Synechococcus_CC9902"
"sp145","65d2d9d8348964ee671e729f53d94012","Bacteria","Myxococcota","Polyangia","Polyangiales","Sandaracinaceae",NA,NA,"Sandaracinaceae"
"sp146","a2f945de8a07ef91afcbf536c1882c2e","Bacteria","Myxococcota","Myxococcia","Myxococcales","Myxococcaceae",NA,NA,"P3OB-42"
"sp147","07dc23a9c83815460fb175eae1e54e14","Bacteria","Chloroflexi","Dehalococcoidia",NA,NA,NA,NA,"SAR202_clade"
"sp148","72a3fa050ae6e14a36af4ce66c888dbf","Bacteria","Proteobacteria","Alphaproteobacteria","Rhodobacterales","Rhodobacteraceae","Yoonia loktanella",NA,"Yoonia-Loktanella"
"sp149","aaeb322988994556a246a1c6763b7625","Bacteria","Proteobacteria","Alphaproteobacteria",NA,NA,NA,NA,"Clade_Ia"
"sp150","0a15bcd4381587d94fd08fd765c704c6","Bacteria","Proteobacteria","Gammaproteobacteria","Arenicellales","Arenicellaceae",NA,NA,"Arenicellaceae"
"sp151","a26b9784f4b5f057757eed755ea47eac","Bacteria","Proteobacteria","Alphaproteobacteria","Rhodobacterales","Rhodobacteraceae","Albimonas",NA,"Albimonas"
"sp152","11191c450dc64a619154336d6c00f0bc","Bacteria","Proteobacteria","Gammaproteobacteria","Pseudomonadales",NA,NA,NA,"SAR86_clade"
"sp153","ffaba4ce09f1d144e8fe68eccd6f8938","Bacteria","Bacteroidota","Bacteroidia","Flavobacteriales","Crocinitomicaceae","Fluviicola",NA,"Fluviicola"
"sp154","5e809294586be061b58d9ef1fad9d1da","Bacteria","Actinobacteriota","Actinobacteria","Frankiales","Sporichthyaceae",NA,NA,"hgcI_clade"
"sp155","c003cd1dfa0c8185d760b91d65061dc8","Bacteria","Bacteroidota","Bacteroidia","Flavobacteriales","Flavobacteriaceae",NA,NA,"NS4_marine_group"
"sp156","e864cd3a2a98f4a27d9e642a31673ccb","Bacteria","Campylobacterota","Campylobacteria","Campylobacterales","Sulfurovaceae","Sulfurovum",NA,"Sulfurovum"
"sp157","f77d9f36a9a8e16adc01e3ddd065786c","Bacteria","Proteobacteria","Alphaproteobacteria",NA,NA,NA,NA,"Clade_II"
"sp158","c680dae750e84853326303a187fcc2e3","Bacteria","Campylobacterota","Campylobacteria","Campylobacterales","Arcobacteraceae","Pseudarcobacter",NA,"Pseudarcobacter"
"sp159","a96bef566be6337959d134901394957f","Bacteria","Proteobacteria","Alphaproteobacteria","Puniceispirillales",NA,NA,NA,"alpha_proteobacterium"
"sp160","832358e4d3e882c9cfff10ddf08ac71b","Bacteria","Proteobacteria","Gammaproteobacteria","Pseudomonadales","Cellvibrionaceae","Umboniibacter",NA,"Umboniibacter"
"sp161","7dcbf73d1f8426aff7d0053d54db2d43","Bacteria","Bacteroidota","Bacteroidia","Bacteroidales","Paludibacteraceae",NA,NA,"Paludibacteraceae"
"sp162","86c4a349b7cffb2c2c4e93cc3eceaf85","Bacteria","Bdellovibrionota","Bdellovibrionia","Bdellovibrionales","Bdellovibrionaceae",NA,NA,"OM27_clade"
"sp163","23eb3a6122355713ac73efa9bb3a73b9","Bacteria","Planctomycetota","Planctomycetes","Pirellulales","Pirellulaceae",NA,NA,"Pirellulaceae"
"sp164","15d4f2dbfb3ab458def4901f37a3ef2b","Bacteria","Bacteroidota","Bacteroidia","Flavobacteriales","Flavobacteriaceae","Ulvibacter",NA,"Ulvibacter"
"sp165","c8ca31e35d6595824932d81bdaa92069","Bacteria","Bacteroidota","Bacteroidia","Bacteroidales","Prolixibacteraceae","Roseimarinus",NA,"Roseimarinus"
"sp166","e0f8710ae620ce13a9a3c4577c1d971e","Bacteria","Verrucomicrobiota","Verrucomicrobiae","Opitutales","Puniceicoccaceae","Coraliomargarita",NA,"Coraliomargarita"
"sp167","768fac642b73fd4b90ccae18f5a53269","Bacteria","Bacteroidota","Bacteroidia","Flavobacteriales","Cryomorphaceae",NA,NA,"Cryomorphaceae"
"sp168","b1ec56e2c3806f86e8403c5bf11f9a91","Bacteria","Desulfobacterota","Desulfobulbia","Desulfobulbales","Desulfobulbaceae",NA,NA,"Desulfobulbaceae"
"sp169","3b3d36abf54e8fffb3082e6350a51b70","Bacteria","Proteobacteria","Alphaproteobacteria","Kordiimonadales",NA,NA,NA,"Kordiimonadales"
"sp170","e84c0ce5e0a227964a09693cb4ed1cb8","Bacteria","Bacteroidota","Bacteroidia","Flavobacteriales","Flavobacteriaceae",NA,NA,"NS5_marine_group"
"sp171","e3bfd96a1f17a5a0f1e34fa14dc5b6d0","Bacteria","Bacteroidota","Bacteroidia","Flavobacteriales","Cryomorphaceae",NA,NA,"Cryomorphaceae"
"sp172","1929119c4066130e9903535a5f05d1e4","Bacteria","Bacteroidota","Bacteroidia","Flavobacteriales",NA,NA,NA,"NS7_marine_group"
"sp173","58b6ede5bbc2a7a9b454d48464fd7ead","Bacteria","Proteobacteria","Alphaproteobacteria","Puniceispirillales",NA,"Candidatus puniceispirillum",NA,"Candidatus_Puniceispirillum"
"sp174","7df4e4c2fce363516493d7861976d82a","Bacteria","Bacteroidota","Bacteroidia","Sphingobacteriales",NA,NA,NA,"NS11-12_marine_group"
"sp175","1c407353b0dfcb4d118ba19f4f3f636e","Bacteria","Firmicutes","Negativicutes","Veillonellales selenomonadales","Selenomonadaceae","Mitsuokella",NA,"Mitsuokella"
"sp176","6801ddfe0b87824d37a351add7ceb640","Bacteria","Proteobacteria","Gammaproteobacteria","Burkholderiales","Alcaligenaceae","Castellaniella",NA,"Castellaniella"
"sp177","82972a69e0e38cbff66a2cb9556b546e","Bacteria","Bacteroidota","Bacteroidia","Flavobacteriales","Flavobacteriaceae",NA,NA,"Flavobacteriaceae"
"sp178","552789aad8097efd3a7a465211789669","Bacteria",NA,NA,NA,NA,NA,NA,"Marinimicrobia_(SAR406_clade)"
"sp179","09b2258edc22a9698e6e2f7bb0d77775","Bacteria","Proteobacteria","Gammaproteobacteria","Pseudomonadales","Thioglobaceae",NA,NA,"SUP05_cluster"
"sp180","8d46cec44ee6b70914f46376e2020f8c","Bacteria","Bacteroidota","Bacteroidia","Flavobacteriales","Flavobacteriaceae",NA,NA,"Flavobacteriaceae"
"sp181","27cc8862f17ec5edeb1204551eb90bd1","Bacteria","Proteobacteria","Alphaproteobacteria","Puniceispirillales",NA,NA,NA,"SAR116_clade"
"sp182","289adcbf49a1112470fc708cab5023b6","Bacteria","Proteobacteria","Gammaproteobacteria","Pseudomonadales","Porticoccaceae",NA,NA,"SAR92_clade"
"sp183","75ff379e525defca9cf2ee076dd0454e","Bacteria","Proteobacteria","Gammaproteobacteria","Pseudomonadales",NA,NA,NA,"Pseudomonadales"
"sp184","729793ce0072bbc7da7aacbeaf9696f2","Bacteria","Bacteroidota","Bacteroidia","Flavobacteriales","Flavobacteriaceae",NA,NA,"Flavobacteriaceae"
"sp185","7f011ee0f0a160957c84b444835a2db9","Bacteria","Bacteroidota","Bacteroidia","Flavobacteriales","Crocinitomicaceae","Crocinitomix",NA,"Crocinitomix"
"sp186","390ee206c4493f881f562359614bfacd","Bacteria","Bacteroidota","Bacteroidia","Flavobacteriales",NA,NA,NA,"NS9_marine_group"
"sp187","ba5087d74a5b44577d6faf06029b19e3","Bacteria","Planctomycetota","Planctomycetes","Pirellulales","Pirellulaceae","Rubripirellula",NA,"Rubripirellula"
"sp188","98c1016268ad28a9cb4b0edf15189fe0","Bacteria","Verrucomicrobiota","Verrucomicrobiae","Opitutales","Puniceicoccaceae",NA,NA,"MB11C04_marine_group"
"sp189","afa29a0cec8e483e4225e89147054f41","Bacteria","Proteobacteria","Gammaproteobacteria","Gammaproteobacteria incertae sedis",NA,"Candidatus berkiella",NA,"Candidatus_Berkiella"
"sp190","2255c701f0312472db0cd59327efc7e1","Bacteria","Proteobacteria","Gammaproteobacteria","Pseudomonadales","Porticoccaceae","Porticoccus","Porticoccus litoralis","Porticoccus_litoralis"
"sp191","b6738e29c2a6412bc108a162b36ae11f","Bacteria","Proteobacteria","Alphaproteobacteria",NA,NA,NA,NA,"Clade_II"
"sp192","70468e23c68e3923bcfba275d9844c4f","Bacteria","Desulfobacterota","Desulfobacteria","Desulfobacterales","Desulfosarcinaceae","Desulfosarcina",NA,"Desulfosarcina"
"sp193","ccd26865eafe9a87cb4b3dd2bd70c439","Bacteria","Bacteroidota","Bacteroidia","Flavobacteriales","Flavobacteriaceae","Maritimimonas",NA,"Maritimimonas"
"sp194","24cafb0d147f9cc7ec1cbfb4d38e5392","Bacteria","Bacteroidota","Bacteroidia","Flavobacteriales","Flavobacteriaceae","Formosa",NA,"Formosa"
"sp195","6bc5848dbd32a2d84af600002e2fdf64","Bacteria","Campylobacterota","Campylobacteria","Campylobacterales","Sulfurimonadaceae","Sulfurimonas",NA,"Sulfurimonas"
"sp196","b4474138a34b023f4c12eda099a380f2","Bacteria","Campylobacterota","Campylobacteria","Campylobacterales","Sulfurimonadaceae","Sulfurimonas",NA,"Sulfurimonas"
"sp197","927da287d2eb60dd0e39dfada59d0a2d","Bacteria","Fusobacteriota","Fusobacteriia","Fusobacteriales","Fusobacteriaceae","Psychrilyobacter",NA,"Psychrilyobacter"
"sp198","3f082c6d17ac75205782259be1a552da","Bacteria","Desulfobacterota","Desulfobulbia","Desulfobulbales","Desulfocapsaceae",NA,NA,"Desulfocapsaceae"
"sp199","65bf8d673c8ec40417d7398922f2b931","Bacteria","Proteobacteria","Alphaproteobacteria","Rhodobacterales","Rhodobacteraceae",NA,NA,"Rhodobacteraceae"
"sp200","987aa854a462623ff91dafdbdd4a71f8","Bacteria","Proteobacteria","Gammaproteobacteria","Gammaproteobacteria incertae sedis",NA,NA,NA,"Gammaproteobacteria_Incertae_Sedis"
"sp201","429a55f78ccb16b00498991f42bbdc3f","Archaea","Thermoplasmatota","Thermoplasmata",NA,NA,NA,NA,"Marine_Group_II"
"sp202","bf71722e93965303ca4f71e11586933e","Bacteria","Bacteroidota","Bacteroidia","Flavobacteriales","Flavobacteriaceae","Formosa",NA,"Formosa"
"sp203","5ff15c00de59af3e589e250584f41900","Bacteria","Proteobacteria","Gammaproteobacteria","Pseudomonadales","Nitrincolaceae",NA,NA,"Nitrincolaceae"
"sp204","b1dc9b25aded3c8462ceb8ba597b3685","Bacteria","Proteobacteria","Alphaproteobacteria","Rhodobacterales","Rhodobacteraceae",NA,NA,"Roseobacter_clade_NAC11-7_lineage"
"sp205","8b99520d3b57f12fca60330840bdfcbb","Bacteria","Myxococcota","Polyangia","Polyangiales","Sandaracinaceae",NA,NA,"Sandaracinaceae"
"sp206","f365ba68ccc478c5569d6d2591d8919a","Bacteria","Bacteroidota","Bacteroidia","Flavobacteriales",NA,NA,NA,"NS9_marine_group"
"sp207","3a7fae40455444bed511017b090fdcb1","Bacteria","Proteobacteria","Alphaproteobacteria","Rhodobacterales","Rhodobacteraceae","Aestuariicoccus",NA,"Aestuariicoccus"
"sp208","c3760e29327788833bc497e480b72efa","Bacteria","Proteobacteria","Gammaproteobacteria","Tenderiales","Tenderiaceae","Candidatus tenderia",NA,"Candidatus_Tenderia"
"sp209","3b4740993da5df7909acdd8d1b666d56","Bacteria","Proteobacteria","Gammaproteobacteria","Pseudomonadales",NA,NA,NA,"SAR86_clade"
"sp210","1e9c2e52c186ce9afe52598bf2f4a20f","Bacteria","Bacteroidota","Bacteroidia","Flavobacteriales","Flavobacteriaceae",NA,NA,"NS5_marine_group"
"sp211","37f13183cddf656689c8b30316c7499f","Bacteria","Bacteroidota","Bacteroidia","Flavobacteriales",NA,NA,NA,"NS9_marine_group"
"sp212","caf5d51f47da348a781c0b96bffe1510","Bacteria","Desulfobacterota","Desulfobacteria","Desulfobacterales","Desulfobacteraceae","Desulfoconvexum",NA,"Desulfoconvexum"
"sp213","baf79136a4e39c00d5ec6799d454e10a","Bacteria","Proteobacteria","Alphaproteobacteria","Rhodospirillales","Rhodospirillaceae",NA,NA,"Rhodospirillaceae"
"sp214","1d0732ed12485871c9174b1c06cc073b","Bacteria","Bacteroidota","Bacteroidia","Flavobacteriales","Cryomorphaceae","Vicingus",NA,"Vicingus"
"sp215","0677ed154a3cc8492c64f657e73a5aab","Bacteria","Proteobacteria","Gammaproteobacteria","Pseudomonadales","Halieaceae",NA,NA,"Halieaceae"
"sp216","8f04ac0811e33f4479c1066e921cc5e3","Bacteria","Bacteroidota","Bacteroidia","Flavobacteriales",NA,NA,NA,"NS9_marine_group"
"sp217","2f169f24414a9f434b34824960481046","Bacteria","Proteobacteria","Alphaproteobacteria","Rhodospirillales",NA,NA,NA,"AEGEAN-169_marine_group"
"sp218","e0f1d6753b3a9a33b35c41dd9493b6eb","Bacteria","Proteobacteria","Gammaproteobacteria","Pseudomonadales","Spongiibacteraceae",NA,NA,"BD1-7_clade"
"sp219","8119654818a0ca69d096bd3271c7fc74","Bacteria","Proteobacteria","Alphaproteobacteria","Rhodobacterales","Rhodobacteraceae","Ascidiaceihabitans",NA,"Ascidiaceihabitans"
"sp220","fb3b2ba307fbd6cf75cae839ecc81567","Bacteria","Proteobacteria","Gammaproteobacteria","Pseudomonadales","Cellvibrionaceae","Umboniibacter",NA,"Umboniibacter"
"sp221","94f299ad45306aa423b061f684df3b1e","Bacteria","Proteobacteria","Gammaproteobacteria","Burkholderiales","Comamonadaceae",NA,NA,"Comamonadaceae"
"sp222","1aef62e018ca96e5618874da5eb94637","Bacteria",NA,NA,NA,NA,NA,NA,"Bacteria"
"sp223","39fd950f30a49658d0f9588582e03a52","Bacteria","Proteobacteria","Alphaproteobacteria","Defluviicoccales",NA,NA,NA,"Defluviicoccales"
"sp224","5de6fbd9e1ec40a40ece79c858278fbd","Bacteria","Proteobacteria","Gammaproteobacteria","Pseudomonadales","Pseudomonadaceae","Pseudomonas",NA,"Pseudomonas"
"sp225","553c2052d3a0d76ab7744da4b2b90b8d","Bacteria","Proteobacteria","Gammaproteobacteria","Thiotrichales","Thiotrichaceae",NA,NA,"Thiotrichaceae"
"sp226","c7fcfaec4f48b44649618547e43e141c","Bacteria","Proteobacteria","Alphaproteobacteria",NA,NA,NA,NA,"Clade_I"
"sp227","bc0055d9333115826eeea7443b286b43","Bacteria","Proteobacteria","Alphaproteobacteria","Rhodospirillales","Magnetospiraceae",NA,NA,"Magnetospiraceae"
"sp228","aa96d1b0225db4bf796ccf83d316a343","Bacteria","Proteobacteria","Alphaproteobacteria","Rhodobacterales","Rhodobacteraceae",NA,NA,"Rhodobacteraceae"
"sp229","5d0e15d44bca3b35fd3dbc239f78f381","Bacteria","Bacteroidota","Bacteroidia","Flavobacteriales",NA,NA,NA,"NS9_marine_group"
"sp230","0a2273b3151b9818b4ccd955b358084d","Bacteria","Bacteroidota","Bacteroidia","Flavobacteriales",NA,NA,NA,"NS7_marine_group"
"sp231","525a9a2c8b8b3e7b24b03fa272140ab9","Bacteria","Bacteroidota","Bacteroidia","Flavobacteriales",NA,NA,NA,"NS9_marine_group"
"sp232","811fc4ab5891a6e4ae4e69a9486c0321","Archaea","Thermoplasmatota","Thermoplasmata",NA,NA,NA,NA,"Marine_Group_II"
"sp233","c48c0d056af21c58fcddf7ad808d4753","Bacteria","Bdellovibrionota","Bdellovibrionia","Bacteriovoracales","Bacteriovoracaceae","Peredibacter",NA,"Peredibacter"
"sp234","dad4ffb704b56835de7e19e793b5abf2","Bacteria","Actinobacteriota","Actinobacteria","Frankiales","Sporichthyaceae",NA,NA,"hgcI_clade"
"sp235","27a99da9d136b29e38665aec65d3e4e3","Bacteria","Proteobacteria","Gammaproteobacteria","Pseudomonadales",NA,NA,NA,"SAR86_clade"
"sp236","77e6cdbd3392f6455e7238b689668b76","Bacteria","Proteobacteria","Alphaproteobacteria","Defluviicoccales",NA,NA,NA,"Defluviicoccales"
"sp237","f50170fe38c27d11531f73edb272a59e","Bacteria","Proteobacteria","Gammaproteobacteria","Thiomicrospirales","Thiomicrospiraceae","Thiomicrorhabdus","Thiomicrospira sp.","Thiomicrospira_sp."
"sp238","0c394b4e6d3845164535fb31bc1fc9d8","Bacteria","Proteobacteria","Gammaproteobacteria","Burkholderiales","Comamonadaceae",NA,NA,"Comamonadaceae"
"sp239","c7939819b704b910beb4f2a53a4f6b3a","Bacteria","Proteobacteria","Gammaproteobacteria",NA,NA,NA,NA,"Milano-WF1B-44"
"sp240","67a946494a3b0fd2310b69b2b16614eb","Bacteria","Bdellovibrionota","Bdellovibrionia","Bacteriovoracales","Bacteriovoracaceae",NA,NA,"Bacteriovoracaceae"
"sp241","87e7f483c5eceaeb9e81b86394989fed","Bacteria","Proteobacteria","Gammaproteobacteria","Pseudomonadales","Porticoccaceae","Porticoccus",NA,"Porticoccus"
"sp242","d1e5a8e197ce962010a6db0e8b4159d4","Bacteria","Proteobacteria","Alphaproteobacteria","Rhodobacterales","Rhodobacteraceae",NA,NA,"Rhodobacteraceae"
"sp243","c7c0d82ee7e8b09d746a1f2f411254e3","Bacteria","Proteobacteria","Alphaproteobacteria",NA,NA,NA,NA,"Clade_II"
"sp244","72cb6e3977cd5772181b9a600cd5c96a","Bacteria","Proteobacteria","Gammaproteobacteria",NA,NA,NA,NA,"B2M28"
"sp245","b61544776025d792f9fa7c400de65e73","Bacteria","Bdellovibrionota","Bdellovibrionia","Bdellovibrionales","Bdellovibrionaceae",NA,NA,"OM27_clade"
"sp246","37e9ced93d3240e0f53e277b3c7978eb","Bacteria","Proteobacteria","Gammaproteobacteria","Enterobacterales","Vibrionaceae","Vibrio",NA,"Vibrio"
"sp247","43cd114332bef129b3b1268ec9a6239d","Bacteria","Myxococcota","Polyangia",NA,NA,NA,NA,"Blfdi19"
"sp248","8fefb48bb870b6088aa596b31fbca02e","Bacteria","Bacteroidota","Bacteroidia","Flavobacteriales","Flavobacteriaceae",NA,NA,"NS5_marine_group"
"sp249","ba7f4bc813d422809b701c0b8a0dd2f5","Archaea","Crenarchaeota","Nitrososphaeria","Nitrosopumilales","Nitrosopumilaceae","Candidatus nitrosopumilus",NA,"Candidatus_Nitrosopumilus"
"sp250","0ad4648dc65e151c19f7cc8822d33229","Bacteria","Verrucomicrobiota","Verrucomicrobiae","Opitutales","Puniceicoccaceae",NA,NA,"MB11C04_marine_group"
"sp251","744173dff624344fb4633e5e828eaa3d","Bacteria","Proteobacteria","Alphaproteobacteria","Rhodobacterales","Rhodobacteraceae",NA,NA,"Rhodobacteraceae"
"sp252","185052258ac9868227476d545f4cef5c","Bacteria","Bacteroidota","Bacteroidia","Flavobacteriales",NA,NA,NA,"NS9_marine_group"
"sp253","11bba70a2caff4eca8f3345183bebf71","Bacteria","Planctomycetota","Planctomycetes","Planctomycetales","Rubinisphaeraceae","Planctomicrobium",NA,"Planctomicrobium"
"sp254","22a5500d25b03ae1c35bb25f45e316c2","Bacteria","Actinobacteriota","Acidimicrobiia","Actinomarinales","Actinomarinaceae","Candidatus actinomarina",NA,"Candidatus_Actinomarina"
"sp255","40b7441374cfca5989d9edee3f858ec0","Bacteria","Verrucomicrobiota","Verrucomicrobiae","Verrucomicrobiales",NA,NA,NA,"DEV007"
"sp256","231cfaab682bc7c20d06f78de6755e2f","Bacteria","Desulfobacterota","Desulfuromonadia",NA,NA,NA,NA,"PB19"
"sp257","dc3e55aedd54f306c1b801ee86adac1d","Bacteria","Proteobacteria","Gammaproteobacteria","Coxiellales","Coxiellaceae","Coxiella",NA,"Coxiella"
"sp258","60123baacf5ba45e0613d39c47eae364","Bacteria","Proteobacteria","Alphaproteobacteria","Rhodobacterales","Rhodobacteraceae","Litorimicrobium",NA,"Litorimicrobium"
"sp259","e0fc6284f61032cfda428416bdff5213","Bacteria","Proteobacteria","Alphaproteobacteria","Rhodospirillales","Magnetospiraceae",NA,NA,"Magnetospiraceae"
"sp260","471f7213403bf620d5968b4f26c3fbae","Bacteria","Verrucomicrobiota","Verrucomicrobiae","Pedosphaerales","Pedosphaeraceae",NA,"Verrucomicrobia bacterium","Verrucomicrobia_bacterium"
"sp261","5167f2966ea2456a92a4093fdc52c978","Bacteria","Proteobacteria","Alphaproteobacteria","Rhodobacterales","Rhodobacteraceae","Amylibacter",NA,"Amylibacter"
"sp262","77339b680aaf3567b09e8c8d078986d5","Bacteria","Proteobacteria","Gammaproteobacteria",NA,NA,NA,NA,"HOC36"
"sp263","090b319d19b66a59e55d26483af85221","Bacteria","Proteobacteria","Alphaproteobacteria","Rhodospirillales","Magnetospiraceae",NA,NA,"Magnetospiraceae"
"sp264","ec35659778e2c1821f6576f9f0ee107d","Bacteria","Proteobacteria","Gammaproteobacteria","Steroidobacterales","Woeseiaceae","Woeseia",NA,"Woeseia"
"sp265","c6d59cc8a6434db83cf61cb256a17017","Bacteria","Bacteroidota","Bacteroidia","Flavobacteriales","Cryomorphaceae",NA,NA,"NS10_marine_group"
"sp266","3dc9c1f442ce44ecba509dda3a5c41ed","Bacteria","Proteobacteria","Gammaproteobacteria","Pseudomonadales","Alcanivoracaceae","Alcanivorax",NA,"Alcanivorax"
"sp267","2cabfa347d3a9922a7843836b877deda","Bacteria","Proteobacteria","Gammaproteobacteria","Burkholderiales","Methylophilaceae","Methylotenera",NA,"Methylotenera"
"sp268","cbbfdf9670a043aa5443097a04b99985","Bacteria","Cyanobacteria","Cyanobacteriia","Cyanobacteriales","Microcystaceae",NA,NA,"Atelocyanobacterium_(UCYN-A)"
"sp269","a40dff917621f7ff5c0dd6859484c7ef","Bacteria","Bdellovibrionota","Bdellovibrionia","Bdellovibrionales","Bdellovibrionaceae",NA,NA,"OM27_clade"
"sp270","9f1f5fc31c2512c4478d11ab986f07b3","Bacteria","Bacteroidota","Bacteroidia","Flavobacteriales","Flavobacteriaceae","Polaribacter",NA,"Polaribacter"
"sp271","27b072091ca75c62e9baf8971020f064","Bacteria","Firmicutes","Negativicutes","Veillonellales selenomonadales","Veillonellaceae","Megasphaera",NA,"Megasphaera"
"sp272","b18fc8045df1dc3c0712d7963858fc27","Bacteria","Proteobacteria","Gammaproteobacteria","Ectothiorhodospirales","Ectothiorhodospiraceae",NA,NA,"Ectothiorhodospiraceae"
"sp273","33a3e4cd3dbd0d95dae49bf3da44c1dc","Bacteria",NA,NA,NA,NA,NA,NA,"SAR324_clade(Marine_group_B)"
"sp274","47c80899c5d3af84b48b23d25521bea6","Bacteria","Bacteroidota","Bacteroidia","Chitinophagales","Saprospiraceae",NA,NA,"Saprospiraceae"
"sp275","8068c07541ab0decce85713e98d7f2d8","Bacteria","Bacteroidota","Bacteroidia","Flavobacteriales","Flavobacteriaceae",NA,NA,"NS5_marine_group"
"sp276","32ca60384429f0fa8d013a2ba24b53a3","Bacteria","Proteobacteria","Gammaproteobacteria","Burkholderiales","Burkholderiaceae","Polynucleobacter",NA,"Polynucleobacter"
"sp277","a3ad9f33d1761ffd5bf96f1c9c591216","Bacteria","Proteobacteria","Alphaproteobacteria","Defluviicoccales",NA,NA,NA,"Defluviicoccales"
"sp278","af4ee74b1241d8815d0f280e1e0c39c0","Bacteria","Proteobacteria","Gammaproteobacteria","Thiomicrospirales","Thiomicrospiraceae","Thiomicrorhabdus",NA,"Thiomicrorhabdus"
"sp279","da89816efaeaee7b21e494408f3f28fa","Bacteria","Proteobacteria","Alphaproteobacteria","Puniceispirillales",NA,NA,NA,"alpha_proteobacterium"
"sp280","7df9041ca1f48f3de8a797b51aa1132c","Bacteria","Campylobacterota","Campylobacteria","Campylobacterales","Sulfurovaceae","Sulfurovum",NA,"Sulfurovum"
"sp281","4831699d65c8419b5ace272aeb7315c0","Bacteria","Bacteroidota","Bacteroidia","Flavobacteriales","Cryomorphaceae",NA,NA,"Cryomorphaceae"
"sp282","f951dcdd0a0da259439633bf6dcf68af","Bacteria","Proteobacteria","Alphaproteobacteria","Caulobacterales","Hyphomonadaceae","Maricaulis",NA,"Maricaulis"
"sp283","5fed72a595b629399982d354487c1a1a","Bacteria","Bacteroidota","Bacteroidia","Flavobacteriales","Flavobacteriaceae","Polaribacter",NA,"Polaribacter"
"sp284","ba10129ba9ed73e063e6de48345ae68d","Bacteria","Bacteroidota","Bacteroidia","Bacteroidales",NA,NA,NA,"Bacteroidetes_BD2-2"
"sp285","b1c50fe032a838d5fbb142de9046ac41","Bacteria","Proteobacteria","Alphaproteobacteria","Puniceispirillales",NA,NA,NA,"SAR116_clade"
"sp286","6e6cf845625c577d4717241c73249ae0","Bacteria","Proteobacteria","Gammaproteobacteria","Gammaproteobacteria incertae sedis",NA,NA,NA,"Gammaproteobacteria_Incertae_Sedis"
"sp287","79e83765be38cf0c75f8ad27067b5c18","Bacteria","Campylobacterota","Campylobacteria","Campylobacterales","Arcobacteraceae","Arcobacter",NA,"Arcobacter"
"sp288","a0c14a7a9f9a151093e83aed1673f63c","Bacteria","Bacteroidota","Bacteroidia","Flavobacteriales",NA,NA,NA,"NS9_marine_group"
"sp289","e43bb93761309760cdab684efd92fa82","Bacteria","Bacteroidota","Bacteroidia","Flavobacteriales",NA,NA,NA,"NS9_marine_group"
"sp290","b3527a0e9aab9ad96b50be90fea8c0be","Bacteria","Proteobacteria","Gammaproteobacteria","Pseudomonadales","Litoricolaceae","Litoricola",NA,"Litoricola"
"sp291","fb9ce07f025bb82cfe2053c56c8a7358","Bacteria","Bacteroidota","Bacteroidia","Flavobacteriales","Flavobacteriaceae",NA,NA,"NS5_marine_group"
"sp292","c26a127d07bf6d400ec9ab37ef4ba047","Bacteria","Bacteroidota","Bacteroidia","Flavobacteriales","Flavobacteriaceae",NA,NA,"NS5_marine_group"
"sp293","4c1122dc74664bfc7b118523dd6a5c14","Bacteria","Proteobacteria","Gammaproteobacteria","Pseudomonadales","Thioglobaceae",NA,NA,"SUP05_cluster"
"sp294","0834133919641175cae8d292dd569410","Bacteria","Bacteroidota","Bacteroidia","Flavobacteriales","Flavobacteriaceae","Flavobacterium",NA,"Flavobacterium"
"sp295","98b33260977b1d0df4bbbcdf5c2d9ae3","Bacteria","Bacteroidota","Bacteroidia","Flavobacteriales",NA,NA,NA,"NS7_marine_group"
"sp296","28b1305719f379649423938a134db090","Bacteria","Cyanobacteria","Cyanobacteriia","Synechococcales","Cyanobiaceae",NA,NA,"Synechococcus_CC9902"
"sp297","35ef0b64f602d7e4d297106d66829c94","Bacteria","Proteobacteria","Gammaproteobacteria","Pseudomonadales","Nitrincolaceae","Neptunomonas","Neptunomonas concharum","Neptunomonas_concharum"
"sp298","95922967d9979ae15e1a45a7616705b1","Bacteria","Cyanobacteria","Cyanobacteriia","Synechococcales","Cyanobiaceae",NA,NA,"Synechococcus_CC9902"
"sp299","f21770f200eaf25a123f0c8a266f11df","Bacteria","Proteobacteria","Alphaproteobacteria","Parvibaculales",NA,NA,NA,"OCS116_clade"
"sp300","a2df253852ad5778ead1e2611c17e9f3","Bacteria","Bacteroidota","Bacteroidia","Flavobacteriales","Flavobacteriaceae","Flavicella",NA,"Flavicella"
"sp301","e458d831c120916deae119c67c91cbba","Bacteria","Bacteroidota","Bacteroidia","Flavobacteriales","Flavobacteriaceae","Formosa",NA,"Formosa"
"sp302","a82e627baaa2b39307966062569e7562","Bacteria","Proteobacteria","Gammaproteobacteria","Burkholderiales","Methylophilaceae",NA,NA,"OM43_clade"
"sp303","6af0612e99495504772aa8ca99660987","Bacteria","Bacteroidota","Bacteroidia","Flavobacteriales","Flavobacteriaceae","Lutibacter",NA,"Lutibacter"
"sp304","e4cf4dee77f432e234b221f10f81a532","Bacteria","Proteobacteria","Gammaproteobacteria","Pseudomonadales","Porticoccaceae",NA,NA,"SAR92_clade"
"sp305","3d32476ab76c5cadf929f741034b9624","Bacteria","Proteobacteria","Gammaproteobacteria","Xanthomonadales","Xanthomonadaceae","Stenotrophomonas",NA,"Stenotrophomonas"
"sp306","7c93e55d31dbccefcc24f28eabae4b9a","Bacteria","Proteobacteria","Gammaproteobacteria","Enterobacterales","Vibrionaceae","Vibrio",NA,"Vibrio"
"sp307","7dc6d95263d446e50d34953febbe2307","Bacteria",NA,NA,NA,NA,NA,NA,"Marinimicrobia_(SAR406_clade)"
"sp308","78bd2cfdc9b698849782f8ee9d4d233d","Bacteria","Proteobacteria","Gammaproteobacteria","Francisellales","Francisellaceae","Francisella",NA,"Francisella"
"sp309","28feed490607dfdd8d07801149302b37","Bacteria","Campylobacterota","Campylobacteria","Campylobacterales","Sulfurimonadaceae","Sulfurimonas",NA,"Sulfurimonas"
"sp310","10d457e50e067ff8f8eae05ba91a865b","Bacteria","Proteobacteria","Gammaproteobacteria","Enterobacterales","Alteromonadaceae","Glaciecola",NA,"Glaciecola"
"sp311","d16b0cd47a9f00cfa15e4c47aea338ae","Bacteria","Nitrospinota","Nitrospinia","Nitrospinales","Nitrospinaceae","Nitrospina",NA,"Nitrospina"
"sp312","74458ca91c71a3d8d62f07d755fb8cf9","Bacteria","Proteobacteria","Alphaproteobacteria","Rhodobacterales","Rhodobacteraceae",NA,NA,"Rhodobacteraceae"
"sp313","39ff2e06a49ee8d3b9c872989e128914","Bacteria","Desulfobacterota","Desulfuromonadia",NA,NA,NA,NA,"PB19"
"sp314","7b1943536c5e9836e9724211b8cd5520","Bacteria","Proteobacteria","Gammaproteobacteria","Pseudomonadales","Halieaceae","Halioglobus",NA,"Halioglobus"
"sp315","9e69450169083214dd84d3e639c64310","Bacteria","Bacteroidota","Bacteroidia",NA,NA,NA,NA,"Bacteroidia"
"sp316","d3f651cb511dfeea11b127a8d5ac781e","Bacteria","Bacteroidota","Bacteroidia","Flavobacteriales","Crocinitomicaceae","Crocinitomix",NA,"Crocinitomix"
"sp317","40a82e3dc9d9973f01a0289f03a2e6b6","Bacteria","Proteobacteria","Alphaproteobacteria","Defluviicoccales",NA,NA,NA,"Defluviicoccales"
"sp318","a6d1cb4524efc57ec8ec79d35e40d600","Bacteria","Bdellovibrionota","Bdellovibrionia","Bdellovibrionales","Bdellovibrionaceae",NA,NA,"OM27_clade"
"sp319","226ad33e2583cecf67fa0860516aa987","Bacteria","Verrucomicrobiota","Verrucomicrobiae","Opitutales","Puniceicoccaceae",NA,NA,"MB11C04_marine_group"
"sp320","447037b766f15c6e02f7915e8038ba31","Bacteria","Bacteroidota","Bacteroidia","Bacteroidales","Marinifilaceae","Marinifilum",NA,"Marinifilum"
"sp321","509c9b8a17fc6064888d23f7f5cf1fef","Bacteria","Proteobacteria","Alphaproteobacteria","Rhodobacterales","Rhodobacteraceae",NA,NA,"Rhodobacteraceae"
"sp322","f847a8fdea09cad2480ed80b6b36e641","Bacteria","Bacteroidota","Bacteroidia","Flavobacteriales","Flavobacteriaceae",NA,NA,"NS4_marine_group"
"sp323","f19be33c7941a31fff8f7783c89812ea","Bacteria","Proteobacteria","Gammaproteobacteria","Pseudomonadales",NA,NA,NA,"SAR86_clade"
"sp324","a5a818a275eee1236545c450f1f440de","Bacteria",NA,NA,NA,NA,NA,NA,"Marinimicrobia_(SAR406_clade)"
"sp325","a28fd1ffd6113c2138bfa6f681613f01","Bacteria","Proteobacteria","Alphaproteobacteria","Rhodobacterales","Rhodobacteraceae","Planktomarina",NA,"Planktomarina"
"sp326","20d79da051b26ef67e0e294013eedf6f","Bacteria","Verrucomicrobiota","Omnitrophia","Omnitrophales","Omnitrophaceae","Candidatus omnitrophus",NA,"Candidatus_Omnitrophus"
"sp327","2b93eb2b2a5143a5ded569b019862b00","Bacteria","Bacteroidota","Bacteroidia","Flavobacteriales",NA,NA,NA,"NS9_marine_group"
"sp328","078f2dce352f4e8726ee1091af82752f","Bacteria","Proteobacteria","Alphaproteobacteria",NA,NA,NA,NA,"Alphaproteobacteria"
"sp329","60ade6630af160a7fe738bae8685c408","Bacteria","Proteobacteria","Gammaproteobacteria","Enterobacterales","Vibrionaceae","Vibrio",NA,"Vibrio"
"sp330","1ee50c35b976488f5174b3e80bcf15e1","Bacteria","Bacteroidota","Bacteroidia","Flavobacteriales","Flavobacteriaceae",NA,NA,"Flavobacteriaceae"
"sp331","0b9114cb34999d4debc8c369e61a073c","Bacteria","Bacteroidota","Bacteroidia","Flavobacteriales","Flavobacteriaceae",NA,NA,"NS5_marine_group"
"sp332","7fafa23a08d8e9b08d5db92b645ece77","Bacteria","Proteobacteria","Gammaproteobacteria","Burkholderiales","Burkholderiaceae","Polynucleobacter",NA,"Polynucleobacter"
"sp333","63492508c45cf1b198c85d85654ad2d9","Bacteria","Proteobacteria","Gammaproteobacteria","Pseudomonadales","Endozoicomonadaceae","Kistimonas",NA,"Kistimonas"
"sp334","52dc12f431927ec3e4615a0b11389892","Bacteria","Proteobacteria","Alphaproteobacteria","Rhodobacterales","Rhodobacteraceae",NA,NA,"Rhodobacteraceae"
"sp335","66ced4395fb7f6859bd057beee3ee4f2","Bacteria","Proteobacteria","Alphaproteobacteria","Rhodobacterales","Rhodobacteraceae","Octadecabacter",NA,"Octadecabacter"
"sp336","3515b99ed4c5a8ccd8ca76c15cc947c8","Archaea","Thermoplasmatota","Thermoplasmata",NA,NA,NA,NA,"Marine_Group_II"
"sp337","3a1cf26328bb4a35c5b729868731c7b8","Bacteria","Proteobacteria","Alphaproteobacteria","Rickettsiales","Rickettsiaceae","Candidatus megaira",NA,"Candidatus_Megaira"
"sp338","9c868d5c0208c6d62801f66aed772a83","Bacteria","Bacteroidota","Bacteroidia","Chitinophagales","Saprospiraceae",NA,NA,"Saprospiraceae"
"sp339","60fa93bc2b9dab995f942a5fd24faece","Bacteria","Bacteroidota","Bacteroidia","Flavobacteriales",NA,NA,NA,"NS9_marine_group"
"sp340","18ad4b264ca2d0aadb587b35c3aaca37","Bacteria","Bacteroidota","Bacteroidia","Flavobacteriales","Crocinitomicaceae","Fluviicola",NA,"Fluviicola"
"sp341","ecebb6ac405665bf286dd89a82ed4700","Bacteria","Proteobacteria","Alphaproteobacteria",NA,NA,NA,NA,"Clade_IV"
"sp342","1089604b6c0eca8b90b190394477436d","Bacteria","Campylobacterota","Campylobacteria","Campylobacterales","Sulfurovaceae","Sulfurovum",NA,"Sulfurovum"
"sp343","f80e4bdd59a29e8e2b4f62902095eb69","Bacteria","Bacteroidota","Bacteroidia","Flavobacteriales","Flavobacteriaceae",NA,NA,"NS4_marine_group"
"sp344","3cb5bf9a2d5b0120cc7d00d6a507432c","Bacteria","Desulfobacterota","Desulfuromonadia",NA,NA,NA,NA,"PB19"
"sp345","e9673381f992dbb5a5b454db2b5b1c84","Bacteria","Bacteroidota","Bacteroidia","Flavobacteriales","Crocinitomicaceae",NA,NA,"Crocinitomicaceae"
"sp346","a801133eb55fdf82bec2b870252d1ed8","Bacteria","Proteobacteria","Gammaproteobacteria","Tenderiales","Tenderiaceae","Candidatus tenderia",NA,"Candidatus_Tenderia"
"sp347","24658c549da2efb20db2fb15a0d05ab2","Bacteria","Proteobacteria","Gammaproteobacteria","Chromatiales","Sedimenticolaceae",NA,NA,"Sedimenticolaceae"
"sp348","f144b465df1a101fc79e0f842771ed8c","Bacteria",NA,NA,NA,NA,NA,NA,"Bacteria"
"sp349","38692e57f0b4c83185a1474acd4fe0f3","Bacteria","Proteobacteria","Alphaproteobacteria","Puniceispirillales",NA,NA,NA,"Puniceispirillales"
"sp350","39944a4ae0815185b53372bff057e495","Bacteria","Proteobacteria","Alphaproteobacteria","Sphingomonadales","Sphingomonadaceae","Novosphingobium",NA,"Novosphingobium"
"sp351","a2f2aafdddf05fcfee43b5f36b19a1b1","Bacteria","Proteobacteria","Alphaproteobacteria","Rhodospirillales",NA,NA,NA,"AEGEAN-169_marine_group"
"sp352","36a598bcb769927c1ce18aa79364eef8","Bacteria","Proteobacteria","Gammaproteobacteria","Francisellales","Francisellaceae",NA,NA,"Francisellaceae"
"sp353","29baed3e9a97c9093e1d4a410c3e7967","Bacteria","Planctomycetota","Planctomycetes","Planctomycetales","Gimesiaceae",NA,NA,"Gimesiaceae"
"sp354","a33a67a1051543d96e177caa7e01b360","Bacteria","Cyanobacteria","Cyanobacteriia","Synechococcales","Cyanobiaceae",NA,NA,"Cyanobium_PCC-6307"
"sp355","ee07f1dd95bab923e46488b0065adb4d","Bacteria","Proteobacteria","Gammaproteobacteria","Pseudomonadales","Litoricolaceae","Litoricola",NA,"Litoricola"
"sp356","528ca2b03f06de8bcdaccaa26cdf3689","Bacteria","Bacteroidota","Bacteroidia","Flavobacteriales","Cryomorphaceae",NA,NA,"Cryomorphaceae"
"sp357","191595b897a029ab2a1b46e156f297a8","Bacteria","Bacteroidota","Bacteroidia","Flavobacteriales","Flavobacteriaceae",NA,NA,"NS4_marine_group"
"sp358","d7fc428e47cff32b2a907b533734d8c3","Bacteria","Bacteroidota","Bacteroidia","Flavobacteriales","Flavobacteriaceae",NA,"Bacteroidetes bacterium","Bacteroidetes_bacterium"
"sp359","f56492945a87a264d58d1ab9b300f591","Bacteria","Proteobacteria","Gammaproteobacteria","Gammaproteobacteria incertae sedis",NA,NA,NA,"Gammaproteobacteria_Incertae_Sedis"
"sp360","46de0006edb3c7ae1ce5c7947ed035a9","Bacteria","Bacteroidota","Bacteroidia","Flavobacteriales",NA,NA,NA,"NS9_marine_group"
"sp361","2f4dc319fedcb2b6bb94f794ed6babf6","Bacteria","Proteobacteria","Gammaproteobacteria","Pseudomonadales","Endozoicomonadaceae","Endozoicomonas",NA,"Endozoicomonas"
"sp362","5a5556a8908bb2a77626caae42a4c644","Bacteria","Proteobacteria","Gammaproteobacteria",NA,NA,NA,NA,"UBA10353_marine_group"
"sp363","3188b1ef0775fe2905f1b6cf9dc081f5","Bacteria","Bdellovibrionota","Bdellovibrionia","Bdellovibrionales","Bdellovibrionaceae",NA,NA,"OM27_clade"
"sp364","5b2e645fd3a201363f8ab5709f36d64e","Bacteria","Bacteroidota","Bacteroidia","Flavobacteriales",NA,NA,NA,"NS9_marine_group"
"sp365","c52b4f6b5fcf6a1b3f02099019efab87","Bacteria","Actinobacteriota","Actinobacteria","Frankiales","Sporichthyaceae",NA,"Candidatus planktophila","Candidatus_Planktophila"
"sp366","9469bece17bd461bedbd7170cbcd26ff","Bacteria","Proteobacteria","Gammaproteobacteria","Pseudomonadales",NA,NA,NA,"Pseudomonadales"
"sp367","e13028ca5fadddbc509b1e609cbec37b","Bacteria","Proteobacteria","Gammaproteobacteria",NA,NA,NA,NA,"UBA10353_marine_group"
"sp368","0e818a032654ce8036cacc5a70332947","Bacteria","Verrucomicrobiota","Verrucomicrobiae",NA,NA,NA,NA,"Arctic97B-4_marine_group"
"sp369","b23d5118cecbcca22d5fda84d4b5e08b","Bacteria","Proteobacteria","Gammaproteobacteria","Pseudomonadales","Cellvibrionaceae","Umboniibacter",NA,"Umboniibacter"
"sp370","45331ce1b3f9a8c0b8c95e0948188462","Bacteria","Proteobacteria","Alphaproteobacteria",NA,NA,NA,NA,"Clade_II"
"sp371","2fa946275fa98ebc991b652f652e5aaa","Bacteria",NA,NA,NA,NA,NA,NA,"NB1-j"
"sp372","d448277ccb7ad6835395ae75bfc4ff0a","Bacteria","Proteobacteria","Gammaproteobacteria","Pseudomonadales","Thioglobaceae",NA,NA,"SUP05_cluster"
"sp373","308dfbe4aad3307dd83bd8d735a318f1","Bacteria","Proteobacteria","Alphaproteobacteria","Rhodobacterales","Rhodobacteraceae",NA,NA,"Rhodobacteraceae"
"sp374","3eeb43cc35e4caae08720c945de475f4","Bacteria","Bacteroidota","Bacteroidia","Bacteroidales","Prolixibacteraceae","Draconibacterium",NA,"Draconibacterium"
"sp375","a77cb38f899522165340d11e276ac031","Bacteria","Proteobacteria","Alphaproteobacteria","Rhodobacterales","Rhodobacteraceae","Roseibacterium","Roseibacterium sp.","Roseibacterium_sp."
"sp376","3fbf949b2df4e6efe0e13bad1023a796","Bacteria","Bacteroidota","Bacteroidia","Flavobacteriales","Cryomorphaceae",NA,NA,"Cryomorphaceae"
"sp377","a41bd412623b888fafaa4b24cada8df8","Bacteria","Proteobacteria","Alphaproteobacteria","Rhodospirillales","Magnetospiraceae",NA,NA,"Magnetospiraceae"
"sp378","d0fa72bfbea511b70770b5a173bb235e","Bacteria","Proteobacteria","Gammaproteobacteria","Enterobacterales","Enterobacteriaceae","Escherichia shigella",NA,"Escherichia-Shigella"
"sp379","58c674c3fb1452b5bea3ebb67c6fa355","Bacteria","Proteobacteria","Gammaproteobacteria","Burkholderiales","Burkholderiaceae","Polynucleobacter",NA,"Polynucleobacter"
"sp380","7130a9826f31bcab103d92f85c1ecae5","Bacteria","Desulfobacterota","Desulfuromonadia","Desulfuromonadales",NA,NA,NA,"Sva1033"
"sp381","9df499977e10512708b9e83e0ab8844e","Bacteria","Bacteroidota","Bacteroidia","Bacteroidales","Marinifilaceae",NA,NA,"Marinifilaceae"
"sp382","7d86dbe78fcc0b0d312f0400215dc2e5","Bacteria","Bacteroidota","Bacteroidia","Flavobacteriales","Flavobacteriaceae","Lutibacter",NA,"Lutibacter"
"sp383","ce20dcfc43694b4068273005c249a1c7","Bacteria","Proteobacteria","Alphaproteobacteria","Rhizobiales","Beijerinckiaceae","Methylobacterium methylorubrum",NA,"Methylobacterium-Methylorubrum"
"sp384","1084c79f37a961972f2213c2aee06239","Bacteria","Proteobacteria","Alphaproteobacteria",NA,NA,NA,NA,"Clade_II"
"sp385","f85c282e95646c6cf8393911f76cba46","Bacteria","Bacteroidota","Bacteroidia","Flavobacteriales","Flavobacteriaceae",NA,NA,"NS5_marine_group"
"sp386","53bd8de15aaa81bd8a6d994659019079","Bacteria","Proteobacteria","Gammaproteobacteria","Enterobacterales","Pseudoalteromonadaceae","Pseudoalteromonas","Pseudoalteromonas tunicata","Pseudoalteromonas_tunicata"
"sp387","fa2e3af1a1869ab615b9f7d90810d398","Bacteria","Campylobacterota","Campylobacteria","Campylobacterales","Sulfurimonadaceae","Sulfurimonas",NA,"Sulfurimonas"
"sp388","ae75f6f3488b7b6cebcccab9e9ad01e3","Bacteria","Bacteroidota","Bacteroidia","Flavobacteriales","Flavobacteriaceae","Flavicella",NA,"Flavicella"
"sp389","92c775c4c0557a671b5b3f0ebf1d0fa8","Bacteria","Verrucomicrobiota","Verrucomicrobiae","Opitutales","Puniceicoccaceae","Pelagicoccus",NA,"Pelagicoccus"
"sp390","83b09c0923ba5c7a152ce0c69ff4d991","Bacteria","Bacteroidota","Bacteroidia","Flavobacteriales",NA,NA,NA,"NS9_marine_group"
"sp391","15e049c9dae97b7d72850456c92774a2","Bacteria","Fibrobacterota","Fibrobacteria","Fibrobacterales","Fibrobacteraceae",NA,NA,"Fibrobacteraceae"
"sp392","f3877af35eb0f7b45ac3fb58f925000e","Bacteria","Proteobacteria","Alphaproteobacteria","Thalassobaculales","Nisaeaceae",NA,NA,"OM75_clade"
"sp393","b14d56ec028fdb5103f0122f45ac45a8","Bacteria","Bacteroidota","Bacteroidia","Flavobacteriales",NA,NA,NA,"NS9_marine_group"
"sp394","24b6bdc66418e76813eea7dbc7adf527","Bacteria","Proteobacteria","Gammaproteobacteria","Gammaproteobacteria incertae sedis",NA,NA,NA,"Gammaproteobacteria_Incertae_Sedis"
"sp395","d62051635b25fb05b1d1507a174a407e","Bacteria","Verrucomicrobiota","Verrucomicrobiae",NA,NA,NA,NA,"Arctic97B-4_marine_group"
"sp396","f4e087faddc82a66fced6687746af374","Bacteria","Proteobacteria","Alphaproteobacteria","Parvibaculales",NA,NA,NA,"PS1_clade"
"sp397","7295d8061fff1c9b8abead5ebd78899a","Bacteria","Proteobacteria","Alphaproteobacteria","Rhodospirillales",NA,NA,NA,"AEGEAN-169_marine_group"
"sp398","387bf88b484e7d82d894de8ba7c5dc61","Bacteria","Proteobacteria","Gammaproteobacteria","Burkholderiales","Methylophilaceae",NA,"Methylophilales bacterium","Methylophilales_bacterium"
"sp399","7d0611486745ccfca78576a8769f93a4","Bacteria","Bacteroidota","Bacteroidia","Cytophagales","Cyclobacteriaceae","Algoriphagus",NA,"Algoriphagus"
"sp400","7b8ad74932100c1f7575a7b52ff92767","Bacteria","Proteobacteria","Gammaproteobacteria","Burkholderiales","Methylophilaceae",NA,NA,"OM43_clade"
"sp401","ff4453aedaef68091aeec6b4c1e14fbd","Bacteria","Bacteroidota","Bacteroidia","Flavobacteriales","Flavobacteriaceae","Polaribacter",NA,"Polaribacter"
"sp402","244f326322245e19d76b87d149c31fe4","Bacteria","Proteobacteria","Gammaproteobacteria","Pseudomonadales","Halieaceae","Halioglobus",NA,"Halioglobus"
"sp403","f2c0e3c51a12bf069ae73b84c398e070","Bacteria","Proteobacteria","Alphaproteobacteria","Rickettsiales","Rickettsiaceae","Candidatus megaira",NA,"Candidatus_Megaira"
"sp404","8209cc84cb4ae4c54fb649a95e108211","Bacteria","Actinobacteriota","Actinobacteria","Frankiales","Sporichthyaceae",NA,"Candidatus planktophila","Candidatus_Planktophila"
"sp405","00c68af20859b6a6065c1ec562dfb062","Bacteria","Proteobacteria","Alphaproteobacteria","Rhodobacterales","Rhodobacteraceae",NA,NA,"Rhodobacteraceae"
"sp406","c9e267c68b9f69f6a4194f8dd358b463","Bacteria","Bacteroidota","Bacteroidia","Flavobacteriales","Flavobacteriaceae",NA,NA,"NS4_marine_group"
"sp407","08e5a044c8bb2c619195cb764c063aaa","Bacteria","Proteobacteria","Alphaproteobacteria","Thalassobaculales","Nisaeaceae",NA,NA,"OM75_clade"
"sp408","c56c401c6154394812a05ad54f76b649","Bacteria","Proteobacteria","Gammaproteobacteria",NA,NA,NA,NA,"Milano-WF1B-44"
"sp409","97d473a08f05963f66670b7d621328b0","Bacteria","Cyanobacteria","Cyanobacteriia","Synechococcales","Cyanobiaceae",NA,NA,"Synechococcus_CC9902"
"sp410","43f11866424b1404530e16a53a88d844","Bacteria","Bacteroidota","Bacteroidia","Sphingobacteriales",NA,NA,NA,"NS11-12_marine_group"
"sp411","dbbd7c94d5a16630d496690bff08d5b2","Bacteria","Bacteroidota","Bacteroidia","Flavobacteriales",NA,NA,NA,"NS9_marine_group"
"sp412","430f7995ad03693f921c30c3d794749c","Bacteria","Proteobacteria","Gammaproteobacteria",NA,NA,NA,NA,"Gammaproteobacteria"
"sp413","332982c6cf6e82ff2b2fd1de5bd0fd14","Bacteria","Verrucomicrobiota","Verrucomicrobiae","Verrucomicrobiales","Rubritaleaceae","Roseibacillus",NA,"Roseibacillus"
"sp414","a9a2610e520408b425fa3f62d6f21404","Bacteria","Proteobacteria","Gammaproteobacteria","Pseudomonadales",NA,NA,NA,"KI89A_clade"
"sp415","700cfd1637f895c7196cbe157dd3ab2c","Bacteria","Proteobacteria","Alphaproteobacteria",NA,NA,NA,NA,"Clade_II"
"sp416","fed6bde2a290e9741ba5fbeeb88f0279","Bacteria","Proteobacteria","Gammaproteobacteria","Pseudomonadales","Nitrincolaceae",NA,NA,"Nitrincolaceae"
"sp417","cc3da772691993891b5dc093dabe301f","Bacteria","Bacteroidota","Bacteroidia","Flavobacteriales","Cryomorphaceae",NA,NA,"Cryomorphaceae"
"sp418","df368b6b7b7f750e5e6f606266584b7b","Bacteria",NA,NA,NA,NA,NA,NA,"Marinimicrobia_(SAR406_clade)"
"sp419","2ab0d22151e6f072489acf425ef9dbb6","Bacteria","Verrucomicrobiota","Verrucomicrobiae","Verrucomicrobiales",NA,NA,NA,"DEV007"
"sp420","a17be013ac75e0d7b9aa33a64bfd3c19","Bacteria","Bacteroidota","Bacteroidia","Flavobacteriales","Flavobacteriaceae",NA,NA,"NS5_marine_group"
"sp421","fdd283ed8d9443c6e018b6064749e6cd","Bacteria","Bdellovibrionota","Bdellovibrionia","Bdellovibrionales","Bdellovibrionaceae",NA,NA,"OM27_clade"
"sp422","8e9d5e9064991561d911f4bf6257e65e","Bacteria","Bacteroidota","Bacteroidia","Flavobacteriales","Flavobacteriaceae",NA,NA,"Flavobacteriaceae"
"sp423","7f6c0c3d12c2623509acf2b7e2e852c7","Bacteria","Bacteroidota","Bacteroidia","Flavobacteriales","Crocinitomicaceae","Fluviicola",NA,"Fluviicola"
"sp424","5e5b6bf287bfedecbbc497ec6a68f971","Bacteria","Proteobacteria","Gammaproteobacteria","Enterobacterales","Vibrionaceae","Photobacterium",NA,"Photobacterium"
"sp425","595c662fc9af21b7a968cca9050a1732","Bacteria","Proteobacteria","Gammaproteobacteria","Pseudomonadales","Halieaceae",NA,NA,"OM60(NOR5)_clade"
"sp426","3563866cbe77d9fc5a58f64a70d1edd8","Bacteria","Proteobacteria","Gammaproteobacteria",NA,NA,NA,NA,"Gammaproteobacteria"
"sp427","64e9ce1c7991fea38d79ac53dea7e266","Bacteria","Proteobacteria","Alphaproteobacteria","Rickettsiales","Rickettsiaceae",NA,NA,"Rickettsiaceae"
"sp428","3c62c628d992307672ad72a9a7d429d5","Bacteria","Proteobacteria","Gammaproteobacteria","Coxiellales","Coxiellaceae","Coxiella",NA,"Coxiella"
"sp429","82b50de0603c2f82f2bf1337e373ada9","Bacteria","Proteobacteria","Gammaproteobacteria","Enterobacterales","Vibrionaceae","Vibrio",NA,"Vibrio"
"sp430","7f992dd210a0ec75e5c93df985e6e507","Bacteria","Proteobacteria","Alphaproteobacteria","Rickettsiales","Rickettsiaceae","Candidatus megaira",NA,"Candidatus_Megaira"
"sp431","1f1775b5b81eb962f326796fe09c2db2","Archaea","Crenarchaeota","Nitrososphaeria","Nitrosopumilales","Nitrosopumilaceae","Candidatus nitrosopelagicus",NA,"Candidatus_Nitrosopelagicus"
"sp432","4adee8b333c0c3be549112e1a7590a71","Bacteria","Bacteroidota","Bacteroidia","Flavobacteriales","Flavobacteriaceae",NA,NA,"NS4_marine_group"
"sp433","153fc830393f168221a7daa1603c35dd","Bacteria","Proteobacteria","Alphaproteobacteria",NA,NA,NA,NA,"Clade_Ia"
"sp434","040c0bf17667d8fbf2fcbb2ac5347bf4","Bacteria","Proteobacteria","Gammaproteobacteria","Coxiellales","Coxiellaceae","Coxiella",NA,"Coxiella"
"sp435","baed59bd0b5ce24215761041c2257b6c","Bacteria","Bacteroidota","Bacteroidia","Flavobacteriales","Flavobacteriaceae",NA,NA,"NS5_marine_group"
"sp436","6c7cd3915c4eb7f3cded66952daaa894","Bacteria","Bacteroidota","Bacteroidia","Flavobacteriales","Cryomorphaceae",NA,NA,"Cryomorphaceae"
"sp437","c45449c6ab9737201c16edd108ac311a","Archaea","Crenarchaeota","Nitrososphaeria","Nitrosopumilales","Nitrosopumilaceae","Candidatus nitrosopumilus",NA,"Candidatus_Nitrosopumilus"
"sp438","12b59ae1a7268282e69854717180c3bf","Bacteria","Proteobacteria","Alphaproteobacteria",NA,NA,NA,NA,"Clade_I"
"sp439","52911eb9468f0f2c7bcf796c4871cdf2","Bacteria","Bacteroidota","Bacteroidia","Flavobacteriales",NA,NA,NA,"NS9_marine_group"
"sp440","aee598272fc4e96b0df9ac61aad558fd","Bacteria","Bacteroidota","Bacteroidia","Flavobacteriales","Flavobacteriaceae",NA,NA,"Flavobacteriaceae"
"sp441","7a499b70ece2fd94065ebd2786aaa95b","Bacteria","Planctomycetota","Phycisphaerae","Phycisphaerales","Phycisphaeraceae",NA,NA,"CL500-3"
"sp442","b43291efe9b9e7b59d7495613d2bf61a","Bacteria","Bacteroidota","Bacteroidia","Flavobacteriales","Flavobacteriaceae",NA,NA,"Flavobacteriaceae"
"sp443","1ced6b6c29efb4e50c7bf4d262fa0109","Bacteria","Bacteroidota","Bacteroidia","Flavobacteriales",NA,NA,NA,"NS9_marine_group"
"sp444","140848bf345b1743afbe55d83633e9a3","Bacteria","Proteobacteria","Alphaproteobacteria","Rhodospirillales",NA,NA,NA,"AEGEAN-169_marine_group"
"sp445","60176142604abcf433152d2880cce647","Bacteria","Proteobacteria","Gammaproteobacteria","Enterobacterales","Colwelliaceae","Colwellia","Colwellia rossensis","Colwellia_rossensis"
"sp446","5cecb9ca6a0515a6c47038b79936e774","Bacteria","Proteobacteria","Alphaproteobacteria","Sphingomonadales","Sphingomonadaceae","Sphingorhabdus",NA,"Sphingorhabdus"
"sp447","973e67e6ef84f207f3d33f7c51506560","Bacteria","Bdellovibrionota","Bdellovibrionia","Bacteriovoracales","Bacteriovoracaceae",NA,NA,"Bacteriovoracaceae"
"sp448","01d1d111c2d40d8bc96704b95ed6a769","Bacteria",NA,NA,NA,NA,NA,NA,"Marinimicrobia_(SAR406_clade)"
"sp449","5a68a4553e1b7c22eb2b84d746ad030a","Bacteria","Verrucomicrobiota","Verrucomicrobiae","Opitutales","Puniceicoccaceae",NA,NA,"MB11C04_marine_group"
"sp450","34400afa24ca198c15b52318a0a84aa4","Bacteria","Bacteroidota","Bacteroidia","Chitinophagales",NA,NA,NA,"Chitinophagales"
"sp451","277d521917830d04bde58013f1b74c91","Bacteria","Proteobacteria","Alphaproteobacteria","Rhodobacterales","Rhodobacteraceae",NA,NA,"bacterium_RCC"
"sp452","6352fcb08d8118c3391b6994309b5b1f","Bacteria","Bacteroidota","Bacteroidia","Flavobacteriales","Cryomorphaceae",NA,NA,"Cryomorphaceae"
"sp453","214740e5ad5cd4fda20b41602914ead9","Bacteria","Proteobacteria","Gammaproteobacteria","Thiotrichales","Thiotrichaceae",NA,NA,"Thiotrichaceae"
"sp454","c4aef52a76dc4545691371295d3bd0b7","Bacteria","Proteobacteria","Alphaproteobacteria","Rhodospirillales",NA,NA,NA,"AEGEAN-169_marine_group"
"sp455","6e7368f03823d9270ca47ea1a60d6516","Bacteria","Bacteroidota","Bacteroidia","Flavobacteriales","Flavobacteriaceae","Formosa",NA,"Formosa"
"sp456","cdd671aaa22a671d4d757712cabcb12f","Bacteria","Proteobacteria","Alphaproteobacteria","Rhodobacterales","Rhodobacteraceae","Rhodobacteraceae",NA,"Rhodobacteraceae"
"sp457","e007aa8ad04b6455fd8783e2b856b2b5","Bacteria","Bacteroidota","Bacteroidia","Flavobacteriales","Cryomorphaceae",NA,NA,"Cryomorphaceae"
"sp458","9ff3e6b5e83904d726bc274f981cf578","Bacteria","Proteobacteria","Alphaproteobacteria","Rhodobacterales","Rhodobacteraceae","Ascidiaceihabitans",NA,"Ascidiaceihabitans"
"sp459","7f86af8f0dd823dded48f2ec2c7b66f7","Bacteria","Proteobacteria","Alphaproteobacteria","Puniceispirillales",NA,NA,NA,"SAR116_clade"
"sp460","3045a4753d57df40cbacab92e9d31f50","Bacteria","Verrucomicrobiota","Verrucomicrobiae","Opitutales","Puniceicoccaceae",NA,NA,"MB11C04_marine_group"
"sp461","9a77402e09c58688d89a00edea813371","Bacteria","Proteobacteria","Alphaproteobacteria","Rhodospirillales",NA,NA,NA,"AEGEAN-169_marine_group"
"sp462","cc6c9cd4470655dcff6169bcd6a41f39","Bacteria","Proteobacteria","Alphaproteobacteria","Puniceispirillales",NA,"Candidatus puniceispirillum",NA,"Candidatus_Puniceispirillum"
"sp463","10a6fae3a6546019917e1583e1f776fc","Bacteria","Desulfobacterota","Desulfobulbia","Desulfobulbales","Desulfobulbaceae",NA,NA,"Desulfobulbaceae"
"sp464","51443f7a8ddbd90f2451ab3ff3a506c5","Bacteria","Proteobacteria","Gammaproteobacteria","Burkholderiales","Burkholderiaceae","Polynucleobacter","Polynucleobacter cosmopolitanus","Polynucleobacter_cosmopolitanus"
"sp465","f3dc9a1e555cc1a810303e00ee6332f7","Bacteria","Proteobacteria","Gammaproteobacteria","Burkholderiales","Methylophilaceae",NA,NA,"OM43_clade"
"sp466","abbb8cb8a984e3b3b37c2424a98ef922","Bacteria","Bacteroidota","Bacteroidia","Flavobacteriales","Flavobacteriaceae","Aquibacter",NA,"Aquibacter"
"sp467","de4309ab7fe41c00aca608be804fbb8e","Bacteria","Proteobacteria","Gammaproteobacteria","Pseudomonadales",NA,NA,NA,"SAR86_clade"
"sp468","bdf2fdb61106458bc980bc3038b1d54a","Archaea","Thermoplasmatota","Thermoplasmata",NA,NA,NA,NA,"Marine_Group_II"
"sp469","38d7271f66427aee68ea6e2ec787a2ec","Bacteria","Bacteroidota","Bacteroidia",NA,NA,NA,NA,"Bacteroidetes_VC2.1_Bac22"
"sp470","d973301ca38b3503cde8867a63926c55","Bacteria","Proteobacteria","Alphaproteobacteria",NA,NA,NA,NA,"Clade_Ia"
"sp471","2b338bf9453c3c684be73eccc2aeda5a","Bacteria","Desulfobacterota","Desulfuromonadia",NA,NA,NA,NA,"PB19"
"sp472","6c8f73c563aa671f8647b5c99b51145f","Bacteria","Proteobacteria","Gammaproteobacteria",NA,NA,NA,NA,"Ga0077536"
"sp473","080a5d1d3b80b6a2b68e21a44320270c","Bacteria","Proteobacteria","Alphaproteobacteria","Rhodobacterales","Rhodobacteraceae",NA,NA,"Rhodobacteraceae"
"sp474","cc20329b7714ba7c719dbf1d652028e1","Bacteria","Proteobacteria","Alphaproteobacteria",NA,NA,NA,NA,"Clade_II"
"sp475","e82d30f3184848836f24042b1c98f92d","Bacteria","Bacteroidota","Bacteroidia","Flavobacteriales","Flavobacteriaceae","Flavobacterium",NA,"Flavobacterium"
"sp476","5b8d53b1bfd022f96a6d3b5b19ed7d76","Bacteria","Desulfobacterota","Desulfuromonadia",NA,NA,NA,NA,"PB19"
"sp477","85fac69d599b38137822fd38560e4767","Bacteria","Proteobacteria","Gammaproteobacteria","Pseudomonadales","Porticoccaceae",NA,NA,"SAR92_clade"
"sp478","0a4a1772af2596f11336ce73c6407828","Bacteria",NA,NA,NA,NA,NA,NA,"Bacteria"
"sp479","363036668aa3c2e382cc59978dd86843","Archaea","Crenarchaeota","Nitrososphaeria","Nitrosopumilales","Nitrosopumilaceae","Candidatus nitrosopumilus",NA,"Candidatus_Nitrosopumilus"
"sp480","6c8d4c0eaf01082eba4a7b271aac2a19","Bacteria","Proteobacteria","Gammaproteobacteria","Pseudomonadales","Cellvibrionaceae",NA,NA,"Cellvibrionaceae"
"sp481","b128616e419ae2c80df82cad2a860ed1","Bacteria","Bacteroidota","Bacteroidia","Flavobacteriales","Flavobacteriaceae",NA,NA,"NS4_marine_group"
"sp482","1ede632adbb3c210d0d413962b472d74","Bacteria","Gemmatimonadota",NA,NA,NA,NA,NA,"BD2-11_terrestrial_group"
"sp483","7481b37637ca102bb06c4c0af2f3ba31","Bacteria","Desulfobacterota",NA,NA,NA,NA,NA,"Desulfobacterota"
"sp484","cd9380c7b44ededda7eae84026f8b951","Bacteria","Proteobacteria","Alphaproteobacteria",NA,NA,NA,NA,"Clade_II"
"sp485","9643ae3255a72ebc7dc2c7f1500174bf","Bacteria","Bacteroidota","Rhodothermia","Balneolales","Balneolaceae","Balneola",NA,"Balneola"
"sp486","2f3fbc68cc002a1eaf6fb90109a5e25f","Bacteria","Chloroflexi","Dehalococcoidia",NA,NA,NA,NA,"SAR202_clade"
"sp487","bdc8386d06dffe20d71e582b2d88e623","Bacteria","Proteobacteria","Gammaproteobacteria","Pseudomonadales","Halieaceae",NA,NA,"OM60(NOR5)_clade"
"sp488","bf5c1986ccd3be62488f6fab68d9b4d2","Bacteria","Proteobacteria","Gammaproteobacteria","Burkholderiales","Alcaligenaceae","Verticiella",NA,"Verticiella"
"sp489","c64a560758adf60138a501ba77a6f0b6","Bacteria","Proteobacteria","Gammaproteobacteria","Coxiellales","Coxiellaceae","Coxiella",NA,"Coxiella"
"sp490","811c83571cf35fb77db49ba2a7c7327b","Bacteria","Proteobacteria","Gammaproteobacteria","Pseudomonadales","Halieaceae","Halioglobus",NA,"Halioglobus"
"sp491","99c785c8eb541bbec11ac67773c5db49","Bacteria","Bacteroidota","Bacteroidia","Flavobacteriales",NA,NA,NA,"NS9_marine_group"
"sp492","db364b65190fb8ba5f3c12d425a414c3","Bacteria","Proteobacteria","Alphaproteobacteria","Puniceispirillales",NA,NA,NA,"SAR116_clade"
"sp493","0d41441cfaaa7bc4f04d62e9092da7b6","Bacteria","Actinobacteriota","Acidimicrobiia","Microtrichales","Microtrichaceae",NA,NA,"Sva0996_marine_group"
"sp494","4d494cd2bdf74b8347d12ee17b62bb02","Bacteria","Bacteroidota","Bacteroidia","Flavobacteriales",NA,NA,NA,"NS9_marine_group"
"sp495","dd435ea4fd03b52e20b784f322ae1a59","Bacteria","Proteobacteria","Alphaproteobacteria","Rhodospirillales","Magnetospiraceae",NA,NA,"Magnetospiraceae"
"sp496","6c42aeeb73aae1457ff4843bf88d26c5","Bacteria","Proteobacteria","Gammaproteobacteria","Pseudomonadales","Moraxellaceae","Acinetobacter",NA,"Acinetobacter"
"sp497","0ca36673123cd299c11823bc2f8bd460","Bacteria","Proteobacteria","Alphaproteobacteria",NA,NA,NA,NA,"SAR11_clade"
"sp498","d87e50c83f784a60ca78484672b2b4f0","Bacteria","Bacteroidota","Bacteroidia","Cytophagales","Cyclobacteriaceae",NA,NA,"Cyclobacteriaceae"
"sp499","830a0c67d46f2feda120b4551f5524f8","Bacteria","Proteobacteria","Alphaproteobacteria","Rhodobacterales","Rhodobacteraceae",NA,NA,"Rhodobacteraceae"
"sp500","e1091e5bfa46f78aa9a841219f5139cb","Bacteria","Bacteroidota","Bacteroidia","Flavobacteriales","Flavobacteriaceae",NA,NA,"NS5_marine_group"
"sp501","c3280de99d28b8cfb32d5cc03157e47a","Bacteria","Proteobacteria","Alphaproteobacteria",NA,NA,NA,NA,"Alphaproteobacteria"
"sp502","6bfc742515d8832441f75fd9911c8cbf","Bacteria","Planctomycetota",NA,NA,NA,NA,NA,"OM190"
"sp503","0a2080461985bb5baea657e0347478e0","Bacteria","Myxococcota","Polyangia","Polyangiales","Sandaracinaceae",NA,NA,"Sandaracinaceae"
"sp504","28f03c3ffc0cf5091691f4a71f38ac0d","Bacteria","Verrucomicrobiota","Verrucomicrobiae","Chthoniobacterales","Terrimicrobiaceae","Terrimicrobium",NA,"Terrimicrobium"
"sp505","bffc6d53d65a7842190399381a626f81","Bacteria","Patescibacteria","Gracilibacteria",NA,NA,NA,NA,"JGI_0000069-P22"
"sp506","8864b079f5239cc09035fbd80440243d","Bacteria","Proteobacteria","Gammaproteobacteria","Gammaproteobacteria incertae sedis",NA,NA,NA,"Gammaproteobacteria_Incertae_Sedis"
"sp507","94be49c6bbfe4b93ce418d1b24181613","Bacteria","Proteobacteria","Alphaproteobacteria","Sphingomonadales","Sphingomonadaceae","Altererythrobacter",NA,"Altererythrobacter"
"sp508","650f1be4d8a3e2e661379f7cb00aae63","Bacteria","Bacteroidota","Bacteroidia","Flavobacteriales","Flavobacteriaceae",NA,NA,"NS5_marine_group"
"sp509","3ab9002de0218c63247ed04f4c528c20","Bacteria","Bacteroidota","Bacteroidia","Flavobacteriales","Flavobacteriaceae",NA,NA,"NS4_marine_group"
"sp510","e4d9f8bb22d7231da1393443c36923de","Bacteria","Proteobacteria","Gammaproteobacteria","Pseudomonadales","Nitrincolaceae","Marinobacterium",NA,"bacterium_WHC3-3"
"sp511","74f33b689bd97652d2277c85fbdaedcc","Bacteria","Bacteroidota","Bacteroidia","Flavobacteriales",NA,NA,NA,"NS7_marine_group"
"sp512","2635f6e3f3bee62c5b166ea36f347c87","Bacteria","Bacteroidota","Bacteroidia","Flavobacteriales","Cryomorphaceae","Vicingus","Vicingus serpentipes","Vicingus_serpentipes"
"sp513","0a99af09e928cbfd3ea04bfd58d926cf","Bacteria","Proteobacteria","Gammaproteobacteria","Pseudomonadales","Moraxellaceae","Acinetobacter",NA,"Acinetobacter"
"sp514","fffa90abd1c64b94a0ab93592e8e9561","Bacteria","Bacteroidota","Bacteroidia","Bacteroidales",NA,NA,NA,"Bacteroidetes_BD2-2"
"sp515","106f5ef839e043968e789c15c7d5ae4f","Bacteria","Proteobacteria","Gammaproteobacteria","Burkholderiales","Gallionellaceae",NA,NA,"Gallionellaceae"
"sp516","bad3e9e25ceba403b2030578d9ed8a22","Bacteria","Proteobacteria","Gammaproteobacteria","Pseudomonadales","Porticoccaceae",NA,NA,"SAR92_clade"
"sp517","24f2ad591d400e2d400e32d3590e4d16","Bacteria",NA,NA,NA,NA,NA,NA,"Bacteria"
"sp518","3ebc468c95b225b9474534f588305dff","Bacteria","Proteobacteria","Gammaproteobacteria","Pseudomonadales","Halieaceae",NA,NA,"OM60(NOR5)_clade"
"sp519","08c4285c3816ebb7cdf6ad8bb78bad2e","Bacteria","Bacteroidota","Bacteroidia","Flavobacteriales","Cryomorphaceae",NA,NA,"Cryomorphaceae"
"sp520","27a896a9e6317b6842c7014515a7f4e8","Bacteria","Proteobacteria","Alphaproteobacteria","Parvibaculales","Parvibaculaceae",NA,NA,"Parvibaculaceae"
"sp521","df418c5317fdf50705a5cfc66d12053e","Bacteria","Bacteroidota","Bacteroidia","Flavobacteriales",NA,NA,NA,"NS9_marine_group"
"sp522","fb20722a384610a8fe4ba43f3501a694","Bacteria","Proteobacteria","Gammaproteobacteria","Burkholderiales","Methylophilaceae",NA,NA,"OM43_clade"
"sp523","eed4ceb21c0205837e572c00dd439b66","Bacteria","Bacteroidota","Bacteroidia","Flavobacteriales","Flavobacteriaceae","Robiginitalea",NA,"Robiginitalea"
"sp524","26ef231049cda455e48396f5e76ad4fd","Bacteria","Verrucomicrobiota","Verrucomicrobiae","Opitutales","Opitutaceae","Cephaloticoccus",NA,"Cephaloticoccus"
"sp525","3545261756d8261cf4340a113f1464ed","Bacteria","Bacteroidota","Bacteroidia","Flavobacteriales","Cryomorphaceae",NA,NA,"Cryomorphaceae"
"sp526","e903a7cc5cd017efb62cfe1cf4f5dc2a","Bacteria","Proteobacteria","Alphaproteobacteria",NA,NA,NA,NA,"Clade_Ia"
"sp527","6828ec58e8aacd61a335b62528c718fb","Bacteria","Bacteroidota","Bacteroidia","Flavobacteriales","Flavobacteriaceae","Polaribacter",NA,"Polaribacter"
"sp528","8c1f28a6e9e564b5d030ca059715fb91","Bacteria","Planctomycetota",NA,NA,NA,NA,NA,"OM190"
"sp529","69264d7025a0029d95559320da02da84","Bacteria","Bacteroidota","Bacteroidia","Sphingobacteriales",NA,NA,NA,"NS11-12_marine_group"
"sp530","98e28dc70c9f5560d56c5aef59106efe","Bacteria","Bacteroidota","Bacteroidia","Flavobacteriales","Flavobacteriaceae",NA,NA,"NS3a_marine_group"
"sp531","25ae2988b524896cea82d2d98a21b9d6","Bacteria","Bacteroidota","Bacteroidia","Flavobacteriales","Flavobacteriaceae",NA,NA,"Flavobacteriaceae"
"sp532","dfbf22031b0a5f0156d75195a66826e0","Bacteria",NA,NA,NA,NA,NA,NA,"Bacteria"
"sp533","fe7f28adf8175b4ee82aaf65aeffd3a1","Bacteria","Proteobacteria","Alphaproteobacteria","Parvibaculales","Parvibaculaceae",NA,NA,"Parvibaculaceae"
"sp534","3a4e412ef4870d1ac553eecd6eeab2aa","Bacteria","Bacteroidota","Bacteroidia","Flavobacteriales","Cryomorphaceae",NA,NA,"Cryomorphaceae"
"sp535","a19777ee968d6444564f9ad8028e3066","Bacteria","Bdellovibrionota","Bdellovibrionia","Bdellovibrionales","Bdellovibrionaceae",NA,NA,"OM27_clade"
"sp536","63539551fb2eca2806f9c14cd5af1d23","Bacteria","Proteobacteria","Alphaproteobacteria","Rhodospirillales","Magnetospiraceae",NA,NA,"alpha_proteobacterium"
"sp537","e2dfefcd25ee861094466520108a0544","Bacteria","Cyanobacteria","Cyanobacteriia","Synechococcales","Cyanobiaceae",NA,NA,"Synechococcus_CC9902"
"sp538","834e009fda11032576f3621ab1487f00","Bacteria","Proteobacteria","Gammaproteobacteria","Pseudomonadales",NA,NA,NA,"OM182_clade"
"sp539","6e115bddf7baff839d89b6af64ebf93c","Bacteria","Desulfobacterota","Desulfobulbia","Desulfobulbales","Desulfocapsaceae",NA,NA,"[Desulfobacterium]_catecholicum_group"
"sp540","3d72ef1ae1f770f45a26def6fc5e78b3","Bacteria","Proteobacteria","Gammaproteobacteria","Burkholderiales","Comamonadaceae","Limnohabitans",NA,"Limnohabitans"
"sp541","264fdc41c37e262f3a4ad9a4bdc366ba","Bacteria","Proteobacteria","Gammaproteobacteria","Pseudomonadales","Halieaceae",NA,NA,"OM60(NOR5)_clade"
"sp542","955b455d9757444d3ec5cd116bbd5193","Bacteria","Actinobacteriota","Actinobacteria","Propionibacteriales","Propionibacteriaceae","Cutibacterium",NA,"Cutibacterium"
"sp543","aa26d6835174166716a2e1a11fa3b611","Bacteria","Desulfobacterota","Desulfobacteria","Desulfobacterales","Desulfosarcinaceae",NA,NA,"Sva0081_sediment_group"
"sp544","def1e308b3245f909021e09b198ec187","Bacteria","Bacteroidota","Bacteroidia","Flavobacteriales","Flavobacteriaceae",NA,NA,"NS5_marine_group"
"sp545","eee96a9057ad89dff77cc9fe3505c33b","Bacteria","Bacteroidota","Bacteroidia","Flavobacteriales","Flavobacteriaceae",NA,NA,"NS4_marine_group"
"sp546","1c0df60a9f280296b2f506c1260b326d","Bacteria","Proteobacteria","Gammaproteobacteria","Piscirickettsiales","Piscirickettsiaceae","Candidatus endoecteinascidia",NA,"Candidatus_Endoecteinascidia"
"sp547","83cbf5b2db44ebd6f81733ed7af50dd7","Bacteria","Proteobacteria","Alphaproteobacteria","Rhodobacterales","Rhodobacteraceae","Planktomarina",NA,"Planktomarina"
"sp548","3cc65d668b98005e386b4ecbf647c1d3","Bacteria","Nitrospinota","Nitrospinia","Nitrospinales","Nitrospinaceae",NA,NA,"LS-NOB"
"sp549","eec84e2d362e15e31480143a0d799f16","Bacteria","Proteobacteria","Alphaproteobacteria",NA,NA,NA,NA,"Clade_II"
"sp550","6a6f7bc85cd9750f4d2fda9b0bd987bf","Bacteria","Dadabacteria","Dadabacteriia","Dadabacteriales","Dadabacteriales","Dadabacteriales",NA,"Dadabacteriales"
"sp551","f24f2718d28d1544c0e131701378a743","Bacteria",NA,NA,NA,NA,NA,NA,"NB1-j"
"sp552","83280373f6fb3f036c21d9c2b609564b","Bacteria","Cyanobacteria","Cyanobacteriia","Synechococcales","Cyanobiaceae",NA,NA,"Synechococcus_CC9902"
"sp553","24972a4bbe07d4ce10c8ac14e3fd280e","Bacteria","Bacteroidota","Bacteroidia","Flavobacteriales","Crocinitomicaceae","Crocinitomix",NA,"Crocinitomix"
"sp554","d8a6dd70ae69cbec6b993da35fec4f4e","Bacteria","Proteobacteria","Gammaproteobacteria","Pseudomonadales","Nitrincolaceae","Marinobacterium",NA,"Marinobacterium"
"sp555","177a34b60a7a9b121b75798b49037179","Bacteria","Proteobacteria","Gammaproteobacteria","Pseudomonadales","Litoricolaceae","Litoricola",NA,"Litoricola"
"sp556","68d258f6feb690425ce856c80dda5338","Bacteria","Proteobacteria","Alphaproteobacteria",NA,NA,NA,NA,"Clade_II"
"sp557","34280a5468ba60622682d648b80a677d","Bacteria","Proteobacteria","Alphaproteobacteria","Rhodobacterales","Rhodobacteraceae","Roseibacterium","Roseobacter sp.","Roseobacter_sp."
"sp558","0004ac90e88c79db7658a278e601e27d","Bacteria","Proteobacteria","Alphaproteobacteria","Rhodospirillales","Rhodospirillaceae",NA,NA,"Rhodospirillaceae"
"sp559","e2abbc852238bd772db6699c133c2d74","Bacteria","Proteobacteria","Gammaproteobacteria","Pseudomonadales",NA,NA,NA,"SAR86_cluster"
"sp560","29fa6cdec0f51a3d196a5cf7e7726ac7","Bacteria","Verrucomicrobiota","Verrucomicrobiae","Opitutales","Puniceicoccaceae",NA,NA,"MB11C04_marine_group"
"sp561","7d6c80214b9bc4e56efe3a2f4c5e1f04","Bacteria","Bacteroidota","Bacteroidia","Flavobacteriales","Flavobacteriaceae","Winogradskyella",NA,"Winogradskyella"
"sp562","3f03bee0eb2aa738f629d2ed3a731658","Bacteria","Bacteroidota","Bacteroidia","Flavobacteriales","Flavobacteriaceae",NA,NA,"NS2b_marine_group"
"sp563","d0ee8ed943f3e8d90302548e24b2ba6e","Bacteria","Proteobacteria","Alphaproteobacteria","Rhodobacterales","Rhodobacteraceae",NA,NA,"Rhodobacteraceae"
"sp564","0a6a10e28cb6f4d4fcd3d724d9efdab6","Bacteria","Proteobacteria","Alphaproteobacteria","Rickettsiales","Fokiniaceae",NA,NA,"MD3-55"
"sp565","f3bc0ccd0926a354a242a4d88e4c8ca5","Bacteria","Verrucomicrobiota","Verrucomicrobiae",NA,NA,NA,NA,"Arctic97B-4_marine_group"
"sp566","4b761c225e815b1ee3973a55bc693b9e","Bacteria","Bacteroidota","Bacteroidia","Flavobacteriales","Crocinitomicaceae","Fluviicola",NA,"Fluviicola"
"sp567","651ac4df90350cf4aea72225ebd3a8ac","Bacteria","Actinobacteriota","Acidimicrobiia","Microtrichales","Ilumatobacteraceae","Ilumatobacter",NA,"Ilumatobacter"
"sp568","5f237aff9876c553f58a51e1bfdd82ed","Bacteria","Bacteroidota","Bacteroidia","Sphingobacteriales",NA,NA,NA,"NS11-12_marine_group"
"sp569","bcb452aa6bb6564dfd9e48ad89a655bb","Bacteria","Proteobacteria","Alphaproteobacteria","Sphingomonadales","Sphingomonadaceae","Altererythrobacter",NA,"Altererythrobacter"
"sp570","07e6d42e8d84ffd89d640e1d9b6fd55e","Bacteria","Proteobacteria","Gammaproteobacteria","Enterobacterales","Shewanellaceae","Shewanella",NA,"Shewanella"
"sp571","e776966a81302798aad8dda0eb1c728f","Bacteria","Bacteroidota","Bacteroidia","Flavobacteriales","Flavobacteriaceae",NA,"Bacteroidetes bacterium","Bacteroidetes_bacterium"
"sp572","7cce4155ba030d5576e3df4c4306819e","Bacteria","Planctomycetota","Planctomycetes","Gemmatales","Gemmataceae",NA,NA,"Gemmataceae"
"sp573","17b45b5db43cc23b2636fd320ad7847c","Bacteria","Actinobacteriota","Actinobacteria","Propionibacteriales","Propionibacteriaceae",NA,NA,"Propionibacteriaceae"
"sp574","b6c1c03aed187aab8a64735f94e7127c","Bacteria","Bacteroidota","Bacteroidia","Flavobacteriales","Cryomorphaceae",NA,NA,"Cryomorphaceae"
"sp575","d6fdd932dadedd0786810ed39976c053","Bacteria","Planctomycetota","Planctomycetes","Planctomycetales","Rubinisphaeraceae",NA,NA,"Rubinisphaeraceae"
"sp576","8f48e87ca6c7153572a9b66f82b9f69c","Bacteria","Planctomycetota",NA,NA,NA,NA,NA,"Pla3_lineage"
"sp577","bc41a1422717bda3ac3dbd7512ecd3bf","Bacteria","Bacteroidota","Bacteroidia","Flavobacteriales","Cryomorphaceae",NA,NA,"Cryomorphaceae"
"sp578","077fa0c6e4ba6384b1829c7b6a7abbc3","Bacteria","Desulfobacterota","Desulfobacteria","Desulfobacterales","Desulfosarcinaceae",NA,NA,"Sva0081_sediment_group"
"sp579","df3b807114c0be1572168d03d1401140","Bacteria","Verrucomicrobiota","Verrucomicrobiae","Opitutales","Puniceicoccaceae",NA,NA,"MB11C04_marine_group"
"sp580","2f89a1afec8b702dee58accc8116bb26","Bacteria","Campylobacterota","Campylobacteria","Campylobacterales","Arcobacteraceae","Pseudarcobacter",NA,"Pseudarcobacter"
"sp581","7fc43709588ad7318f494d634238dc60","Archaea","Thermoplasmatota","Thermoplasmata",NA,NA,NA,NA,"Marine_Group_II"
"sp582","6d54cb12142e11e4b13fb2e5d1d35d2c","Bacteria","Proteobacteria","Alphaproteobacteria","Sphingomonadales","Sphingomonadaceae","Sphingomonas",NA,"Sphingomonas"
"sp583","f53c8dbc431d406b1dba6fa44858f97c","Bacteria","Bacteroidota","Bacteroidia","Flavobacteriales","Flavobacteriaceae",NA,NA,"Flavobacteriaceae"
"sp584","bd093f2fa2993d744c90dcdb62d30d85","Bacteria","Proteobacteria","Alphaproteobacteria",NA,NA,NA,NA,"Clade_II"
"sp585","65d0a142ae95ee2a6ce3b775b61dbe90","Bacteria","Planctomycetota","Planctomycetes","Gemmatales","Gemmataceae",NA,NA,"Gemmataceae"
"sp586","a3b398232d3af29a45c9c3ff948a9eaf","Bacteria","Proteobacteria","Alphaproteobacteria",NA,NA,NA,NA,"Clade_Ia"
"sp587","e1e8a75c3521b3d26a823c76b7683938","Bacteria","Proteobacteria","Gammaproteobacteria","Pseudomonadales",NA,NA,NA,"KI89A_clade"
"sp588","2ce66e778729d6912eb0fd60536c2b52","Bacteria",NA,NA,NA,NA,NA,NA,"SAR324_clade(Marine_group_B)"
"sp589","1282e96d14f740c45e4c0a598d60e9cd","Bacteria","Bacteroidota","Bacteroidia","Flavobacteriales",NA,NA,NA,"NS9_marine_group"
"sp590","d4a60c885f4a1b9cb5ee75b7180e34cd","Bacteria","Proteobacteria","Gammaproteobacteria","Pseudomonadales",NA,NA,NA,"bacterium_WHC4-9"
"sp591","cb2abcfddfdc6b397d9437301796ea8e","Bacteria","Bacteroidota","Bacteroidia","Flavobacteriales","Cryomorphaceae",NA,NA,"Cryomorphaceae"
"sp592","c5ca9baf9de5a4b12de2c7ee2c1fb08e","Bacteria","Actinobacteriota","Actinobacteria","Micrococcales","Microbacteriaceae","Candidatus aquiluna",NA,"Candidatus_Aquiluna"
"sp593","f77829ccb728de535a7cee982ac815fa","Bacteria","Proteobacteria","Alphaproteobacteria","Rhodobacterales","Rhodobacteraceae",NA,NA,"Rhodobacteraceae"
"sp594","1e356af563ee98fbec80420c9632ffaf","Bacteria","Bacteroidota","Bacteroidia","Flavobacteriales","Flavobacteriaceae",NA,NA,"Flavobacteriaceae"
"sp595","e2c4e746ccf92721b4562cddd0a0c69f","Bacteria","Bacteroidota","Bacteroidia","Flavobacteriales",NA,NA,NA,"NS7_marine_group"
"sp596","7496db0988d8000687342e6b6983fc07","Bacteria","Proteobacteria","Alphaproteobacteria","Rhodobacterales","Rhodobacteraceae","Tateyamaria",NA,"Tateyamaria"
"sp597","8afaf5a1de92e15020fb5760a78b7654","Bacteria","Proteobacteria","Alphaproteobacteria","Defluviicoccales",NA,NA,NA,"Defluviicoccales"
"sp598","07cb7dbf18feb8482016da1706079ae2","Bacteria",NA,NA,NA,NA,NA,NA,"SAR324_clade(Marine_group_B)"
"sp599","53a1ab57ff133c23bc324097c4af2f61","Bacteria","Proteobacteria","Gammaproteobacteria","Francisellales","Francisellaceae","Francisella",NA,"Francisella"
"sp600","f1e3c890a8d83f7592d219968304fc22","Bacteria","Firmicutes","Clostridia","Lachnospirales","Defluviitaleaceae",NA,NA,"Defluviitaleaceae_UCG-011"
"sp601","911c6a1fed6de29ab7dad135ac95eb49","Bacteria","Bacteroidota","Bacteroidia","Flavobacteriales","Flavobacteriaceae",NA,NA,"Flavobacteriaceae"
"sp602","b888b6ede1e3d3c8cac07979745075e1","Bacteria","Proteobacteria","Alphaproteobacteria","Rhodobacterales","Rhodobacteraceae","Yoonia loktanella","Thalassobium sp.","Thalassobium_sp."
"sp603","7584c377d552bcada172b0176d92ccd8","Bacteria","Proteobacteria","Gammaproteobacteria","Enterobacterales","Enterobacteriaceae",NA,NA,"Enterobacteriaceae"
"sp604","748393f4cea55c873461a352715a99fb","Bacteria","Proteobacteria","Alphaproteobacteria","Rhodospirillales","Magnetospiraceae",NA,NA,"Magnetospiraceae"
"sp605","c054d26457ea5865ba722e0143be03c1","Bacteria","Proteobacteria","Alphaproteobacteria","Rhizobiales","Stappiaceae","Stappiaceae",NA,"Stappiaceae"
"sp606","194301290f9544f1c82c93da8e538e81","Bacteria","Proteobacteria","Alphaproteobacteria",NA,NA,NA,NA,"Clade_III"
"sp607","c13de616269aead58cdf555b9689135a","Bacteria","Proteobacteria","Alphaproteobacteria","Rhodospirillales",NA,NA,NA,"AEGEAN-169_marine_group"
"sp608","62cbfbfa819f6572da1e7284b4dd6ffb","Bacteria","Bacteroidota","Bacteroidia","Sphingobacteriales",NA,NA,NA,"NS11-12_marine_group"
"sp609","8cc06cf7220aca0e6b360730f780ef09","Bacteria","Proteobacteria","Alphaproteobacteria","Rhizobiales","Stappiaceae","Stappiaceae",NA,"Stappiaceae"
"sp610","aade94ed0cc99152e2ebd61b41230cd7","Bacteria","Proteobacteria","Gammaproteobacteria","Pseudomonadales","Porticoccaceae",NA,NA,"SAR92_clade"
"sp611","16c7a11c914eb586ad84feeee5242da0","Bacteria","Desulfobacterota","Desulfobacteria","Desulfobacterales","Desulfosarcinaceae",NA,NA,"Desulfosarcinaceae"
"sp612","7a81444441ec365a789c22e3da555628","Bacteria","Bacteroidota","Bacteroidia","Sphingobacteriales",NA,NA,NA,"NS11-12_marine_group"
"sp613","4de8cefb04a292bf2aa9ec30d64de83c","Bacteria","Bacteroidota","Bacteroidia","Flavobacteriales","Flavobacteriaceae",NA,NA,"Flavobacteriaceae"
"sp614","91ac0d33e4ae0fe5894c9722eb857374","Bacteria","Proteobacteria","Gammaproteobacteria","Piscirickettsiales","Piscirickettsiaceae","Candidatus endoecteinascidia",NA,"Candidatus_Endoecteinascidia"
"sp615","32da7109aee48064fd1261a35ed95ddc","Bacteria","Proteobacteria","Gammaproteobacteria","Pseudomonadales","Pseudohongiellaceae","Pseudohongiella",NA,"Pseudohongiella"
"sp616","9d6587b04964bdbcf732efa8b15d80ae","Bacteria","Cyanobacteria","Cyanobacteriia","Synechococcales","Cyanobiaceae",NA,NA,"Synechococcus_CC9902"
"sp617","b41c6830410431628784d1dfcd522aea","Bacteria","Proteobacteria","Alphaproteobacteria",NA,NA,NA,NA,"SAR11_clade"
"sp618","0baaa5793ff42a9f6919bf6d2f17ca53","Bacteria","Bdellovibrionota","Bdellovibrionia","Bdellovibrionales","Bdellovibrionaceae",NA,NA,"OM27_clade"
"sp619","52b05a3ca275bb30f20cdcdf0307bea0","Bacteria","Proteobacteria","Gammaproteobacteria","Enterobacterales","Shewanellaceae","Shewanella",NA,"Shewanella"
"sp620","37f12e49de7268aa3b6146588a4e94cc","Bacteria","Proteobacteria","Gammaproteobacteria","Burkholderiales","Comamonadaceae","Limnohabitans",NA,"Limnohabitans"
"sp621","5973e7c352177861a62269b203479550","Bacteria","Proteobacteria","Gammaproteobacteria","Burkholderiales","Comamonadaceae",NA,NA,"RS62_marine_group"
"sp622","6d61e69c1d753d003cb643eb9d644bd6","Bacteria","Proteobacteria","Gammaproteobacteria","Pseudomonadales",NA,NA,NA,"OM182_clade"
"sp623","c0b76b3591d78aee8f11674a02917ecc","Bacteria","Proteobacteria","Gammaproteobacteria",NA,NA,NA,NA,"UBA10353_marine_group"
"sp624","35abcd9069f9b4dd7d2bd65e9e150be0","Bacteria","Proteobacteria","Gammaproteobacteria","Pseudomonadales","Pseudohongiellaceae","Pseudohongiella",NA,"Pseudohongiella"
"sp625","92109da6bcad339a179455383dff4636","Bacteria","Bacteroidota","Bacteroidia","Flavobacteriales",NA,NA,NA,"NS9_marine_group"
"sp626","d2c1e2853cc800662f27fd023dc3b621","Archaea","Thermoplasmatota","Thermoplasmata",NA,NA,NA,NA,"Marine_Group_II"
"sp627","53eb1803f829ed0580710476434d54df","Bacteria","Proteobacteria","Alphaproteobacteria","Rhodospirillales","Magnetospiraceae",NA,NA,"Magnetospiraceae"
"sp628","5042e5f1739e431d7dc1370360b645b7","Bacteria","Proteobacteria","Alphaproteobacteria","Rhodospirillales","Magnetospiraceae","Magnetospira",NA,"Magnetospira"
"sp629","819bc31939b61294cb5b05b491a6e069","Bacteria","Proteobacteria","Gammaproteobacteria","Coxiellales","Coxiellaceae","Coxiella",NA,"Coxiella"
"sp630","4de0644fa933c60f37010494a124dffa","Archaea","Thermoplasmatota","Thermoplasmata",NA,NA,NA,NA,"Marine_Group_II"
"sp631","e893d97d3ac083b4750a0a7246d8b93b","Bacteria","Firmicutes","Clostridia","Oscillospirales","Ruminococcaceae","Faecalibacterium",NA,"Faecalibacterium"
"sp632","9ea9b6eee293f3571704da583595abe4","Bacteria","Bdellovibrionota","Bdellovibrionia","Bdellovibrionales","Bdellovibrionaceae",NA,NA,"OM27_clade"
"sp633","f699b96d034b2934d3037fa4462a6f4b","Bacteria","Proteobacteria","Alphaproteobacteria",NA,NA,NA,NA,"Clade_Ia"
"sp634","9da04ff16cc798fb9c8028f68bdb45c0","Bacteria","Proteobacteria","Gammaproteobacteria","Enterobacterales","Vibrionaceae","Vibrio",NA,"Vibrio"
"sp635","3d71c76169ef04b8e00d65b759152de9","Bacteria","Bacteroidota","Bacteroidia","Flavobacteriales",NA,NA,NA,"NS7_marine_group"
"sp636","e0b6e02157f57ef16148a078d6b31cde","Bacteria","Proteobacteria","Gammaproteobacteria","Enterobacterales","Aeromonadaceae","Tolumonas",NA,"Tolumonas"
"sp637","387f80c7204ee7fcb847b8a12054f212","Bacteria","Proteobacteria","Alphaproteobacteria","Rhodobacterales","Rhodobacteraceae","Roseovarius","Pelagicola sp.","Pelagicola_sp."
"sp638","a0def7c5bfb125e4869a0a9748d92819","Bacteria","Desulfobacterota","Desulfobacteria","Desulfobacterales","Desulfosarcinaceae",NA,NA,"Desulfosarcinaceae"
"sp639","305d44382908bf903c550ec0c3ef78b0","Bacteria","Planctomycetota",NA,NA,NA,NA,NA,"OM190"
"sp640","4d7ad9011422885a23e41eb8815ab3fd","Bacteria",NA,NA,NA,NA,NA,NA,"NB1-j"
"sp641","e4cd1f7a321414a2afe536ff3712aa36","Bacteria",NA,NA,NA,NA,NA,NA,"NB1-j"
"sp642","a5fe4280797f0a6cb6b559cac086ed72","Bacteria","Proteobacteria","Gammaproteobacteria","Burkholderiales","Methylophilaceae",NA,NA,"OM43_clade"
"sp643","aa84881b65a57dcefcccfc4e75611a30","Bacteria","Proteobacteria","Alphaproteobacteria","Rhodobacterales","Rhodobacteraceae","Ascidiaceihabitans",NA,"Ascidiaceihabitans"
"sp644","9e080386c6672bfab8004f50244ddb27","Bacteria","Proteobacteria","Gammaproteobacteria","Pseudomonadales",NA,NA,NA,"SAR86_clade"
"sp645","cf229ef41718b8e5ac67d12e01c342c5","Bacteria","Actinobacteriota","Actinobacteria","Frankiales","Sporichthyaceae","Sporichthyaceae",NA,"Sporichthyaceae"
"sp646","1d670c90fa67361d504a538f81d09d35","Bacteria","Verrucomicrobiota","Verrucomicrobiae","Opitutales","Puniceicoccaceae",NA,NA,"MB11C04_marine_group"
"sp647","6b40431a84a5883b15ea14bd1a6f8953","Bacteria","Verrucomicrobiota","Verrucomicrobiae","Opitutales","Puniceicoccaceae",NA,NA,"MB11C04_marine_group"
"sp648","b6173f50bd4286d4915a088231dbd3f2","Bacteria","Bacteroidota","Bacteroidia","Flavobacteriales","Flavobacteriaceae",NA,NA,"NS3a_marine_group"
"sp649","ef9552dc12503f0165a7013049c33138","Bacteria","Desulfobacterota","Desulfobulbia","Desulfobulbales","Desulfocapsaceae",NA,NA,"Desulfocapsaceae"
"sp650","56f99e0f121009a100063ac65c53dc15","Bacteria","Actinobacteriota","Actinobacteria","Frankiales","Sporichthyaceae",NA,"Candidatus planktophila","Candidatus_Planktophila"
"sp651","fc1e065e4e67ce880c96b02f0188b44b","Bacteria","Bacteroidota","Bacteroidia","Flavobacteriales","Cryomorphaceae",NA,NA,"Cryomorphaceae"
"sp652","395fd6c65bf00188737cd5d952fe6cb1","Bacteria","Desulfobacterota","Desulfobacteria","Desulfobacterales","Desulfosarcinaceae",NA,NA,"LCP-80"
"sp653","e0fdae7be24fa322820c0a326bde3753","Bacteria","Actinobacteriota","Actinobacteria",NA,NA,NA,NA,"PeM15"
"sp654","875838f674495be60aa87eef23dd583b","Bacteria","Proteobacteria","Alphaproteobacteria","Rickettsiales","Rickettsiaceae","Candidatus megaira",NA,"Candidatus_Megaira"
"sp655","8c5888a50d37cde6850b227221d93b75","Bacteria","Bacteroidota","Bacteroidia","Chitinophagales","Saprospiraceae",NA,NA,"Saprospiraceae"
"sp656","273aad3296dd155af312d69ee0074bc7","Bacteria","Bacteroidota","Bacteroidia","Flavobacteriales","Flavobacteriaceae",NA,NA,"NS4_marine_group"
"sp657","0f3e18c5f1c3eeb98e7b06bd7951dd16","Bacteria","Proteobacteria","Gammaproteobacteria","Gammaproteobacteria incertae sedis",NA,NA,NA,"Gammaproteobacteria_Incertae_Sedis"
"sp658","2f50ef74f05f68e405042ad71fa738ed","Bacteria","Verrucomicrobiota","Verrucomicrobiae","Opitutales","Puniceicoccaceae","Lentimonas",NA,"Lentimonas"
"sp659","a69cf309176f956b53f73c593fab2dd0","Bacteria","Proteobacteria","Gammaproteobacteria","Pseudomonadales",NA,NA,NA,"KI89A_clade"
"sp660","379a271f3a4ed0fdae1211f929c1395d","Bacteria","Verrucomicrobiota","Verrucomicrobiae","Verrucomicrobiales","Rubritaleaceae","Rubritalea",NA,"Rubritalea"
"sp661","d95f86c1dc87a7f48c0957b3b29ed48f","Bacteria","Desulfobacterota","Desulfobacteria","Desulfobacterales","Desulfosarcinaceae",NA,NA,"SEEP-SRB1"
"sp662","e6c792caa2db019d94be47edfd867aba","Bacteria","Proteobacteria","Gammaproteobacteria","Francisellales","Francisellaceae",NA,NA,"[Caedibacter]_taeniospiralis_group"
"sp663","3514abc5082c244e2a420a3cb91e7e40","Bacteria","Bacteroidota","Bacteroidia","Bacteroidales","Bacteroidaceae","Bacteroides","Bacteroides vulgatus","Bacteroides_vulgatus"
"sp664","2aef51473262e1185e38fb5f731d8952","Bacteria","Firmicutes","Bacilli","Lactobacillales","Lactobacillaceae","Lactobacillus","Lactobacillus delbrueckii","Lactobacillus_delbrueckii"
"sp665","e4c7037d6386c2eb315c10a5c43e14fa","Bacteria","Desulfobacterota","Desulfuromonadia",NA,NA,NA,NA,"PB19"
"sp666","04fa449741f3e89419cd695047df7d9d","Archaea","Crenarchaeota","Nitrososphaeria","Nitrosopumilales","Nitrosopumilaceae","Candidatus nitrosopumilus",NA,"Candidatus_Nitrosopumilus"
"sp667","53d6d9d08594fb343837ebcb2f4bd3db","Bacteria","Desulfobacterota","Desulfobulbia","Desulfobulbales","Desulfocapsaceae",NA,NA,"Desulfocapsaceae"
"sp668","b67e954f5d292724ac3f1a12f2e8de6c","Bacteria","Verrucomicrobiota","Verrucomicrobiae","Opitutales","Opitutaceae","Diplosphaera",NA,"Diplosphaera"
"sp669","72829e5cac69b20e7c610ba5db967f7c","Bacteria","Bacteroidota","Bacteroidia","Flavobacteriales","Flavobacteriaceae",NA,NA,"NS4_marine_group"
"sp670","37ecf2585d49d9211e48014ba9b0ab5b","Bacteria","Bacteroidota","Bacteroidia","Flavobacteriales",NA,NA,NA,"NS9_marine_group"
"sp671","65e071c0036a02067d4aedd8ce2b0dcd","Bacteria","Proteobacteria","Alphaproteobacteria","Rhodobacterales","Rhodobacteraceae","Ascidiaceihabitans",NA,"Ascidiaceihabitans"
"sp672","fa6387b4227506fb0e57137f6eecca60","Bacteria","Bacteroidota","Bacteroidia","Flavobacteriales","Flavobacteriaceae",NA,NA,"NS5_marine_group"
"sp673","ca869506764ce47ccd46c75401bc19f3","Bacteria","Proteobacteria","Gammaproteobacteria","Pseudomonadales","Halieaceae",NA,NA,"OM60(NOR5)_clade"
"sp674","ea07fd2d58fa4fa3c135cbd7c5e6f023","Bacteria","Verrucomicrobiota","Verrucomicrobiae","Opitutales","Puniceicoccaceae","Coraliomargarita",NA,"Coraliomargarita"
"sp675","c245d82454a2a4ead14c40ae1fafbb4b","Bacteria","Bacteroidota","Bacteroidia","Flavobacteriales","Crocinitomicaceae","Fluviicola",NA,"Fluviicola"
"sp676","746596110c7761995e1bce12c0061dac","Bacteria","Proteobacteria","Alphaproteobacteria",NA,NA,NA,NA,"Clade_Ib"
"sp677","4fa0249d4ce6c9b85341b48cb7752af8","Bacteria","Proteobacteria","Alphaproteobacteria","Parvibaculales",NA,NA,NA,"PS1_clade"
"sp678","1fc3e640ff28cfa4748ab6ecf9c1044a","Bacteria","Verrucomicrobiota","Verrucomicrobiae","Opitutales","Puniceicoccaceae",NA,NA,"MB11C04_marine_group"
"sp679","560986016894c9b1847a1a90483bd5f3","Bacteria","Bacteroidota","Bacteroidia","Flavobacteriales",NA,NA,NA,"NS7_marine_group"
"sp680","eae17abbd12b041b6e0413e7f3598f5e","Bacteria","Bacteroidota","Bacteroidia","Flavobacteriales",NA,NA,NA,"NS9_marine_group"
"sp681","23b72d8203270cf85f6dd603013f879c","Bacteria","Proteobacteria","Alphaproteobacteria","Puniceispirillales",NA,NA,NA,"SAR116_clade"
"sp682","75f8d4627887a6521f74ca4addbc892a","Bacteria","Bacteroidota","Bacteroidia",NA,NA,NA,NA,"Bacteroidetes_VC2.1_Bac22"
"sp683","cca7e8354fafcd9263435ecc1397b598","Bacteria","Bacteroidota","Bacteroidia","Flavobacteriales","Flavobacteriaceae",NA,NA,"NS3a_marine_group"
"sp684","df7f0525487605998825d750abfd3677","Bacteria","Proteobacteria","Alphaproteobacteria",NA,NA,NA,NA,"Alphaproteobacteria"
"sp685","633d07a591ad6f492a47535b285dddea","Bacteria","Proteobacteria","Gammaproteobacteria","Pseudomonadales","Moraxellaceae","Acinetobacter",NA,"Acinetobacter"
"sp686","b3d5730a50c2f9472df4d82fdfd907f7","Bacteria","Proteobacteria","Gammaproteobacteria","Pseudomonadales","Pseudohongiellaceae","Pseudohongiella",NA,"Pseudohongiella"
"sp687","bdf71b1de9f43d66baeca7c7d3e3b430","Bacteria","Bacteroidota","Bacteroidia","Flavobacteriales","Flavobacteriaceae",NA,NA,"NS5_marine_group"
"sp688","1d35bf3cfef13a9d8c530fba66a6a3da","Bacteria","Desulfobacterota","Desulfobulbia","Desulfobulbales","Desulfocapsaceae",NA,NA,"Desulfocapsaceae"
"sp689","6b56095fb75059703240760a315aa969","Bacteria","Bacteroidota","Bacteroidia","Chitinophagales","Saprospiraceae",NA,NA,"Saprospiraceae"
"sp690","b8a6c229716e6e26a49b48611ae2833a","Bacteria","Bacteroidota","Bacteroidia","Bacteroidales","Bacteroidaceae","Bacteroides","Bacteroides vulgatus","Bacteroides_vulgatus"
"sp691","de683ad720155623122bbf190568865b","Bacteria","Bdellovibrionota","Bdellovibrionia","Bdellovibrionales","Bdellovibrionaceae",NA,NA,"OM27_clade"
"sp692","615296545e18021aef166119635ab376","Bacteria","Bacteroidota","Bacteroidia","Flavobacteriales","Flavobacteriaceae","Salegentibacter",NA,"Salegentibacter"
"sp693","ae5d9e71a49baa56df6a3c8c726ec21c","Bacteria","Bacteroidota","Bacteroidia","Sphingobacteriales",NA,NA,NA,"NS11-12_marine_group"
"sp694","ec3de6e6426a0ca9297d76d6cd8be9ed","Bacteria","Actinobacteriota","Actinobacteria","Micrococcales","Microbacteriaceae",NA,NA,"ML602J-51"
"sp695","2ea1ba3909e0e8e60c4ec35bafee3a15","Bacteria","Proteobacteria","Alphaproteobacteria","Rhodobacterales","Rhodobacteraceae","Lentibacter",NA,"Lentibacter"
"sp696","fcf5a19a20080401df345ba64cde1478","Bacteria","Proteobacteria","Alphaproteobacteria","Rhodospirillales","Magnetospiraceae",NA,NA,"Magnetospiraceae"
"sp697","bcb89749af4ab2fb87f5fa449d5f2b3f","Bacteria","Proteobacteria","Alphaproteobacteria","Paracaedibacterales","Paracaedibacteraceae",NA,NA,"Paracaedibacteraceae"
"sp698","578fc5f8590053333e58293c1e742bba","Bacteria",NA,NA,NA,NA,NA,NA,"Marinimicrobia_(SAR406_clade)"
"sp699","ca747a90b02b597725de60e769fdfbcd","Bacteria","Proteobacteria","Gammaproteobacteria","Pseudomonadales","Spongiibacteraceae",NA,NA,"BD1-7_clade"
"sp700","6255713e2fcbdaab842287930f32f3ef","Bacteria","Bdellovibrionota","Bdellovibrionia","Bacteriovoracales","Bacteriovoracaceae",NA,NA,"Bacteriovoracaceae"
"sp701","7c9cfd8b49e7eae5f4c3b9cdd1ec46f3","Bacteria","Bacteroidota","Bacteroidia","Flavobacteriales","Flavobacteriaceae",NA,NA,"NS5_marine_group"
"sp702","fd0c7ff5dc8c713c47b342b6c5187a0b","Bacteria","Desulfobacterota","Desulfobacteria","Desulfobacterales","Desulfobacteraceae","Desulfoconvexum",NA,"Desulfoconvexum"
"sp703","e377fab4b09068ea0c5a261609b6f29c","Bacteria","Bacteroidota","Bacteroidia","Flavobacteriales",NA,NA,NA,"NS9_marine_group"
"sp704","148c310d5b16dea5a88485a0dfde48f0","Bacteria","Actinobacteriota","Acidimicrobiia","Microtrichales","Ilumatobacteraceae","Ilumatobacter",NA,"Ilumatobacter"
"sp705","ed5b9fb51e64956d29d544485991c4e5","Bacteria","Bacteroidota","Bacteroidia","Flavobacteriales","Flavobacteriaceae","Flavobacterium","Flavobacterium sasangense","Flavobacterium_sasangense"
"sp706","5c299180c2f7c85597106c2c191b328c","Bacteria","Proteobacteria","Gammaproteobacteria","Pseudomonadales","Saccharospirillaceae",NA,NA,"Saccharospirillaceae"
"sp707","297836375c1b3d14e28e44f72fe396e4","Bacteria","Desulfobacterota","Desulfobacteria","Desulfobacterales","Desulfosarcinaceae",NA,NA,"Sva0081_sediment_group"
"sp708","66ae43087663552537c297efea45e83b","Bacteria","Bacteroidota","Bacteroidia","Flavobacteriales",NA,NA,NA,"NS9_marine_group"
"sp709","cb4594f2ef6d977886b85f1d9e1c95db","Bacteria","Proteobacteria","Gammaproteobacteria","Burkholderiales","Nitrosomonadaceae","Nitrosomonas",NA,"Nitrosomonas"
"sp710","4e27cff3d283e00da63c885182e9ad07","Bacteria","Verrucomicrobiota","Verrucomicrobiae","Opitutales","Puniceicoccaceae","Lentimonas",NA,"Lentimonas"
"sp711","4cbc2bc0c00c77552a8e0c08974e24ee","Bacteria","Proteobacteria","Gammaproteobacteria","Thiomicrospirales","Thiomicrospiraceae",NA,NA,"endosymbionts"
"sp712","41f52818fd46325fe35b740aefe5956a","Bacteria","Bacteroidota","Bacteroidia","Flavobacteriales","Crocinitomicaceae","Fluviicola",NA,"Fluviicola"
"sp713","f15deccbdad0d6714891b82ec2d46af6","Bacteria","Bacteroidota","Bacteroidia","Cytophagales","Cyclobacteriaceae","Algoriphagus","Algoriphagus namhaensis","Algoriphagus_namhaensis"
"sp714","f8950457545b7a0a2d5ff1cd0cc783f5","Bacteria","Firmicutes","Bacilli","Acholeplasmatales","Acholeplasmataceae","Acholeplasma",NA,"Acholeplasma"
"sp715","96f2f6a30048c2a58b5b511d8fc1226c","Bacteria","Bacteroidota","Bacteroidia","Flavobacteriales","Crocinitomicaceae",NA,NA,"Crocinitomicaceae"
"sp716","45194ef7659f8cc53af0f97fb9e7a51d","Bacteria","Proteobacteria","Alphaproteobacteria",NA,NA,NA,NA,"SAR11_clade"
"sp717","392389a140814d9bdc1a4eeadd225fc7","Bacteria","Proteobacteria","Alphaproteobacteria",NA,NA,NA,NA,"Clade_II"
"sp718","df145c7a8f525102e025d0fad224fd50","Bacteria","Verrucomicrobiota","Verrucomicrobiae","Verrucomicrobiales",NA,NA,NA,"DEV007"
"sp719","d8bbf94ec09c098a20be3b333183e525","Bacteria","Proteobacteria","Gammaproteobacteria","Thiotrichales","Thiotrichaceae",NA,NA,"Thiotrichaceae"
"sp720","3c49cd245358eb7d25051a0f752547d7","Bacteria","Proteobacteria","Alphaproteobacteria",NA,NA,NA,NA,"Clade_II"
"sp721","c219fd341bd7eb7cc49147ac85c63152","Bacteria","Proteobacteria","Alphaproteobacteria","Puniceispirillales",NA,NA,NA,"SAR116_clade"
"sp722","9320165a41bcbad15e5a5494cdad92d9","Bacteria","Proteobacteria","Gammaproteobacteria","Burkholderiales","Comamonadaceae",NA,NA,"RS62_marine_group"
"sp723","48cf69c5881e9aa87e82db5bc4002289","Archaea","Crenarchaeota","Nitrososphaeria","Nitrosopumilales","Nitrosopumilaceae","Candidatus nitrosopumilus",NA,"Candidatus_Nitrosopumilus"
"sp724","0f945501d53b77fed2fd541e64671404","Bacteria","Proteobacteria","Gammaproteobacteria","Pseudomonadales","Spongiibacteraceae",NA,NA,"BD1-7_clade"
"sp725","13cf8dc9987ad0954285ca8b14fdc409","Bacteria","Bacteroidota","Bacteroidia","Flavobacteriales","Crocinitomicaceae","Crocinitomix",NA,"Crocinitomix"
"sp726","85be7a34c9febd470fb14db47afdd10a","Bacteria","Bacteroidota","Bacteroidia","Flavobacteriales","Flavobacteriaceae","Lutimonas","Lutimonas saemankumensis","Lutimonas_saemankumensis"
"sp727","e5230dd434cf2e99d657fe27557f7e3f","Bacteria","Proteobacteria","Gammaproteobacteria","Pseudomonadales","Pseudohongiellaceae","Pseudohongiella",NA,"Pseudohongiella"
"sp728","3285395ee56223b04c6c7257c74c7d70","Bacteria","Proteobacteria","Gammaproteobacteria","Pseudomonadales","Litoricolaceae","Litoricola",NA,"Litoricola"
"sp729","7e9e6f426a682aca20e43a3f7ba7ac8a","Bacteria",NA,NA,NA,NA,NA,NA,"Sva0485"
"sp730","818059250051cbeed907f89c3bbb69e7","Bacteria","Proteobacteria","Alphaproteobacteria","Rhodobacterales","Rhodobacteraceae",NA,NA,"Rhodobacteraceae"
"sp731","dc422528cd5b179341812c31d08e4427","Archaea","Crenarchaeota","Nitrososphaeria","Nitrosopumilales","Nitrosopumilaceae","Candidatus nitrosopumilus",NA,"Candidatus_Nitrosopumilus"
"sp732","bfaf7ce34b2b534fdcddf06f903c7ece","Bacteria","Bacteroidota","Rhodothermia","Balneolales","Balneolaceae","Balneola",NA,"Balneola"
"sp733","c2ea8bbb5019fc24f8e0c0dd24c37848","Bacteria","Bacteroidota","Bacteroidia","Flavobacteriales","Flavobacteriaceae",NA,NA,"Flavobacteriaceae"
"sp734","5acf2f8e78a4299e0bf451f4709cfc92","Bacteria","Proteobacteria","Gammaproteobacteria","Pseudomonadales",NA,NA,NA,"SAR86_clade"
"sp735","ee9f5e9866cd9757783d0afb55c66f26","Bacteria","Actinobacteriota","Actinobacteria",NA,NA,NA,NA,"PeM15"
"sp736","affb495e8da4aacd8bf0659b496b8043","Bacteria","Proteobacteria","Gammaproteobacteria",NA,NA,NA,NA,"Gammaproteobacteria"
"sp737","156fb0655d040303eefc84365dbfa96e","Bacteria","Bacteroidota","Bacteroidia","Bacteroidales","Prevotellaceae",NA,NA,"Prevotella_9"
"sp738","da51b7d34ed3fe58872ebae034872868","Bacteria","Bacteroidota","Bacteroidia","Flavobacteriales","Flavobacteriaceae",NA,NA,"NS5_marine_group"
"sp739","e011ebe13c11defd91556399c28d684a","Bacteria","Proteobacteria","Gammaproteobacteria","Pseudomonadales","Nitrincolaceae","Marinobacterium","Marinobacterium marisflavi","Marinobacterium_marisflavi"
"sp740","4a44135aa2beaf9e8d83ba5921e0034a","Bacteria","Planctomycetota","Planctomycetes","Planctomycetales","Gimesiaceae",NA,NA,"Gimesiaceae"
"sp741","27b97f6a8f3b1bb40fb41fcaf8416a13","Bacteria","Planctomycetota","Planctomycetes","Pirellulales","Pirellulaceae","Blastopirellula",NA,"Blastopirellula"
"sp742","9c933e37ca6adf559ade259abd560f31","Bacteria","Proteobacteria","Alphaproteobacteria","Rhodobacterales","Rhodobacteraceae",NA,NA,"Rhodobacteraceae"
"sp743","554bc637f00fdc934e35f4a5fa27e2b2","Bacteria","Dadabacteria","Dadabacteriia","Dadabacteriales","Dadabacteriales","Dadabacteriales",NA,"Dadabacteriales"
"sp744","8dc5084fffd988e23ec3a6b93c55282a","Bacteria","Proteobacteria","Gammaproteobacteria","Pseudomonadales","Pseudomonadaceae","Pseudomonas",NA,"Pseudomonas"
"sp745","0860980ee410a804cc822f9b78df093c","Bacteria","Bacteroidota","Bacteroidia","Flavobacteriales","Flavobacteriaceae","Lutimonas",NA,"Lutimonas"
"sp746","809007b5ca3028a65cd5006226d19117","Bacteria","Planctomycetota","Phycisphaerae","Phycisphaerales","Phycisphaeraceae",NA,NA,"JL-ETNP-F27"
"sp747","0c3e721b9f065680e1a269221d132001","Bacteria","Bacteroidota","Bacteroidia","Flavobacteriales",NA,NA,NA,"NS9_marine_group"
"sp748","84d8daaecc5ed20e08397dc71bd09885","Bacteria","Proteobacteria","Gammaproteobacteria",NA,NA,NA,NA,"HOC36"
"sp749","8117665f177570b0010cdbd93c384474","Bacteria","Desulfobacterota","Desulfuromonadia",NA,NA,NA,NA,"PB19"
"sp750","49bd5d4f47f23e4b1167ba7b488daaa4","Bacteria","Desulfobacterota","Desulfobulbia","Desulfobulbales","Desulfobulbaceae",NA,NA,"Desulfobulbaceae"
"sp751","dcb95cab0efd9fb4d1303d198f051eff","Bacteria","Proteobacteria","Gammaproteobacteria","Pseudomonadales",NA,NA,NA,"bacterium_WHC4-9"
"sp752","766db580530b2882bc6f72ac724288f3","Bacteria","Proteobacteria","Gammaproteobacteria","Francisellales","Francisellaceae","Francisella",NA,"Francisella"
"sp753","446b29491f96319362f588ab775a2801","Bacteria","Proteobacteria","Gammaproteobacteria","Pseudomonadales",NA,NA,NA,"SAR86_clade"
"sp754","aa92e68d8a5d725cd0674041624317b5","Bacteria","Bacteroidota","Bacteroidia","Sphingobacteriales",NA,NA,NA,"NS11-12_marine_group"
"sp755","df18b4984b5853a78dfda2d1b3fd0c09","Bacteria","Bacteroidota","Bacteroidia","Flavobacteriales","Flavobacteriaceae","Formosa",NA,"Formosa"
"sp756","f175abe2e87953bbaa7d5576190f6358","Bacteria","Proteobacteria","Gammaproteobacteria","Pseudomonadales","Nitrincolaceae",NA,NA,"Nitrincolaceae"
"sp757","31636983d3641abc11606592243ed4a7","Bacteria","Bacteroidota","Bacteroidia","Flavobacteriales","Weeksellaceae","Cloacibacterium",NA,"Cloacibacterium"
"sp758","f45409d5bed349192a0799f49baeea8c","Bacteria","Proteobacteria","Gammaproteobacteria","Pseudomonadales","Porticoccaceae","Porticoccus",NA,"Porticoccus"
"sp759","daac8c17c0fda7281a2c644e318f8161","Bacteria","Bacteroidota","Bacteroidia","Flavobacteriales","Cryomorphaceae",NA,NA,"Cryomorphaceae"
"sp760","7154ed0ae1f54f79ab06ffb94857f58b","Bacteria","Proteobacteria","Alphaproteobacteria",NA,NA,NA,NA,"SAR11_clade"
"sp761","d62407ba70d70dce1f2d8bdbbb325597","Bacteria","Actinobacteriota","Actinobacteria",NA,NA,NA,NA,"PeM15"
"sp762","72f52778cfe172e1d4fa7c72228adc48","Bacteria","Verrucomicrobiota","Verrucomicrobiae","Verrucomicrobiales","Rubritaleaceae","Roseibacillus",NA,"Roseibacillus"
"sp763","8c39887fa534c1f51786071b9ead359a","Bacteria","Proteobacteria","Gammaproteobacteria","Pseudomonadales","Thioglobaceae",NA,NA,"SUP05_cluster"
"sp764","6756b3d5e69fa2a21c5ce65a3b55ea94","Bacteria","Proteobacteria","Gammaproteobacteria","Pseudomonadales","Moraxellaceae","Acinetobacter",NA,"Acinetobacter"
"sp765","7b6afa274ff2b7a9a8716911a402a4bf","Bacteria","Proteobacteria","Alphaproteobacteria","Puniceispirillales",NA,NA,NA,"SAR116_clade"
"sp766","66f6813129cfb46bbb74aa607f471c12","Bacteria","Proteobacteria","Alphaproteobacteria","Thalassobaculales",NA,NA,NA,"Thalassobaculales"
"sp767","c9d3ccd27e2e68469af2ae80765e9304","Bacteria",NA,NA,NA,NA,NA,NA,"Marinimicrobia_(SAR406_clade)"
"sp768","630c5e99988cf5f66b69179104c23de7","Bacteria","Proteobacteria","Gammaproteobacteria","Pseudomonadales","Porticoccaceae",NA,NA,"SAR92_clade"
"sp769","8a893d62241185dc8723dc12e1107941","Bacteria","Proteobacteria","Alphaproteobacteria","Rickettsiales",NA,NA,NA,"S25-593"
"sp770","006dce6a94c89ab56d01f209fb5f3921","Bacteria","Nitrospinota","Nitrospinia","Nitrospinales","Nitrospinaceae",NA,NA,"LS-NOB"
"sp771","4b4cfb5700297bfd827566aed8a522d9","Bacteria","Bacteroidota","Bacteroidia","Flavobacteriales","Flavobacteriaceae","Lutibacter",NA,"Lutibacter"
"sp772","c582228ecf757433e65ccc2e5872330a","Bacteria","Proteobacteria","Alphaproteobacteria","Puniceispirillales",NA,NA,NA,"SAR116_clade"
"sp773","c7506b4fed4954994149755081c8b4a9","Bacteria","Bacteroidota","Bacteroidia","Flavobacteriales","Flavobacteriaceae",NA,NA,"Flavobacteriaceae"
"sp774","9bfccb8421582ce9d236554751d91cab","Bacteria","Campylobacterota","Campylobacteria","Campylobacterales","Sulfurimonadaceae","Sulfurimonas",NA,"Sulfurimonas"
"sp775","790aac2cfe29b62519644dcefdb7393f","Bacteria","Proteobacteria","Alphaproteobacteria","Caulobacterales","Hyphomonadaceae",NA,NA,"Hyphomonadaceae"
"sp776","ad12d1a6582d18922621604458449dd6","Bacteria","Bacteroidota","Bacteroidia","Flavobacteriales",NA,NA,NA,"NS9_marine_group"
"sp777","d317837df11dcddd43c88d2dafe0d150","Bacteria","Proteobacteria","Alphaproteobacteria","Rhodobacterales","Rhodobacteraceae",NA,NA,"Roseobacter_clade_NAC11-7_lineage"
"sp778","a853b371d2f412b84fb8c95430040f6c","Bacteria","Bacteroidota","Bacteroidia","Flavobacteriales","Cryomorphaceae",NA,NA,"NS10_marine_group"
"sp779","84ee1c61f44e6963f7d764b82cd84f59","Bacteria","Proteobacteria","Alphaproteobacteria","Caulobacterales","Hyphomonadaceae",NA,NA,"Hyphomonadaceae"
"sp780","15e85d21d242f4d1bd7ced905bb09c08","Bacteria","Campylobacterota","Campylobacteria","Campylobacterales","Sulfurovaceae","Sulfurovum",NA,"Sulfurovum"
"sp781","d8f8c9d580e33a46fb22c416e0dbdfc2","Bacteria","Actinobacteriota","Actinobacteria",NA,NA,NA,NA,"PeM15"
"sp782","75ca39e64667c291d5533019f82e8f39","Bacteria","Bdellovibrionota","Bdellovibrionia","Bdellovibrionales","Bdellovibrionaceae",NA,NA,"OM27_clade"
"sp783","407cc413cc5e07648d0f54d65bb280a7","Bacteria","Desulfobacterota","Desulfuromonadia",NA,NA,NA,NA,"PB19"
"sp784","e418cdbdb30406272bbb764ddab86949","Bacteria","Actinobacteriota","Actinobacteria","Micrococcales","Microbacteriaceae","Candidatus aquiluna",NA,"Candidatus_Aquiluna"
"sp785","ae4adc2acc25ddce375f80977549362b","Bacteria","Bacteroidota","Bacteroidia","Chitinophagales",NA,NA,NA,"Chitinophagales"
"sp786","d85bbe95a772fd235d3ee51d4ce613fb","Bacteria","Bacteroidota","Bacteroidia","Flavobacteriales","Flavobacteriaceae",NA,NA,"Flavobacteriaceae"
"sp787","97b29f4da498169bcd81c9f3b1f41498","Bacteria","Bacteroidota","Bacteroidia","Flavobacteriales","Cryomorphaceae",NA,NA,"Cryomorphaceae"
"sp788","e67d18cd323a8818d4bc835e1c1490dd","Bacteria","Proteobacteria","Gammaproteobacteria","Pseudomonadales",NA,NA,NA,"OM182_clade"
"sp789","97ae0ab3bf8533c60691bff3d2f29b25","Bacteria","Proteobacteria","Alphaproteobacteria","Rhodobacterales","Rhodobacteraceae",NA,NA,"Rhodobacteraceae"
"sp790","90b7ae19ca6dc82fbe39085531340aed","Bacteria","Desulfobacterota","Desulfobulbia","Desulfobulbales","Desulfocapsaceae",NA,NA,"Desulfocapsaceae"
"sp791","4e998050a17fa65d6997170d2770eecc","Bacteria","Proteobacteria","Alphaproteobacteria","Puniceispirillales",NA,"Candidatus puniceispirillum",NA,"Candidatus_Puniceispirillum"
"sp792","2c0d1ef5330ae49c61192109894bf5c2","Bacteria","Desulfobacterota","Desulfobacteria","Desulfobacterales","Desulfobacteraceae","Desulfobacter",NA,"Desulfobacter"
"sp793","d4c02b17386b0ae1e1bb5b5c275d0ffb","Bacteria","Actinobacteriota","Actinobacteria",NA,NA,NA,NA,"PeM15"
"sp794","ec4d86d46c6ae95bef2c04ee923ffc63","Bacteria","Actinobacteriota","Actinobacteria",NA,NA,NA,NA,"PeM15"
"sp795","8c06fbae950bb21c14f740f888d18925","Bacteria","Bacteroidota","Bacteroidia","Flavobacteriales",NA,NA,NA,"NS9_marine_group"
"sp796","2b56b55103d049938985213a0b0a38e9","Bacteria","Proteobacteria","Gammaproteobacteria","Ectothiorhodospirales","Ectothiorhodospiraceae",NA,NA,"Ectothiorhodospiraceae"
"sp797","50305ed2bff77b411805f019c49f7d77","Bacteria","Bacteroidota","Bacteroidia","Chitinophagales","Saprospiraceae",NA,NA,"Saprospiraceae"
"sp798","1d9cd4e962c617754b4067e7fd46aff1","Bacteria","Proteobacteria","Gammaproteobacteria","Burkholderiales","Comamonadaceae",NA,NA,"RS62_marine_group"
"sp799","d46eac6ac5fa371d2b57ccbd39305645","Bacteria","Proteobacteria","Alphaproteobacteria","Caulobacterales","Hyphomonadaceae","Hellea",NA,"Hellea"
"sp800","159852bd58c5d0cbede6588f48347b0a","Bacteria","Firmicutes","Bacilli","Mycoplasmatales","Mycoplasmataceae",NA,NA,"Mycoplasmataceae"
"sp801","0a7d529cb726ed8572d38709ccd3e9fc","Bacteria","Desulfobacterota","Desulfobacteria","Desulfobacterales","Desulfosarcinaceae","Desulfosarcina",NA,"Desulfosarcina"
"sp802","47f34a7221d93d20c532ab45255ada10","Bacteria","Proteobacteria","Gammaproteobacteria","Francisellales","Francisellaceae",NA,NA,"Francisellaceae"
"sp803","4cba5f3aee9296f88adf2fd937288a9f","Bacteria","Bacteroidota","Bacteroidia","Bacteroidales","Prolixibacteraceae","Draconibacterium",NA,"Draconibacterium"
"sp804","febad11b28eb80d3ed7584ad30effe26","Bacteria","Proteobacteria","Gammaproteobacteria","Pseudomonadales","Halieaceae","Luminiphilus",NA,"Luminiphilus"
"sp805","e7a9d5f4b3f41e6cbac0410369b8bf7c","Bacteria","Bdellovibrionota","Bdellovibrionia","Bdellovibrionales","Bdellovibrionaceae",NA,NA,"OM27_clade"
"sp806","66fb81f18c219237de78481c692be661","Bacteria","Proteobacteria","Gammaproteobacteria","Burkholderiales","Comamonadaceae","Comamonas",NA,"Comamonas"
"sp807","15aa936162195e7b5111cc54ff776c78","Bacteria","Bacteroidota","Bacteroidia","Flavobacteriales","Flavobacteriaceae",NA,NA,"NS5_marine_group"
"sp808","f94eb0e837bb9a8632cb71a71f9875c3","Bacteria","Actinobacteriota","Actinobacteria","Micrococcales","Microbacteriaceae","Candidatus aquiluna",NA,"Candidatus_Aquiluna"
"sp809","7d6d57b2cdf4f8f2616f33f7f8d7e6c2","Bacteria","Proteobacteria","Alphaproteobacteria","Puniceispirillales",NA,"Candidatus puniceispirillum",NA,"Candidatus_Puniceispirillum"
"sp810","e1b438389b35bcb6fb3f3a31c1da94f7","Bacteria","Proteobacteria","Alphaproteobacteria","Puniceispirillales",NA,NA,NA,"SAR116_clade"
"sp811","ce949d802c73041804257f4d04eb03c3","Bacteria","Bacteroidota","Bacteroidia","Flavobacteriales","Flavobacteriaceae",NA,NA,"NS5_marine_group"
"sp812","e0d4383a1ce12dcac55ed84d2bb9a0db","Bacteria","Bacteroidota","Bacteroidia","Flavobacteriales","Crocinitomicaceae","Fluviicola",NA,"Fluviicola"
"sp813","93003e68ce4843e2cbd30fa5a3f8b26c","Bacteria","Proteobacteria","Gammaproteobacteria",NA,NA,NA,NA,"Gammaproteobacteria"
"sp814","39b9f0e942bdfdf411b3c2e3b6c8825f","Bacteria","Proteobacteria","Alphaproteobacteria","Rhodobacterales","Rhodobacteraceae",NA,NA,"Roseobacter_clade_NAC11-7_lineage"
"sp815","076fbc68068bb8fb068a788be9a9bec2","Bacteria","Proteobacteria","Gammaproteobacteria","Enterobacterales","Psychromonadaceae","Psychromonas",NA,"Psychromonas"
"sp816","c4f9d3e2545f5817d7a2862431469795","Bacteria","Proteobacteria","Gammaproteobacteria","Methylococcales","Cycloclasticaceae","Cycloclasticus",NA,"Cycloclasticus"
"sp817","a732871bc56e490e20c61cfbe2679f0f","Bacteria","Planctomycetota","Phycisphaerae","Phycisphaerales","Phycisphaeraceae",NA,NA,"CL500-3"
"sp818","dc5cb8f7eeeb8753cfbcca6a00a85d2d","Bacteria","Dadabacteria","Dadabacteriia","Dadabacteriales","Dadabacteriales","Dadabacteriales",NA,"Dadabacteriales"
"sp819","9889036465ebe86f3bc2581b59e45245","Bacteria","Proteobacteria","Gammaproteobacteria","Burkholderiales","Comamonadaceae",NA,NA,"RS62_marine_group"
"sp820","be5f248a90f46ea13f8da99be1d38231","Bacteria","Actinobacteriota","Actinobacteria","Frankiales","Sporichthyaceae",NA,NA,"hgcI_clade"
