eventType,eventDate,eventID,fieldNotes,maximumDepthInMeters,minimumDepthInMeters,habitat,decimalLatitude,decimalLongitude,collectionCode,institutionCode,catalogNumber,fieldNumber,recordNumber,materialSampleID,country,stateProvince,county,municipality,verbatimLocality,samplingProtocol,verbatimDepth,month,day,year,countryCode,parentEventID,eventRemarks,institutionID
settlement plates,2022-09-03,BHAK-12002-FCBB-001,settlment plate #31,1,1,"inlet, dock",49.272,-123.103,FalseCreek_BioBlitz_2022,"University of British Columbia, Beaty Biodiversity Museum",BHAK-12002-FCBB,BHAK-12002-FCBB,BHAK-12002-FCBB,BHAK-12002-FCBB,Canada,British Columbia,Burrard Inlet,False Creek,Science World Dock,settlement plates,1,9,3,2022,CA,Hakai-FCBB,BoLD original eventID: BHAK-12002-FCBB,http://biocol.org/urn:lsid:biocol.org:col:15106
settlement plates,2022-09-03,BHAK-12003-FCBB-001,,1,1,"inlet, dock",49.272,-123.103,FalseCreek_BioBlitz_2022,"University of British Columbia, Beaty Biodiversity Museum",BHAK-12003-FCBB,BHAK-12003-FCBB,BHAK-12003-FCBB,BHAK-12003-FCBB,Canada,British Columbia,Burrard Inlet,False Creek,Science World Dock,settlement plates,1,9,3,2022,CA,Hakai-FCBB,BoLD original eventID: BHAK-12003-FCBB,http://biocol.org/urn:lsid:biocol.org:col:15106
benthic light trap,2022-09-04,BHAK-12004-FCBB-001,,3,3,"inlet, dock",49.272,-123.103,FalseCreek_BioBlitz_2022,"University of British Columbia, Beaty Biodiversity Museum",BHAK-12004-FCBB,BHAK-12004-FCBB,BHAK-12004-FCBB,BHAK-12004-FCBB,Canada,British Columbia,Burrard Inlet,False Creek,Science World Dock,benthic light trap,3,9,4,2022,CA,Hakai-FCBB,BoLD original eventID: BHAK-12004-FCBB,http://biocol.org/urn:lsid:biocol.org:col:15106
settlement plates,2022-09-05,BHAK-12005-FCBB-001,,1,1,"inlet, dock",49.273,-123.135,FalseCreek_BioBlitz_2022,"University of British Columbia, Beaty Biodiversity Museum",BHAK-12005-FCBB,BHAK-12005-FCBB,BHAK-12005-FCBB,BHAK-12005-FCBB,Canada,British Columbia,Burrard Inlet,False Creek,Granville Island Dock,settlement plates,1,9,5,2022,CA,Hakai-FCBB,BoLD original eventID: BHAK-12005-FCBB,http://biocol.org/urn:lsid:biocol.org:col:15106
settlement plates,2022-09-05,BHAK-12006-FCBB-001,,1,1,"inlet, dock",49.273,-123.135,FalseCreek_BioBlitz_2022,"University of British Columbia, Beaty Biodiversity Museum",BHAK-12006-FCBB,BHAK-12006-FCBB,BHAK-12006-FCBB,BHAK-12006-FCBB,Canada,British Columbia,Burrard Inlet,False Creek,Granville Island Dock,settlement plates,1,9,5,2022,CA,Hakai-FCBB,BoLD original eventID: BHAK-12006-FCBB,http://biocol.org/urn:lsid:biocol.org:col:15106
settlement plates,2022-09-05,BHAK-12007-FCBB-001,,1,1,"inlet, dock",49.273,-123.135,FalseCreek_BioBlitz_2022,"University of British Columbia, Beaty Biodiversity Museum",BHAK-12007-FCBB,BHAK-12007-FCBB,BHAK-12007-FCBB,BHAK-12007-FCBB,Canada,British Columbia,Burrard Inlet,False Creek,Granville Island Dock,settlement plates,1,9,5,2022,CA,Hakai-FCBB,BoLD original eventID: BHAK-12007-FCBB,http://biocol.org/urn:lsid:biocol.org:col:15106
settlement plates,2022-09-05,BHAK-12008-FCBB-001,,1,1,"inlet, dock",49.273,-123.135,FalseCreek_BioBlitz_2022,"University of British Columbia, Beaty Biodiversity Museum",BHAK-12008-FCBB,BHAK-12008-FCBB,BHAK-12008-FCBB,BHAK-12008-FCBB,Canada,British Columbia,Burrard Inlet,False Creek,Granville Island Dock,settlement plates,1,9,5,2022,CA,Hakai-FCBB,BoLD original eventID: BHAK-12008-FCBB,http://biocol.org/urn:lsid:biocol.org:col:15106
settlement plates,2022-09-05,BHAK-12009-FCBB-001,,1,1,"inlet, dock",49.273,-123.135,FalseCreek_BioBlitz_2022,Hakai Institute,BHAK-12009-FCBB,BHAK-12009-FCBB,BHAK-12009-FCBB,BHAK-12009-FCBB,Canada,British Columbia,Burrard Inlet,False Creek,Granville Island Dock,settlement plates,1,9,5,2022,CA,Hakai-FCBB,BoLD original eventID: BHAK-12009-FCBB,https://edmo.seadatanet.org/report/5148
settlement plates,2022-09-05,BHAK-12010-FCBB-001,,1,1,"inlet, dock",49.273,-123.135,FalseCreek_BioBlitz_2022,"University of British Columbia, Beaty Biodiversity Museum",BHAK-12010-FCBB,BHAK-12010-FCBB,BHAK-12010-FCBB,BHAK-12010-FCBB,Canada,British Columbia,Burrard Inlet,False Creek,Granville Island Dock,settlement plates,1,9,5,2022,CA,Hakai-FCBB,BoLD original eventID: BHAK-12010-FCBB,http://biocol.org/urn:lsid:biocol.org:col:15106
settlement plates,2022-09-05,BHAK-12011-FCBB-001,,1,1,"inlet, dock",49.273,-123.135,FalseCreek_BioBlitz_2022,"University of British Columbia, Beaty Biodiversity Museum",BHAK-12011-FCBB,BHAK-12011-FCBB,BHAK-12011-FCBB,BHAK-12011-FCBB,Canada,British Columbia,Burrard Inlet,False Creek,Granville Island Dock,settlement plates,1,9,5,2022,CA,Hakai-FCBB,BoLD original eventID: BHAK-12011-FCBB,http://biocol.org/urn:lsid:biocol.org:col:15106
settlement plates,2022-09-05,BHAK-12013-FCBB-001,,1,1,"inlet, dock",49.273,-123.135,FalseCreek_BioBlitz_2022,"University of British Columbia, Beaty Biodiversity Museum",BHAK-12013-FCBB,BHAK-12013-FCBB,BHAK-12013-FCBB,BHAK-12013-FCBB,Canada,British Columbia,Burrard Inlet,False Creek,Granville Island Dock,settlement plates,1,9,5,2022,CA,Hakai-FCBB,BoLD original eventID: BHAK-12013-FCBB,http://biocol.org/urn:lsid:biocol.org:col:15106
settlement plates,2022-09-05,BHAK-12014-FCBB-001,,1,1,"inlet, dock",49.273,-123.135,FalseCreek_BioBlitz_2022,"University of British Columbia, Beaty Biodiversity Museum",BHAK-12014-FCBB,BHAK-12014-FCBB,BHAK-12014-FCBB,BHAK-12014-FCBB,Canada,British Columbia,Burrard Inlet,False Creek,Granville Island Dock,settlement plates,1,9,5,2022,CA,Hakai-FCBB,BoLD original eventID: BHAK-12014-FCBB,http://biocol.org/urn:lsid:biocol.org:col:15106
settlement plates,2022-09-05,BHAK-12015-FCBB-001,,1,1,"inlet, dock",49.273,-123.135,FalseCreek_BioBlitz_2022,"University of British Columbia, Beaty Biodiversity Museum",BHAK-12015-FCBB,BHAK-12015-FCBB,BHAK-12015-FCBB,BHAK-12015-FCBB,Canada,British Columbia,Burrard Inlet,False Creek,Granville Island Dock,settlement plates,1,9,5,2022,CA,Hakai-FCBB,BoLD original eventID: BHAK-12015-FCBB,http://biocol.org/urn:lsid:biocol.org:col:15106
settlement plates,2022-09-05,BHAK-12016-FCBB-001,,1,1,"inlet, dock",49.273,-123.135,FalseCreek_BioBlitz_2022,"University of British Columbia, Beaty Biodiversity Museum",BHAK-12016-FCBB,BHAK-12016-FCBB,BHAK-12016-FCBB,BHAK-12016-FCBB,Canada,British Columbia,Burrard Inlet,False Creek,Granville Island Dock,settlement plates,1,9,5,2022,CA,Hakai-FCBB,BoLD original eventID: BHAK-12016-FCBB,http://biocol.org/urn:lsid:biocol.org:col:15106
settlement plates,2022-09-05,BHAK-12012-FCBB-001,,1,1,"inlet, dock",49.273,-123.135,FalseCreek_BioBlitz_2022,"University of British Columbia, Beaty Biodiversity Museum",BHAK-12012-FCBB,BHAK-12012-FCBB,BHAK-12012-FCBB,BHAK-12012-FCBB,Canada,British Columbia,Burrard Inlet,False Creek,Granville Island Dock,settlement plates,1,9,5,2022,CA,Hakai-FCBB,BoLD original eventID: BHAK-12012-FCBB,http://biocol.org/urn:lsid:biocol.org:col:15106
settlement plates,2022-09-05,BHAK-12017-FCBB-001,,1,1,"inlet, dock",49.273,-123.135,FalseCreek_BioBlitz_2022,"University of British Columbia, Beaty Biodiversity Museum",BHAK-12017-FCBB,BHAK-12017-FCBB,BHAK-12017-FCBB,BHAK-12017-FCBB,Canada,British Columbia,Burrard Inlet,False Creek,Granville Island Dock,settlement plates,1,9,5,2022,CA,Hakai-FCBB,BoLD original eventID: BHAK-12017-FCBB,http://biocol.org/urn:lsid:biocol.org:col:15106
settlement plates,2022-09-05,BHAK-12018-FCBB-001,,1,1,"inlet, dock",49.273,-123.135,FalseCreek_BioBlitz_2022,"University of British Columbia, Beaty Biodiversity Museum",BHAK-12018-FCBB,BHAK-12018-FCBB,BHAK-12018-FCBB,BHAK-12018-FCBB,Canada,British Columbia,Burrard Inlet,False Creek,Granville Island Dock,settlement plates,1,9,5,2022,CA,Hakai-FCBB,BoLD original eventID: BHAK-12018-FCBB,http://biocol.org/urn:lsid:biocol.org:col:15106
settlement plates,2022-09-05,BHAK-12019-FCBB-001,,1,1,"inlet, dock",49.273,-123.135,FalseCreek_BioBlitz_2022,"University of British Columbia, Beaty Biodiversity Museum",BHAK-12019-FCBB,BHAK-12019-FCBB,BHAK-12019-FCBB,BHAK-12019-FCBB,Canada,British Columbia,Burrard Inlet,False Creek,Granville Island Dock,settlement plates,1,9,5,2022,CA,Hakai-FCBB,BoLD original eventID: BHAK-12019-FCBB,http://biocol.org/urn:lsid:biocol.org:col:15106
sediment grab sample,2022-09-05,BHAK-12028-FCBB-001,,5,5,inlet,49.27,-123.123,FalseCreek_BioBlitz_2022,"University of British Columbia, Beaty Biodiversity Museum",BHAK-12028-FCBB,BHAK-12028-FCBB,BHAK-12028-FCBB,BHAK-12028-FCBB,Canada,British Columbia,Burrard Inlet,False Creek,Charleston Park- combined sewer outflow,sediment grab sample,5,9,5,2022,CA,Hakai-FCBB,BoLD original eventID: BHAK-12028-FCBB,http://biocol.org/urn:lsid:biocol.org:col:15106
sediment grab sample,2022-09-05,BHAK-12029-FCBB-001,,5,5,inlet,49.27,-123.123,FalseCreek_BioBlitz_2022,"University of British Columbia, Beaty Biodiversity Museum",BHAK-12029-FCBB,BHAK-12029-FCBB,BHAK-12029-FCBB,BHAK-12029-FCBB,Canada,British Columbia,Burrard Inlet,False Creek,Charleston Park- combined sewer outflow,sediment grab sample,5,9,5,2022,CA,Hakai-FCBB,BoLD original eventID: BHAK-12029-FCBB,http://biocol.org/urn:lsid:biocol.org:col:15106
sediment grab sample,2022-09-05,BHAK-12025-FCBB-001,,5,5,inlet,49.274,-123.105,FalseCreek_BioBlitz_2022,Hakai Institute,BHAK-12025-FCBB,BHAK-12025-FCBB,BHAK-12025-FCBB,BHAK-12025-FCBB,Canada,British Columbia,Burrard Inlet,False Creek,False Creek Rear Channel,sediment grab sample,5,9,5,2022,CA,Hakai-FCBB,BoLD original eventID: BHAK-12025-FCBB,https://edmo.seadatanet.org/report/5148
sediment grab sample,2022-09-05,BHAK-12026-FCBB-001,,5,5,inlet,49.274,-123.105,FalseCreek_BioBlitz_2022,Hakai Institute,BHAK-12026-FCBB,BHAK-12026-FCBB,BHAK-12026-FCBB,BHAK-12026-FCBB,Canada,British Columbia,Burrard Inlet,False Creek,False Creek Rear Channel,sediment grab sample,5,9,5,2022,CA,Hakai-FCBB,BoLD original eventID: BHAK-12026-FCBB,https://edmo.seadatanet.org/report/5148
sediment grab sample,2022-09-05,BHAK-12027-FCBB-001,,5,5,inlet,49.274,-123.105,FalseCreek_BioBlitz_2022,Hakai Institute,BHAK-12027-FCBB,BHAK-12027-FCBB,BHAK-12027-FCBB,BHAK-12027-FCBB,Canada,British Columbia,Burrard Inlet,False Creek,False Creek Rear Channel,sediment grab sample,5,9,5,2022,CA,Hakai-FCBB,BoLD original eventID: BHAK-12027-FCBB,https://edmo.seadatanet.org/report/5148
settlement plates,2022-09-05,BHAK-12031-FCBB-001,,1,1,"inlet, dock",49.273,-123.135,FalseCreek_BioBlitz_2022,"University of British Columbia, Beaty Biodiversity Museum",BHAK-12031-FCBB,BHAK-12031-FCBB,BHAK-12031-FCBB,BHAK-12031-FCBB,Canada,British Columbia,Burrard Inlet,False Creek,Granville Island Dock,settlement plates,1,9,5,2022,CA,Hakai-FCBB,BoLD original eventID: BHAK-12031-FCBB,http://biocol.org/urn:lsid:biocol.org:col:15106
settlement plates,2022-09-05,BHAK-12032-FCBB-001,,1,1,"inlet, dock",49.273,-123.135,FalseCreek_BioBlitz_2022,Hakai Institute,BHAK-12032-FCBB,BHAK-12032-FCBB,BHAK-12032-FCBB,BHAK-12032-FCBB,Canada,British Columbia,Burrard Inlet,False Creek,Granville Island Dock,settlement plates,1,9,5,2022,CA,Hakai-FCBB,BoLD original eventID: BHAK-12032-FCBB,https://edmo.seadatanet.org/report/5148
settlement plates,2022-09-05,BHAK-12033-FCBB-001,,1,1,"inlet, dock",49.273,-123.135,FalseCreek_BioBlitz_2022,"University of British Columbia, Beaty Biodiversity Museum",BHAK-12033-FCBB,BHAK-12033-FCBB,BHAK-12033-FCBB,BHAK-12033-FCBB,Canada,British Columbia,Burrard Inlet,False Creek,Granville Island Dock,settlement plates,1,9,5,2022,CA,Hakai-FCBB,BoLD original eventID: BHAK-12033-FCBB,http://biocol.org/urn:lsid:biocol.org:col:15106
settlement plates,2022-09-05,BHAK-12034-FCBB-001,,1,1,"inlet, dock",49.273,-123.135,FalseCreek_BioBlitz_2022,"University of British Columbia, Beaty Biodiversity Museum",BHAK-12034-FCBB,BHAK-12034-FCBB,BHAK-12034-FCBB,BHAK-12034-FCBB,Canada,British Columbia,Burrard Inlet,False Creek,Granville Island Dock,settlement plates,1,9,5,2022,CA,Hakai-FCBB,BoLD original eventID: BHAK-12034-FCBB,http://biocol.org/urn:lsid:biocol.org:col:15106
settlement plates,2022-09-05,BHAK-12035-FCBB-001,,1,1,"inlet, dock",49.273,-123.135,FalseCreek_BioBlitz_2022,"University of British Columbia, Beaty Biodiversity Museum",BHAK-12035-FCBB,BHAK-12035-FCBB,BHAK-12035-FCBB,BHAK-12035-FCBB,Canada,British Columbia,Burrard Inlet,False Creek,Granville Island Dock,settlement plates,1,9,5,2022,CA,Hakai-FCBB,BoLD original eventID: BHAK-12035-FCBB,http://biocol.org/urn:lsid:biocol.org:col:15106
settlement plates,2022-09-05,BHAK-12036-FCBB-001,,1,1,"inlet, dock",49.273,-123.135,FalseCreek_BioBlitz_2022,Hakai Institute,BHAK-12036-FCBB,BHAK-12036-FCBB,BHAK-12036-FCBB,BHAK-12036-FCBB,Canada,British Columbia,Burrard Inlet,False Creek,Granville Island Dock,settlement plates,1,9,5,2022,CA,Hakai-FCBB,BoLD original eventID: BHAK-12036-FCBB,https://edmo.seadatanet.org/report/5148
settlement plates,2022-09-05,BHAK-12037-FCBB-001,,1,1,"inlet, dock",49.273,-123.135,FalseCreek_BioBlitz_2022,"University of British Columbia, Beaty Biodiversity Museum",BHAK-12037-FCBB,BHAK-12037-FCBB,BHAK-12037-FCBB,BHAK-12037-FCBB,Canada,British Columbia,Burrard Inlet,False Creek,Granville Island Dock,settlement plates,1,9,5,2022,CA,Hakai-FCBB,BoLD original eventID: BHAK-12037-FCBB,http://biocol.org/urn:lsid:biocol.org:col:15106
settlement plates,2022-09-05,BHAK-12038-FCBB-001,,1,1,"inlet, dock",49.273,-123.135,FalseCreek_BioBlitz_2022,"University of British Columbia, Beaty Biodiversity Museum",BHAK-12038-FCBB,BHAK-12038-FCBB,BHAK-12038-FCBB,BHAK-12038-FCBB,Canada,British Columbia,Burrard Inlet,False Creek,Granville Island Dock,settlement plates,1,9,5,2022,CA,Hakai-FCBB,BoLD original eventID: BHAK-12038-FCBB,http://biocol.org/urn:lsid:biocol.org:col:15106
settlement plates,2022-09-05,BHAK-12039-FCBB-001,,1,1,"inlet, dock",49.273,-123.135,FalseCreek_BioBlitz_2022,"University of British Columbia, Beaty Biodiversity Museum",BHAK-12039-FCBB,BHAK-12039-FCBB,BHAK-12039-FCBB,BHAK-12039-FCBB,Canada,British Columbia,Burrard Inlet,False Creek,Granville Island Dock,settlement plates,1,9,5,2022,CA,Hakai-FCBB,BoLD original eventID: BHAK-12039-FCBB,http://biocol.org/urn:lsid:biocol.org:col:15106
settlement plates,2022-09-05,BHAK-12040-FCBB-001,,1,1,"inlet, dock",49.273,-123.135,FalseCreek_BioBlitz_2022,"University of British Columbia, Beaty Biodiversity Museum",BHAK-12040-FCBB,BHAK-12040-FCBB,BHAK-12040-FCBB,BHAK-12040-FCBB,Canada,British Columbia,Burrard Inlet,False Creek,Granville Island Dock,settlement plates,1,9,5,2022,CA,Hakai-FCBB,BoLD original eventID: BHAK-12040-FCBB,http://biocol.org/urn:lsid:biocol.org:col:15106
settlement plates,2022-09-05,BHAK-12041-FCBB-001,,1,1,"inlet, dock",49.273,-123.135,FalseCreek_BioBlitz_2022,"University of British Columbia, Beaty Biodiversity Museum",BHAK-12041-FCBB,BHAK-12041-FCBB,BHAK-12041-FCBB,BHAK-12041-FCBB,Canada,British Columbia,Burrard Inlet,False Creek,Granville Island Dock,settlement plates,1,9,5,2022,CA,Hakai-FCBB,BoLD original eventID: BHAK-12041-FCBB,http://biocol.org/urn:lsid:biocol.org:col:15106
settlement plates,2022-09-05,BHAK-12042-FCBB-001,,1,1,"inlet, dock",49.273,-123.135,FalseCreek_BioBlitz_2022,"University of British Columbia, Beaty Biodiversity Museum",BHAK-12042-FCBB,BHAK-12042-FCBB,BHAK-12042-FCBB,BHAK-12042-FCBB,Canada,British Columbia,Burrard Inlet,False Creek,Granville Island Dock,settlement plates,1,9,5,2022,CA,Hakai-FCBB,BoLD original eventID: BHAK-12042-FCBB,http://biocol.org/urn:lsid:biocol.org:col:15106
settlement plates,2022-09-05,BHAK-12043-FCBB-001,,1,1,"inlet, dock",49.273,-123.135,FalseCreek_BioBlitz_2022,"University of British Columbia, Beaty Biodiversity Museum",BHAK-12043-FCBB,BHAK-12043-FCBB,BHAK-12043-FCBB,BHAK-12043-FCBB,Canada,British Columbia,Burrard Inlet,False Creek,Granville Island Dock,settlement plates,1,9,5,2022,CA,Hakai-FCBB,BoLD original eventID: BHAK-12043-FCBB,http://biocol.org/urn:lsid:biocol.org:col:15106
settlement plates,2022-09-05,BHAK-12044-FCBB-001,,1,1,"inlet, dock",49.273,-123.135,FalseCreek_BioBlitz_2022,"University of British Columbia, Beaty Biodiversity Museum",BHAK-12044-FCBB,BHAK-12044-FCBB,BHAK-12044-FCBB,BHAK-12044-FCBB,Canada,British Columbia,Burrard Inlet,False Creek,Granville Island Dock,settlement plates,1,9,5,2022,CA,Hakai-FCBB,BoLD original eventID: BHAK-12044-FCBB,http://biocol.org/urn:lsid:biocol.org:col:15106
settlement plates,2022-09-05,BHAK-12020-FCBB-001,,1,1,"inlet, dock",49.273,-123.135,FalseCreek_BioBlitz_2022,"University of British Columbia, Beaty Biodiversity Museum",BHAK-12020-FCBB,BHAK-12020-FCBB,BHAK-12020-FCBB,BHAK-12020-FCBB,Canada,British Columbia,Burrard Inlet,False Creek,Granville Island Dock,settlement plates,1,9,5,2022,CA,Hakai-FCBB,BoLD original eventID: BHAK-12020-FCBB,http://biocol.org/urn:lsid:biocol.org:col:15106
settlement plates,2022-09-05,BHAK-12021-FCBB-001,,1,1,"inlet, dock",49.273,-123.135,FalseCreek_BioBlitz_2022,Hakai Institute,BHAK-12021-FCBB,BHAK-12021-FCBB,BHAK-12021-FCBB,BHAK-12021-FCBB,Canada,British Columbia,Burrard Inlet,False Creek,Granville Island Dock,settlement plates,1,9,5,2022,CA,Hakai-FCBB,BoLD original eventID: BHAK-12021-FCBB,https://edmo.seadatanet.org/report/5148
settlement plates,2022-09-05,BHAK-12022-FCBB-001,,1,1,"inlet, dock",49.273,-123.135,FalseCreek_BioBlitz_2022,Hakai Institute,BHAK-12022-FCBB,BHAK-12022-FCBB,BHAK-12022-FCBB,BHAK-12022-FCBB,Canada,British Columbia,Burrard Inlet,False Creek,Granville Island Dock,settlement plates,1,9,5,2022,CA,Hakai-FCBB,BoLD original eventID: BHAK-12022-FCBB,https://edmo.seadatanet.org/report/5148
settlement plates,2022-09-05,BHAK-12030-FCBB-001,,1,1,"inlet, dock",49.273,-123.135,FalseCreek_BioBlitz_2022,"University of British Columbia, Beaty Biodiversity Museum",BHAK-12030-FCBB,BHAK-12030-FCBB,BHAK-12030-FCBB,BHAK-12030-FCBB,Canada,British Columbia,Burrard Inlet,False Creek,Granville Island Dock,settlement plates,1,9,5,2022,CA,Hakai-FCBB,BoLD original eventID: BHAK-12030-FCBB,http://biocol.org/urn:lsid:biocol.org:col:15106
settlement plates,2022-09-05,BHAK-12091-FCBB-001,,1,1,"inlet, dock",49.273,-123.135,FalseCreek_BioBlitz_2022,Hakai Institute,BHAK-12091-FCBB,BHAK-12091-FCBB,BHAK-12091-FCBB,BHAK-12091-FCBB,Canada,British Columbia,Burrard Inlet,False Creek,Granville Island Dock,settlement plates,1,9,5,2022,CA,Hakai-FCBB,BoLD original eventID: BHAK-12091-FCBB,https://edmo.seadatanet.org/report/5148
settlement plates,2022-09-05,BHAK-12023-FCBB-001,,1,1,"inlet, dock",49.273,-123.135,FalseCreek_BioBlitz_2022,"University of British Columbia, Beaty Biodiversity Museum",BHAK-12023-FCBB,BHAK-12023-FCBB,BHAK-12023-FCBB,BHAK-12023-FCBB,Canada,British Columbia,Burrard Inlet,False Creek,Granville Island Dock,settlement plates,1,9,5,2022,CA,Hakai-FCBB,BoLD original eventID: BHAK-12023-FCBB,http://biocol.org/urn:lsid:biocol.org:col:15106
settlement plates,2022-09-05,BHAK-12024-FCBB-001,,1,1,"inlet, dock",49.273,-123.135,FalseCreek_BioBlitz_2022,"University of British Columbia, Beaty Biodiversity Museum",BHAK-12024-FCBB,BHAK-12024-FCBB,BHAK-12024-FCBB,BHAK-12024-FCBB,Canada,British Columbia,Burrard Inlet,False Creek,Granville Island Dock,settlement plates,1,9,5,2022,CA,Hakai-FCBB,BoLD original eventID: BHAK-12024-FCBB,http://biocol.org/urn:lsid:biocol.org:col:15106
sediment grab sample,2022-09-05,BHAK-12046-FCBB-001,,5,5,inlet,49.273,-123.104,FalseCreek_BioBlitz_2022,Hakai Institute,BHAK-12046-FCBB,BHAK-12046-FCBB,BHAK-12046-FCBB,BHAK-12046-FCBB,Canada,British Columbia,Burrard Inlet,False Creek,Science World,sediment grab sample,5,9,5,2022,CA,Hakai-FCBB,BoLD original eventID: BHAK-12046-FCBB,https://edmo.seadatanet.org/report/5148
sediment grab sample,2022-09-05,BHAK-12047-FCBB-001,,5,5,inlet,49.273,-123.104,FalseCreek_BioBlitz_2022,"University of British Columbia, Beaty Biodiversity Museum",BHAK-12047-FCBB,BHAK-12047-FCBB,BHAK-12047-FCBB,BHAK-12047-FCBB,Canada,British Columbia,Burrard Inlet,False Creek,Science World,sediment grab sample,5,9,5,2022,CA,Hakai-FCBB,BoLD original eventID: BHAK-12047-FCBB,http://biocol.org/urn:lsid:biocol.org:col:15106
sediment grab sample,2022-09-05,BHAK-12048-FCBB-001,,5,5,inlet,49.273,-123.104,FalseCreek_BioBlitz_2022,"University of British Columbia, Beaty Biodiversity Museum",BHAK-12048-FCBB,BHAK-12048-FCBB,BHAK-12048-FCBB,BHAK-12048-FCBB,Canada,British Columbia,Burrard Inlet,False Creek,Science World,sediment grab sample,5,9,5,2022,CA,Hakai-FCBB,BoLD original eventID: BHAK-12048-FCBB,http://biocol.org/urn:lsid:biocol.org:col:15106
sediment grab sample,2022-09-05,BHAK-12049-FCBB-001,,5,5,inlet,49.273,-123.104,FalseCreek_BioBlitz_2022,"University of British Columbia, Beaty Biodiversity Museum",BHAK-12049-FCBB,BHAK-12049-FCBB,BHAK-12049-FCBB,BHAK-12049-FCBB,Canada,British Columbia,Burrard Inlet,False Creek,Science World,sediment grab sample,5,9,5,2022,CA,Hakai-FCBB,BoLD original eventID: BHAK-12049-FCBB,http://biocol.org/urn:lsid:biocol.org:col:15106
sediment grab sample,2022-09-05,BHAK-12050-FCBB-001,,5,5,inlet,49.273,-123.104,FalseCreek_BioBlitz_2022,"University of British Columbia, Beaty Biodiversity Museum",BHAK-12050-FCBB,BHAK-12050-FCBB,BHAK-12050-FCBB,BHAK-12050-FCBB,Canada,British Columbia,Burrard Inlet,False Creek,Science World,sediment grab sample,5,9,5,2022,CA,Hakai-FCBB,BoLD original eventID: BHAK-12050-FCBB,http://biocol.org/urn:lsid:biocol.org:col:15106
sediment grab sample,2022-09-05,BHAK-12051-FCBB-001,,5,5,inlet,49.273,-123.104,FalseCreek_BioBlitz_2022,"University of British Columbia, Beaty Biodiversity Museum",BHAK-12051-FCBB,BHAK-12051-FCBB,BHAK-12051-FCBB,BHAK-12051-FCBB,Canada,British Columbia,Burrard Inlet,False Creek,Science World,sediment grab sample,5,9,5,2022,CA,Hakai-FCBB,BoLD original eventID: BHAK-12051-FCBB,http://biocol.org/urn:lsid:biocol.org:col:15106
sediment grab sample,2022-09-05,BHAK-12052-FCBB-001,,5,5,inlet,49.273,-123.104,FalseCreek_BioBlitz_2022,"University of British Columbia, Beaty Biodiversity Museum",BHAK-12052-FCBB,BHAK-12052-FCBB,BHAK-12052-FCBB,BHAK-12052-FCBB,Canada,British Columbia,Burrard Inlet,False Creek,Science World,sediment grab sample,5,9,5,2022,CA,Hakai-FCBB,BoLD original eventID: BHAK-12052-FCBB,http://biocol.org/urn:lsid:biocol.org:col:15106
sediment grab sample,2022-09-05,BHAK-12053-FCBB-001,,5,5,inlet,49.273,-123.104,FalseCreek_BioBlitz_2022,"University of British Columbia, Beaty Biodiversity Museum",BHAK-12053-FCBB,BHAK-12053-FCBB,BHAK-12053-FCBB,BHAK-12053-FCBB,Canada,British Columbia,Burrard Inlet,False Creek,Science World,sediment grab sample,5,9,5,2022,CA,Hakai-FCBB,BoLD original eventID: BHAK-12053-FCBB,http://biocol.org/urn:lsid:biocol.org:col:15106
sediment grab sample,2022-09-05,BHAK-12054-FCBB-001,,5,5,inlet,49.273,-123.104,FalseCreek_BioBlitz_2022,"University of British Columbia, Beaty Biodiversity Museum",BHAK-12054-FCBB,BHAK-12054-FCBB,BHAK-12054-FCBB,BHAK-12054-FCBB,Canada,British Columbia,Burrard Inlet,False Creek,Science World,sediment grab sample,5,9,5,2022,CA,Hakai-FCBB,BoLD original eventID: BHAK-12054-FCBB,http://biocol.org/urn:lsid:biocol.org:col:15106
sediment grab sample,2022-09-05,BHAK-12055-FCBB-001,,5,5,inlet,49.273,-123.104,FalseCreek_BioBlitz_2022,"University of British Columbia, Beaty Biodiversity Museum",BHAK-12055-FCBB,BHAK-12055-FCBB,BHAK-12055-FCBB,BHAK-12055-FCBB,Canada,British Columbia,Burrard Inlet,False Creek,Science World,sediment grab sample,5,9,5,2022,CA,Hakai-FCBB,BoLD original eventID: BHAK-12055-FCBB,http://biocol.org/urn:lsid:biocol.org:col:15106
sediment grab sample,2022-09-05,BHAK-12056-FCBB-001,,5,5,inlet,49.273,-123.104,FalseCreek_BioBlitz_2022,"University of British Columbia, Beaty Biodiversity Museum",BHAK-12056-FCBB,BHAK-12056-FCBB,BHAK-12056-FCBB,BHAK-12056-FCBB,Canada,British Columbia,Burrard Inlet,False Creek,Science World,sediment grab sample,5,9,5,2022,CA,Hakai-FCBB,BoLD original eventID: BHAK-12056-FCBB,http://biocol.org/urn:lsid:biocol.org:col:15106
sediment grab sample,2022-09-05,BHAK-12057-FCBB-001,,5,5,inlet,49.273,-123.104,FalseCreek_BioBlitz_2022,"University of British Columbia, Beaty Biodiversity Museum",BHAK-12057-FCBB,BHAK-12057-FCBB,BHAK-12057-FCBB,BHAK-12057-FCBB,Canada,British Columbia,Burrard Inlet,False Creek,Science World,sediment grab sample,5,9,5,2022,CA,Hakai-FCBB,BoLD original eventID: BHAK-12057-FCBB,http://biocol.org/urn:lsid:biocol.org:col:15106
sediment grab sample,2022-09-05,BHAK-12058-FCBB-001,,5,5,inlet,49.273,-123.104,FalseCreek_BioBlitz_2022,Hakai Institute,BHAK-12058-FCBB,BHAK-12058-FCBB,BHAK-12058-FCBB,BHAK-12058-FCBB,Canada,British Columbia,Burrard Inlet,False Creek,Science World,sediment grab sample,5,9,5,2022,CA,Hakai-FCBB,BoLD original eventID: BHAK-12058-FCBB,https://edmo.seadatanet.org/report/5148
sediment grab sample,2022-09-05,BHAK-12059-FCBB-001,,5,5,inlet,49.273,-123.104,FalseCreek_BioBlitz_2022,"University of British Columbia, Beaty Biodiversity Museum",BHAK-12059-FCBB,BHAK-12059-FCBB,BHAK-12059-FCBB,BHAK-12059-FCBB,Canada,British Columbia,Burrard Inlet,False Creek,Science World,sediment grab sample,5,9,5,2022,CA,Hakai-FCBB,BoLD original eventID: BHAK-12059-FCBB,http://biocol.org/urn:lsid:biocol.org:col:15106
sediment grab sample,2022-09-05,BHAK-12060-FCBB-001,,5,5,inlet,49.274,-123.105,FalseCreek_BioBlitz_2022,"University of British Columbia, Beaty Biodiversity Museum",BHAK-12060-FCBB,BHAK-12060-FCBB,BHAK-12060-FCBB,BHAK-12060-FCBB,Canada,British Columbia,Burrard Inlet,False Creek,False Creek Rear Channel,sediment grab sample,5,9,5,2022,CA,Hakai-FCBB,BoLD original eventID: BHAK-12060-FCBB,http://biocol.org/urn:lsid:biocol.org:col:15106
sediment grab sample,2022-09-05,BHAK-12061-FCBB-001,,5,5,inlet,49.274,-123.105,FalseCreek_BioBlitz_2022,"University of British Columbia, Beaty Biodiversity Museum",BHAK-12061-FCBB,BHAK-12061-FCBB,BHAK-12061-FCBB,BHAK-12061-FCBB,Canada,British Columbia,Burrard Inlet,False Creek,False Creek Rear Channel,sediment grab sample,5,9,5,2022,CA,Hakai-FCBB,BoLD original eventID: BHAK-12061-FCBB,http://biocol.org/urn:lsid:biocol.org:col:15106
sediment grab sample,2022-09-05,BHAK-12062-FCBB-001,,5,5,inlet,49.273,-123.104,FalseCreek_BioBlitz_2022,Hakai Institute,BHAK-12062-FCBB,BHAK-12062-FCBB,BHAK-12062-FCBB,BHAK-12062-FCBB,Canada,British Columbia,Burrard Inlet,False Creek,Science World,sediment grab sample,5,9,5,2022,CA,Hakai-FCBB,BoLD original eventID: BHAK-12062-FCBB,https://edmo.seadatanet.org/report/5148
sediment grab sample,2022-09-05,BHAK-12063-FCBB-001,,5,5,inlet,49.273,-123.104,FalseCreek_BioBlitz_2022,"University of British Columbia, Beaty Biodiversity Museum",BHAK-12063-FCBB,BHAK-12063-FCBB,BHAK-12063-FCBB,BHAK-12063-FCBB,Canada,British Columbia,Burrard Inlet,False Creek,Science World,sediment grab sample,5,9,5,2022,CA,Hakai-FCBB,BoLD original eventID: BHAK-12063-FCBB,http://biocol.org/urn:lsid:biocol.org:col:15106
sediment grab sample,2022-09-05,BHAK-12064-FCBB-001,,5,5,inlet,49.273,-123.104,FalseCreek_BioBlitz_2022,Hakai Institute,BHAK-12064-FCBB,BHAK-12064-FCBB,BHAK-12064-FCBB,BHAK-12064-FCBB,Canada,British Columbia,Burrard Inlet,False Creek,Science World,sediment grab sample,5,9,5,2022,CA,Hakai-FCBB,BoLD original eventID: BHAK-12064-FCBB,https://edmo.seadatanet.org/report/5148
sediment grab sample,2022-09-05,BHAK-12065-FCBB-001,,5,5,inlet,49.273,-123.104,FalseCreek_BioBlitz_2022,"University of British Columbia, Beaty Biodiversity Museum",BHAK-12065-FCBB,BHAK-12065-FCBB,BHAK-12065-FCBB,BHAK-12065-FCBB,Canada,British Columbia,Burrard Inlet,False Creek,Science World,sediment grab sample,5,9,5,2022,CA,Hakai-FCBB,BoLD original eventID: BHAK-12065-FCBB,http://biocol.org/urn:lsid:biocol.org:col:15106
sediment grab sample,2022-09-05,BHAK-12073-FCBB-001,,5,5,inlet,49.272,-123.115,FalseCreek_BioBlitz_2022,"University of British Columbia, Beaty Biodiversity Museum",BHAK-12073-FCBB,BHAK-12073-FCBB,BHAK-12073-FCBB,BHAK-12073-FCBB,Canada,British Columbia,Burrard Inlet,False Creek,Cambie Street Bridge,sediment grab sample,5,9,5,2022,CA,Hakai-FCBB,BoLD original eventID: BHAK-12073-FCBB,http://biocol.org/urn:lsid:biocol.org:col:15106
sediment grab sample,2022-09-05,BHAK-12074-FCBB-001,,5,5,inlet,49.272,-123.115,FalseCreek_BioBlitz_2022,"University of British Columbia, Beaty Biodiversity Museum",BHAK-12074-FCBB,BHAK-12074-FCBB,BHAK-12074-FCBB,BHAK-12074-FCBB,Canada,British Columbia,Burrard Inlet,False Creek,Cambie Street Bridge,sediment grab sample,5,9,5,2022,CA,Hakai-FCBB,BoLD original eventID: BHAK-12074-FCBB,http://biocol.org/urn:lsid:biocol.org:col:15106
sediment grab sample,2022-09-05,BHAK-12076-FCBB-001,,5,5,inlet,49.272,-123.115,FalseCreek_BioBlitz_2022,"University of British Columbia, Beaty Biodiversity Museum",BHAK-12076-FCBB,BHAK-12076-FCBB,BHAK-12076-FCBB,BHAK-12076-FCBB,Canada,British Columbia,Burrard Inlet,False Creek,Cambie Street Bridge,sediment grab sample,5,9,5,2022,CA,Hakai-FCBB,BoLD original eventID: BHAK-12076-FCBB,http://biocol.org/urn:lsid:biocol.org:col:15106
sediment grab sample,2022-09-05,BHAK-12077-FCBB-001,,5,5,inlet,49.272,-123.115,FalseCreek_BioBlitz_2022,"University of British Columbia, Beaty Biodiversity Museum",BHAK-12077-FCBB,BHAK-12077-FCBB,BHAK-12077-FCBB,BHAK-12077-FCBB,Canada,British Columbia,Burrard Inlet,False Creek,Cambie Street Bridge,sediment grab sample,5,9,5,2022,CA,Hakai-FCBB,BoLD original eventID: BHAK-12077-FCBB,http://biocol.org/urn:lsid:biocol.org:col:15106
sediment grab sample,2022-09-05,BHAK-12078-FCBB-001,,5,5,inlet,49.272,-123.115,FalseCreek_BioBlitz_2022,"University of British Columbia, Beaty Biodiversity Museum",BHAK-12078-FCBB,BHAK-12078-FCBB,BHAK-12078-FCBB,BHAK-12078-FCBB,Canada,British Columbia,Burrard Inlet,False Creek,Cambie Street Bridge,sediment grab sample,5,9,5,2022,CA,Hakai-FCBB,BoLD original eventID: BHAK-12078-FCBB,http://biocol.org/urn:lsid:biocol.org:col:15106
sediment grab sample,2022-09-05,BHAK-12079-FCBB-001,,5,5,inlet,49.272,-123.115,FalseCreek_BioBlitz_2022,"University of British Columbia, Beaty Biodiversity Museum",BHAK-12079-FCBB,BHAK-12079-FCBB,BHAK-12079-FCBB,BHAK-12079-FCBB,Canada,British Columbia,Burrard Inlet,False Creek,Cambie Street Bridge,sediment grab sample,5,9,5,2022,CA,Hakai-FCBB,BoLD original eventID: BHAK-12079-FCBB,http://biocol.org/urn:lsid:biocol.org:col:15106
sediment grab sample,2022-09-05,BHAK-12080-FCBB-001,,5,5,inlet,49.272,-123.115,FalseCreek_BioBlitz_2022,"University of British Columbia, Beaty Biodiversity Museum",BHAK-12080-FCBB,BHAK-12080-FCBB,BHAK-12080-FCBB,BHAK-12080-FCBB,Canada,British Columbia,Burrard Inlet,False Creek,Cambie Street Bridge,sediment grab sample,5,9,5,2022,CA,Hakai-FCBB,BoLD original eventID: BHAK-12080-FCBB,http://biocol.org/urn:lsid:biocol.org:col:15106
sediment grab sample,2022-09-05,BHAK-12081-FCBB-001,,5,5,inlet,49.272,-123.115,FalseCreek_BioBlitz_2022,"University of British Columbia, Beaty Biodiversity Museum",BHAK-12081-FCBB,BHAK-12081-FCBB,BHAK-12081-FCBB,BHAK-12081-FCBB,Canada,British Columbia,Burrard Inlet,False Creek,Cambie Street Bridge,sediment grab sample,5,9,5,2022,CA,Hakai-FCBB,BoLD original eventID: BHAK-12081-FCBB,http://biocol.org/urn:lsid:biocol.org:col:15106
sediment grab sample,2022-09-05,BHAK-12082-FCBB-001,,5,5,inlet,49.272,-123.115,FalseCreek_BioBlitz_2022,"University of British Columbia, Beaty Biodiversity Museum",BHAK-12082-FCBB,BHAK-12082-FCBB,BHAK-12082-FCBB,BHAK-12082-FCBB,Canada,British Columbia,Burrard Inlet,False Creek,Cambie Street Bridge,sediment grab sample,5,9,5,2022,CA,Hakai-FCBB,BoLD original eventID: BHAK-12082-FCBB,http://biocol.org/urn:lsid:biocol.org:col:15106
sediment grab sample,2022-09-05,BHAK-12083-FCBB-001,,5,5,inlet,49.272,-123.115,FalseCreek_BioBlitz_2022,"University of British Columbia, Beaty Biodiversity Museum",BHAK-12083-FCBB,BHAK-12083-FCBB,BHAK-12083-FCBB,BHAK-12083-FCBB,Canada,British Columbia,Burrard Inlet,False Creek,Cambie Street Bridge,sediment grab sample,5,9,5,2022,CA,Hakai-FCBB,BoLD original eventID: BHAK-12083-FCBB,http://biocol.org/urn:lsid:biocol.org:col:15106
sediment grab sample,2022-09-05,BHAK-12084-FCBB-001,,5,5,inlet,49.272,-123.115,FalseCreek_BioBlitz_2022,"University of British Columbia, Beaty Biodiversity Museum",BHAK-12084-FCBB,BHAK-12084-FCBB,BHAK-12084-FCBB,BHAK-12084-FCBB,Canada,British Columbia,Burrard Inlet,False Creek,Cambie Street Bridge,sediment grab sample,5,9,5,2022,CA,Hakai-FCBB,BoLD original eventID: BHAK-12084-FCBB,http://biocol.org/urn:lsid:biocol.org:col:15106
sediment grab sample,2022-09-05,BHAK-12085-FCBB-001,,5,5,inlet,49.272,-123.115,FalseCreek_BioBlitz_2022,"University of British Columbia, Beaty Biodiversity Museum",BHAK-12085-FCBB,BHAK-12085-FCBB,BHAK-12085-FCBB,BHAK-12085-FCBB,Canada,British Columbia,Burrard Inlet,False Creek,Cambie Street Bridge,sediment grab sample,5,9,5,2022,CA,Hakai-FCBB,BoLD original eventID: BHAK-12085-FCBB,http://biocol.org/urn:lsid:biocol.org:col:15106
sediment grab sample,2022-09-05,BHAK-12086-FCBB-001,,5,5,inlet,49.272,-123.115,FalseCreek_BioBlitz_2022,"University of British Columbia, Beaty Biodiversity Museum",BHAK-12086-FCBB,BHAK-12086-FCBB,BHAK-12086-FCBB,BHAK-12086-FCBB,Canada,British Columbia,Burrard Inlet,False Creek,Cambie Street Bridge,sediment grab sample,5,9,5,2022,CA,Hakai-FCBB,BoLD original eventID: BHAK-12086-FCBB,http://biocol.org/urn:lsid:biocol.org:col:15106
sediment grab sample,2022-09-05,BHAK-12087-FCBB-001,,5,5,inlet,49.272,-123.115,FalseCreek_BioBlitz_2022,"University of British Columbia, Beaty Biodiversity Museum",BHAK-12087-FCBB,BHAK-12087-FCBB,BHAK-12087-FCBB,BHAK-12087-FCBB,Canada,British Columbia,Burrard Inlet,False Creek,Cambie Street Bridge,sediment grab sample,5,9,5,2022,CA,Hakai-FCBB,BoLD original eventID: BHAK-12087-FCBB,http://biocol.org/urn:lsid:biocol.org:col:15106
sediment grab sample,2022-09-05,BHAK-12088-FCBB-001,,5,5,inlet,49.272,-123.115,FalseCreek_BioBlitz_2022,"University of British Columbia, Beaty Biodiversity Museum",BHAK-12088-FCBB,BHAK-12088-FCBB,BHAK-12088-FCBB,BHAK-12088-FCBB,Canada,British Columbia,Burrard Inlet,False Creek,Cambie Street Bridge,sediment grab sample,5,9,5,2022,CA,Hakai-FCBB,BoLD original eventID: BHAK-12088-FCBB,http://biocol.org/urn:lsid:biocol.org:col:15106
sediment grab sample,2022-09-05,BHAK-12089-FCBB-001,,5,5,inlet,49.272,-123.115,FalseCreek_BioBlitz_2022,"University of British Columbia, Beaty Biodiversity Museum",BHAK-12089-FCBB,BHAK-12089-FCBB,BHAK-12089-FCBB,BHAK-12089-FCBB,Canada,British Columbia,Burrard Inlet,False Creek,Cambie Street Bridge,sediment grab sample,5,9,5,2022,CA,Hakai-FCBB,BoLD original eventID: BHAK-12089-FCBB,http://biocol.org/urn:lsid:biocol.org:col:15106
sediment grab sample,2022-09-05,BHAK-12090-FCBB-001,,5,5,inlet,49.272,-123.115,FalseCreek_BioBlitz_2022,"University of British Columbia, Beaty Biodiversity Museum",BHAK-12090-FCBB,BHAK-12090-FCBB,BHAK-12090-FCBB,BHAK-12090-FCBB,Canada,British Columbia,Burrard Inlet,False Creek,Cambie Street Bridge,sediment grab sample,5,9,5,2022,CA,Hakai-FCBB,BoLD original eventID: BHAK-12090-FCBB,http://biocol.org/urn:lsid:biocol.org:col:15106
sediment grab sample,2022-09-05,BHAK-12066-FCBB-001,,5,5,inlet,49.272,-123.115,FalseCreek_BioBlitz_2022,"University of British Columbia, Beaty Biodiversity Museum",BHAK-12066-FCBB,BHAK-12066-FCBB,BHAK-12066-FCBB,BHAK-12066-FCBB,Canada,British Columbia,Burrard Inlet,False Creek,Cambie Street Bridge,sediment grab sample,5,9,5,2022,CA,Hakai-FCBB,BoLD original eventID: BHAK-12066-FCBB,http://biocol.org/urn:lsid:biocol.org:col:15106
sediment grab sample,2022-09-05,BHAK-12067-FCBB-001,,5,5,inlet,49.272,-123.115,FalseCreek_BioBlitz_2022,"University of British Columbia, Beaty Biodiversity Museum",BHAK-12067-FCBB,BHAK-12067-FCBB,BHAK-12067-FCBB,BHAK-12067-FCBB,Canada,British Columbia,Burrard Inlet,False Creek,Cambie Street Bridge,sediment grab sample,5,9,5,2022,CA,Hakai-FCBB,BoLD original eventID: BHAK-12067-FCBB,http://biocol.org/urn:lsid:biocol.org:col:15106
sediment grab sample,2022-09-05,BHAK-12068-FCBB-001,,5,5,inlet,49.272,-123.115,FalseCreek_BioBlitz_2022,"University of British Columbia, Beaty Biodiversity Museum",BHAK-12068-FCBB,BHAK-12068-FCBB,BHAK-12068-FCBB,BHAK-12068-FCBB,Canada,British Columbia,Burrard Inlet,False Creek,Cambie Street Bridge,sediment grab sample,5,9,5,2022,CA,Hakai-FCBB,BoLD original eventID: BHAK-12068-FCBB,http://biocol.org/urn:lsid:biocol.org:col:15106
sediment grab sample,2022-09-05,BHAK-12069-FCBB-001,,5,5,inlet,49.272,-123.115,FalseCreek_BioBlitz_2022,"University of British Columbia, Beaty Biodiversity Museum",BHAK-12069-FCBB,BHAK-12069-FCBB,BHAK-12069-FCBB,BHAK-12069-FCBB,Canada,British Columbia,Burrard Inlet,False Creek,Cambie Street Bridge,sediment grab sample,5,9,5,2022,CA,Hakai-FCBB,BoLD original eventID: BHAK-12069-FCBB,http://biocol.org/urn:lsid:biocol.org:col:15106
sediment grab sample,2022-09-05,BHAK-12070-FCBB-001,,5,5,inlet,49.272,-123.115,FalseCreek_BioBlitz_2022,"University of British Columbia, Beaty Biodiversity Museum",BHAK-12070-FCBB,BHAK-12070-FCBB,BHAK-12070-FCBB,BHAK-12070-FCBB,Canada,British Columbia,Burrard Inlet,False Creek,Cambie Street Bridge,sediment grab sample,5,9,5,2022,CA,Hakai-FCBB,BoLD original eventID: BHAK-12070-FCBB,http://biocol.org/urn:lsid:biocol.org:col:15106
sediment grab sample,2022-09-05,BHAK-12071-FCBB-001,,5,5,inlet,49.272,-123.115,FalseCreek_BioBlitz_2022,"University of British Columbia, Beaty Biodiversity Museum",BHAK-12071-FCBB,BHAK-12071-FCBB,BHAK-12071-FCBB,BHAK-12071-FCBB,Canada,British Columbia,Burrard Inlet,False Creek,Cambie Street Bridge,sediment grab sample,5,9,5,2022,CA,Hakai-FCBB,BoLD original eventID: BHAK-12071-FCBB,http://biocol.org/urn:lsid:biocol.org:col:15106
sediment grab sample,2022-09-05,BHAK-12072-FCBB-001,,5,5,inlet,49.272,-123.115,FalseCreek_BioBlitz_2022,"University of British Columbia, Beaty Biodiversity Museum",BHAK-12072-FCBB,BHAK-12072-FCBB,BHAK-12072-FCBB,BHAK-12072-FCBB,Canada,British Columbia,Burrard Inlet,False Creek,Cambie Street Bridge,sediment grab sample,5,9,5,2022,CA,Hakai-FCBB,BoLD original eventID: BHAK-12072-FCBB,http://biocol.org/urn:lsid:biocol.org:col:15106
sediment grab sample,2022-09-05,BHAK-12096-FCBB-001,,5,5,inlet,49.27,-123.123,FalseCreek_BioBlitz_2022,"University of British Columbia, Beaty Biodiversity Museum",BHAK-12096-FCBB,BHAK-12096-FCBB,BHAK-12096-FCBB,BHAK-12096-FCBB,Canada,British Columbia,Burrard Inlet,False Creek,Charleston Park- combined sewer outflow,sediment grab sample,5,9,5,2022,CA,Hakai-FCBB,BoLD original eventID: BHAK-12096-FCBB,http://biocol.org/urn:lsid:biocol.org:col:15106
sediment grab sample,2022-09-05,BHAK-12097-FCBB-001,,5,5,inlet,49.27,-123.123,FalseCreek_BioBlitz_2022,"University of British Columbia, Beaty Biodiversity Museum",BHAK-12097-FCBB,BHAK-12097-FCBB,BHAK-12097-FCBB,BHAK-12097-FCBB,Canada,British Columbia,Burrard Inlet,False Creek,Charleston Park- combined sewer outflow,sediment grab sample,5,9,5,2022,CA,Hakai-FCBB,BoLD original eventID: BHAK-12097-FCBB,http://biocol.org/urn:lsid:biocol.org:col:15106
sediment grab sample,2022-09-05,BHAK-12098-FCBB-001,,5,5,inlet,49.27,-123.123,FalseCreek_BioBlitz_2022,"University of British Columbia, Beaty Biodiversity Museum",BHAK-12098-FCBB,BHAK-12098-FCBB,BHAK-12098-FCBB,BHAK-12098-FCBB,Canada,British Columbia,Burrard Inlet,False Creek,Charleston Park- combined sewer outflow,sediment grab sample,5,9,5,2022,CA,Hakai-FCBB,BoLD original eventID: BHAK-12098-FCBB,http://biocol.org/urn:lsid:biocol.org:col:15106
sediment grab sample,2022-09-05,BHAK-12099-FCBB-001,,5,5,inlet,49.27,-123.123,FalseCreek_BioBlitz_2022,"University of British Columbia, Beaty Biodiversity Museum",BHAK-12099-FCBB,BHAK-12099-FCBB,BHAK-12099-FCBB,BHAK-12099-FCBB,Canada,British Columbia,Burrard Inlet,False Creek,Charleston Park- combined sewer outflow,sediment grab sample,5,9,5,2022,CA,Hakai-FCBB,BoLD original eventID: BHAK-12099-FCBB,http://biocol.org/urn:lsid:biocol.org:col:15106
sediment grab sample,2022-09-05,BHAK-12100-FCBB-001,,5,5,inlet,49.27,-123.123,FalseCreek_BioBlitz_2022,"University of British Columbia, Beaty Biodiversity Museum",BHAK-12100-FCBB,BHAK-12100-FCBB,BHAK-12100-FCBB,BHAK-12100-FCBB,Canada,British Columbia,Burrard Inlet,False Creek,Charleston Park- combined sewer outflow,sediment grab sample,5,9,5,2022,CA,Hakai-FCBB,BoLD original eventID: BHAK-12100-FCBB,http://biocol.org/urn:lsid:biocol.org:col:15106
sediment grab sample,2022-09-05,BHAK-12101-FCBB-001,,5,5,inlet,49.27,-123.123,FalseCreek_BioBlitz_2022,"University of British Columbia, Beaty Biodiversity Museum",BHAK-12101-FCBB,BHAK-12101-FCBB,BHAK-12101-FCBB,BHAK-12101-FCBB,Canada,British Columbia,Burrard Inlet,False Creek,Charleston Park- combined sewer outflow,sediment grab sample,5,9,5,2022,CA,Hakai-FCBB,BoLD original eventID: BHAK-12101-FCBB,http://biocol.org/urn:lsid:biocol.org:col:15106
sediment grab sample,2022-09-05,BHAK-12102-FCBB-001,,5,5,inlet,49.27,-123.123,FalseCreek_BioBlitz_2022,"University of British Columbia, Beaty Biodiversity Museum",BHAK-12102-FCBB,BHAK-12102-FCBB,BHAK-12102-FCBB,BHAK-12102-FCBB,Canada,British Columbia,Burrard Inlet,False Creek,Charleston Park- combined sewer outflow,sediment grab sample,5,9,5,2022,CA,Hakai-FCBB,BoLD original eventID: BHAK-12102-FCBB,http://biocol.org/urn:lsid:biocol.org:col:15106
sediment grab sample,2022-09-05,BHAK-12103-FCBB-001,,5,5,inlet,49.27,-123.123,FalseCreek_BioBlitz_2022,"University of British Columbia, Beaty Biodiversity Museum",BHAK-12103-FCBB,BHAK-12103-FCBB,BHAK-12103-FCBB,BHAK-12103-FCBB,Canada,British Columbia,Burrard Inlet,False Creek,Charleston Park- combined sewer outflow,sediment grab sample,5,9,5,2022,CA,Hakai-FCBB,BoLD original eventID: BHAK-12103-FCBB,http://biocol.org/urn:lsid:biocol.org:col:15106
sediment grab sample,2022-09-05,BHAK-12104-FCBB-001,,5,5,inlet,49.27,-123.123,FalseCreek_BioBlitz_2022,"University of British Columbia, Beaty Biodiversity Museum",BHAK-12104-FCBB,BHAK-12104-FCBB,BHAK-12104-FCBB,BHAK-12104-FCBB,Canada,British Columbia,Burrard Inlet,False Creek,Charleston Park- combined sewer outflow,sediment grab sample,5,9,5,2022,CA,Hakai-FCBB,BoLD original eventID: BHAK-12104-FCBB,http://biocol.org/urn:lsid:biocol.org:col:15106
sediment grab sample,2022-09-05,BHAK-12105-FCBB-001,,5,5,inlet,49.27,-123.123,FalseCreek_BioBlitz_2022,"University of British Columbia, Beaty Biodiversity Museum",BHAK-12105-FCBB,BHAK-12105-FCBB,BHAK-12105-FCBB,BHAK-12105-FCBB,Canada,British Columbia,Burrard Inlet,False Creek,Charleston Park- combined sewer outflow,sediment grab sample,5,9,5,2022,CA,Hakai-FCBB,BoLD original eventID: BHAK-12105-FCBB,http://biocol.org/urn:lsid:biocol.org:col:15106
sediment grab sample,2022-09-05,BHAK-12106-FCBB-001,,5,5,inlet,49.27,-123.123,FalseCreek_BioBlitz_2022,"University of British Columbia, Beaty Biodiversity Museum",BHAK-12106-FCBB,BHAK-12106-FCBB,BHAK-12106-FCBB,BHAK-12106-FCBB,Canada,British Columbia,Burrard Inlet,False Creek,Charleston Park- combined sewer outflow,sediment grab sample,5,9,5,2022,CA,Hakai-FCBB,BoLD original eventID: BHAK-12106-FCBB,http://biocol.org/urn:lsid:biocol.org:col:15106
sediment grab sample,2022-09-05,BHAK-12107-FCBB-001,,5,5,inlet,49.27,-123.123,FalseCreek_BioBlitz_2022,"University of British Columbia, Beaty Biodiversity Museum",BHAK-12107-FCBB,BHAK-12107-FCBB,BHAK-12107-FCBB,BHAK-12107-FCBB,Canada,British Columbia,Burrard Inlet,False Creek,Charleston Park- combined sewer outflow,sediment grab sample,5,9,5,2022,CA,Hakai-FCBB,BoLD original eventID: BHAK-12107-FCBB,http://biocol.org/urn:lsid:biocol.org:col:15106
sediment grab sample,2022-09-05,BHAK-12108-FCBB-001,,5,5,inlet,49.27,-123.123,FalseCreek_BioBlitz_2022,"University of British Columbia, Beaty Biodiversity Museum",BHAK-12108-FCBB,BHAK-12108-FCBB,BHAK-12108-FCBB,BHAK-12108-FCBB,Canada,British Columbia,Burrard Inlet,False Creek,Charleston Park- combined sewer outflow,sediment grab sample,5,9,5,2022,CA,Hakai-FCBB,BoLD original eventID: BHAK-12108-FCBB,http://biocol.org/urn:lsid:biocol.org:col:15106
sediment grab sample,2022-09-05,BHAK-12109-FCBB-001,,5,5,inlet,49.27,-123.123,FalseCreek_BioBlitz_2022,"University of British Columbia, Beaty Biodiversity Museum",BHAK-12109-FCBB,BHAK-12109-FCBB,BHAK-12109-FCBB,BHAK-12109-FCBB,Canada,British Columbia,Burrard Inlet,False Creek,Charleston Park- combined sewer outflow,sediment grab sample,5,9,5,2022,CA,Hakai-FCBB,BoLD original eventID: BHAK-12109-FCBB,http://biocol.org/urn:lsid:biocol.org:col:15106
sediment grab sample,2022-09-05,BHAK-12110-FCBB-001,,5,5,inlet,49.27,-123.123,FalseCreek_BioBlitz_2022,"University of British Columbia, Beaty Biodiversity Museum",BHAK-12110-FCBB,BHAK-12110-FCBB,BHAK-12110-FCBB,BHAK-12110-FCBB,Canada,British Columbia,Burrard Inlet,False Creek,Charleston Park- combined sewer outflow,sediment grab sample,5,9,5,2022,CA,Hakai-FCBB,BoLD original eventID: BHAK-12110-FCBB,http://biocol.org/urn:lsid:biocol.org:col:15106
sediment grab sample,2022-09-05,BHAK-12111-FCBB-001,,5,5,inlet,49.27,-123.123,FalseCreek_BioBlitz_2022,"University of British Columbia, Beaty Biodiversity Museum",BHAK-12111-FCBB,BHAK-12111-FCBB,BHAK-12111-FCBB,BHAK-12111-FCBB,Canada,British Columbia,Burrard Inlet,False Creek,Charleston Park- combined sewer outflow,sediment grab sample,5,9,5,2022,CA,Hakai-FCBB,BoLD original eventID: BHAK-12111-FCBB,http://biocol.org/urn:lsid:biocol.org:col:15106
sediment grab sample,2022-09-05,BHAK-12112-FCBB-001,,5,5,inlet,49.27,-123.123,FalseCreek_BioBlitz_2022,"University of British Columbia, Beaty Biodiversity Museum",BHAK-12112-FCBB,BHAK-12112-FCBB,BHAK-12112-FCBB,BHAK-12112-FCBB,Canada,British Columbia,Burrard Inlet,False Creek,Charleston Park- combined sewer outflow,sediment grab sample,5,9,5,2022,CA,Hakai-FCBB,BoLD original eventID: BHAK-12112-FCBB,http://biocol.org/urn:lsid:biocol.org:col:15106
sediment grab sample,2022-09-05,BHAK-12113-FCBB-001,,5,5,inlet,49.27,-123.123,FalseCreek_BioBlitz_2022,"University of British Columbia, Beaty Biodiversity Museum",BHAK-12113-FCBB,BHAK-12113-FCBB,BHAK-12113-FCBB,BHAK-12113-FCBB,Canada,British Columbia,Burrard Inlet,False Creek,Charleston Park- combined sewer outflow,sediment grab sample,5,9,5,2022,CA,Hakai-FCBB,BoLD original eventID: BHAK-12113-FCBB,http://biocol.org/urn:lsid:biocol.org:col:15106
sediment grab sample,2022-09-05,BHAK-12114-FCBB-001,,5,5,inlet,49.27,-123.123,FalseCreek_BioBlitz_2022,"University of British Columbia, Beaty Biodiversity Museum",BHAK-12114-FCBB,BHAK-12114-FCBB,BHAK-12114-FCBB,BHAK-12114-FCBB,Canada,British Columbia,Burrard Inlet,False Creek,Charleston Park- combined sewer outflow,sediment grab sample,5,9,5,2022,CA,Hakai-FCBB,BoLD original eventID: BHAK-12114-FCBB,http://biocol.org/urn:lsid:biocol.org:col:15106
sediment grab sample,2022-09-05,BHAK-12115-FCBB-001,,5,5,inlet,49.27,-123.123,FalseCreek_BioBlitz_2022,"University of British Columbia, Beaty Biodiversity Museum",BHAK-12115-FCBB,BHAK-12115-FCBB,BHAK-12115-FCBB,BHAK-12115-FCBB,Canada,British Columbia,Burrard Inlet,False Creek,Charleston Park- combined sewer outflow,sediment grab sample,5,9,5,2022,CA,Hakai-FCBB,BoLD original eventID: BHAK-12115-FCBB,http://biocol.org/urn:lsid:biocol.org:col:15106
sediment grab sample,2022-09-05,BHAK-12116-FCBB-001,,5,5,inlet,49.27,-123.123,FalseCreek_BioBlitz_2022,"University of British Columbia, Beaty Biodiversity Museum",BHAK-12116-FCBB,BHAK-12116-FCBB,BHAK-12116-FCBB,BHAK-12116-FCBB,Canada,British Columbia,Burrard Inlet,False Creek,Charleston Park- combined sewer outflow,sediment grab sample,5,9,5,2022,CA,Hakai-FCBB,BoLD original eventID: BHAK-12116-FCBB,http://biocol.org/urn:lsid:biocol.org:col:15106
sediment grab sample,2022-09-05,BHAK-12117-FCBB-001,,5,5,inlet,49.27,-123.123,FalseCreek_BioBlitz_2022,"University of British Columbia, Beaty Biodiversity Museum",BHAK-12117-FCBB,BHAK-12117-FCBB,BHAK-12117-FCBB,BHAK-12117-FCBB,Canada,British Columbia,Burrard Inlet,False Creek,Charleston Park- combined sewer outflow,sediment grab sample,5,9,5,2022,CA,Hakai-FCBB,BoLD original eventID: BHAK-12117-FCBB,http://biocol.org/urn:lsid:biocol.org:col:15106
sediment grab sample,2022-09-05,BHAK-12144-FCBB-001,,5,5,inlet,49.27,-123.123,FalseCreek_BioBlitz_2022,"University of British Columbia, Beaty Biodiversity Museum",BHAK-12144-FCBB,BHAK-12144-FCBB,BHAK-12144-FCBB,BHAK-12144-FCBB,Canada,British Columbia,Burrard Inlet,False Creek,Charleston Park- combined sewer outflow,sediment grab sample,5,9,5,2022,CA,Hakai-FCBB,BoLD original eventID: BHAK-12144-FCBB,http://biocol.org/urn:lsid:biocol.org:col:15106
sediment grab sample,2022-09-06,BHAK-12145-FCBB-001,,5,5,inlet,49.273,-123.134,FalseCreek_BioBlitz_2022,"University of British Columbia, Beaty Biodiversity Museum",BHAK-12145-FCBB,BHAK-12145-FCBB,BHAK-12145-FCBB,BHAK-12145-FCBB,Canada,British Columbia,Burrard Inlet,False Creek,Granville Island,sediment grab sample,5,9,6,2022,CA,Hakai-FCBB,BoLD original eventID: BHAK-12145-FCBB,http://biocol.org/urn:lsid:biocol.org:col:15106
sediment grab sample,2022-09-06,BHAK-12146-FCBB-001,,5,5,inlet,49.273,-123.134,FalseCreek_BioBlitz_2022,"University of British Columbia, Beaty Biodiversity Museum",BHAK-12146-FCBB,BHAK-12146-FCBB,BHAK-12146-FCBB,BHAK-12146-FCBB,Canada,British Columbia,Burrard Inlet,False Creek,Granville Island,sediment grab sample,5,9,6,2022,CA,Hakai-FCBB,BoLD original eventID: BHAK-12146-FCBB,http://biocol.org/urn:lsid:biocol.org:col:15106
sediment grab sample,2022-09-06,BHAK-12147-FCBB-001,,5,5,inlet,49.273,-123.134,FalseCreek_BioBlitz_2022,"University of British Columbia, Beaty Biodiversity Museum",BHAK-12147-FCBB,BHAK-12147-FCBB,BHAK-12147-FCBB,BHAK-12147-FCBB,Canada,British Columbia,Burrard Inlet,False Creek,Granville Island,sediment grab sample,5,9,6,2022,CA,Hakai-FCBB,BoLD original eventID: BHAK-12147-FCBB,http://biocol.org/urn:lsid:biocol.org:col:15106
sediment grab sample,2022-09-06,BHAK-12148-FCBB-001,,5,5,inlet,49.273,-123.134,FalseCreek_BioBlitz_2022,"University of British Columbia, Beaty Biodiversity Museum",BHAK-12148-FCBB,BHAK-12148-FCBB,BHAK-12148-FCBB,BHAK-12148-FCBB,Canada,British Columbia,Burrard Inlet,False Creek,Granville Island,sediment grab sample,5,9,6,2022,CA,Hakai-FCBB,BoLD original eventID: BHAK-12148-FCBB,http://biocol.org/urn:lsid:biocol.org:col:15106
sediment grab sample,2022-09-06,BHAK-12149-FCBB-001,,5,5,inlet,49.273,-123.134,FalseCreek_BioBlitz_2022,"University of British Columbia, Beaty Biodiversity Museum",BHAK-12149-FCBB,BHAK-12149-FCBB,BHAK-12149-FCBB,BHAK-12149-FCBB,Canada,British Columbia,Burrard Inlet,False Creek,Granville Island,sediment grab sample,5,9,6,2022,CA,Hakai-FCBB,BoLD original eventID: BHAK-12149-FCBB,http://biocol.org/urn:lsid:biocol.org:col:15106
sediment grab sample,2022-09-06,BHAK-12151-FCBB-001,,5,5,inlet,49.273,-123.134,FalseCreek_BioBlitz_2022,"University of British Columbia, Beaty Biodiversity Museum",BHAK-12151-FCBB,BHAK-12151-FCBB,BHAK-12151-FCBB,BHAK-12151-FCBB,Canada,British Columbia,Burrard Inlet,False Creek,Granville Island,sediment grab sample,5,9,6,2022,CA,Hakai-FCBB,BoLD original eventID: BHAK-12151-FCBB,http://biocol.org/urn:lsid:biocol.org:col:15106
sediment grab sample,2022-09-06,BHAK-12152-FCBB-001,,5,5,inlet,49.273,-123.134,FalseCreek_BioBlitz_2022,"University of British Columbia, Beaty Biodiversity Museum",BHAK-12152-FCBB,BHAK-12152-FCBB,BHAK-12152-FCBB,BHAK-12152-FCBB,Canada,British Columbia,Burrard Inlet,False Creek,Granville Island,sediment grab sample,5,9,6,2022,CA,Hakai-FCBB,BoLD original eventID: BHAK-12152-FCBB,http://biocol.org/urn:lsid:biocol.org:col:15106
sediment grab sample,2022-09-06,BHAK-12153-FCBB-001,,5,5,inlet,49.273,-123.134,FalseCreek_BioBlitz_2022,"University of British Columbia, Beaty Biodiversity Museum",BHAK-12153-FCBB,BHAK-12153-FCBB,BHAK-12153-FCBB,BHAK-12153-FCBB,Canada,British Columbia,Burrard Inlet,False Creek,Granville Island,sediment grab sample,5,9,6,2022,CA,Hakai-FCBB,BoLD original eventID: BHAK-12153-FCBB,http://biocol.org/urn:lsid:biocol.org:col:15106
sediment grab sample,2022-09-06,BHAK-12154-FCBB-001,,5,5,inlet,49.273,-123.134,FalseCreek_BioBlitz_2022,"University of British Columbia, Beaty Biodiversity Museum",BHAK-12154-FCBB,BHAK-12154-FCBB,BHAK-12154-FCBB,BHAK-12154-FCBB,Canada,British Columbia,Burrard Inlet,False Creek,Granville Island,sediment grab sample,5,9,6,2022,CA,Hakai-FCBB,BoLD original eventID: BHAK-12154-FCBB,http://biocol.org/urn:lsid:biocol.org:col:15106
sediment grab sample,2022-09-06,BHAK-12155-FCBB-001,,5,5,inlet,49.273,-123.134,FalseCreek_BioBlitz_2022,"University of British Columbia, Beaty Biodiversity Museum",BHAK-12155-FCBB,BHAK-12155-FCBB,BHAK-12155-FCBB,BHAK-12155-FCBB,Canada,British Columbia,Burrard Inlet,False Creek,Granville Island,sediment grab sample,5,9,6,2022,CA,Hakai-FCBB,BoLD original eventID: BHAK-12155-FCBB,http://biocol.org/urn:lsid:biocol.org:col:15106
sediment grab sample,2022-09-06,BHAK-12156-FCBB-001,,5,5,inlet,49.273,-123.134,FalseCreek_BioBlitz_2022,"University of British Columbia, Beaty Biodiversity Museum",BHAK-12156-FCBB,BHAK-12156-FCBB,BHAK-12156-FCBB,BHAK-12156-FCBB,Canada,British Columbia,Burrard Inlet,False Creek,Granville Island,sediment grab sample,5,9,6,2022,CA,Hakai-FCBB,BoLD original eventID: BHAK-12156-FCBB,http://biocol.org/urn:lsid:biocol.org:col:15106
sediment grab sample,2022-09-06,BHAK-12157-FCBB-001,,5,5,inlet,49.273,-123.134,FalseCreek_BioBlitz_2022,"University of British Columbia, Beaty Biodiversity Museum",BHAK-12157-FCBB,BHAK-12157-FCBB,BHAK-12157-FCBB,BHAK-12157-FCBB,Canada,British Columbia,Burrard Inlet,False Creek,Granville Island,sediment grab sample,5,9,6,2022,CA,Hakai-FCBB,BoLD original eventID: BHAK-12157-FCBB,http://biocol.org/urn:lsid:biocol.org:col:15106
sediment grab sample,2022-09-06,BHAK-12158-FCBB-001,,5,5,inlet,49.273,-123.134,FalseCreek_BioBlitz_2022,"University of British Columbia, Beaty Biodiversity Museum",BHAK-12158-FCBB,BHAK-12158-FCBB,BHAK-12158-FCBB,BHAK-12158-FCBB,Canada,British Columbia,Burrard Inlet,False Creek,Granville Island,sediment grab sample,5,9,6,2022,CA,Hakai-FCBB,BoLD original eventID: BHAK-12158-FCBB,http://biocol.org/urn:lsid:biocol.org:col:15106
sediment grab sample,2022-09-06,BHAK-12159-FCBB-001,,5,5,inlet,49.273,-123.134,FalseCreek_BioBlitz_2022,"University of British Columbia, Beaty Biodiversity Museum",BHAK-12159-FCBB,BHAK-12159-FCBB,BHAK-12159-FCBB,BHAK-12159-FCBB,Canada,British Columbia,Burrard Inlet,False Creek,Granville Island,sediment grab sample,5,9,6,2022,CA,Hakai-FCBB,BoLD original eventID: BHAK-12159-FCBB,http://biocol.org/urn:lsid:biocol.org:col:15106
sediment grab sample,2022-09-06,BHAK-12160-FCBB-001,,5,5,inlet,49.273,-123.134,FalseCreek_BioBlitz_2022,"University of British Columbia, Beaty Biodiversity Museum",BHAK-12160-FCBB,BHAK-12160-FCBB,BHAK-12160-FCBB,BHAK-12160-FCBB,Canada,British Columbia,Burrard Inlet,False Creek,Granville Island,sediment grab sample,5,9,6,2022,CA,Hakai-FCBB,BoLD original eventID: BHAK-12160-FCBB,http://biocol.org/urn:lsid:biocol.org:col:15106
sediment grab sample,2022-09-06,BHAK-12161-FCBB-001,,5,5,inlet,49.273,-123.134,FalseCreek_BioBlitz_2022,"University of British Columbia, Beaty Biodiversity Museum",BHAK-12161-FCBB,BHAK-12161-FCBB,BHAK-12161-FCBB,BHAK-12161-FCBB,Canada,British Columbia,Burrard Inlet,False Creek,Granville Island,sediment grab sample,5,9,6,2022,CA,Hakai-FCBB,BoLD original eventID: BHAK-12161-FCBB,http://biocol.org/urn:lsid:biocol.org:col:15106
sediment grab sample,2022-09-06,BHAK-12162-FCBB-001,,5,5,inlet,49.273,-123.134,FalseCreek_BioBlitz_2022,"University of British Columbia, Beaty Biodiversity Museum",BHAK-12162-FCBB,BHAK-12162-FCBB,BHAK-12162-FCBB,BHAK-12162-FCBB,Canada,British Columbia,Burrard Inlet,False Creek,Granville Island,sediment grab sample,5,9,6,2022,CA,Hakai-FCBB,BoLD original eventID: BHAK-12162-FCBB,http://biocol.org/urn:lsid:biocol.org:col:15106
sediment grab sample,2022-09-06,BHAK-12163-FCBB-001,,5,5,inlet,49.273,-123.134,FalseCreek_BioBlitz_2022,"University of British Columbia, Beaty Biodiversity Museum",BHAK-12163-FCBB,BHAK-12163-FCBB,BHAK-12163-FCBB,BHAK-12163-FCBB,Canada,British Columbia,Burrard Inlet,False Creek,Granville Island,sediment grab sample,5,9,6,2022,CA,Hakai-FCBB,BoLD original eventID: BHAK-12163-FCBB,http://biocol.org/urn:lsid:biocol.org:col:15106
hand collected,2022-09-06,BHAK-12166-FCBB-001,Depth: intertidal,,,inlet,49.273,-123.134,FalseCreek_BioBlitz_2022,"University of British Columbia, Beaty Biodiversity Museum",BHAK-12166-FCBB,BHAK-12166-FCBB,BHAK-12166-FCBB,BHAK-12166-FCBB,Canada,British Columbia,Burrard Inlet,False Creek,Granville Island,hand collected,,9,6,2022,CA,Hakai-FCBB,BoLD original eventID: BHAK-12166-FCBB,http://biocol.org/urn:lsid:biocol.org:col:15106
hand collected,2022-09-06,BHAK-12167-FCBB-001,Depth: intertidal,,,inlet,49.273,-123.134,FalseCreek_BioBlitz_2022,"University of British Columbia, Beaty Biodiversity Museum",BHAK-12167-FCBB,BHAK-12167-FCBB,BHAK-12167-FCBB,BHAK-12167-FCBB,Canada,British Columbia,Burrard Inlet,False Creek,Granville Island,hand collected,,9,6,2022,CA,Hakai-FCBB,BoLD original eventID: BHAK-12167-FCBB,http://biocol.org/urn:lsid:biocol.org:col:15106
sediment grab sample,2022-09-06,BHAK-12168-FCBB-001,,5,5,inlet,49.273,-123.134,FalseCreek_BioBlitz_2022,"University of British Columbia, Beaty Biodiversity Museum",BHAK-12168-FCBB,BHAK-12168-FCBB,BHAK-12168-FCBB,BHAK-12168-FCBB,Canada,British Columbia,Burrard Inlet,False Creek,Granville Island,sediment grab sample,5,9,6,2022,CA,Hakai-FCBB,BoLD original eventID: BHAK-12168-FCBB,http://biocol.org/urn:lsid:biocol.org:col:15106
sediment grab sample,2022-09-06,BHAK-12169-FCBB-001,,5,5,inlet,49.273,-123.134,FalseCreek_BioBlitz_2022,"University of British Columbia, Beaty Biodiversity Museum",BHAK-12169-FCBB,BHAK-12169-FCBB,BHAK-12169-FCBB,BHAK-12169-FCBB,Canada,British Columbia,Burrard Inlet,False Creek,Granville Island,sediment grab sample,5,9,6,2022,CA,Hakai-FCBB,BoLD original eventID: BHAK-12169-FCBB,http://biocol.org/urn:lsid:biocol.org:col:15106
sediment grab sample,2022-09-06,BHAK-12170-FCBB-001,,5,5,inlet,49.273,-123.134,FalseCreek_BioBlitz_2022,"University of British Columbia, Beaty Biodiversity Museum",BHAK-12170-FCBB,BHAK-12170-FCBB,BHAK-12170-FCBB,BHAK-12170-FCBB,Canada,British Columbia,Burrard Inlet,False Creek,Granville Island,sediment grab sample,5,9,6,2022,CA,Hakai-FCBB,BoLD original eventID: BHAK-12170-FCBB,http://biocol.org/urn:lsid:biocol.org:col:15106
sediment grab sample,2022-09-06,BHAK-12171-FCBB-001,,5,5,inlet,49.273,-123.134,FalseCreek_BioBlitz_2022,"University of British Columbia, Beaty Biodiversity Museum",BHAK-12171-FCBB,BHAK-12171-FCBB,BHAK-12171-FCBB,BHAK-12171-FCBB,Canada,British Columbia,Burrard Inlet,False Creek,Granville Island,sediment grab sample,5,9,6,2022,CA,Hakai-FCBB,BoLD original eventID: BHAK-12171-FCBB,http://biocol.org/urn:lsid:biocol.org:col:15106
sediment grab sample,2022-09-06,BHAK-12172-FCBB-001,,5,5,inlet,49.273,-123.134,FalseCreek_BioBlitz_2022,"University of British Columbia, Beaty Biodiversity Museum",BHAK-12172-FCBB,BHAK-12172-FCBB,BHAK-12172-FCBB,BHAK-12172-FCBB,Canada,British Columbia,Burrard Inlet,False Creek,Granville Island,sediment grab sample,5,9,6,2022,CA,Hakai-FCBB,BoLD original eventID: BHAK-12172-FCBB,http://biocol.org/urn:lsid:biocol.org:col:15106
sediment grab sample,2022-09-06,BHAK-12211-FCBB-001,,5,5,inlet,49.273,-123.134,FalseCreek_BioBlitz_2022,"University of British Columbia, Beaty Biodiversity Museum",BHAK-12211-FCBB,BHAK-12211-FCBB,BHAK-12211-FCBB,BHAK-12211-FCBB,Canada,British Columbia,Burrard Inlet,False Creek,Granville Island,sediment grab sample,5,9,6,2022,CA,Hakai-FCBB,BoLD original eventID: BHAK-12211-FCBB,http://biocol.org/urn:lsid:biocol.org:col:15106
sediment grab sample,2022-09-06,BHAK-12212-FCBB-001,,5,5,inlet,49.273,-123.134,FalseCreek_BioBlitz_2022,"University of British Columbia, Beaty Biodiversity Museum",BHAK-12212-FCBB,BHAK-12212-FCBB,BHAK-12212-FCBB,BHAK-12212-FCBB,Canada,British Columbia,Burrard Inlet,False Creek,Granville Island,sediment grab sample,5,9,6,2022,CA,Hakai-FCBB,BoLD original eventID: BHAK-12212-FCBB,http://biocol.org/urn:lsid:biocol.org:col:15106
sediment grab sample,2022-09-06,BHAK-12213-FCBB-001,,5,5,inlet,49.279,-123.142,FalseCreek_BioBlitz_2022,"University of British Columbia, Beaty Biodiversity Museum",BHAK-12213-FCBB,BHAK-12213-FCBB,BHAK-12213-FCBB,BHAK-12213-FCBB,Canada,British Columbia,Burrard Inlet,False Creek,Vanier Park,sediment grab sample,5,9,6,2022,CA,Hakai-FCBB,BoLD original eventID: BHAK-12213-FCBB,http://biocol.org/urn:lsid:biocol.org:col:15106
sediment grab sample,2022-09-06,BHAK-12214-FCBB-001,,5,5,inlet,49.279,-123.142,FalseCreek_BioBlitz_2022,"University of British Columbia, Beaty Biodiversity Museum",BHAK-12214-FCBB,BHAK-12214-FCBB,BHAK-12214-FCBB,BHAK-12214-FCBB,Canada,British Columbia,Burrard Inlet,False Creek,Vanier Park,sediment grab sample,5,9,6,2022,CA,Hakai-FCBB,BoLD original eventID: BHAK-12214-FCBB,http://biocol.org/urn:lsid:biocol.org:col:15106
sediment grab sample,2022-09-06,BHAK-12215-FCBB-001,,5,5,inlet,49.279,-123.142,FalseCreek_BioBlitz_2022,"University of British Columbia, Beaty Biodiversity Museum",BHAK-12215-FCBB,BHAK-12215-FCBB,BHAK-12215-FCBB,BHAK-12215-FCBB,Canada,British Columbia,Burrard Inlet,False Creek,Vanier Park,sediment grab sample,5,9,6,2022,CA,Hakai-FCBB,BoLD original eventID: BHAK-12215-FCBB,http://biocol.org/urn:lsid:biocol.org:col:15106
sediment grab sample,2022-09-06,BHAK-12216-FCBB-001,,5,5,inlet,49.279,-123.142,FalseCreek_BioBlitz_2022,"University of British Columbia, Beaty Biodiversity Museum",BHAK-12216-FCBB,BHAK-12216-FCBB,BHAK-12216-FCBB,BHAK-12216-FCBB,Canada,British Columbia,Burrard Inlet,False Creek,Vanier Park,sediment grab sample,5,9,6,2022,CA,Hakai-FCBB,BoLD original eventID: BHAK-12216-FCBB,http://biocol.org/urn:lsid:biocol.org:col:15106
sediment grab sample,2022-09-06,BHAK-12217-FCBB-001,,5,5,inlet,49.279,-123.142,FalseCreek_BioBlitz_2022,"University of British Columbia, Beaty Biodiversity Museum",BHAK-12217-FCBB,BHAK-12217-FCBB,BHAK-12217-FCBB,BHAK-12217-FCBB,Canada,British Columbia,Burrard Inlet,False Creek,Vanier Park,sediment grab sample,5,9,6,2022,CA,Hakai-FCBB,BoLD original eventID: BHAK-12217-FCBB,http://biocol.org/urn:lsid:biocol.org:col:15106
sediment grab sample,2022-09-06,BHAK-12218-FCBB-001,,5,5,inlet,49.279,-123.142,FalseCreek_BioBlitz_2022,"University of British Columbia, Beaty Biodiversity Museum",BHAK-12218-FCBB,BHAK-12218-FCBB,BHAK-12218-FCBB,BHAK-12218-FCBB,Canada,British Columbia,Burrard Inlet,False Creek,Vanier Park,sediment grab sample,5,9,6,2022,CA,Hakai-FCBB,BoLD original eventID: BHAK-12218-FCBB,http://biocol.org/urn:lsid:biocol.org:col:15106
sediment grab sample,2022-09-06,BHAK-12219-FCBB-001,,5,5,inlet,49.279,-123.142,FalseCreek_BioBlitz_2022,"University of British Columbia, Beaty Biodiversity Museum",BHAK-12219-FCBB,BHAK-12219-FCBB,BHAK-12219-FCBB,BHAK-12219-FCBB,Canada,British Columbia,Burrard Inlet,False Creek,Vanier Park,sediment grab sample,5,9,6,2022,CA,Hakai-FCBB,BoLD original eventID: BHAK-12219-FCBB,http://biocol.org/urn:lsid:biocol.org:col:15106
sediment grab sample,2022-09-06,BHAK-12220-FCBB-001,,5,5,inlet,49.279,-123.142,FalseCreek_BioBlitz_2022,"University of British Columbia, Beaty Biodiversity Museum",BHAK-12220-FCBB,BHAK-12220-FCBB,BHAK-12220-FCBB,BHAK-12220-FCBB,Canada,British Columbia,Burrard Inlet,False Creek,Vanier Park,sediment grab sample,5,9,6,2022,CA,Hakai-FCBB,BoLD original eventID: BHAK-12220-FCBB,http://biocol.org/urn:lsid:biocol.org:col:15106
sediment grab sample,2022-09-06,BHAK-12221-FCBB-001,,5,5,inlet,49.279,-123.142,FalseCreek_BioBlitz_2022,"University of British Columbia, Beaty Biodiversity Museum",BHAK-12221-FCBB,BHAK-12221-FCBB,BHAK-12221-FCBB,BHAK-12221-FCBB,Canada,British Columbia,Burrard Inlet,False Creek,Vanier Park,sediment grab sample,5,9,6,2022,CA,Hakai-FCBB,BoLD original eventID: BHAK-12221-FCBB,http://biocol.org/urn:lsid:biocol.org:col:15106
sediment grab sample,2022-09-06,BHAK-12222-FCBB-001,,5,5,inlet,49.279,-123.142,FalseCreek_BioBlitz_2022,"University of British Columbia, Beaty Biodiversity Museum",BHAK-12222-FCBB,BHAK-12222-FCBB,BHAK-12222-FCBB,BHAK-12222-FCBB,Canada,British Columbia,Burrard Inlet,False Creek,Vanier Park,sediment grab sample,5,9,6,2022,CA,Hakai-FCBB,BoLD original eventID: BHAK-12222-FCBB,http://biocol.org/urn:lsid:biocol.org:col:15106
sediment grab sample,2022-09-06,BHAK-12223-FCBB-001,,5,5,inlet,49.279,-123.142,FalseCreek_BioBlitz_2022,"University of British Columbia, Beaty Biodiversity Museum",BHAK-12223-FCBB,BHAK-12223-FCBB,BHAK-12223-FCBB,BHAK-12223-FCBB,Canada,British Columbia,Burrard Inlet,False Creek,Vanier Park,sediment grab sample,5,9,6,2022,CA,Hakai-FCBB,BoLD original eventID: BHAK-12223-FCBB,http://biocol.org/urn:lsid:biocol.org:col:15106
sediment grab sample,2022-09-06,BHAK-12224-FCBB-001,,5,5,inlet,49.279,-123.142,FalseCreek_BioBlitz_2022,"University of British Columbia, Beaty Biodiversity Museum",BHAK-12224-FCBB,BHAK-12224-FCBB,BHAK-12224-FCBB,BHAK-12224-FCBB,Canada,British Columbia,Burrard Inlet,False Creek,Vanier Park,sediment grab sample,5,9,6,2022,CA,Hakai-FCBB,BoLD original eventID: BHAK-12224-FCBB,http://biocol.org/urn:lsid:biocol.org:col:15106
sediment grab sample,2022-09-06,BHAK-12225-FCBB-001,,5,5,inlet,49.279,-123.142,FalseCreek_BioBlitz_2022,"University of British Columbia, Beaty Biodiversity Museum",BHAK-12225-FCBB,BHAK-12225-FCBB,BHAK-12225-FCBB,BHAK-12225-FCBB,Canada,British Columbia,Burrard Inlet,False Creek,Vanier Park,sediment grab sample,5,9,6,2022,CA,Hakai-FCBB,BoLD original eventID: BHAK-12225-FCBB,http://biocol.org/urn:lsid:biocol.org:col:15106
sediment grab sample,2022-09-06,BHAK-12226-FCBB-001,,5,5,inlet,49.279,-123.142,FalseCreek_BioBlitz_2022,"University of British Columbia, Beaty Biodiversity Museum",BHAK-12226-FCBB,BHAK-12226-FCBB,BHAK-12226-FCBB,BHAK-12226-FCBB,Canada,British Columbia,Burrard Inlet,False Creek,Vanier Park,sediment grab sample,5,9,6,2022,CA,Hakai-FCBB,BoLD original eventID: BHAK-12226-FCBB,http://biocol.org/urn:lsid:biocol.org:col:15106
sediment grab sample,2022-09-06,BHAK-12227-FCBB-001,,5,5,inlet,49.279,-123.142,FalseCreek_BioBlitz_2022,"University of British Columbia, Beaty Biodiversity Museum",BHAK-12227-FCBB,BHAK-12227-FCBB,BHAK-12227-FCBB,BHAK-12227-FCBB,Canada,British Columbia,Burrard Inlet,False Creek,Vanier Park,sediment grab sample,5,9,6,2022,CA,Hakai-FCBB,BoLD original eventID: BHAK-12227-FCBB,http://biocol.org/urn:lsid:biocol.org:col:15106
sediment grab sample,2022-09-06,BHAK-12228-FCBB-001,,5,5,inlet,49.279,-123.142,FalseCreek_BioBlitz_2022,"University of British Columbia, Beaty Biodiversity Museum",BHAK-12228-FCBB,BHAK-12228-FCBB,BHAK-12228-FCBB,BHAK-12228-FCBB,Canada,British Columbia,Burrard Inlet,False Creek,Vanier Park,sediment grab sample,5,9,6,2022,CA,Hakai-FCBB,BoLD original eventID: BHAK-12228-FCBB,http://biocol.org/urn:lsid:biocol.org:col:15106
hand collected,2022-09-06,BHAK-12181-FCBB-001,Depth: intertidal,,,intertidal boulders,49.278,-123.152,FalseCreek_BioBlitz_2022,"University of British Columbia, Beaty Biodiversity Museum",BHAK-12181-FCBB,BHAK-12181-FCBB,BHAK-12181-FCBB,BHAK-12181-FCBB,Canada,British Columbia,Burrard Inlet,,Kitsilano Beach North Boulders,hand collected,,9,6,2022,CA,Hakai-FCBB,BoLD original eventID: BHAK-12181-FCBB,http://biocol.org/urn:lsid:biocol.org:col:15106
hand collected,2022-09-06,BHAK-12182-FCBB-001,Depth: intertidal,,,intertidal boulders,49.278,-123.152,FalseCreek_BioBlitz_2022,"University of British Columbia, Beaty Biodiversity Museum",BHAK-12182-FCBB,BHAK-12182-FCBB,BHAK-12182-FCBB,BHAK-12182-FCBB,Canada,British Columbia,Burrard Inlet,,Kitsilano Beach North Boulders,hand collected,,9,6,2022,CA,Hakai-FCBB,BoLD original eventID: BHAK-12182-FCBB,http://biocol.org/urn:lsid:biocol.org:col:15106
hand collected,2022-09-06,BHAK-12183-FCBB-001,Depth: intertidal,,,intertidal boulders,49.278,-123.152,FalseCreek_BioBlitz_2022,"University of British Columbia, Beaty Biodiversity Museum",BHAK-12183-FCBB,BHAK-12183-FCBB,BHAK-12183-FCBB,BHAK-12183-FCBB,Canada,British Columbia,Burrard Inlet,,Kitsilano Beach North Boulders,hand collected,,9,6,2022,CA,Hakai-FCBB,BoLD original eventID: BHAK-12183-FCBB,http://biocol.org/urn:lsid:biocol.org:col:15106
hand collected,2022-09-06,BHAK-12184-FCBB-001,Depth: intertidal,,,intertidal boulders,49.278,-123.152,FalseCreek_BioBlitz_2022,"University of British Columbia, Beaty Biodiversity Museum",BHAK-12184-FCBB,BHAK-12184-FCBB,BHAK-12184-FCBB,BHAK-12184-FCBB,Canada,British Columbia,Burrard Inlet,,Kitsilano Beach North Boulders,hand collected,,9,6,2022,CA,Hakai-FCBB,BoLD original eventID: BHAK-12184-FCBB,http://biocol.org/urn:lsid:biocol.org:col:15106
hand collected,2022-09-06,BHAK-12185-FCBB-001,Depth: intertidal,,,intertidal boulders,49.278,-123.152,FalseCreek_BioBlitz_2022,"University of British Columbia, Beaty Biodiversity Museum",BHAK-12185-FCBB,BHAK-12185-FCBB,BHAK-12185-FCBB,BHAK-12185-FCBB,Canada,British Columbia,Burrard Inlet,,Kitsilano Beach North Boulders,hand collected,,9,6,2022,CA,Hakai-FCBB,BoLD original eventID: BHAK-12185-FCBB,http://biocol.org/urn:lsid:biocol.org:col:15106
hand collected,2022-09-06,BHAK-12186-FCBB-001,Depth: intertidal,,,intertidal boulders,49.278,-123.152,FalseCreek_BioBlitz_2022,"University of British Columbia, Beaty Biodiversity Museum",BHAK-12186-FCBB,BHAK-12186-FCBB,BHAK-12186-FCBB,BHAK-12186-FCBB,Canada,British Columbia,Burrard Inlet,,Kitsilano Beach North Boulders,hand collected,,9,6,2022,CA,Hakai-FCBB,BoLD original eventID: BHAK-12186-FCBB,http://biocol.org/urn:lsid:biocol.org:col:15106
hand collected,2022-09-06,BHAK-12187-FCBB-001,Depth: intertidal,,,intertidal boulders,49.278,-123.152,FalseCreek_BioBlitz_2022,"University of British Columbia, Beaty Biodiversity Museum",BHAK-12187-FCBB,BHAK-12187-FCBB,BHAK-12187-FCBB,BHAK-12187-FCBB,Canada,British Columbia,Burrard Inlet,,Kitsilano Beach North Boulders,hand collected,,9,6,2022,CA,Hakai-FCBB,BoLD original eventID: BHAK-12187-FCBB,http://biocol.org/urn:lsid:biocol.org:col:15106
hand collected,2022-09-06,BHAK-12188-FCBB-001,Depth: intertidal,,,intertidal boulders,49.278,-123.152,FalseCreek_BioBlitz_2022,"University of British Columbia, Beaty Biodiversity Museum",BHAK-12188-FCBB,BHAK-12188-FCBB,BHAK-12188-FCBB,BHAK-12188-FCBB,Canada,British Columbia,Burrard Inlet,,Kitsilano Beach North Boulders,hand collected,,9,6,2022,CA,Hakai-FCBB,BoLD original eventID: BHAK-12188-FCBB,http://biocol.org/urn:lsid:biocol.org:col:15106
hand collected,2022-09-06,BHAK-12189-FCBB-001,Depth: intertidal,,,intertidal boulders,49.278,-123.152,FalseCreek_BioBlitz_2022,"University of British Columbia, Beaty Biodiversity Museum",BHAK-12189-FCBB,BHAK-12189-FCBB,BHAK-12189-FCBB,BHAK-12189-FCBB,Canada,British Columbia,Burrard Inlet,,Kitsilano Beach North Boulders,hand collected,,9,6,2022,CA,Hakai-FCBB,BoLD original eventID: BHAK-12189-FCBB,http://biocol.org/urn:lsid:biocol.org:col:15106
hand collected,2022-09-06,BHAK-12190-FCBB-001,Depth: intertidal,,,intertidal boulders,49.278,-123.152,FalseCreek_BioBlitz_2022,"University of British Columbia, Beaty Biodiversity Museum",BHAK-12190-FCBB,BHAK-12190-FCBB,BHAK-12190-FCBB,BHAK-12190-FCBB,Canada,British Columbia,Burrard Inlet,,Kitsilano Beach North Boulders,hand collected,,9,6,2022,CA,Hakai-FCBB,BoLD original eventID: BHAK-12190-FCBB,http://biocol.org/urn:lsid:biocol.org:col:15106
hand collected,2022-09-06,BHAK-12191-FCBB-001,Depth: intertidal,,,intertidal boulders,49.278,-123.152,FalseCreek_BioBlitz_2022,"University of British Columbia, Beaty Biodiversity Museum",BHAK-12191-FCBB,BHAK-12191-FCBB,BHAK-12191-FCBB,BHAK-12191-FCBB,Canada,British Columbia,Burrard Inlet,,Kitsilano Beach North Boulders,hand collected,,9,6,2022,CA,Hakai-FCBB,BoLD original eventID: BHAK-12191-FCBB,http://biocol.org/urn:lsid:biocol.org:col:15106
hand collected,2022-09-06,BHAK-12192-FCBB-001,Depth: intertidal,,,intertidal boulders,49.278,-123.152,FalseCreek_BioBlitz_2022,"University of British Columbia, Beaty Biodiversity Museum",BHAK-12192-FCBB,BHAK-12192-FCBB,BHAK-12192-FCBB,BHAK-12192-FCBB,Canada,British Columbia,Burrard Inlet,,Kitsilano Beach North Boulders,hand collected,,9,6,2022,CA,Hakai-FCBB,BoLD original eventID: BHAK-12192-FCBB,http://biocol.org/urn:lsid:biocol.org:col:15106
sediment grab sample,2022-09-06,BHAK-12209-FCBB-001,,5,5,inlet,49.283,-123.15,FalseCreek_BioBlitz_2022,"University of British Columbia, Beaty Biodiversity Museum",BHAK-12209-FCBB,BHAK-12209-FCBB,BHAK-12209-FCBB,BHAK-12209-FCBB,Canada,British Columbia,Burrard Inlet,False Creek,False Creek Mouth,sediment grab sample,5,9,6,2022,CA,Hakai-FCBB,BoLD original eventID: BHAK-12209-FCBB,http://biocol.org/urn:lsid:biocol.org:col:15106
sediment grab sample,2022-09-06,BHAK-12210-FCBB-001,,5,5,inlet,49.283,-123.15,FalseCreek_BioBlitz_2022,"University of British Columbia, Beaty Biodiversity Museum",BHAK-12210-FCBB,BHAK-12210-FCBB,BHAK-12210-FCBB,BHAK-12210-FCBB,Canada,British Columbia,Burrard Inlet,False Creek,False Creek Mouth,sediment grab sample,5,9,6,2022,CA,Hakai-FCBB,BoLD original eventID: BHAK-12210-FCBB,http://biocol.org/urn:lsid:biocol.org:col:15106
sediment grab sample,2022-09-06,BHAK-12264-FCBB-001,,5,5,inlet,49.283,-123.15,FalseCreek_BioBlitz_2022,"University of British Columbia, Beaty Biodiversity Museum",BHAK-12264-FCBB,BHAK-12264-FCBB,BHAK-12264-FCBB,BHAK-12264-FCBB,Canada,British Columbia,Burrard Inlet,False Creek,False Creek Mouth,sediment grab sample,5,9,6,2022,CA,Hakai-FCBB,BoLD original eventID: BHAK-12264-FCBB,http://biocol.org/urn:lsid:biocol.org:col:15106
sediment grab sample,2022-09-06,BHAK-12281-FCBB-001,,5,5,inlet,49.283,-123.15,FalseCreek_BioBlitz_2022,"University of British Columbia, Beaty Biodiversity Museum",BHAK-12281-FCBB,BHAK-12281-FCBB,BHAK-12281-FCBB,BHAK-12281-FCBB,Canada,British Columbia,Burrard Inlet,False Creek,False Creek Mouth,sediment grab sample,5,9,6,2022,CA,Hakai-FCBB,BoLD original eventID: BHAK-12281-FCBB,http://biocol.org/urn:lsid:biocol.org:col:15106
sediment grab sample,2022-09-06,BHAK-12282-FCBB-001,,5,5,inlet,49.283,-123.15,FalseCreek_BioBlitz_2022,"University of British Columbia, Beaty Biodiversity Museum",BHAK-12282-FCBB,BHAK-12282-FCBB,BHAK-12282-FCBB,BHAK-12282-FCBB,Canada,British Columbia,Burrard Inlet,False Creek,False Creek Mouth,sediment grab sample,5,9,6,2022,CA,Hakai-FCBB,BoLD original eventID: BHAK-12282-FCBB,http://biocol.org/urn:lsid:biocol.org:col:15106
sediment grab sample,2022-09-06,BHAK-12283-FCBB-001,,5,5,inlet,49.283,-123.15,FalseCreek_BioBlitz_2022,"University of British Columbia, Beaty Biodiversity Museum",BHAK-12283-FCBB,BHAK-12283-FCBB,BHAK-12283-FCBB,BHAK-12283-FCBB,Canada,British Columbia,Burrard Inlet,False Creek,False Creek Mouth,sediment grab sample,5,9,6,2022,CA,Hakai-FCBB,BoLD original eventID: BHAK-12283-FCBB,http://biocol.org/urn:lsid:biocol.org:col:15106
sediment grab sample,2022-09-06,BHAK-12284-FCBB-001,,5,5,inlet,49.283,-123.15,FalseCreek_BioBlitz_2022,"University of British Columbia, Beaty Biodiversity Museum",BHAK-12284-FCBB,BHAK-12284-FCBB,BHAK-12284-FCBB,BHAK-12284-FCBB,Canada,British Columbia,Burrard Inlet,False Creek,False Creek Mouth,sediment grab sample,5,9,6,2022,CA,Hakai-FCBB,BoLD original eventID: BHAK-12284-FCBB,http://biocol.org/urn:lsid:biocol.org:col:15106
sediment grab sample,2022-09-06,BHAK-12285-FCBB-001,,5,5,inlet,49.283,-123.15,FalseCreek_BioBlitz_2022,"University of British Columbia, Beaty Biodiversity Museum",BHAK-12285-FCBB,BHAK-12285-FCBB,BHAK-12285-FCBB,BHAK-12285-FCBB,Canada,British Columbia,Burrard Inlet,False Creek,False Creek Mouth,sediment grab sample,5,9,6,2022,CA,Hakai-FCBB,BoLD original eventID: BHAK-12285-FCBB,http://biocol.org/urn:lsid:biocol.org:col:15106
sediment grab sample,2022-09-06,BHAK-12286-FCBB-001,,5,5,inlet,49.283,-123.15,FalseCreek_BioBlitz_2022,"University of British Columbia, Beaty Biodiversity Museum",BHAK-12286-FCBB,BHAK-12286-FCBB,BHAK-12286-FCBB,BHAK-12286-FCBB,Canada,British Columbia,Burrard Inlet,False Creek,False Creek Mouth,sediment grab sample,5,9,6,2022,CA,Hakai-FCBB,BoLD original eventID: BHAK-12286-FCBB,http://biocol.org/urn:lsid:biocol.org:col:15106
sediment grab sample,2022-09-06,BHAK-12287-FCBB-001,,5,5,inlet,49.283,-123.15,FalseCreek_BioBlitz_2022,"University of British Columbia, Beaty Biodiversity Museum",BHAK-12287-FCBB,BHAK-12287-FCBB,BHAK-12287-FCBB,BHAK-12287-FCBB,Canada,British Columbia,Burrard Inlet,False Creek,False Creek Mouth,sediment grab sample,5,9,6,2022,CA,Hakai-FCBB,BoLD original eventID: BHAK-12287-FCBB,http://biocol.org/urn:lsid:biocol.org:col:15106
sediment grab sample,2022-09-06,BHAK-12288-FCBB-001,,5,5,inlet,49.283,-123.15,FalseCreek_BioBlitz_2022,Hakai Institute,BHAK-12288-FCBB,BHAK-12288-FCBB,BHAK-12288-FCBB,BHAK-12288-FCBB,Canada,British Columbia,Burrard Inlet,False Creek,False Creek Mouth,sediment grab sample,5,9,6,2022,CA,Hakai-FCBB,BoLD original eventID: BHAK-12288-FCBB,https://edmo.seadatanet.org/report/5148
sediment grab sample,2022-09-06,BHAK-12289-FCBB-001,,5,5,inlet,49.283,-123.15,FalseCreek_BioBlitz_2022,"University of British Columbia, Beaty Biodiversity Museum",BHAK-12289-FCBB,BHAK-12289-FCBB,BHAK-12289-FCBB,BHAK-12289-FCBB,Canada,British Columbia,Burrard Inlet,False Creek,False Creek Mouth,sediment grab sample,5,9,6,2022,CA,Hakai-FCBB,BoLD original eventID: BHAK-12289-FCBB,http://biocol.org/urn:lsid:biocol.org:col:15106
sediment grab sample,2022-09-06,BHAK-12273-FCBB-001,,5,5,inlet,49.279,-123.142,FalseCreek_BioBlitz_2022,"University of British Columbia, Beaty Biodiversity Museum",BHAK-12273-FCBB,BHAK-12273-FCBB,BHAK-12273-FCBB,BHAK-12273-FCBB,Canada,British Columbia,Burrard Inlet,False Creek,Vanier Park,sediment grab sample,5,9,6,2022,CA,Hakai-FCBB,BoLD original eventID: BHAK-12273-FCBB,http://biocol.org/urn:lsid:biocol.org:col:15106
sediment grab sample,2022-09-06,BHAK-12274-FCBB-001,,5,5,inlet,49.279,-123.142,FalseCreek_BioBlitz_2022,"University of British Columbia, Beaty Biodiversity Museum",BHAK-12274-FCBB,BHAK-12274-FCBB,BHAK-12274-FCBB,BHAK-12274-FCBB,Canada,British Columbia,Burrard Inlet,False Creek,Vanier Park,sediment grab sample,5,9,6,2022,CA,Hakai-FCBB,BoLD original eventID: BHAK-12274-FCBB,http://biocol.org/urn:lsid:biocol.org:col:15106
sediment grab sample,2022-09-06,BHAK-12275-FCBB-001,,5,5,inlet,49.279,-123.142,FalseCreek_BioBlitz_2022,"University of British Columbia, Beaty Biodiversity Museum",BHAK-12275-FCBB,BHAK-12275-FCBB,BHAK-12275-FCBB,BHAK-12275-FCBB,Canada,British Columbia,Burrard Inlet,False Creek,Vanier Park,sediment grab sample,5,9,6,2022,CA,Hakai-FCBB,BoLD original eventID: BHAK-12275-FCBB,http://biocol.org/urn:lsid:biocol.org:col:15106
sediment grab sample,2022-09-06,BHAK-12276-FCBB-001,,5,5,inlet,49.279,-123.142,FalseCreek_BioBlitz_2022,"University of British Columbia, Beaty Biodiversity Museum",BHAK-12276-FCBB,BHAK-12276-FCBB,BHAK-12276-FCBB,BHAK-12276-FCBB,Canada,British Columbia,Burrard Inlet,False Creek,Vanier Park,sediment grab sample,5,9,6,2022,CA,Hakai-FCBB,BoLD original eventID: BHAK-12276-FCBB,http://biocol.org/urn:lsid:biocol.org:col:15106
sediment grab sample,2022-09-06,BHAK-12277-FCBB-001,,5,5,inlet,49.273,-123.134,FalseCreek_BioBlitz_2022,"University of British Columbia, Beaty Biodiversity Museum",BHAK-12277-FCBB,BHAK-12277-FCBB,BHAK-12277-FCBB,BHAK-12277-FCBB,Canada,British Columbia,Burrard Inlet,False Creek,Granville Island,sediment grab sample,5,9,6,2022,CA,Hakai-FCBB,BoLD original eventID: BHAK-12277-FCBB,http://biocol.org/urn:lsid:biocol.org:col:15106
sediment grab sample,2022-09-06,BHAK-12278-FCBB-001,,5,5,inlet,49.273,-123.134,FalseCreek_BioBlitz_2022,"University of British Columbia, Beaty Biodiversity Museum",BHAK-12278-FCBB,BHAK-12278-FCBB,BHAK-12278-FCBB,BHAK-12278-FCBB,Canada,British Columbia,Burrard Inlet,False Creek,Granville Island,sediment grab sample,5,9,6,2022,CA,Hakai-FCBB,BoLD original eventID: BHAK-12278-FCBB,http://biocol.org/urn:lsid:biocol.org:col:15106
sediment grab sample,2022-09-06,BHAK-12279-FCBB-001,,5,5,inlet,49.273,-123.134,FalseCreek_BioBlitz_2022,"University of British Columbia, Beaty Biodiversity Museum",BHAK-12279-FCBB,BHAK-12279-FCBB,BHAK-12279-FCBB,BHAK-12279-FCBB,Canada,British Columbia,Burrard Inlet,False Creek,Granville Island,sediment grab sample,5,9,6,2022,CA,Hakai-FCBB,BoLD original eventID: BHAK-12279-FCBB,http://biocol.org/urn:lsid:biocol.org:col:15106
sediment grab sample,2022-09-06,BHAK-12280-FCBB-001,,5,5,inlet,49.273,-123.134,FalseCreek_BioBlitz_2022,"University of British Columbia, Beaty Biodiversity Museum",BHAK-12280-FCBB,BHAK-12280-FCBB,BHAK-12280-FCBB,BHAK-12280-FCBB,Canada,British Columbia,Burrard Inlet,False Creek,Granville Island,sediment grab sample,5,9,6,2022,CA,Hakai-FCBB,BoLD original eventID: BHAK-12280-FCBB,http://biocol.org/urn:lsid:biocol.org:col:15106
hand collected,2022-09-06,BHAK-12331-FCBB-001,Depth: intertidal,,,inlet,49.273,-123.134,FalseCreek_BioBlitz_2022,"University of British Columbia, Beaty Biodiversity Museum",BHAK-12331-FCBB,BHAK-12331-FCBB,BHAK-12331-FCBB,BHAK-12331-FCBB,Canada,British Columbia,Burrard Inlet,False Creek,Granville Island,hand collected,,9,6,2022,CA,Hakai-FCBB,BoLD original eventID: BHAK-12331-FCBB,http://biocol.org/urn:lsid:biocol.org:col:15106
hand collected,2022-09-06,BHAK-12332-FCBB-001,Depth: intertidal,,,intertidal boulders,49.278,-123.152,FalseCreek_BioBlitz_2022,"University of British Columbia, Beaty Biodiversity Museum",BHAK-12332-FCBB,BHAK-12332-FCBB,BHAK-12332-FCBB,BHAK-12332-FCBB,Canada,British Columbia,Burrard Inlet,,Kitsilano Beach North Boulders,hand collected,,9,6,2022,CA,Hakai-FCBB,BoLD original eventID: BHAK-12332-FCBB,http://biocol.org/urn:lsid:biocol.org:col:15106
sediment grab sample,2022-09-06,BHAK-12229-FCBB-001,,5,5,inlet,49.279,-123.142,FalseCreek_BioBlitz_2022,"University of British Columbia, Beaty Biodiversity Museum",BHAK-12229-FCBB,BHAK-12229-FCBB,BHAK-12229-FCBB,BHAK-12229-FCBB,Canada,British Columbia,Burrard Inlet,False Creek,Vanier Park,sediment grab sample,5,9,6,2022,CA,Hakai-FCBB,BoLD original eventID: BHAK-12229-FCBB,http://biocol.org/urn:lsid:biocol.org:col:15106
sediment grab sample,2022-09-06,BHAK-12230-FCBB-001,,5,5,inlet,49.279,-123.142,FalseCreek_BioBlitz_2022,"University of British Columbia, Beaty Biodiversity Museum",BHAK-12230-FCBB,BHAK-12230-FCBB,BHAK-12230-FCBB,BHAK-12230-FCBB,Canada,British Columbia,Burrard Inlet,False Creek,Vanier Park,sediment grab sample,5,9,6,2022,CA,Hakai-FCBB,BoLD original eventID: BHAK-12230-FCBB,http://biocol.org/urn:lsid:biocol.org:col:15106
sediment grab sample,2022-09-06,BHAK-12231-FCBB-001,,5,5,inlet,49.279,-123.142,FalseCreek_BioBlitz_2022,"University of British Columbia, Beaty Biodiversity Museum",BHAK-12231-FCBB,BHAK-12231-FCBB,BHAK-12231-FCBB,BHAK-12231-FCBB,Canada,British Columbia,Burrard Inlet,False Creek,Vanier Park,sediment grab sample,5,9,6,2022,CA,Hakai-FCBB,BoLD original eventID: BHAK-12231-FCBB,http://biocol.org/urn:lsid:biocol.org:col:15106
sediment grab sample,2022-09-06,BHAK-12232-FCBB-001,,5,5,inlet,49.279,-123.142,FalseCreek_BioBlitz_2022,"University of British Columbia, Beaty Biodiversity Museum",BHAK-12232-FCBB,BHAK-12232-FCBB,BHAK-12232-FCBB,BHAK-12232-FCBB,Canada,British Columbia,Burrard Inlet,False Creek,Vanier Park,sediment grab sample,5,9,6,2022,CA,Hakai-FCBB,BoLD original eventID: BHAK-12232-FCBB,http://biocol.org/urn:lsid:biocol.org:col:15106
sediment grab sample,2022-09-06,BHAK-12233-FCBB-001,,5,5,inlet,49.279,-123.142,FalseCreek_BioBlitz_2022,"University of British Columbia, Beaty Biodiversity Museum",BHAK-12233-FCBB,BHAK-12233-FCBB,BHAK-12233-FCBB,BHAK-12233-FCBB,Canada,British Columbia,Burrard Inlet,False Creek,Vanier Park,sediment grab sample,5,9,6,2022,CA,Hakai-FCBB,BoLD original eventID: BHAK-12233-FCBB,http://biocol.org/urn:lsid:biocol.org:col:15106
sediment grab sample,2022-09-06,BHAK-12234-FCBB-001,,5,5,inlet,49.279,-123.142,FalseCreek_BioBlitz_2022,"University of British Columbia, Beaty Biodiversity Museum",BHAK-12234-FCBB,BHAK-12234-FCBB,BHAK-12234-FCBB,BHAK-12234-FCBB,Canada,British Columbia,Burrard Inlet,False Creek,Vanier Park,sediment grab sample,5,9,6,2022,CA,Hakai-FCBB,BoLD original eventID: BHAK-12234-FCBB,http://biocol.org/urn:lsid:biocol.org:col:15106
sediment grab sample,2022-09-06,BHAK-12196-FCBB-001,,5,5,inlet,49.279,-123.142,FalseCreek_BioBlitz_2022,"University of British Columbia, Beaty Biodiversity Museum",BHAK-12196-FCBB,BHAK-12196-FCBB,BHAK-12196-FCBB,BHAK-12196-FCBB,Canada,British Columbia,Burrard Inlet,False Creek,Vanier Park,sediment grab sample,5,9,6,2022,CA,Hakai-FCBB,BoLD original eventID: BHAK-12196-FCBB,http://biocol.org/urn:lsid:biocol.org:col:15106
sediment grab sample,2022-09-06,BHAK-12197-FCBB-001,,5,5,inlet,49.279,-123.142,FalseCreek_BioBlitz_2022,"University of British Columbia, Beaty Biodiversity Museum",BHAK-12197-FCBB,BHAK-12197-FCBB,BHAK-12197-FCBB,BHAK-12197-FCBB,Canada,British Columbia,Burrard Inlet,False Creek,Vanier Park,sediment grab sample,5,9,6,2022,CA,Hakai-FCBB,BoLD original eventID: BHAK-12197-FCBB,http://biocol.org/urn:lsid:biocol.org:col:15106
sediment grab sample,2022-09-06,BHAK-12198-FCBB-001,,5,5,inlet,49.279,-123.142,FalseCreek_BioBlitz_2022,"University of British Columbia, Beaty Biodiversity Museum",BHAK-12198-FCBB,BHAK-12198-FCBB,BHAK-12198-FCBB,BHAK-12198-FCBB,Canada,British Columbia,Burrard Inlet,False Creek,Vanier Park,sediment grab sample,5,9,6,2022,CA,Hakai-FCBB,BoLD original eventID: BHAK-12198-FCBB,http://biocol.org/urn:lsid:biocol.org:col:15106
sediment grab sample,2022-09-06,BHAK-12199-FCBB-001,,5,5,inlet,49.279,-123.142,FalseCreek_BioBlitz_2022,"University of British Columbia, Beaty Biodiversity Museum",BHAK-12199-FCBB,BHAK-12199-FCBB,BHAK-12199-FCBB,BHAK-12199-FCBB,Canada,British Columbia,Burrard Inlet,False Creek,Vanier Park,sediment grab sample,5,9,6,2022,CA,Hakai-FCBB,BoLD original eventID: BHAK-12199-FCBB,http://biocol.org/urn:lsid:biocol.org:col:15106
sediment grab sample,2022-09-06,BHAK-12200-FCBB-001,,5,5,inlet,49.279,-123.142,FalseCreek_BioBlitz_2022,"University of British Columbia, Beaty Biodiversity Museum",BHAK-12200-FCBB,BHAK-12200-FCBB,BHAK-12200-FCBB,BHAK-12200-FCBB,Canada,British Columbia,Burrard Inlet,False Creek,Vanier Park,sediment grab sample,5,9,6,2022,CA,Hakai-FCBB,BoLD original eventID: BHAK-12200-FCBB,http://biocol.org/urn:lsid:biocol.org:col:15106
sediment grab sample,2022-09-06,BHAK-12201-FCBB-001,,5,5,inlet,49.279,-123.142,FalseCreek_BioBlitz_2022,"University of British Columbia, Beaty Biodiversity Museum",BHAK-12201-FCBB,BHAK-12201-FCBB,BHAK-12201-FCBB,BHAK-12201-FCBB,Canada,British Columbia,Burrard Inlet,False Creek,Vanier Park,sediment grab sample,5,9,6,2022,CA,Hakai-FCBB,BoLD original eventID: BHAK-12201-FCBB,http://biocol.org/urn:lsid:biocol.org:col:15106
sediment grab sample,2022-09-06,BHAK-12202-FCBB-001,,5,5,inlet,49.279,-123.142,FalseCreek_BioBlitz_2022,"University of British Columbia, Beaty Biodiversity Museum",BHAK-12202-FCBB,BHAK-12202-FCBB,BHAK-12202-FCBB,BHAK-12202-FCBB,Canada,British Columbia,Burrard Inlet,False Creek,Vanier Park,sediment grab sample,5,9,6,2022,CA,Hakai-FCBB,BoLD original eventID: BHAK-12202-FCBB,http://biocol.org/urn:lsid:biocol.org:col:15106
sediment grab sample,2022-09-06,BHAK-12203-FCBB-001,,5,5,inlet,49.279,-123.142,FalseCreek_BioBlitz_2022,"University of British Columbia, Beaty Biodiversity Museum",BHAK-12203-FCBB,BHAK-12203-FCBB,BHAK-12203-FCBB,BHAK-12203-FCBB,Canada,British Columbia,Burrard Inlet,False Creek,Vanier Park,sediment grab sample,5,9,6,2022,CA,Hakai-FCBB,BoLD original eventID: BHAK-12203-FCBB,http://biocol.org/urn:lsid:biocol.org:col:15106
sediment grab sample,2022-09-06,BHAK-12204-FCBB-001,,5,5,inlet,49.279,-123.142,FalseCreek_BioBlitz_2022,"University of British Columbia, Beaty Biodiversity Museum",BHAK-12204-FCBB,BHAK-12204-FCBB,BHAK-12204-FCBB,BHAK-12204-FCBB,Canada,British Columbia,Burrard Inlet,False Creek,Vanier Park,sediment grab sample,5,9,6,2022,CA,Hakai-FCBB,BoLD original eventID: BHAK-12204-FCBB,http://biocol.org/urn:lsid:biocol.org:col:15106
sediment grab sample,2022-09-06,BHAK-12241-FCBB-001,,5,5,inlet,49.279,-123.142,FalseCreek_BioBlitz_2022,"University of British Columbia, Beaty Biodiversity Museum",BHAK-12241-FCBB,BHAK-12241-FCBB,BHAK-12241-FCBB,BHAK-12241-FCBB,Canada,British Columbia,Burrard Inlet,False Creek,Vanier Park,sediment grab sample,5,9,6,2022,CA,Hakai-FCBB,BoLD original eventID: BHAK-12241-FCBB,http://biocol.org/urn:lsid:biocol.org:col:15106
sediment grab sample,2022-09-06,BHAK-12242-FCBB-001,,5,5,inlet,49.279,-123.142,FalseCreek_BioBlitz_2022,"University of British Columbia, Beaty Biodiversity Museum",BHAK-12242-FCBB,BHAK-12242-FCBB,BHAK-12242-FCBB,BHAK-12242-FCBB,Canada,British Columbia,Burrard Inlet,False Creek,Vanier Park,sediment grab sample,5,9,6,2022,CA,Hakai-FCBB,BoLD original eventID: BHAK-12242-FCBB,http://biocol.org/urn:lsid:biocol.org:col:15106
sediment grab sample,2022-09-06,BHAK-12243-FCBB-001,,5,5,inlet,49.279,-123.142,FalseCreek_BioBlitz_2022,"University of British Columbia, Beaty Biodiversity Museum",BHAK-12243-FCBB,BHAK-12243-FCBB,BHAK-12243-FCBB,BHAK-12243-FCBB,Canada,British Columbia,Burrard Inlet,False Creek,Vanier Park,sediment grab sample,5,9,6,2022,CA,Hakai-FCBB,BoLD original eventID: BHAK-12243-FCBB,http://biocol.org/urn:lsid:biocol.org:col:15106
sediment grab sample,2022-09-06,BHAK-12244-FCBB-001,,5,5,inlet,49.279,-123.142,FalseCreek_BioBlitz_2022,"University of British Columbia, Beaty Biodiversity Museum",BHAK-12244-FCBB,BHAK-12244-FCBB,BHAK-12244-FCBB,BHAK-12244-FCBB,Canada,British Columbia,Burrard Inlet,False Creek,Vanier Park,sediment grab sample,5,9,6,2022,CA,Hakai-FCBB,BoLD original eventID: BHAK-12244-FCBB,http://biocol.org/urn:lsid:biocol.org:col:15106
sediment grab sample,2022-09-06,BHAK-12245-FCBB-001,,5,5,inlet,49.279,-123.142,FalseCreek_BioBlitz_2022,"University of British Columbia, Beaty Biodiversity Museum",BHAK-12245-FCBB,BHAK-12245-FCBB,BHAK-12245-FCBB,BHAK-12245-FCBB,Canada,British Columbia,Burrard Inlet,False Creek,Vanier Park,sediment grab sample,5,9,6,2022,CA,Hakai-FCBB,BoLD original eventID: BHAK-12245-FCBB,http://biocol.org/urn:lsid:biocol.org:col:15106
sediment grab sample,2022-09-06,BHAK-12246-FCBB-001,,5,5,inlet,49.279,-123.142,FalseCreek_BioBlitz_2022,"University of British Columbia, Beaty Biodiversity Museum",BHAK-12246-FCBB,BHAK-12246-FCBB,BHAK-12246-FCBB,BHAK-12246-FCBB,Canada,British Columbia,Burrard Inlet,False Creek,Vanier Park,sediment grab sample,5,9,6,2022,CA,Hakai-FCBB,BoLD original eventID: BHAK-12246-FCBB,http://biocol.org/urn:lsid:biocol.org:col:15106
sediment grab sample,2022-09-06,BHAK-12247-FCBB-001,,5,5,inlet,49.279,-123.142,FalseCreek_BioBlitz_2022,"University of British Columbia, Beaty Biodiversity Museum",BHAK-12247-FCBB,BHAK-12247-FCBB,BHAK-12247-FCBB,BHAK-12247-FCBB,Canada,British Columbia,Burrard Inlet,False Creek,Vanier Park,sediment grab sample,5,9,6,2022,CA,Hakai-FCBB,BoLD original eventID: BHAK-12247-FCBB,http://biocol.org/urn:lsid:biocol.org:col:15106
sediment grab sample,2022-09-05,BHAK-12118-FCBB-001,,5,5,inlet,49.27,-123.123,FalseCreek_BioBlitz_2022,"University of British Columbia, Beaty Biodiversity Museum",BHAK-12118-FCBB,BHAK-12118-FCBB,BHAK-12118-FCBB,BHAK-12118-FCBB,Canada,British Columbia,Burrard Inlet,False Creek,Charleston Park- combined sewer outflow,sediment grab sample,5,9,5,2022,CA,Hakai-FCBB,BoLD original eventID: BHAK-12118-FCBB,http://biocol.org/urn:lsid:biocol.org:col:15106
sediment grab sample,2022-09-05,BHAK-12119-FCBB-001,,5,5,inlet,49.27,-123.123,FalseCreek_BioBlitz_2022,"University of British Columbia, Beaty Biodiversity Museum",BHAK-12119-FCBB,BHAK-12119-FCBB,BHAK-12119-FCBB,BHAK-12119-FCBB,Canada,British Columbia,Burrard Inlet,False Creek,Charleston Park- combined sewer outflow,sediment grab sample,5,9,5,2022,CA,Hakai-FCBB,BoLD original eventID: BHAK-12119-FCBB,http://biocol.org/urn:lsid:biocol.org:col:15106
sediment grab sample,2022-09-05,BHAK-12120-FCBB-001,,5,5,inlet,49.27,-123.123,FalseCreek_BioBlitz_2022,"University of British Columbia, Beaty Biodiversity Museum",BHAK-12120-FCBB,BHAK-12120-FCBB,BHAK-12120-FCBB,BHAK-12120-FCBB,Canada,British Columbia,Burrard Inlet,False Creek,Charleston Park- combined sewer outflow,sediment grab sample,5,9,5,2022,CA,Hakai-FCBB,BoLD original eventID: BHAK-12120-FCBB,http://biocol.org/urn:lsid:biocol.org:col:15106
sediment grab sample,2022-09-05,BHAK-12121-FCBB-001,,5,5,inlet,49.27,-123.123,FalseCreek_BioBlitz_2022,"University of British Columbia, Beaty Biodiversity Museum",BHAK-12121-FCBB,BHAK-12121-FCBB,BHAK-12121-FCBB,BHAK-12121-FCBB,Canada,British Columbia,Burrard Inlet,False Creek,Charleston Park- combined sewer outflow,sediment grab sample,5,9,5,2022,CA,Hakai-FCBB,BoLD original eventID: BHAK-12121-FCBB,http://biocol.org/urn:lsid:biocol.org:col:15106
sediment grab sample,2022-09-05,BHAK-12122-FCBB-001,,5,5,inlet,49.27,-123.123,FalseCreek_BioBlitz_2022,"University of British Columbia, Beaty Biodiversity Museum",BHAK-12122-FCBB,BHAK-12122-FCBB,BHAK-12122-FCBB,BHAK-12122-FCBB,Canada,British Columbia,Burrard Inlet,False Creek,Charleston Park- combined sewer outflow,sediment grab sample,5,9,5,2022,CA,Hakai-FCBB,BoLD original eventID: BHAK-12122-FCBB,http://biocol.org/urn:lsid:biocol.org:col:15106
sediment grab sample,2022-09-05,BHAK-12123-FCBB-001,,5,5,inlet,49.27,-123.123,FalseCreek_BioBlitz_2022,"University of British Columbia, Beaty Biodiversity Museum",BHAK-12123-FCBB,BHAK-12123-FCBB,BHAK-12123-FCBB,BHAK-12123-FCBB,Canada,British Columbia,Burrard Inlet,False Creek,Charleston Park- combined sewer outflow,sediment grab sample,5,9,5,2022,CA,Hakai-FCBB,BoLD original eventID: BHAK-12123-FCBB,http://biocol.org/urn:lsid:biocol.org:col:15106
sediment grab sample,2022-09-05,BHAK-12124-FCBB-001,,5,5,inlet,49.27,-123.123,FalseCreek_BioBlitz_2022,"University of British Columbia, Beaty Biodiversity Museum",BHAK-12124-FCBB,BHAK-12124-FCBB,BHAK-12124-FCBB,BHAK-12124-FCBB,Canada,British Columbia,Burrard Inlet,False Creek,Charleston Park- combined sewer outflow,sediment grab sample,5,9,5,2022,CA,Hakai-FCBB,BoLD original eventID: BHAK-12124-FCBB,http://biocol.org/urn:lsid:biocol.org:col:15106
sediment grab sample,2022-09-05,BHAK-12125-FCBB-001,,5,5,inlet,49.27,-123.123,FalseCreek_BioBlitz_2022,"University of British Columbia, Beaty Biodiversity Museum",BHAK-12125-FCBB,BHAK-12125-FCBB,BHAK-12125-FCBB,BHAK-12125-FCBB,Canada,British Columbia,Burrard Inlet,False Creek,Charleston Park- combined sewer outflow,sediment grab sample,5,9,5,2022,CA,Hakai-FCBB,BoLD original eventID: BHAK-12125-FCBB,http://biocol.org/urn:lsid:biocol.org:col:15106
sediment grab sample,2022-09-05,BHAK-12126-FCBB-001,,5,5,inlet,49.27,-123.123,FalseCreek_BioBlitz_2022,"University of British Columbia, Beaty Biodiversity Museum",BHAK-12126-FCBB,BHAK-12126-FCBB,BHAK-12126-FCBB,BHAK-12126-FCBB,Canada,British Columbia,Burrard Inlet,False Creek,Charleston Park- combined sewer outflow,sediment grab sample,5,9,5,2022,CA,Hakai-FCBB,BoLD original eventID: BHAK-12126-FCBB,http://biocol.org/urn:lsid:biocol.org:col:15106
sediment grab sample,2022-09-05,BHAK-12127-FCBB-001,,5,5,inlet,49.27,-123.123,FalseCreek_BioBlitz_2022,"University of British Columbia, Beaty Biodiversity Museum",BHAK-12127-FCBB,BHAK-12127-FCBB,BHAK-12127-FCBB,BHAK-12127-FCBB,Canada,British Columbia,Burrard Inlet,False Creek,Charleston Park- combined sewer outflow,sediment grab sample,5,9,5,2022,CA,Hakai-FCBB,BoLD original eventID: BHAK-12127-FCBB,http://biocol.org/urn:lsid:biocol.org:col:15106
sediment grab sample,2022-09-05,BHAK-12128-FCBB-001,,5,5,inlet,49.27,-123.123,FalseCreek_BioBlitz_2022,"University of British Columbia, Beaty Biodiversity Museum",BHAK-12128-FCBB,BHAK-12128-FCBB,BHAK-12128-FCBB,BHAK-12128-FCBB,Canada,British Columbia,Burrard Inlet,False Creek,Charleston Park- combined sewer outflow,sediment grab sample,5,9,5,2022,CA,Hakai-FCBB,BoLD original eventID: BHAK-12128-FCBB,http://biocol.org/urn:lsid:biocol.org:col:15106
sediment grab sample,2022-09-05,BHAK-12129-FCBB-001,,5,5,inlet,49.27,-123.123,FalseCreek_BioBlitz_2022,"University of British Columbia, Beaty Biodiversity Museum",BHAK-12129-FCBB,BHAK-12129-FCBB,BHAK-12129-FCBB,BHAK-12129-FCBB,Canada,British Columbia,Burrard Inlet,False Creek,Charleston Park- combined sewer outflow,sediment grab sample,5,9,5,2022,CA,Hakai-FCBB,BoLD original eventID: BHAK-12129-FCBB,http://biocol.org/urn:lsid:biocol.org:col:15106
sediment grab sample,2022-09-05,BHAK-12130-FCBB-001,,5,5,inlet,49.27,-123.123,FalseCreek_BioBlitz_2022,"University of British Columbia, Beaty Biodiversity Museum",BHAK-12130-FCBB,BHAK-12130-FCBB,BHAK-12130-FCBB,BHAK-12130-FCBB,Canada,British Columbia,Burrard Inlet,False Creek,Charleston Park- combined sewer outflow,sediment grab sample,5,9,5,2022,CA,Hakai-FCBB,BoLD original eventID: BHAK-12130-FCBB,http://biocol.org/urn:lsid:biocol.org:col:15106
sediment grab sample,2022-09-05,BHAK-12075-FCBB-001,,5,5,inlet,49.27,-123.123,FalseCreek_BioBlitz_2022,"University of British Columbia, Beaty Biodiversity Museum",BHAK-12075-FCBB,BHAK-12075-FCBB,BHAK-12075-FCBB,BHAK-12075-FCBB,Canada,British Columbia,Burrard Inlet,False Creek,Charleston Park- combined sewer outflow,sediment grab sample,5,9,5,2022,CA,Hakai-FCBB,BoLD original eventID: BHAK-12075-FCBB,http://biocol.org/urn:lsid:biocol.org:col:15106
sediment grab sample,2022-09-05,BHAK-12136-FCBB-001,,5,5,inlet,49.27,-123.123,FalseCreek_BioBlitz_2022,"University of British Columbia, Beaty Biodiversity Museum",BHAK-12136-FCBB,BHAK-12136-FCBB,BHAK-12136-FCBB,BHAK-12136-FCBB,Canada,British Columbia,Burrard Inlet,False Creek,Charleston Park- combined sewer outflow,sediment grab sample,5,9,5,2022,CA,Hakai-FCBB,BoLD original eventID: BHAK-12136-FCBB,http://biocol.org/urn:lsid:biocol.org:col:15106
sediment grab sample,2022-09-05,BHAK-12137-FCBB-001,,5,5,inlet,49.27,-123.123,FalseCreek_BioBlitz_2022,"University of British Columbia, Beaty Biodiversity Museum",BHAK-12137-FCBB,BHAK-12137-FCBB,BHAK-12137-FCBB,BHAK-12137-FCBB,Canada,British Columbia,Burrard Inlet,False Creek,Charleston Park- combined sewer outflow,sediment grab sample,5,9,5,2022,CA,Hakai-FCBB,BoLD original eventID: BHAK-12137-FCBB,http://biocol.org/urn:lsid:biocol.org:col:15106
sediment grab sample,2022-09-05,BHAK-12138-FCBB-001,,5,5,inlet,49.27,-123.123,FalseCreek_BioBlitz_2022,"University of British Columbia, Beaty Biodiversity Museum",BHAK-12138-FCBB,BHAK-12138-FCBB,BHAK-12138-FCBB,BHAK-12138-FCBB,Canada,British Columbia,Burrard Inlet,False Creek,Charleston Park- combined sewer outflow,sediment grab sample,5,9,5,2022,CA,Hakai-FCBB,BoLD original eventID: BHAK-12138-FCBB,http://biocol.org/urn:lsid:biocol.org:col:15106
sediment grab sample,2022-09-05,BHAK-12139-FCBB-001,,5,5,inlet,49.27,-123.123,FalseCreek_BioBlitz_2022,"University of British Columbia, Beaty Biodiversity Museum",BHAK-12139-FCBB,BHAK-12139-FCBB,BHAK-12139-FCBB,BHAK-12139-FCBB,Canada,British Columbia,Burrard Inlet,False Creek,Charleston Park- combined sewer outflow,sediment grab sample,5,9,5,2022,CA,Hakai-FCBB,BoLD original eventID: BHAK-12139-FCBB,http://biocol.org/urn:lsid:biocol.org:col:15106
sediment grab sample,2022-09-05,BHAK-12140-FCBB-001,,5,5,inlet,49.27,-123.123,FalseCreek_BioBlitz_2022,"University of British Columbia, Beaty Biodiversity Museum",BHAK-12140-FCBB,BHAK-12140-FCBB,BHAK-12140-FCBB,BHAK-12140-FCBB,Canada,British Columbia,Burrard Inlet,False Creek,Charleston Park- combined sewer outflow,sediment grab sample,5,9,5,2022,CA,Hakai-FCBB,BoLD original eventID: BHAK-12140-FCBB,http://biocol.org/urn:lsid:biocol.org:col:15106
sediment grab sample,2022-09-05,BHAK-12141-FCBB-001,,5,5,inlet,49.27,-123.123,FalseCreek_BioBlitz_2022,"University of British Columbia, Beaty Biodiversity Museum",BHAK-12141-FCBB,BHAK-12141-FCBB,BHAK-12141-FCBB,BHAK-12141-FCBB,Canada,British Columbia,Burrard Inlet,False Creek,Charleston Park- combined sewer outflow,sediment grab sample,5,9,5,2022,CA,Hakai-FCBB,BoLD original eventID: BHAK-12141-FCBB,http://biocol.org/urn:lsid:biocol.org:col:15106
sediment grab sample,2022-09-05,BHAK-12142-FCBB-001,,5,5,inlet,49.27,-123.123,FalseCreek_BioBlitz_2022,"University of British Columbia, Beaty Biodiversity Museum",BHAK-12142-FCBB,BHAK-12142-FCBB,BHAK-12142-FCBB,BHAK-12142-FCBB,Canada,British Columbia,Burrard Inlet,False Creek,Charleston Park- combined sewer outflow,sediment grab sample,5,9,5,2022,CA,Hakai-FCBB,BoLD original eventID: BHAK-12142-FCBB,http://biocol.org/urn:lsid:biocol.org:col:15106
sediment grab sample,2022-09-05,BHAK-12143-FCBB-001,,5,5,inlet,49.27,-123.123,FalseCreek_BioBlitz_2022,"University of British Columbia, Beaty Biodiversity Museum",BHAK-12143-FCBB,BHAK-12143-FCBB,BHAK-12143-FCBB,BHAK-12143-FCBB,Canada,British Columbia,Burrard Inlet,False Creek,Charleston Park- combined sewer outflow,sediment grab sample,5,9,5,2022,CA,Hakai-FCBB,BoLD original eventID: BHAK-12143-FCBB,http://biocol.org/urn:lsid:biocol.org:col:15106
sediment grab sample,2022-09-05,BHAK-12135-FCBB-001,,5,5,inlet,49.27,-123.123,FalseCreek_BioBlitz_2022,"University of British Columbia, Beaty Biodiversity Museum",BHAK-12135-FCBB,BHAK-12135-FCBB,BHAK-12135-FCBB,BHAK-12135-FCBB,Canada,British Columbia,Burrard Inlet,False Creek,Charleston Park- combined sewer outflow,sediment grab sample,5,9,5,2022,CA,Hakai-FCBB,BoLD original eventID: BHAK-12135-FCBB,http://biocol.org/urn:lsid:biocol.org:col:15106
sediment grab sample,2022-09-05,BHAK-12134-FCBB-001,,5,5,inlet,49.27,-123.123,FalseCreek_BioBlitz_2022,"University of British Columbia, Beaty Biodiversity Museum",BHAK-12134-FCBB,BHAK-12134-FCBB,BHAK-12134-FCBB,BHAK-12134-FCBB,Canada,British Columbia,Burrard Inlet,False Creek,Charleston Park- combined sewer outflow,sediment grab sample,5,9,5,2022,CA,Hakai-FCBB,BoLD original eventID: BHAK-12134-FCBB,http://biocol.org/urn:lsid:biocol.org:col:15106
sediment grab sample,2022-09-05,BHAK-12133-FCBB-001,,5,5,inlet,49.27,-123.123,FalseCreek_BioBlitz_2022,"University of British Columbia, Beaty Biodiversity Museum",BHAK-12133-FCBB,BHAK-12133-FCBB,BHAK-12133-FCBB,BHAK-12133-FCBB,Canada,British Columbia,Burrard Inlet,False Creek,Charleston Park- combined sewer outflow,sediment grab sample,5,9,5,2022,CA,Hakai-FCBB,BoLD original eventID: BHAK-12133-FCBB,http://biocol.org/urn:lsid:biocol.org:col:15106
sediment grab sample,2022-09-05,BHAK-12132-FCBB-001,,5,5,inlet,49.27,-123.123,FalseCreek_BioBlitz_2022,"University of British Columbia, Beaty Biodiversity Museum",BHAK-12132-FCBB,BHAK-12132-FCBB,BHAK-12132-FCBB,BHAK-12132-FCBB,Canada,British Columbia,Burrard Inlet,False Creek,Charleston Park- combined sewer outflow,sediment grab sample,5,9,5,2022,CA,Hakai-FCBB,BoLD original eventID: BHAK-12132-FCBB,http://biocol.org/urn:lsid:biocol.org:col:15106
sediment grab sample,2022-09-05,BHAK-12131-FCBB-001,,5,5,inlet,49.27,-123.123,FalseCreek_BioBlitz_2022,"University of British Columbia, Beaty Biodiversity Museum",BHAK-12131-FCBB,BHAK-12131-FCBB,BHAK-12131-FCBB,BHAK-12131-FCBB,Canada,British Columbia,Burrard Inlet,False Creek,Charleston Park- combined sewer outflow,sediment grab sample,5,9,5,2022,CA,Hakai-FCBB,BoLD original eventID: BHAK-12131-FCBB,http://biocol.org/urn:lsid:biocol.org:col:15106
sediment grab sample,2022-09-05,BHAK-12150-FCBB-001,,5,5,inlet,49.27,-123.123,FalseCreek_BioBlitz_2022,"University of British Columbia, Beaty Biodiversity Museum",BHAK-12150-FCBB,BHAK-12150-FCBB,BHAK-12150-FCBB,BHAK-12150-FCBB,Canada,British Columbia,Burrard Inlet,False Creek,Charleston Park- combined sewer outflow,sediment grab sample,5,9,5,2022,CA,Hakai-FCBB,BoLD original eventID: BHAK-12150-FCBB,http://biocol.org/urn:lsid:biocol.org:col:15106
sediment grab sample,2022-09-06,BHAK-12165-FCBB-001,,5,5,inlet,49.273,-123.134,FalseCreek_BioBlitz_2022,"University of British Columbia, Beaty Biodiversity Museum",BHAK-12165-FCBB,BHAK-12165-FCBB,BHAK-12165-FCBB,BHAK-12165-FCBB,Canada,British Columbia,Burrard Inlet,False Creek,Granville Island,sediment grab sample,5,9,6,2022,CA,Hakai-FCBB,BoLD original eventID: BHAK-12165-FCBB,http://biocol.org/urn:lsid:biocol.org:col:15106
sediment grab sample,2022-09-06,BHAK-12164-FCBB-001,,5,5,inlet,49.273,-123.134,FalseCreek_BioBlitz_2022,"University of British Columbia, Beaty Biodiversity Museum",BHAK-12164-FCBB,BHAK-12164-FCBB,BHAK-12164-FCBB,BHAK-12164-FCBB,Canada,British Columbia,Burrard Inlet,False Creek,Granville Island,sediment grab sample,5,9,6,2022,CA,Hakai-FCBB,BoLD original eventID: BHAK-12164-FCBB,http://biocol.org/urn:lsid:biocol.org:col:15106
sediment grab sample,2022-09-06,BHAK-12180-FCBB-001,,5,5,inlet,49.273,-123.134,FalseCreek_BioBlitz_2022,"University of British Columbia, Beaty Biodiversity Museum",BHAK-12180-FCBB,BHAK-12180-FCBB,BHAK-12180-FCBB,BHAK-12180-FCBB,Canada,British Columbia,Burrard Inlet,False Creek,Granville Island,sediment grab sample,5,9,6,2022,CA,Hakai-FCBB,BoLD original eventID: BHAK-12180-FCBB,http://biocol.org/urn:lsid:biocol.org:col:15106
sediment grab sample,2022-09-06,BHAK-12179-FCBB-001,,5,5,inlet,49.273,-123.134,FalseCreek_BioBlitz_2022,"University of British Columbia, Beaty Biodiversity Museum",BHAK-12179-FCBB,BHAK-12179-FCBB,BHAK-12179-FCBB,BHAK-12179-FCBB,Canada,British Columbia,Burrard Inlet,False Creek,Granville Island,sediment grab sample,5,9,6,2022,CA,Hakai-FCBB,BoLD original eventID: BHAK-12179-FCBB,http://biocol.org/urn:lsid:biocol.org:col:15106
sediment grab sample,2022-09-06,BHAK-12178-FCBB-001,,5,5,inlet,49.273,-123.134,FalseCreek_BioBlitz_2022,"University of British Columbia, Beaty Biodiversity Museum",BHAK-12178-FCBB,BHAK-12178-FCBB,BHAK-12178-FCBB,BHAK-12178-FCBB,Canada,British Columbia,Burrard Inlet,False Creek,Granville Island,sediment grab sample,5,9,6,2022,CA,Hakai-FCBB,BoLD original eventID: BHAK-12178-FCBB,http://biocol.org/urn:lsid:biocol.org:col:15106
sediment grab sample,2022-09-06,BHAK-12177-FCBB-001,,5,5,inlet,49.273,-123.134,FalseCreek_BioBlitz_2022,"University of British Columbia, Beaty Biodiversity Museum",BHAK-12177-FCBB,BHAK-12177-FCBB,BHAK-12177-FCBB,BHAK-12177-FCBB,Canada,British Columbia,Burrard Inlet,False Creek,Granville Island,sediment grab sample,5,9,6,2022,CA,Hakai-FCBB,BoLD original eventID: BHAK-12177-FCBB,http://biocol.org/urn:lsid:biocol.org:col:15106
hand collected,2022-09-06,BHAK-12176-FCBB-001,Depth: intertidal,,,intertidal boulders,49.278,-123.152,FalseCreek_BioBlitz_2022,"University of British Columbia, Beaty Biodiversity Museum",BHAK-12176-FCBB,BHAK-12176-FCBB,BHAK-12176-FCBB,BHAK-12176-FCBB,Canada,British Columbia,Burrard Inlet,,Kitsilano Beach North Boulders,hand collected,,9,6,2022,CA,Hakai-FCBB,BoLD original eventID: BHAK-12176-FCBB,http://biocol.org/urn:lsid:biocol.org:col:15106
hand collected,2022-09-06,BHAK-12175-FCBB-001,Depth: intertidal,,,intertidal boulders,49.278,-123.152,FalseCreek_BioBlitz_2022,"University of British Columbia, Beaty Biodiversity Museum",BHAK-12175-FCBB,BHAK-12175-FCBB,BHAK-12175-FCBB,BHAK-12175-FCBB,Canada,British Columbia,Burrard Inlet,,Kitsilano Beach North Boulders,hand collected,,9,6,2022,CA,Hakai-FCBB,BoLD original eventID: BHAK-12175-FCBB,http://biocol.org/urn:lsid:biocol.org:col:15106
sediment grab sample,2022-09-06,BHAK-12174-FCBB-001,,5,5,inlet,49.279,-123.142,FalseCreek_BioBlitz_2022,"University of British Columbia, Beaty Biodiversity Museum",BHAK-12174-FCBB,BHAK-12174-FCBB,BHAK-12174-FCBB,BHAK-12174-FCBB,Canada,British Columbia,Burrard Inlet,False Creek,Vanier Park,sediment grab sample,5,9,6,2022,CA,Hakai-FCBB,BoLD original eventID: BHAK-12174-FCBB,http://biocol.org/urn:lsid:biocol.org:col:15106
hand collected,2022-09-06,BHAK-12173-FCBB-001,Depth: intertidal,,,intertidal boulders,49.278,-123.152,FalseCreek_BioBlitz_2022,"University of British Columbia, Beaty Biodiversity Museum",BHAK-12173-FCBB,BHAK-12173-FCBB,BHAK-12173-FCBB,BHAK-12173-FCBB,Canada,British Columbia,Burrard Inlet,,Kitsilano Beach North Boulders,hand collected,,9,6,2022,CA,Hakai-FCBB,BoLD original eventID: BHAK-12173-FCBB,http://biocol.org/urn:lsid:biocol.org:col:15106
hand collected,2022-09-06,BHAK-12240-FCBB-001,Depth: intertidal,,,intertidal boulders,49.278,-123.152,FalseCreek_BioBlitz_2022,"University of British Columbia, Beaty Biodiversity Museum",BHAK-12240-FCBB,BHAK-12240-FCBB,BHAK-12240-FCBB,BHAK-12240-FCBB,Canada,British Columbia,Burrard Inlet,,Kitsilano Beach North Boulders,hand collected,,9,6,2022,CA,Hakai-FCBB,BoLD original eventID: BHAK-12240-FCBB,http://biocol.org/urn:lsid:biocol.org:col:15106
hand collected,2022-09-06,BHAK-12239-FCBB-001,Depth: intertidal,,,intertidal boulders,49.278,-123.152,FalseCreek_BioBlitz_2022,"University of British Columbia, Beaty Biodiversity Museum",BHAK-12239-FCBB,BHAK-12239-FCBB,BHAK-12239-FCBB,BHAK-12239-FCBB,Canada,British Columbia,Burrard Inlet,,Kitsilano Beach North Boulders,hand collected,,9,6,2022,CA,Hakai-FCBB,BoLD original eventID: BHAK-12239-FCBB,http://biocol.org/urn:lsid:biocol.org:col:15106
hand collected,2022-09-06,BHAK-12238-FCBB-001,Depth: intertidal,,,intertidal boulders,49.278,-123.152,FalseCreek_BioBlitz_2022,"University of British Columbia, Beaty Biodiversity Museum",BHAK-12238-FCBB,BHAK-12238-FCBB,BHAK-12238-FCBB,BHAK-12238-FCBB,Canada,British Columbia,Burrard Inlet,,Kitsilano Beach North Boulders,hand collected,,9,6,2022,CA,Hakai-FCBB,BoLD original eventID: BHAK-12238-FCBB,http://biocol.org/urn:lsid:biocol.org:col:15106
hand collected,2022-09-06,BHAK-12237-FCBB-001,Depth: intertidal,,,intertidal boulders,49.278,-123.152,FalseCreek_BioBlitz_2022,"University of British Columbia, Beaty Biodiversity Museum",BHAK-12237-FCBB,BHAK-12237-FCBB,BHAK-12237-FCBB,BHAK-12237-FCBB,Canada,British Columbia,Burrard Inlet,,Kitsilano Beach North Boulders,hand collected,,9,6,2022,CA,Hakai-FCBB,BoLD original eventID: BHAK-12237-FCBB,http://biocol.org/urn:lsid:biocol.org:col:15106
hand collected,2022-09-06,BHAK-12236-FCBB-001,Depth: intertidal,,,intertidal boulders,49.278,-123.152,FalseCreek_BioBlitz_2022,"University of British Columbia, Beaty Biodiversity Museum",BHAK-12236-FCBB,BHAK-12236-FCBB,BHAK-12236-FCBB,BHAK-12236-FCBB,Canada,British Columbia,Burrard Inlet,,Kitsilano Beach North Boulders,hand collected,,9,6,2022,CA,Hakai-FCBB,BoLD original eventID: BHAK-12236-FCBB,http://biocol.org/urn:lsid:biocol.org:col:15106
hand collected,2022-09-06,BHAK-12235-FCBB-001,Depth: intertidal,,,intertidal boulders,49.278,-123.152,FalseCreek_BioBlitz_2022,Hakai Institute,BHAK-12235-FCBB,BHAK-12235-FCBB,BHAK-12235-FCBB,BHAK-12235-FCBB,Canada,British Columbia,Burrard Inlet,,Kitsilano Beach North Boulders,hand collected,,9,6,2022,CA,Hakai-FCBB,BoLD original eventID: BHAK-12235-FCBB,https://edmo.seadatanet.org/report/5148
hand collected,2022-09-06,BHAK-12270-FCBB-001,Depth: intertidal,,,intertidal boulders,49.278,-123.152,FalseCreek_BioBlitz_2022,Hakai Institute,BHAK-12270-FCBB,BHAK-12270-FCBB,BHAK-12270-FCBB,BHAK-12270-FCBB,Canada,British Columbia,Burrard Inlet,,Kitsilano Beach North Boulders,hand collected,,9,6,2022,CA,Hakai-FCBB,BoLD original eventID: BHAK-12270-FCBB,https://edmo.seadatanet.org/report/5148
hand collected,2022-09-06,BHAK-12265-FCBB-001,Depth: intertidal,,,intertidal boulders,49.278,-123.152,FalseCreek_BioBlitz_2022,Hakai Institute,BHAK-12265-FCBB,BHAK-12265-FCBB,BHAK-12265-FCBB,BHAK-12265-FCBB,Canada,British Columbia,Burrard Inlet,,Kitsilano Beach North Boulders,hand collected,,9,6,2022,CA,Hakai-FCBB,BoLD original eventID: BHAK-12265-FCBB,https://edmo.seadatanet.org/report/5148
sediment grab sample,2022-09-06,BHAK-12266-FCBB-001,,5,5,inlet,49.279,-123.142,FalseCreek_BioBlitz_2022,"University of British Columbia, Beaty Biodiversity Museum",BHAK-12266-FCBB,BHAK-12266-FCBB,BHAK-12266-FCBB,BHAK-12266-FCBB,Canada,British Columbia,Burrard Inlet,False Creek,Vanier Park,sediment grab sample,5,9,6,2022,CA,Hakai-FCBB,BoLD original eventID: BHAK-12266-FCBB,http://biocol.org/urn:lsid:biocol.org:col:15106
sediment grab sample,2022-09-06,BHAK-12268-FCBB-001,,5,5,inlet,49.279,-123.142,FalseCreek_BioBlitz_2022,"University of British Columbia, Beaty Biodiversity Museum",BHAK-12268-FCBB,BHAK-12268-FCBB,BHAK-12268-FCBB,BHAK-12268-FCBB,Canada,British Columbia,Burrard Inlet,False Creek,Vanier Park,sediment grab sample,5,9,6,2022,CA,Hakai-FCBB,BoLD original eventID: BHAK-12268-FCBB,http://biocol.org/urn:lsid:biocol.org:col:15106
sediment grab sample,2022-09-06,BHAK-12269-FCBB-001,,5,5,inlet,49.279,-123.142,FalseCreek_BioBlitz_2022,"University of British Columbia, Beaty Biodiversity Museum",BHAK-12269-FCBB,BHAK-12269-FCBB,BHAK-12269-FCBB,BHAK-12269-FCBB,Canada,British Columbia,Burrard Inlet,False Creek,Vanier Park,sediment grab sample,5,9,6,2022,CA,Hakai-FCBB,BoLD original eventID: BHAK-12269-FCBB,http://biocol.org/urn:lsid:biocol.org:col:15106
sediment grab sample,2022-09-06,BHAK-12295-FCBB-001,,5,5,inlet,49.279,-123.142,FalseCreek_BioBlitz_2022,"University of British Columbia, Beaty Biodiversity Museum",BHAK-12295-FCBB,BHAK-12295-FCBB,BHAK-12295-FCBB,BHAK-12295-FCBB,Canada,British Columbia,Burrard Inlet,False Creek,Vanier Park,sediment grab sample,5,9,6,2022,CA,Hakai-FCBB,BoLD original eventID: BHAK-12295-FCBB,http://biocol.org/urn:lsid:biocol.org:col:15106
sediment grab sample,2022-09-06,BHAK-12300-FCBB-001,,5,5,inlet,49.279,-123.142,FalseCreek_BioBlitz_2022,"University of British Columbia, Beaty Biodiversity Museum",BHAK-12300-FCBB,BHAK-12300-FCBB,BHAK-12300-FCBB,BHAK-12300-FCBB,Canada,British Columbia,Burrard Inlet,False Creek,Vanier Park,sediment grab sample,5,9,6,2022,CA,Hakai-FCBB,BoLD original eventID: BHAK-12300-FCBB,http://biocol.org/urn:lsid:biocol.org:col:15106
sediment grab sample,2022-09-06,BHAK-12299-FCBB-001,,5,5,inlet,49.279,-123.142,FalseCreek_BioBlitz_2022,"University of British Columbia, Beaty Biodiversity Museum",BHAK-12299-FCBB,BHAK-12299-FCBB,BHAK-12299-FCBB,BHAK-12299-FCBB,Canada,British Columbia,Burrard Inlet,False Creek,Vanier Park,sediment grab sample,5,9,6,2022,CA,Hakai-FCBB,BoLD original eventID: BHAK-12299-FCBB,http://biocol.org/urn:lsid:biocol.org:col:15106
sediment grab sample,2022-09-06,BHAK-12298-FCBB-001,,5,5,inlet,49.279,-123.142,FalseCreek_BioBlitz_2022,"University of British Columbia, Beaty Biodiversity Museum",BHAK-12298-FCBB,BHAK-12298-FCBB,BHAK-12298-FCBB,BHAK-12298-FCBB,Canada,British Columbia,Burrard Inlet,False Creek,Vanier Park,sediment grab sample,5,9,6,2022,CA,Hakai-FCBB,BoLD original eventID: BHAK-12298-FCBB,http://biocol.org/urn:lsid:biocol.org:col:15106
sediment grab sample,2022-09-06,BHAK-12297-FCBB-001,,5,5,inlet,49.279,-123.142,FalseCreek_BioBlitz_2022,"University of British Columbia, Beaty Biodiversity Museum",BHAK-12297-FCBB,BHAK-12297-FCBB,BHAK-12297-FCBB,BHAK-12297-FCBB,Canada,British Columbia,Burrard Inlet,False Creek,Vanier Park,sediment grab sample,5,9,6,2022,CA,Hakai-FCBB,BoLD original eventID: BHAK-12297-FCBB,http://biocol.org/urn:lsid:biocol.org:col:15106
sediment grab sample,2022-09-06,BHAK-12296-FCBB-001,,5,5,inlet,49.283,-123.15,FalseCreek_BioBlitz_2022,"University of British Columbia, Beaty Biodiversity Museum",BHAK-12296-FCBB,BHAK-12296-FCBB,BHAK-12296-FCBB,BHAK-12296-FCBB,Canada,British Columbia,Burrard Inlet,False Creek,False Creek Mouth,sediment grab sample,5,9,6,2022,CA,Hakai-FCBB,BoLD original eventID: BHAK-12296-FCBB,http://biocol.org/urn:lsid:biocol.org:col:15106
sediment grab sample,2022-09-06,BHAK-12267-FCBB-001,,5,5,inlet,49.279,-123.142,FalseCreek_BioBlitz_2022,Hakai Institute,BHAK-12267-FCBB,BHAK-12267-FCBB,BHAK-12267-FCBB,BHAK-12267-FCBB,Canada,British Columbia,Burrard Inlet,False Creek,Vanier Park,sediment grab sample,5,9,6,2022,CA,Hakai-FCBB,BoLD original eventID: BHAK-12267-FCBB,https://edmo.seadatanet.org/report/5148
sediment grab sample,2022-09-06,BHAK-12316-FCBB-001,,5,5,inlet,49.279,-123.142,FalseCreek_BioBlitz_2022,Hakai Institute,BHAK-12316-FCBB,BHAK-12316-FCBB,BHAK-12316-FCBB,BHAK-12316-FCBB,Canada,British Columbia,Burrard Inlet,False Creek,Vanier Park,sediment grab sample,5,9,6,2022,CA,Hakai-FCBB,BoLD original eventID: BHAK-12316-FCBB,https://edmo.seadatanet.org/report/5148
sediment grab sample,2022-09-06,BHAK-12317-FCBB-001,,5,5,inlet,49.279,-123.142,FalseCreek_BioBlitz_2022,Hakai Institute,BHAK-12317-FCBB,BHAK-12317-FCBB,BHAK-12317-FCBB,BHAK-12317-FCBB,Canada,British Columbia,Burrard Inlet,False Creek,Vanier Park,sediment grab sample,5,9,6,2022,CA,Hakai-FCBB,BoLD original eventID: BHAK-12317-FCBB,https://edmo.seadatanet.org/report/5148
sediment grab sample,2022-09-06,BHAK-12318-FCBB-001,,5,5,inlet,49.279,-123.142,FalseCreek_BioBlitz_2022,Hakai Institute,BHAK-12318-FCBB,BHAK-12318-FCBB,BHAK-12318-FCBB,BHAK-12318-FCBB,Canada,British Columbia,Burrard Inlet,False Creek,Vanier Park,sediment grab sample,5,9,6,2022,CA,Hakai-FCBB,BoLD original eventID: BHAK-12318-FCBB,https://edmo.seadatanet.org/report/5148
sediment grab sample,2022-09-06,BHAK-12319-FCBB-001,,5,5,inlet,49.282,-123.16,FalseCreek_BioBlitz_2022,"University of British Columbia, Beaty Biodiversity Museum",BHAK-12319-FCBB,BHAK-12319-FCBB,BHAK-12319-FCBB,BHAK-12319-FCBB,Canada,British Columbia,Burrard Inlet,,English Bay,sediment grab sample,5,9,6,2022,CA,Hakai-FCBB,BoLD original eventID: BHAK-12319-FCBB,http://biocol.org/urn:lsid:biocol.org:col:15106
sediment grab sample,2022-09-06,BHAK-12320-FCBB-001,,5,5,inlet,49.283,-123.15,FalseCreek_BioBlitz_2022,"University of British Columbia, Beaty Biodiversity Museum",BHAK-12320-FCBB,BHAK-12320-FCBB,BHAK-12320-FCBB,BHAK-12320-FCBB,Canada,British Columbia,Burrard Inlet,False Creek,False Creek Mouth,sediment grab sample,5,9,6,2022,CA,Hakai-FCBB,BoLD original eventID: BHAK-12320-FCBB,http://biocol.org/urn:lsid:biocol.org:col:15106
sediment grab sample,2022-09-06,BHAK-12321-FCBB-001,,5,5,inlet,49.283,-123.15,FalseCreek_BioBlitz_2022,"University of British Columbia, Beaty Biodiversity Museum",BHAK-12321-FCBB,BHAK-12321-FCBB,BHAK-12321-FCBB,BHAK-12321-FCBB,Canada,British Columbia,Burrard Inlet,False Creek,False Creek Mouth,sediment grab sample,5,9,6,2022,CA,Hakai-FCBB,BoLD original eventID: BHAK-12321-FCBB,http://biocol.org/urn:lsid:biocol.org:col:15106
sediment grab sample,2022-09-06,BHAK-12322-FCBB-001,,5,5,inlet,49.283,-123.15,FalseCreek_BioBlitz_2022,"University of British Columbia, Beaty Biodiversity Museum",BHAK-12322-FCBB,BHAK-12322-FCBB,BHAK-12322-FCBB,BHAK-12322-FCBB,Canada,British Columbia,Burrard Inlet,False Creek,False Creek Mouth,sediment grab sample,5,9,6,2022,CA,Hakai-FCBB,BoLD original eventID: BHAK-12322-FCBB,http://biocol.org/urn:lsid:biocol.org:col:15106
sediment grab sample,2022-09-06,BHAK-12323-FCBB-001,,5,5,inlet,49.283,-123.15,FalseCreek_BioBlitz_2022,"University of British Columbia, Beaty Biodiversity Museum",BHAK-12323-FCBB,BHAK-12323-FCBB,BHAK-12323-FCBB,BHAK-12323-FCBB,Canada,British Columbia,Burrard Inlet,False Creek,False Creek Mouth,sediment grab sample,5,9,6,2022,CA,Hakai-FCBB,BoLD original eventID: BHAK-12323-FCBB,http://biocol.org/urn:lsid:biocol.org:col:15106
sediment grab sample,2022-09-06,BHAK-12248-FCBB-001,,5,5,inlet,49.279,-123.142,FalseCreek_BioBlitz_2022,"University of British Columbia, Beaty Biodiversity Museum",BHAK-12248-FCBB,BHAK-12248-FCBB,BHAK-12248-FCBB,BHAK-12248-FCBB,Canada,British Columbia,Burrard Inlet,False Creek,Vanier Park,sediment grab sample,5,9,6,2022,CA,Hakai-FCBB,BoLD original eventID: BHAK-12248-FCBB,http://biocol.org/urn:lsid:biocol.org:col:15106
sediment grab sample,2022-09-06,BHAK-12249-FCBB-001,,5,5,inlet,49.279,-123.142,FalseCreek_BioBlitz_2022,"University of British Columbia, Beaty Biodiversity Museum",BHAK-12249-FCBB,BHAK-12249-FCBB,BHAK-12249-FCBB,BHAK-12249-FCBB,Canada,British Columbia,Burrard Inlet,False Creek,Vanier Park,sediment grab sample,5,9,6,2022,CA,Hakai-FCBB,BoLD original eventID: BHAK-12249-FCBB,http://biocol.org/urn:lsid:biocol.org:col:15106
sediment grab sample,2022-09-06,BHAK-12250-FCBB-001,,5,5,inlet,49.279,-123.142,FalseCreek_BioBlitz_2022,"University of British Columbia, Beaty Biodiversity Museum",BHAK-12250-FCBB,BHAK-12250-FCBB,BHAK-12250-FCBB,BHAK-12250-FCBB,Canada,British Columbia,Burrard Inlet,False Creek,Vanier Park,sediment grab sample,5,9,6,2022,CA,Hakai-FCBB,BoLD original eventID: BHAK-12250-FCBB,http://biocol.org/urn:lsid:biocol.org:col:15106
sediment grab sample,2022-09-06,BHAK-12251-FCBB-001,,5,5,inlet,49.279,-123.142,FalseCreek_BioBlitz_2022,"University of British Columbia, Beaty Biodiversity Museum",BHAK-12251-FCBB,BHAK-12251-FCBB,BHAK-12251-FCBB,BHAK-12251-FCBB,Canada,British Columbia,Burrard Inlet,False Creek,Vanier Park,sediment grab sample,5,9,6,2022,CA,Hakai-FCBB,BoLD original eventID: BHAK-12251-FCBB,http://biocol.org/urn:lsid:biocol.org:col:15106
sediment grab sample,2022-09-06,BHAK-12252-FCBB-001,,5,5,inlet,49.279,-123.142,FalseCreek_BioBlitz_2022,"University of British Columbia, Beaty Biodiversity Museum",BHAK-12252-FCBB,BHAK-12252-FCBB,BHAK-12252-FCBB,BHAK-12252-FCBB,Canada,British Columbia,Burrard Inlet,False Creek,Vanier Park,sediment grab sample,5,9,6,2022,CA,Hakai-FCBB,BoLD original eventID: BHAK-12252-FCBB,http://biocol.org/urn:lsid:biocol.org:col:15106
sediment grab sample,2022-09-06,BHAK-12253-FCBB-001,,5,5,inlet,49.279,-123.142,FalseCreek_BioBlitz_2022,"University of British Columbia, Beaty Biodiversity Museum",BHAK-12253-FCBB,BHAK-12253-FCBB,BHAK-12253-FCBB,BHAK-12253-FCBB,Canada,British Columbia,Burrard Inlet,False Creek,Vanier Park,sediment grab sample,5,9,6,2022,CA,Hakai-FCBB,BoLD original eventID: BHAK-12253-FCBB,http://biocol.org/urn:lsid:biocol.org:col:15106
sediment grab sample,2022-09-06,BHAK-12254-FCBB-001,,5,5,inlet,49.279,-123.142,FalseCreek_BioBlitz_2022,"University of British Columbia, Beaty Biodiversity Museum",BHAK-12254-FCBB,BHAK-12254-FCBB,BHAK-12254-FCBB,BHAK-12254-FCBB,Canada,British Columbia,Burrard Inlet,False Creek,Vanier Park,sediment grab sample,5,9,6,2022,CA,Hakai-FCBB,BoLD original eventID: BHAK-12254-FCBB,http://biocol.org/urn:lsid:biocol.org:col:15106
sediment grab sample,2022-09-06,BHAK-12255-FCBB-001,,5,5,inlet,49.279,-123.142,FalseCreek_BioBlitz_2022,"University of British Columbia, Beaty Biodiversity Museum",BHAK-12255-FCBB,BHAK-12255-FCBB,BHAK-12255-FCBB,BHAK-12255-FCBB,Canada,British Columbia,Burrard Inlet,False Creek,Vanier Park,sediment grab sample,5,9,6,2022,CA,Hakai-FCBB,BoLD original eventID: BHAK-12255-FCBB,http://biocol.org/urn:lsid:biocol.org:col:15106
sediment grab sample,2022-09-06,BHAK-12256-FCBB-001,,5,5,inlet,49.279,-123.142,FalseCreek_BioBlitz_2022,"University of British Columbia, Beaty Biodiversity Museum",BHAK-12256-FCBB,BHAK-12256-FCBB,BHAK-12256-FCBB,BHAK-12256-FCBB,Canada,British Columbia,Burrard Inlet,False Creek,Vanier Park,sediment grab sample,5,9,6,2022,CA,Hakai-FCBB,BoLD original eventID: BHAK-12256-FCBB,http://biocol.org/urn:lsid:biocol.org:col:15106
sediment grab sample,2022-09-06,BHAK-12257-FCBB-001,,5,5,inlet,49.283,-123.15,FalseCreek_BioBlitz_2022,"University of British Columbia, Beaty Biodiversity Museum",BHAK-12257-FCBB,BHAK-12257-FCBB,BHAK-12257-FCBB,BHAK-12257-FCBB,Canada,British Columbia,Burrard Inlet,False Creek,False Creek Mouth,sediment grab sample,5,9,6,2022,CA,Hakai-FCBB,BoLD original eventID: BHAK-12257-FCBB,http://biocol.org/urn:lsid:biocol.org:col:15106
sediment grab sample,2022-09-06,BHAK-12258-FCBB-001,,5,5,inlet,49.283,-123.15,FalseCreek_BioBlitz_2022,"University of British Columbia, Beaty Biodiversity Museum",BHAK-12258-FCBB,BHAK-12258-FCBB,BHAK-12258-FCBB,BHAK-12258-FCBB,Canada,British Columbia,Burrard Inlet,False Creek,False Creek Mouth,sediment grab sample,5,9,6,2022,CA,Hakai-FCBB,BoLD original eventID: BHAK-12258-FCBB,http://biocol.org/urn:lsid:biocol.org:col:15106
sediment grab sample,2022-09-06,BHAK-12259-FCBB-001,,5,5,inlet,49.283,-123.15,FalseCreek_BioBlitz_2022,"University of British Columbia, Beaty Biodiversity Museum",BHAK-12259-FCBB,BHAK-12259-FCBB,BHAK-12259-FCBB,BHAK-12259-FCBB,Canada,British Columbia,Burrard Inlet,False Creek,False Creek Mouth,sediment grab sample,5,9,6,2022,CA,Hakai-FCBB,BoLD original eventID: BHAK-12259-FCBB,http://biocol.org/urn:lsid:biocol.org:col:15106
sediment grab sample,2022-09-06,BHAK-12260-FCBB-001,,5,5,inlet,49.283,-123.15,FalseCreek_BioBlitz_2022,"University of British Columbia, Beaty Biodiversity Museum",BHAK-12260-FCBB,BHAK-12260-FCBB,BHAK-12260-FCBB,BHAK-12260-FCBB,Canada,British Columbia,Burrard Inlet,False Creek,False Creek Mouth,sediment grab sample,5,9,6,2022,CA,Hakai-FCBB,BoLD original eventID: BHAK-12260-FCBB,http://biocol.org/urn:lsid:biocol.org:col:15106
sediment grab sample,2022-09-06,BHAK-12261-FCBB-001,,5,5,inlet,49.283,-123.15,FalseCreek_BioBlitz_2022,"University of British Columbia, Beaty Biodiversity Museum",BHAK-12261-FCBB,BHAK-12261-FCBB,BHAK-12261-FCBB,BHAK-12261-FCBB,Canada,British Columbia,Burrard Inlet,False Creek,False Creek Mouth,sediment grab sample,5,9,6,2022,CA,Hakai-FCBB,BoLD original eventID: BHAK-12261-FCBB,http://biocol.org/urn:lsid:biocol.org:col:15106
sediment grab sample,2022-09-06,BHAK-12262-FCBB-001,,5,5,inlet,49.283,-123.15,FalseCreek_BioBlitz_2022,"University of British Columbia, Beaty Biodiversity Museum",BHAK-12262-FCBB,BHAK-12262-FCBB,BHAK-12262-FCBB,BHAK-12262-FCBB,Canada,British Columbia,Burrard Inlet,False Creek,False Creek Mouth,sediment grab sample,5,9,6,2022,CA,Hakai-FCBB,BoLD original eventID: BHAK-12262-FCBB,http://biocol.org/urn:lsid:biocol.org:col:15106
sediment grab sample,2022-09-06,BHAK-12263-FCBB-001,,5,5,inlet,49.283,-123.15,FalseCreek_BioBlitz_2022,"University of British Columbia, Beaty Biodiversity Museum",BHAK-12263-FCBB,BHAK-12263-FCBB,BHAK-12263-FCBB,BHAK-12263-FCBB,Canada,British Columbia,Burrard Inlet,False Creek,False Creek Mouth,sediment grab sample,5,9,6,2022,CA,Hakai-FCBB,BoLD original eventID: BHAK-12263-FCBB,http://biocol.org/urn:lsid:biocol.org:col:15106
sediment grab sample,2022-09-06,BHAK-12205-FCBB-001,,5,5,inlet,49.279,-123.142,FalseCreek_BioBlitz_2022,"University of British Columbia, Beaty Biodiversity Museum",BHAK-12205-FCBB,BHAK-12205-FCBB,BHAK-12205-FCBB,BHAK-12205-FCBB,Canada,British Columbia,Burrard Inlet,False Creek,Vanier Park,sediment grab sample,5,9,6,2022,CA,Hakai-FCBB,BoLD original eventID: BHAK-12205-FCBB,http://biocol.org/urn:lsid:biocol.org:col:15106
sediment grab sample,2022-09-06,BHAK-12206-FCBB-001,,5,5,inlet,49.279,-123.142,FalseCreek_BioBlitz_2022,"University of British Columbia, Beaty Biodiversity Museum",BHAK-12206-FCBB,BHAK-12206-FCBB,BHAK-12206-FCBB,BHAK-12206-FCBB,Canada,British Columbia,Burrard Inlet,False Creek,Vanier Park,sediment grab sample,5,9,6,2022,CA,Hakai-FCBB,BoLD original eventID: BHAK-12206-FCBB,http://biocol.org/urn:lsid:biocol.org:col:15106
sediment grab sample,2022-09-06,BHAK-12207-FCBB-001,,5,5,inlet,49.279,-123.142,FalseCreek_BioBlitz_2022,"University of British Columbia, Beaty Biodiversity Museum",BHAK-12207-FCBB,BHAK-12207-FCBB,BHAK-12207-FCBB,BHAK-12207-FCBB,Canada,British Columbia,Burrard Inlet,False Creek,Vanier Park,sediment grab sample,5,9,6,2022,CA,Hakai-FCBB,BoLD original eventID: BHAK-12207-FCBB,http://biocol.org/urn:lsid:biocol.org:col:15106
sediment grab sample,2022-09-06,BHAK-12208-FCBB-001,,5,5,inlet,49.279,-123.142,FalseCreek_BioBlitz_2022,"University of British Columbia, Beaty Biodiversity Museum",BHAK-12208-FCBB,BHAK-12208-FCBB,BHAK-12208-FCBB,BHAK-12208-FCBB,Canada,British Columbia,Burrard Inlet,False Creek,Vanier Park,sediment grab sample,5,9,6,2022,CA,Hakai-FCBB,BoLD original eventID: BHAK-12208-FCBB,http://biocol.org/urn:lsid:biocol.org:col:15106
sediment grab sample,2022-09-06,BHAK-12271-FCBB-001,,5,5,inlet,49.279,-123.142,FalseCreek_BioBlitz_2022,"University of British Columbia, Beaty Biodiversity Museum",BHAK-12271-FCBB,BHAK-12271-FCBB,BHAK-12271-FCBB,BHAK-12271-FCBB,Canada,British Columbia,Burrard Inlet,False Creek,Vanier Park,sediment grab sample,5,9,6,2022,CA,Hakai-FCBB,BoLD original eventID: BHAK-12271-FCBB,http://biocol.org/urn:lsid:biocol.org:col:15106
sediment grab sample,2022-09-06,BHAK-12272-FCBB-001,,5,5,inlet,49.279,-123.142,FalseCreek_BioBlitz_2022,"University of British Columbia, Beaty Biodiversity Museum",BHAK-12272-FCBB,BHAK-12272-FCBB,BHAK-12272-FCBB,BHAK-12272-FCBB,Canada,British Columbia,Burrard Inlet,False Creek,Vanier Park,sediment grab sample,5,9,6,2022,CA,Hakai-FCBB,BoLD original eventID: BHAK-12272-FCBB,http://biocol.org/urn:lsid:biocol.org:col:15106
sediment grab sample,2022-09-06,BHAK-12290-FCBB-001,,5,5,inlet,49.283,-123.15,FalseCreek_BioBlitz_2022,"University of British Columbia, Beaty Biodiversity Museum",BHAK-12290-FCBB,BHAK-12290-FCBB,BHAK-12290-FCBB,BHAK-12290-FCBB,Canada,British Columbia,Burrard Inlet,False Creek,False Creek Mouth,sediment grab sample,5,9,6,2022,CA,Hakai-FCBB,BoLD original eventID: BHAK-12290-FCBB,http://biocol.org/urn:lsid:biocol.org:col:15106
hand collected,2022-09-06,BHAK-12291-FCBB-001,Depth: intertidal,,,intertidal boulders,49.278,-123.152,FalseCreek_BioBlitz_2022,"University of British Columbia, Beaty Biodiversity Museum",BHAK-12291-FCBB,BHAK-12291-FCBB,BHAK-12291-FCBB,BHAK-12291-FCBB,Canada,British Columbia,Burrard Inlet,,Kitsilano Beach North Boulders,hand collected,,9,6,2022,CA,Hakai-FCBB,BoLD original eventID: BHAK-12291-FCBB,http://biocol.org/urn:lsid:biocol.org:col:15106
hand collected,2022-09-06,BHAK-12292-FCBB-001,Depth: intertidal,,,intertidal boulders,49.278,-123.152,FalseCreek_BioBlitz_2022,"University of British Columbia, Beaty Biodiversity Museum",BHAK-12292-FCBB,BHAK-12292-FCBB,BHAK-12292-FCBB,BHAK-12292-FCBB,Canada,British Columbia,Burrard Inlet,,Kitsilano Beach North Boulders,hand collected,,9,6,2022,CA,Hakai-FCBB,BoLD original eventID: BHAK-12292-FCBB,http://biocol.org/urn:lsid:biocol.org:col:15106
hand collected,2022-09-06,BHAK-12293-FCBB-001,Depth: intertidal,,,intertidal boulders,49.278,-123.152,FalseCreek_BioBlitz_2022,"University of British Columbia, Beaty Biodiversity Museum",BHAK-12293-FCBB,BHAK-12293-FCBB,BHAK-12293-FCBB,BHAK-12293-FCBB,Canada,British Columbia,Burrard Inlet,,Kitsilano Beach North Boulders,hand collected,,9,6,2022,CA,Hakai-FCBB,BoLD original eventID: BHAK-12293-FCBB,http://biocol.org/urn:lsid:biocol.org:col:15106
hand collected,2022-09-06,BHAK-12294-FCBB-001,Depth: intertidal,,,intertidal boulders,49.278,-123.152,FalseCreek_BioBlitz_2022,"University of British Columbia, Beaty Biodiversity Museum",BHAK-12294-FCBB,BHAK-12294-FCBB,BHAK-12294-FCBB,BHAK-12294-FCBB,Canada,British Columbia,Burrard Inlet,,Kitsilano Beach North Boulders,hand collected,,9,6,2022,CA,Hakai-FCBB,BoLD original eventID: BHAK-12294-FCBB,http://biocol.org/urn:lsid:biocol.org:col:15106
hand collected,2022-09-06,BHAK-12333-FCBB-001,Depth: intertidal,,,intertidal boulders,49.278,-123.152,FalseCreek_BioBlitz_2022,"University of British Columbia, Beaty Biodiversity Museum",BHAK-12333-FCBB,BHAK-12333-FCBB,BHAK-12333-FCBB,BHAK-12333-FCBB,Canada,British Columbia,Burrard Inlet,,Kitsilano Beach North Boulders,hand collected,,9,6,2022,CA,Hakai-FCBB,BoLD original eventID: BHAK-12333-FCBB,http://biocol.org/urn:lsid:biocol.org:col:15106
hand collected,2022-09-06,BHAK-12334-FCBB-001,Depth: intertidal,,,intertidal boulders,49.278,-123.152,FalseCreek_BioBlitz_2022,"University of British Columbia, Beaty Biodiversity Museum",BHAK-12334-FCBB,BHAK-12334-FCBB,BHAK-12334-FCBB,BHAK-12334-FCBB,Canada,British Columbia,Burrard Inlet,,Kitsilano Beach North Boulders,hand collected,,9,6,2022,CA,Hakai-FCBB,BoLD original eventID: BHAK-12334-FCBB,http://biocol.org/urn:lsid:biocol.org:col:15106
hand collected,2022-09-06,BHAK-12335-FCBB-001,Depth: intertidal,,,intertidal boulders,49.278,-123.152,FalseCreek_BioBlitz_2022,"University of British Columbia, Beaty Biodiversity Museum",BHAK-12335-FCBB,BHAK-12335-FCBB,BHAK-12335-FCBB,BHAK-12335-FCBB,Canada,British Columbia,Burrard Inlet,,Kitsilano Beach North Boulders,hand collected,,9,6,2022,CA,Hakai-FCBB,BoLD original eventID: BHAK-12335-FCBB,http://biocol.org/urn:lsid:biocol.org:col:15106
hand collected,2022-09-06,BHAK-12336-FCBB-001,Depth: intertidal,,,intertidal boulders,49.278,-123.152,FalseCreek_BioBlitz_2022,"University of British Columbia, Beaty Biodiversity Museum",BHAK-12336-FCBB,BHAK-12336-FCBB,BHAK-12336-FCBB,BHAK-12336-FCBB,Canada,British Columbia,Burrard Inlet,,Kitsilano Beach North Boulders,hand collected,,9,6,2022,CA,Hakai-FCBB,BoLD original eventID: BHAK-12336-FCBB,http://biocol.org/urn:lsid:biocol.org:col:15106
sediment grab sample,2022-09-06,BHAK-12337-FCBB-001,,5,5,inlet,49.282,-123.16,FalseCreek_BioBlitz_2022,"University of British Columbia, Beaty Biodiversity Museum",BHAK-12337-FCBB,BHAK-12337-FCBB,BHAK-12337-FCBB,BHAK-12337-FCBB,Canada,British Columbia,Burrard Inlet,,English Bay,sediment grab sample,5,9,6,2022,CA,Hakai-FCBB,BoLD original eventID: BHAK-12337-FCBB,http://biocol.org/urn:lsid:biocol.org:col:15106
sediment grab sample,2022-09-06,BHAK-12496-FCBB-001,,5,5,inlet,49.283,-123.15,FalseCreek_BioBlitz_2022,"University of British Columbia, Beaty Biodiversity Museum",BHAK-12496-FCBB,BHAK-12496-FCBB,BHAK-12496-FCBB,BHAK-12496-FCBB,Canada,British Columbia,Burrard Inlet,False Creek,False Creek Mouth,sediment grab sample,5,9,6,2022,CA,Hakai-FCBB,BoLD original eventID: BHAK-12496-FCBB,http://biocol.org/urn:lsid:biocol.org:col:15106
sediment grab sample,2022-09-06,BHAK-12497-FCBB-001,,5,5,inlet,49.283,-123.15,FalseCreek_BioBlitz_2022,"University of British Columbia, Beaty Biodiversity Museum",BHAK-12497-FCBB,BHAK-12497-FCBB,BHAK-12497-FCBB,BHAK-12497-FCBB,Canada,British Columbia,Burrard Inlet,False Creek,False Creek Mouth,sediment grab sample,5,9,6,2022,CA,Hakai-FCBB,BoLD original eventID: BHAK-12497-FCBB,http://biocol.org/urn:lsid:biocol.org:col:15106
sediment grab sample,2022-09-06,BHAK-12498-FCBB-001,,5,5,inlet,49.283,-123.15,FalseCreek_BioBlitz_2022,"University of British Columbia, Beaty Biodiversity Museum",BHAK-12498-FCBB,BHAK-12498-FCBB,BHAK-12498-FCBB,BHAK-12498-FCBB,Canada,British Columbia,Burrard Inlet,False Creek,False Creek Mouth,sediment grab sample,5,9,6,2022,CA,Hakai-FCBB,BoLD original eventID: BHAK-12498-FCBB,http://biocol.org/urn:lsid:biocol.org:col:15106
sediment grab sample,2022-09-06,BHAK-12499-FCBB-001,,5,5,inlet,49.273,-123.134,FalseCreek_BioBlitz_2022,"University of British Columbia, Beaty Biodiversity Museum",BHAK-12499-FCBB,BHAK-12499-FCBB,BHAK-12499-FCBB,BHAK-12499-FCBB,Canada,British Columbia,Burrard Inlet,False Creek,Granville Island,sediment grab sample,5,9,6,2022,CA,Hakai-FCBB,BoLD original eventID: BHAK-12499-FCBB,http://biocol.org/urn:lsid:biocol.org:col:15106
sediment grab sample,2022-09-06,BHAK-12500-FCBB-001,,5,5,inlet,49.273,-123.134,FalseCreek_BioBlitz_2022,"University of British Columbia, Beaty Biodiversity Museum",BHAK-12500-FCBB,BHAK-12500-FCBB,BHAK-12500-FCBB,BHAK-12500-FCBB,Canada,British Columbia,Burrard Inlet,False Creek,Granville Island,sediment grab sample,5,9,6,2022,CA,Hakai-FCBB,BoLD original eventID: BHAK-12500-FCBB,http://biocol.org/urn:lsid:biocol.org:col:15106
sediment grab sample,2022-09-06,BHAK-12501-FCBB-001,,5,5,inlet,49.273,-123.134,FalseCreek_BioBlitz_2022,"University of British Columbia, Beaty Biodiversity Museum",BHAK-12501-FCBB,BHAK-12501-FCBB,BHAK-12501-FCBB,BHAK-12501-FCBB,Canada,British Columbia,Burrard Inlet,False Creek,Granville Island,sediment grab sample,5,9,6,2022,CA,Hakai-FCBB,BoLD original eventID: BHAK-12501-FCBB,http://biocol.org/urn:lsid:biocol.org:col:15106
sediment grab sample,2022-09-06,BHAK-12502-FCBB-001,,5,5,inlet,49.282,-123.16,FalseCreek_BioBlitz_2022,"University of British Columbia, Beaty Biodiversity Museum",BHAK-12502-FCBB,BHAK-12502-FCBB,BHAK-12502-FCBB,BHAK-12502-FCBB,Canada,British Columbia,Burrard Inlet,,English Bay,sediment grab sample,5,9,6,2022,CA,Hakai-FCBB,BoLD original eventID: BHAK-12502-FCBB,http://biocol.org/urn:lsid:biocol.org:col:15106
sediment grab sample,2022-09-06,BHAK-12503-FCBB-001,,5,5,inlet,49.282,-123.16,FalseCreek_BioBlitz_2022,"University of British Columbia, Beaty Biodiversity Museum",BHAK-12503-FCBB,BHAK-12503-FCBB,BHAK-12503-FCBB,BHAK-12503-FCBB,Canada,British Columbia,Burrard Inlet,,English Bay,sediment grab sample,5,9,6,2022,CA,Hakai-FCBB,BoLD original eventID: BHAK-12503-FCBB,http://biocol.org/urn:lsid:biocol.org:col:15106
sediment grab sample,2022-09-06,BHAK-12504-FCBB-001,,5,5,inlet,49.282,-123.16,FalseCreek_BioBlitz_2022,"University of British Columbia, Beaty Biodiversity Museum",BHAK-12504-FCBB,BHAK-12504-FCBB,BHAK-12504-FCBB,BHAK-12504-FCBB,Canada,British Columbia,Burrard Inlet,,English Bay,sediment grab sample,5,9,6,2022,CA,Hakai-FCBB,BoLD original eventID: BHAK-12504-FCBB,http://biocol.org/urn:lsid:biocol.org:col:15106
sediment grab sample,2022-09-06,BHAK-12505-FCBB-001,,5,5,inlet,49.282,-123.16,FalseCreek_BioBlitz_2022,"University of British Columbia, Beaty Biodiversity Museum",BHAK-12505-FCBB,BHAK-12505-FCBB,BHAK-12505-FCBB,BHAK-12505-FCBB,Canada,British Columbia,Burrard Inlet,,English Bay,sediment grab sample,5,9,6,2022,CA,Hakai-FCBB,BoLD original eventID: BHAK-12505-FCBB,http://biocol.org/urn:lsid:biocol.org:col:15106
sediment grab sample,2022-09-06,BHAK-12506-FCBB-001,,5,5,inlet,49.282,-123.16,FalseCreek_BioBlitz_2022,"University of British Columbia, Beaty Biodiversity Museum",BHAK-12506-FCBB,BHAK-12506-FCBB,BHAK-12506-FCBB,BHAK-12506-FCBB,Canada,British Columbia,Burrard Inlet,,English Bay,sediment grab sample,5,9,6,2022,CA,Hakai-FCBB,BoLD original eventID: BHAK-12506-FCBB,http://biocol.org/urn:lsid:biocol.org:col:15106
sediment grab sample,2022-09-06,BHAK-12507-FCBB-001,,5,5,inlet,49.282,-123.16,FalseCreek_BioBlitz_2022,Hakai Institute,BHAK-12507-FCBB,BHAK-12507-FCBB,BHAK-12507-FCBB,BHAK-12507-FCBB,Canada,British Columbia,Burrard Inlet,,English Bay,sediment grab sample,5,9,6,2022,CA,Hakai-FCBB,BoLD original eventID: BHAK-12507-FCBB,https://edmo.seadatanet.org/report/5148
sediment grab sample,2022-09-06,BHAK-12324-FCBB-001,,5,5,inlet,49.283,-123.15,FalseCreek_BioBlitz_2022,"University of British Columbia, Beaty Biodiversity Museum",BHAK-12324-FCBB,BHAK-12324-FCBB,BHAK-12324-FCBB,BHAK-12324-FCBB,Canada,British Columbia,Burrard Inlet,False Creek,False Creek Mouth,sediment grab sample,5,9,6,2022,CA,Hakai-FCBB,BoLD original eventID: BHAK-12324-FCBB,http://biocol.org/urn:lsid:biocol.org:col:15106
sediment grab sample,2022-09-06,BHAK-12325-FCBB-001,,5,5,inlet,49.283,-123.15,FalseCreek_BioBlitz_2022,"University of British Columbia, Beaty Biodiversity Museum",BHAK-12325-FCBB,BHAK-12325-FCBB,BHAK-12325-FCBB,BHAK-12325-FCBB,Canada,British Columbia,Burrard Inlet,False Creek,False Creek Mouth,sediment grab sample,5,9,6,2022,CA,Hakai-FCBB,BoLD original eventID: BHAK-12325-FCBB,http://biocol.org/urn:lsid:biocol.org:col:15106
settlement plates,2022-09-07,BHAK-12326-FCBB-001,,1,1,"inlet, dock",49.269,-123.134,FalseCreek_BioBlitz_2022,"University of British Columbia, Beaty Biodiversity Museum",BHAK-12326-FCBB,BHAK-12326-FCBB,BHAK-12326-FCBB,BHAK-12326-FCBB,Canada,British Columbia,Burrard Inlet,False Creek,"Alder Bay, public dock",settlement plates,1,9,7,2022,CA,Hakai-FCBB,BoLD original eventID: BHAK-12326-FCBB,http://biocol.org/urn:lsid:biocol.org:col:15106
sediment grab sample,2022-09-06,BHAK-12327-FCBB-001,,5,5,inlet,49.282,-123.16,FalseCreek_BioBlitz_2022,"University of British Columbia, Beaty Biodiversity Museum",BHAK-12327-FCBB,BHAK-12327-FCBB,BHAK-12327-FCBB,BHAK-12327-FCBB,Canada,British Columbia,Burrard Inlet,,English Bay,sediment grab sample,5,9,6,2022,CA,Hakai-FCBB,BoLD original eventID: BHAK-12327-FCBB,http://biocol.org/urn:lsid:biocol.org:col:15106
sediment grab sample,2022-09-06,BHAK-12328-FCBB-001,,5,5,inlet,49.282,-123.16,FalseCreek_BioBlitz_2022,"University of British Columbia, Beaty Biodiversity Museum",BHAK-12328-FCBB,BHAK-12328-FCBB,BHAK-12328-FCBB,BHAK-12328-FCBB,Canada,British Columbia,Burrard Inlet,,English Bay,sediment grab sample,5,9,6,2022,CA,Hakai-FCBB,BoLD original eventID: BHAK-12328-FCBB,http://biocol.org/urn:lsid:biocol.org:col:15106
sediment grab sample,2022-09-06,BHAK-12303-FCBB-001,,5,5,inlet,49.282,-123.16,FalseCreek_BioBlitz_2022,"University of British Columbia, Beaty Biodiversity Museum",BHAK-12303-FCBB,BHAK-12303-FCBB,BHAK-12303-FCBB,BHAK-12303-FCBB,Canada,British Columbia,Burrard Inlet,,English Bay,sediment grab sample,5,9,6,2022,CA,Hakai-FCBB,BoLD original eventID: BHAK-12303-FCBB,http://biocol.org/urn:lsid:biocol.org:col:15106
sediment grab sample,2022-09-06,BHAK-12304-FCBB-001,,5,5,inlet,49.282,-123.16,FalseCreek_BioBlitz_2022,"University of British Columbia, Beaty Biodiversity Museum",BHAK-12304-FCBB,BHAK-12304-FCBB,BHAK-12304-FCBB,BHAK-12304-FCBB,Canada,British Columbia,Burrard Inlet,,English Bay,sediment grab sample,5,9,6,2022,CA,Hakai-FCBB,BoLD original eventID: BHAK-12304-FCBB,http://biocol.org/urn:lsid:biocol.org:col:15106
sediment grab sample,2022-09-06,BHAK-12305-FCBB-001,,5,5,inlet,49.282,-123.16,FalseCreek_BioBlitz_2022,"University of British Columbia, Beaty Biodiversity Museum",BHAK-12305-FCBB,BHAK-12305-FCBB,BHAK-12305-FCBB,BHAK-12305-FCBB,Canada,British Columbia,Burrard Inlet,,English Bay,sediment grab sample,5,9,6,2022,CA,Hakai-FCBB,BoLD original eventID: BHAK-12305-FCBB,http://biocol.org/urn:lsid:biocol.org:col:15106
sediment grab sample,2022-09-06,BHAK-12306-FCBB-001,,5,5,inlet,49.282,-123.16,FalseCreek_BioBlitz_2022,"University of British Columbia, Beaty Biodiversity Museum",BHAK-12306-FCBB,BHAK-12306-FCBB,BHAK-12306-FCBB,BHAK-12306-FCBB,Canada,British Columbia,Burrard Inlet,,English Bay,sediment grab sample,5,9,6,2022,CA,Hakai-FCBB,BoLD original eventID: BHAK-12306-FCBB,http://biocol.org/urn:lsid:biocol.org:col:15106
sediment grab sample,2022-09-06,BHAK-12310-FCBB-001,,5,5,inlet,49.282,-123.16,FalseCreek_BioBlitz_2022,"University of British Columbia, Beaty Biodiversity Museum",BHAK-12310-FCBB,BHAK-12310-FCBB,BHAK-12310-FCBB,BHAK-12310-FCBB,Canada,British Columbia,Burrard Inlet,,English Bay,sediment grab sample,5,9,6,2022,CA,Hakai-FCBB,BoLD original eventID: BHAK-12310-FCBB,http://biocol.org/urn:lsid:biocol.org:col:15106
sediment grab sample,2022-09-06,BHAK-12307-FCBB-001,,5,5,inlet,49.282,-123.16,FalseCreek_BioBlitz_2022,"University of British Columbia, Beaty Biodiversity Museum",BHAK-12307-FCBB,BHAK-12307-FCBB,BHAK-12307-FCBB,BHAK-12307-FCBB,Canada,British Columbia,Burrard Inlet,,English Bay,sediment grab sample,5,9,6,2022,CA,Hakai-FCBB,BoLD original eventID: BHAK-12307-FCBB,http://biocol.org/urn:lsid:biocol.org:col:15106
sediment grab sample,2022-09-06,BHAK-12308-FCBB-001,,5,5,inlet,49.282,-123.16,FalseCreek_BioBlitz_2022,"University of British Columbia, Beaty Biodiversity Museum",BHAK-12308-FCBB,BHAK-12308-FCBB,BHAK-12308-FCBB,BHAK-12308-FCBB,Canada,British Columbia,Burrard Inlet,,English Bay,sediment grab sample,5,9,6,2022,CA,Hakai-FCBB,BoLD original eventID: BHAK-12308-FCBB,http://biocol.org/urn:lsid:biocol.org:col:15106
sediment grab sample,2022-09-06,BHAK-12309-FCBB-001,,5,5,inlet,49.282,-123.16,FalseCreek_BioBlitz_2022,"University of British Columbia, Beaty Biodiversity Museum",BHAK-12309-FCBB,BHAK-12309-FCBB,BHAK-12309-FCBB,BHAK-12309-FCBB,Canada,British Columbia,Burrard Inlet,,English Bay,sediment grab sample,5,9,6,2022,CA,Hakai-FCBB,BoLD original eventID: BHAK-12309-FCBB,http://biocol.org/urn:lsid:biocol.org:col:15106
sediment grab sample,2022-09-06,BHAK-12311-FCBB-001,,5,5,inlet,49.282,-123.16,FalseCreek_BioBlitz_2022,Hakai Institute,BHAK-12311-FCBB,BHAK-12311-FCBB,BHAK-12311-FCBB,BHAK-12311-FCBB,Canada,British Columbia,Burrard Inlet,,English Bay,sediment grab sample,5,9,6,2022,CA,Hakai-FCBB,BoLD original eventID: BHAK-12311-FCBB,https://edmo.seadatanet.org/report/5148
settlement plates,2022-09-07,BHAK-12312-FCBB-001,,1,1,"inlet, dock",49.269,-123.128,FalseCreek_BioBlitz_2022,Hakai Institute,BHAK-12312-FCBB,BHAK-12312-FCBB,BHAK-12312-FCBB,BHAK-12312-FCBB,Canada,British Columbia,Burrard Inlet,False Creek,Spruce Harbour Marina,settlement plates,1,9,7,2022,CA,Hakai-FCBB,BoLD original eventID: BHAK-12312-FCBB,https://edmo.seadatanet.org/report/5148
settlement plates,2022-09-07,BHAK-12495-FCBB-001,,1,1,"inlet, dock",49.269,-123.128,FalseCreek_BioBlitz_2022,Hakai Institute,BHAK-12495-FCBB,BHAK-12495-FCBB,BHAK-12495-FCBB,BHAK-12495-FCBB,Canada,British Columbia,Burrard Inlet,False Creek,Spruce Harbour Marina,settlement plates,1,9,7,2022,CA,Hakai-FCBB,BoLD original eventID: BHAK-12495-FCBB,https://edmo.seadatanet.org/report/5148
sediment grab sample,2022-09-06,BHAK-12481-FCBB-001,,5,5,inlet,49.282,-123.16,FalseCreek_BioBlitz_2022,Hakai Institute,BHAK-12481-FCBB,BHAK-12481-FCBB,BHAK-12481-FCBB,BHAK-12481-FCBB,Canada,British Columbia,Burrard Inlet,,English Bay,sediment grab sample,5,9,6,2022,CA,Hakai-FCBB,BoLD original eventID: BHAK-12481-FCBB,https://edmo.seadatanet.org/report/5148
sediment grab sample,2022-09-06,BHAK-12482-FCBB-001,,5,5,inlet,49.282,-123.16,FalseCreek_BioBlitz_2022,Hakai Institute,BHAK-12482-FCBB,BHAK-12482-FCBB,BHAK-12482-FCBB,BHAK-12482-FCBB,Canada,British Columbia,Burrard Inlet,,English Bay,sediment grab sample,5,9,6,2022,CA,Hakai-FCBB,BoLD original eventID: BHAK-12482-FCBB,https://edmo.seadatanet.org/report/5148
sediment grab sample,2022-09-06,BHAK-12483-FCBB-001,,5,5,inlet,49.282,-123.16,FalseCreek_BioBlitz_2022,Hakai Institute,BHAK-12483-FCBB,BHAK-12483-FCBB,BHAK-12483-FCBB,BHAK-12483-FCBB,Canada,British Columbia,Burrard Inlet,,English Bay,sediment grab sample,5,9,6,2022,CA,Hakai-FCBB,BoLD original eventID: BHAK-12483-FCBB,https://edmo.seadatanet.org/report/5148
sediment grab sample,2022-09-06,BHAK-12338-FCBB-001,,5,5,inlet,49.282,-123.16,FalseCreek_BioBlitz_2022,"University of British Columbia, Beaty Biodiversity Museum",BHAK-12338-FCBB,BHAK-12338-FCBB,BHAK-12338-FCBB,BHAK-12338-FCBB,Canada,British Columbia,Burrard Inlet,,English Bay,sediment grab sample,5,9,6,2022,CA,Hakai-FCBB,BoLD original eventID: BHAK-12338-FCBB,http://biocol.org/urn:lsid:biocol.org:col:15106
sediment grab sample,2022-09-06,BHAK-12339-FCBB-001,,5,5,inlet,49.282,-123.16,FalseCreek_BioBlitz_2022,"University of British Columbia, Beaty Biodiversity Museum",BHAK-12339-FCBB,BHAK-12339-FCBB,BHAK-12339-FCBB,BHAK-12339-FCBB,Canada,British Columbia,Burrard Inlet,,English Bay,sediment grab sample,5,9,6,2022,CA,Hakai-FCBB,BoLD original eventID: BHAK-12339-FCBB,http://biocol.org/urn:lsid:biocol.org:col:15106
sediment grab sample,2022-09-06,BHAK-12340-FCBB-001,,5,5,inlet,49.282,-123.16,FalseCreek_BioBlitz_2022,"University of British Columbia, Beaty Biodiversity Museum",BHAK-12340-FCBB,BHAK-12340-FCBB,BHAK-12340-FCBB,BHAK-12340-FCBB,Canada,British Columbia,Burrard Inlet,,English Bay,sediment grab sample,5,9,6,2022,CA,Hakai-FCBB,BoLD original eventID: BHAK-12340-FCBB,http://biocol.org/urn:lsid:biocol.org:col:15106
sediment grab sample,2022-09-06,BHAK-12341-FCBB-001,,5,5,inlet,49.282,-123.16,FalseCreek_BioBlitz_2022,"University of British Columbia, Beaty Biodiversity Museum",BHAK-12341-FCBB,BHAK-12341-FCBB,BHAK-12341-FCBB,BHAK-12341-FCBB,Canada,British Columbia,Burrard Inlet,,English Bay,sediment grab sample,5,9,6,2022,CA,Hakai-FCBB,BoLD original eventID: BHAK-12341-FCBB,http://biocol.org/urn:lsid:biocol.org:col:15106
sediment grab sample,2022-09-06,BHAK-12342-FCBB-001,,5,5,inlet,49.282,-123.16,FalseCreek_BioBlitz_2022,"University of British Columbia, Beaty Biodiversity Museum",BHAK-12342-FCBB,BHAK-12342-FCBB,BHAK-12342-FCBB,BHAK-12342-FCBB,Canada,British Columbia,Burrard Inlet,,English Bay,sediment grab sample,5,9,6,2022,CA,Hakai-FCBB,BoLD original eventID: BHAK-12342-FCBB,http://biocol.org/urn:lsid:biocol.org:col:15106
sediment grab sample,2022-09-06,BHAK-12343-FCBB-001,,5,5,inlet,49.282,-123.16,FalseCreek_BioBlitz_2022,"University of British Columbia, Beaty Biodiversity Museum",BHAK-12343-FCBB,BHAK-12343-FCBB,BHAK-12343-FCBB,BHAK-12343-FCBB,Canada,British Columbia,Burrard Inlet,,English Bay,sediment grab sample,5,9,6,2022,CA,Hakai-FCBB,BoLD original eventID: BHAK-12343-FCBB,http://biocol.org/urn:lsid:biocol.org:col:15106
sediment grab sample,2022-09-06,BHAK-12344-FCBB-001,,5,5,inlet,49.282,-123.16,FalseCreek_BioBlitz_2022,"University of British Columbia, Beaty Biodiversity Museum",BHAK-12344-FCBB,BHAK-12344-FCBB,BHAK-12344-FCBB,BHAK-12344-FCBB,Canada,British Columbia,Burrard Inlet,,English Bay,sediment grab sample,5,9,6,2022,CA,Hakai-FCBB,BoLD original eventID: BHAK-12344-FCBB,http://biocol.org/urn:lsid:biocol.org:col:15106
sediment grab sample,2022-09-06,BHAK-12345-FCBB-001,,5,5,inlet,49.282,-123.16,FalseCreek_BioBlitz_2022,"University of British Columbia, Beaty Biodiversity Museum",BHAK-12345-FCBB,BHAK-12345-FCBB,BHAK-12345-FCBB,BHAK-12345-FCBB,Canada,British Columbia,Burrard Inlet,,English Bay,sediment grab sample,5,9,6,2022,CA,Hakai-FCBB,BoLD original eventID: BHAK-12345-FCBB,http://biocol.org/urn:lsid:biocol.org:col:15106
sediment grab sample,2022-09-06,BHAK-12346-FCBB-001,,5,5,inlet,49.282,-123.16,FalseCreek_BioBlitz_2022,"University of British Columbia, Beaty Biodiversity Museum",BHAK-12346-FCBB,BHAK-12346-FCBB,BHAK-12346-FCBB,BHAK-12346-FCBB,Canada,British Columbia,Burrard Inlet,,English Bay,sediment grab sample,5,9,6,2022,CA,Hakai-FCBB,BoLD original eventID: BHAK-12346-FCBB,http://biocol.org/urn:lsid:biocol.org:col:15106
sediment grab sample,2022-09-06,BHAK-12347-FCBB-001,,5,5,inlet,49.282,-123.16,FalseCreek_BioBlitz_2022,"University of British Columbia, Beaty Biodiversity Museum",BHAK-12347-FCBB,BHAK-12347-FCBB,BHAK-12347-FCBB,BHAK-12347-FCBB,Canada,British Columbia,Burrard Inlet,,English Bay,sediment grab sample,5,9,6,2022,CA,Hakai-FCBB,BoLD original eventID: BHAK-12347-FCBB,http://biocol.org/urn:lsid:biocol.org:col:15106
sediment grab sample,2022-09-06,BHAK-12348-FCBB-001,,5,5,inlet,49.282,-123.16,FalseCreek_BioBlitz_2022,"University of British Columbia, Beaty Biodiversity Museum",BHAK-12348-FCBB,BHAK-12348-FCBB,BHAK-12348-FCBB,BHAK-12348-FCBB,Canada,British Columbia,Burrard Inlet,,English Bay,sediment grab sample,5,9,6,2022,CA,Hakai-FCBB,BoLD original eventID: BHAK-12348-FCBB,http://biocol.org/urn:lsid:biocol.org:col:15106
sediment grab sample,2022-09-06,BHAK-12349-FCBB-001,,5,5,inlet,49.282,-123.16,FalseCreek_BioBlitz_2022,"University of British Columbia, Beaty Biodiversity Museum",BHAK-12349-FCBB,BHAK-12349-FCBB,BHAK-12349-FCBB,BHAK-12349-FCBB,Canada,British Columbia,Burrard Inlet,,English Bay,sediment grab sample,5,9,6,2022,CA,Hakai-FCBB,BoLD original eventID: BHAK-12349-FCBB,http://biocol.org/urn:lsid:biocol.org:col:15106
sediment grab sample,2022-09-06,BHAK-12350-FCBB-001,,5,5,inlet,49.282,-123.16,FalseCreek_BioBlitz_2022,"University of British Columbia, Beaty Biodiversity Museum",BHAK-12350-FCBB,BHAK-12350-FCBB,BHAK-12350-FCBB,BHAK-12350-FCBB,Canada,British Columbia,Burrard Inlet,,English Bay,sediment grab sample,5,9,6,2022,CA,Hakai-FCBB,BoLD original eventID: BHAK-12350-FCBB,http://biocol.org/urn:lsid:biocol.org:col:15106
sediment grab sample,2022-09-06,BHAK-12351-FCBB-001,,5,5,inlet,49.282,-123.16,FalseCreek_BioBlitz_2022,"University of British Columbia, Beaty Biodiversity Museum",BHAK-12351-FCBB,BHAK-12351-FCBB,BHAK-12351-FCBB,BHAK-12351-FCBB,Canada,British Columbia,Burrard Inlet,,English Bay,sediment grab sample,5,9,6,2022,CA,Hakai-FCBB,BoLD original eventID: BHAK-12351-FCBB,http://biocol.org/urn:lsid:biocol.org:col:15106
sediment grab sample,2022-09-06,BHAK-12352-FCBB-001,,5,5,inlet,49.282,-123.16,FalseCreek_BioBlitz_2022,"University of British Columbia, Beaty Biodiversity Museum",BHAK-12352-FCBB,BHAK-12352-FCBB,BHAK-12352-FCBB,BHAK-12352-FCBB,Canada,British Columbia,Burrard Inlet,,English Bay,sediment grab sample,5,9,6,2022,CA,Hakai-FCBB,BoLD original eventID: BHAK-12352-FCBB,http://biocol.org/urn:lsid:biocol.org:col:15106
sediment grab sample,2022-09-06,BHAK-12353-FCBB-001,,5,5,inlet,49.282,-123.16,FalseCreek_BioBlitz_2022,"University of British Columbia, Beaty Biodiversity Museum",BHAK-12353-FCBB,BHAK-12353-FCBB,BHAK-12353-FCBB,BHAK-12353-FCBB,Canada,British Columbia,Burrard Inlet,,English Bay,sediment grab sample,5,9,6,2022,CA,Hakai-FCBB,BoLD original eventID: BHAK-12353-FCBB,http://biocol.org/urn:lsid:biocol.org:col:15106
sediment grab sample,2022-09-06,BHAK-12354-FCBB-001,,5,5,inlet,49.282,-123.16,FalseCreek_BioBlitz_2022,"University of British Columbia, Beaty Biodiversity Museum",BHAK-12354-FCBB,BHAK-12354-FCBB,BHAK-12354-FCBB,BHAK-12354-FCBB,Canada,British Columbia,Burrard Inlet,,English Bay,sediment grab sample,5,9,6,2022,CA,Hakai-FCBB,BoLD original eventID: BHAK-12354-FCBB,http://biocol.org/urn:lsid:biocol.org:col:15106
sediment grab sample,2022-09-06,BHAK-12355-FCBB-001,,5,5,inlet,49.282,-123.16,FalseCreek_BioBlitz_2022,"University of British Columbia, Beaty Biodiversity Museum",BHAK-12355-FCBB,BHAK-12355-FCBB,BHAK-12355-FCBB,BHAK-12355-FCBB,Canada,British Columbia,Burrard Inlet,,English Bay,sediment grab sample,5,9,6,2022,CA,Hakai-FCBB,BoLD original eventID: BHAK-12355-FCBB,http://biocol.org/urn:lsid:biocol.org:col:15106
sediment grab sample,2022-09-06,BHAK-12356-FCBB-001,,5,5,inlet,49.282,-123.16,FalseCreek_BioBlitz_2022,"University of British Columbia, Beaty Biodiversity Museum",BHAK-12356-FCBB,BHAK-12356-FCBB,BHAK-12356-FCBB,BHAK-12356-FCBB,Canada,British Columbia,Burrard Inlet,,English Bay,sediment grab sample,5,9,6,2022,CA,Hakai-FCBB,BoLD original eventID: BHAK-12356-FCBB,http://biocol.org/urn:lsid:biocol.org:col:15106
sediment grab sample,2022-09-06,BHAK-12357-FCBB-001,,5,5,inlet,49.282,-123.16,FalseCreek_BioBlitz_2022,"University of British Columbia, Beaty Biodiversity Museum",BHAK-12357-FCBB,BHAK-12357-FCBB,BHAK-12357-FCBB,BHAK-12357-FCBB,Canada,British Columbia,Burrard Inlet,,English Bay,sediment grab sample,5,9,6,2022,CA,Hakai-FCBB,BoLD original eventID: BHAK-12357-FCBB,http://biocol.org/urn:lsid:biocol.org:col:15106
sediment grab sample,2022-09-06,BHAK-12358-FCBB-001,,5,5,inlet,49.282,-123.16,FalseCreek_BioBlitz_2022,"University of British Columbia, Beaty Biodiversity Museum",BHAK-12358-FCBB,BHAK-12358-FCBB,BHAK-12358-FCBB,BHAK-12358-FCBB,Canada,British Columbia,Burrard Inlet,,English Bay,sediment grab sample,5,9,6,2022,CA,Hakai-FCBB,BoLD original eventID: BHAK-12358-FCBB,http://biocol.org/urn:lsid:biocol.org:col:15106
sediment grab sample,2022-09-06,BHAK-12359-FCBB-001,,5,5,inlet,49.282,-123.16,FalseCreek_BioBlitz_2022,"University of British Columbia, Beaty Biodiversity Museum",BHAK-12359-FCBB,BHAK-12359-FCBB,BHAK-12359-FCBB,BHAK-12359-FCBB,Canada,British Columbia,Burrard Inlet,,English Bay,sediment grab sample,5,9,6,2022,CA,Hakai-FCBB,BoLD original eventID: BHAK-12359-FCBB,http://biocol.org/urn:lsid:biocol.org:col:15106
sediment grab sample,2022-09-06,BHAK-12508-FCBB-001,,5,5,inlet,49.282,-123.16,FalseCreek_BioBlitz_2022,"University of British Columbia, Beaty Biodiversity Museum",BHAK-12508-FCBB,BHAK-12508-FCBB,BHAK-12508-FCBB,BHAK-12508-FCBB,Canada,British Columbia,Burrard Inlet,,English Bay,sediment grab sample,5,9,6,2022,CA,Hakai-FCBB,BoLD original eventID: BHAK-12508-FCBB,http://biocol.org/urn:lsid:biocol.org:col:15106
sediment grab sample,2022-09-06,BHAK-12509-FCBB-001,,5,5,inlet,49.282,-123.16,FalseCreek_BioBlitz_2022,"University of British Columbia, Beaty Biodiversity Museum",BHAK-12509-FCBB,BHAK-12509-FCBB,BHAK-12509-FCBB,BHAK-12509-FCBB,Canada,British Columbia,Burrard Inlet,,English Bay,sediment grab sample,5,9,6,2022,CA,Hakai-FCBB,BoLD original eventID: BHAK-12509-FCBB,http://biocol.org/urn:lsid:biocol.org:col:15106
sediment grab sample,2022-09-06,BHAK-12510-FCBB-001,,5,5,inlet,49.282,-123.16,FalseCreek_BioBlitz_2022,Hakai Institute,BHAK-12510-FCBB,BHAK-12510-FCBB,BHAK-12510-FCBB,BHAK-12510-FCBB,Canada,British Columbia,Burrard Inlet,,English Bay,sediment grab sample,5,9,6,2022,CA,Hakai-FCBB,BoLD original eventID: BHAK-12510-FCBB,https://edmo.seadatanet.org/report/5148
sediment grab sample,2022-09-06,BHAK-12301-FCBB-001,,5,5,inlet,49.282,-123.16,FalseCreek_BioBlitz_2022,Hakai Institute,BHAK-12301-FCBB,BHAK-12301-FCBB,BHAK-12301-FCBB,BHAK-12301-FCBB,Canada,British Columbia,Burrard Inlet,,English Bay,sediment grab sample,5,9,6,2022,CA,Hakai-FCBB,BoLD original eventID: BHAK-12301-FCBB,https://edmo.seadatanet.org/report/5148
sediment grab sample,2022-09-06,BHAK-12302-FCBB-001,,5,5,inlet,49.282,-123.16,FalseCreek_BioBlitz_2022,"University of British Columbia, Beaty Biodiversity Museum",BHAK-12302-FCBB,BHAK-12302-FCBB,BHAK-12302-FCBB,BHAK-12302-FCBB,Canada,British Columbia,Burrard Inlet,,English Bay,sediment grab sample,5,9,6,2022,CA,Hakai-FCBB,BoLD original eventID: BHAK-12302-FCBB,http://biocol.org/urn:lsid:biocol.org:col:15106
sediment grab sample,2022-09-06,BHAK-12313-FCBB-001,,5,5,inlet,49.282,-123.16,FalseCreek_BioBlitz_2022,Hakai Institute,BHAK-12313-FCBB,BHAK-12313-FCBB,BHAK-12313-FCBB,BHAK-12313-FCBB,Canada,British Columbia,Burrard Inlet,,English Bay,sediment grab sample,5,9,6,2022,CA,Hakai-FCBB,BoLD original eventID: BHAK-12313-FCBB,https://edmo.seadatanet.org/report/5148
sediment grab sample,2022-09-06,BHAK-12314-FCBB-001,,5,5,inlet,49.282,-123.16,FalseCreek_BioBlitz_2022,Hakai Institute,BHAK-12314-FCBB,BHAK-12314-FCBB,BHAK-12314-FCBB,BHAK-12314-FCBB,Canada,British Columbia,Burrard Inlet,,English Bay,sediment grab sample,5,9,6,2022,CA,Hakai-FCBB,BoLD original eventID: BHAK-12314-FCBB,https://edmo.seadatanet.org/report/5148
sediment grab sample,2022-09-06,BHAK-12315-FCBB-001,,5,5,inlet,49.282,-123.16,FalseCreek_BioBlitz_2022,"University of British Columbia, Beaty Biodiversity Museum",BHAK-12315-FCBB,BHAK-12315-FCBB,BHAK-12315-FCBB,BHAK-12315-FCBB,Canada,British Columbia,Burrard Inlet,,English Bay,sediment grab sample,5,9,6,2022,CA,Hakai-FCBB,BoLD original eventID: BHAK-12315-FCBB,http://biocol.org/urn:lsid:biocol.org:col:15106
settlement plates,2022-09-06,BHAK-12329-FCBB-001,,1,1,"inlet, dock",49.27,-123.125,FalseCreek_BioBlitz_2022,Hakai Institute,BHAK-12329-FCBB,BHAK-12329-FCBB,BHAK-12329-FCBB,BHAK-12329-FCBB,Canada,British Columbia,Burrard Inlet,False Creek,David Lam Park,settlement plates,1,9,6,2022,CA,Hakai-FCBB,BoLD original eventID: BHAK-12329-FCBB,https://edmo.seadatanet.org/report/5148
settlement plates,2022-09-06,BHAK-12330-FCBB-001,,1,1,"inlet, dock",49.27,-123.125,FalseCreek_BioBlitz_2022,"University of British Columbia, Beaty Biodiversity Museum",BHAK-12330-FCBB,BHAK-12330-FCBB,BHAK-12330-FCBB,BHAK-12330-FCBB,Canada,British Columbia,Burrard Inlet,False Creek,David Lam Park,settlement plates,1,9,6,2022,CA,Hakai-FCBB,BoLD original eventID: BHAK-12330-FCBB,http://biocol.org/urn:lsid:biocol.org:col:15106
settlement plates,2022-09-06,BHAK-12488-FCBB-001,,1,1,"inlet, dock",49.27,-123.125,FalseCreek_BioBlitz_2022,Hakai Institute,BHAK-12488-FCBB,BHAK-12488-FCBB,BHAK-12488-FCBB,BHAK-12488-FCBB,Canada,British Columbia,Burrard Inlet,False Creek,David Lam Park,settlement plates,1,9,6,2022,CA,Hakai-FCBB,BoLD original eventID: BHAK-12488-FCBB,https://edmo.seadatanet.org/report/5148
settlement plates,2022-09-06,BHAK-12489-FCBB-001,,1,1,"inlet, dock",49.27,-123.125,FalseCreek_BioBlitz_2022,Hakai Institute,BHAK-12489-FCBB,BHAK-12489-FCBB,BHAK-12489-FCBB,BHAK-12489-FCBB,Canada,British Columbia,Burrard Inlet,False Creek,David Lam Park,settlement plates,1,9,6,2022,CA,Hakai-FCBB,BoLD original eventID: BHAK-12489-FCBB,https://edmo.seadatanet.org/report/5148
sediment grab sample,2022-09-06,BHAK-12360-FCBB-001,,5,5,inlet,49.282,-123.16,FalseCreek_BioBlitz_2022,Hakai Institute,BHAK-12360-FCBB,BHAK-12360-FCBB,BHAK-12360-FCBB,BHAK-12360-FCBB,Canada,British Columbia,Burrard Inlet,,English Bay,sediment grab sample,5,9,6,2022,CA,Hakai-FCBB,BoLD original eventID: BHAK-12360-FCBB,https://edmo.seadatanet.org/report/5148
zooplankton net tow,2022-09-04,ZHAK-01253-FCBB-001,,1.5,1.5,inlet,49.279,-123.141,FalseCreek_BioBlitz_2022,Hakai Institute,ZHAK-01253-FCBB,ZHAK-01253-FCBB,ZHAK-01253-FCBB,ZHAK-01253-FCBB,Canada,British Columbia,Burrard Inlet,False Creek,False Creek Near Mouth,zooplankton net tow,1.5,9,4,2022,CA,Hakai-FCBB,BoLD original eventID: ZHAK-01253-FCBB,https://edmo.seadatanet.org/report/5148
zooplankton net tow,2022-09-04,ZHAK-01254-FCBB-001,,1.5,1.5,inlet,49.279,-123.141,FalseCreek_BioBlitz_2022,Hakai Institute,ZHAK-01254-FCBB,ZHAK-01254-FCBB,ZHAK-01254-FCBB,ZHAK-01254-FCBB,Canada,British Columbia,Burrard Inlet,False Creek,False Creek Near Mouth,zooplankton net tow,1.5,9,4,2022,CA,Hakai-FCBB,BoLD original eventID: ZHAK-01254-FCBB,https://edmo.seadatanet.org/report/5148
sediment grab sample,2022-09-05,ZHAK-01255-FCBB-001,,5,5,inlet,49.273,-123.104,FalseCreek_BioBlitz_2022,Hakai Institute,ZHAK-01255-FCBB,ZHAK-01255-FCBB,ZHAK-01255-FCBB,ZHAK-01255-FCBB,Canada,British Columbia,Burrard Inlet,False Creek,Science World,sediment grab sample,5,9,5,2022,CA,Hakai-FCBB,BoLD original eventID: ZHAK-01255-FCBB,https://edmo.seadatanet.org/report/5148
sediment grab sample,2022-09-05,ZHAK-01256-FCBB-001,,5,5,inlet,49.273,-123.104,FalseCreek_BioBlitz_2022,Hakai Institute,ZHAK-01256-FCBB,ZHAK-01256-FCBB,ZHAK-01256-FCBB,ZHAK-01256-FCBB,Canada,British Columbia,Burrard Inlet,False Creek,Science World,sediment grab sample,5,9,5,2022,CA,Hakai-FCBB,BoLD original eventID: ZHAK-01256-FCBB,https://edmo.seadatanet.org/report/5148
settlement plates,2022-09-03,ZHAK-02425-FCBB-001,,1,1,"inlet, dock",49.272,-123.103,FalseCreek_BioBlitz_2022,Hakai Institute,ZHAK-02425-FCBB,ZHAK-02425-FCBB,ZHAK-02425-FCBB,ZHAK-02425-FCBB,Canada,British Columbia,Burrard Inlet,False Creek,Science World Dock,settlement plates,1,9,3,2022,CA,Hakai-FCBB,BoLD original eventID: ZHAK-02425-FCBB,https://edmo.seadatanet.org/report/5148
pelagic light trap,2022-09-03,ZHAK-02426-FCBB-001,,0.5,0.5,dock,49.279,-123.147,FalseCreek_BioBlitz_2022,Hakai Institute,ZHAK-02426-FCBB,ZHAK-02426-FCBB,ZHAK-02426-FCBB,ZHAK-02426-FCBB,Canada,British Columbia,Burrard Inlet,,Heritage Harbour,pelagic light trap,0.5,9,3,2022,CA,Hakai-FCBB,BoLD original eventID: ZHAK-02426-FCBB,https://edmo.seadatanet.org/report/5148
pelagic light trap,2022-09-03,ZHAK-02427-FCBB-001,,0.5,0.5,dock,49.279,-123.147,FalseCreek_BioBlitz_2022,Hakai Institute,ZHAK-02427-FCBB,ZHAK-02427-FCBB,ZHAK-02427-FCBB,ZHAK-02427-FCBB,Canada,British Columbia,Burrard Inlet,,Heritage Harbour,pelagic light trap,0.5,9,3,2022,CA,Hakai-FCBB,BoLD original eventID: ZHAK-02427-FCBB,https://edmo.seadatanet.org/report/5148
pelagic light trap,2022-09-03,ZHAK-02428-FCBB-001,,0.5,0.5,dock,49.279,-123.147,FalseCreek_BioBlitz_2022,Hakai Institute,ZHAK-02428-FCBB,ZHAK-02428-FCBB,ZHAK-02428-FCBB,ZHAK-02428-FCBB,Canada,British Columbia,Burrard Inlet,,Heritage Harbour,pelagic light trap,0.5,9,3,2022,CA,Hakai-FCBB,BoLD original eventID: ZHAK-02428-FCBB,https://edmo.seadatanet.org/report/5148
pelagic light trap,2022-09-03,ZHAK-02429-FCBB-001,,0.5,0.5,dock,49.279,-123.147,FalseCreek_BioBlitz_2022,Hakai Institute,ZHAK-02429-FCBB,ZHAK-02429-FCBB,ZHAK-02429-FCBB,ZHAK-02429-FCBB,Canada,British Columbia,Burrard Inlet,,Heritage Harbour,pelagic light trap,0.5,9,3,2022,CA,Hakai-FCBB,BoLD original eventID: ZHAK-02429-FCBB,https://edmo.seadatanet.org/report/5148
pelagic light trap,2022-09-03,ZHAK-02430-FCBB-001,,0.5,0.5,dock,49.269,-123.12,FalseCreek_BioBlitz_2022,Hakai Institute,ZHAK-02430-FCBB,ZHAK-02430-FCBB,ZHAK-02430-FCBB,ZHAK-02430-FCBB,Canada,British Columbia,Burrard Inlet,False Creek,Heather Civic Marina,pelagic light trap,0.5,9,3,2022,CA,Hakai-FCBB,BoLD original eventID: ZHAK-02430-FCBB,https://edmo.seadatanet.org/report/5148
pelagic light trap,2022-09-03,ZHAK-02431-FCBB-001,,0.5,0.5,dock,49.279,-123.147,FalseCreek_BioBlitz_2022,Hakai Institute,ZHAK-02431-FCBB,ZHAK-02431-FCBB,ZHAK-02431-FCBB,ZHAK-02431-FCBB,Canada,British Columbia,Burrard Inlet,,Heritage Harbour,pelagic light trap,0.5,9,3,2022,CA,Hakai-FCBB,BoLD original eventID: ZHAK-02431-FCBB,https://edmo.seadatanet.org/report/5148
zooplankton net tow,2022-09-04,ZHAK-02432-FCBB-001,,1.5,1.5,inlet,49.279,-123.141,FalseCreek_BioBlitz_2022,Hakai Institute,ZHAK-02432-FCBB,ZHAK-02432-FCBB,ZHAK-02432-FCBB,ZHAK-02432-FCBB,Canada,British Columbia,Burrard Inlet,False Creek,False Creek Near Mouth,zooplankton net tow,1.5,9,4,2022,CA,Hakai-FCBB,BoLD original eventID: ZHAK-02432-FCBB,https://edmo.seadatanet.org/report/5148
zooplankton net tow,2022-09-04,ZHAK-02433-FCBB-001,,1.5,1.5,inlet,49.279,-123.141,FalseCreek_BioBlitz_2022,Hakai Institute,ZHAK-02433-FCBB,ZHAK-02433-FCBB,ZHAK-02433-FCBB,ZHAK-02433-FCBB,Canada,British Columbia,Burrard Inlet,False Creek,False Creek Near Mouth,zooplankton net tow,1.5,9,4,2022,CA,Hakai-FCBB,BoLD original eventID: ZHAK-02433-FCBB,https://edmo.seadatanet.org/report/5148
zooplankton net tow,2022-09-04,ZHAK-02434-FCBB-001,,1.5,1.5,inlet,49.279,-123.141,FalseCreek_BioBlitz_2022,Hakai Institute,ZHAK-02434-FCBB,ZHAK-02434-FCBB,ZHAK-02434-FCBB,ZHAK-02434-FCBB,Canada,British Columbia,Burrard Inlet,False Creek,False Creek Near Mouth,zooplankton net tow,1.5,9,4,2022,CA,Hakai-FCBB,BoLD original eventID: ZHAK-02434-FCBB,https://edmo.seadatanet.org/report/5148
zooplankton net tow,2022-09-04,ZHAK-02435-FCBB-001,,1.5,1.5,inlet,49.279,-123.141,FalseCreek_BioBlitz_2022,Hakai Institute,ZHAK-02435-FCBB,ZHAK-02435-FCBB,ZHAK-02435-FCBB,ZHAK-02435-FCBB,Canada,British Columbia,Burrard Inlet,False Creek,False Creek Near Mouth,zooplankton net tow,1.5,9,4,2022,CA,Hakai-FCBB,BoLD original eventID: ZHAK-02435-FCBB,https://edmo.seadatanet.org/report/5148
pelagic light trap,2022-09-05,ZHAK-02436-FCBB-001,,0.5,0.5,dock,49.279,-123.147,FalseCreek_BioBlitz_2022,Hakai Institute,ZHAK-02436-FCBB,ZHAK-02436-FCBB,ZHAK-02436-FCBB,ZHAK-02436-FCBB,Canada,British Columbia,Burrard Inlet,,Heritage Harbour,pelagic light trap,0.5,9,5,2022,CA,Hakai-FCBB,BoLD original eventID: ZHAK-02436-FCBB,https://edmo.seadatanet.org/report/5148
pelagic light trap,2022-09-05,ZHAK-02437-FCBB-001,,0.5,0.5,dock,49.279,-123.147,FalseCreek_BioBlitz_2022,Hakai Institute,ZHAK-02437-FCBB,ZHAK-02437-FCBB,ZHAK-02437-FCBB,ZHAK-02437-FCBB,Canada,British Columbia,Burrard Inlet,,Heritage Harbour,pelagic light trap,0.5,9,5,2022,CA,Hakai-FCBB,BoLD original eventID: ZHAK-02437-FCBB,https://edmo.seadatanet.org/report/5148
pelagic light trap,2022-09-05,ZHAK-02438-FCBB-001,,0.5,0.5,dock,49.279,-123.147,FalseCreek_BioBlitz_2022,Hakai Institute,ZHAK-02438-FCBB,ZHAK-02438-FCBB,ZHAK-02438-FCBB,ZHAK-02438-FCBB,Canada,British Columbia,Burrard Inlet,,Heritage Harbour,pelagic light trap,0.5,9,5,2022,CA,Hakai-FCBB,BoLD original eventID: ZHAK-02438-FCBB,https://edmo.seadatanet.org/report/5148
pelagic light trap,2022-09-03,ZHAK-02235-FCBB-001,,0.5,0.5,dock,49.269,-123.12,FalseCreek_BioBlitz_2022,Hakai Institute,ZHAK-02235-FCBB,ZHAK-02235-FCBB,ZHAK-02235-FCBB,ZHAK-02235-FCBB,Canada,British Columbia,Burrard Inlet,False Creek,Heather Civic Marina,pelagic light trap,0.5,9,3,2022,CA,Hakai-FCBB,BoLD original eventID: ZHAK-02235-FCBB,https://edmo.seadatanet.org/report/5148
pelagic light trap,2022-09-03,ZHAK-02236-FCBB-001,,0.5,0.5,dock,49.269,-123.12,FalseCreek_BioBlitz_2022,Hakai Institute,ZHAK-02236-FCBB,ZHAK-02236-FCBB,ZHAK-02236-FCBB,ZHAK-02236-FCBB,Canada,British Columbia,Burrard Inlet,False Creek,Heather Civic Marina,pelagic light trap,0.5,9,3,2022,CA,Hakai-FCBB,BoLD original eventID: ZHAK-02236-FCBB,https://edmo.seadatanet.org/report/5148
pelagic light trap,2022-09-03,ZHAK-02237-FCBB-001,,0.5,0.5,dock,49.269,-123.12,FalseCreek_BioBlitz_2022,Hakai Institute,ZHAK-02237-FCBB,ZHAK-02237-FCBB,ZHAK-02237-FCBB,ZHAK-02237-FCBB,Canada,British Columbia,Burrard Inlet,False Creek,Heather Civic Marina,pelagic light trap,0.5,9,3,2022,CA,Hakai-FCBB,BoLD original eventID: ZHAK-02237-FCBB,https://edmo.seadatanet.org/report/5148
pelagic light trap,2022-09-03,ZHAK-02238-FCBB-001,,0.5,0.5,dock,49.269,-123.12,FalseCreek_BioBlitz_2022,Hakai Institute,ZHAK-02238-FCBB,ZHAK-02238-FCBB,ZHAK-02238-FCBB,ZHAK-02238-FCBB,Canada,British Columbia,Burrard Inlet,False Creek,Heather Civic Marina,pelagic light trap,0.5,9,3,2022,CA,Hakai-FCBB,BoLD original eventID: ZHAK-02238-FCBB,https://edmo.seadatanet.org/report/5148
pelagic light trap,2022-09-03,ZHAK-02239-FCBB-001,,0.5,0.5,dock,49.269,-123.12,FalseCreek_BioBlitz_2022,Hakai Institute,ZHAK-02239-FCBB,ZHAK-02239-FCBB,ZHAK-02239-FCBB,ZHAK-02239-FCBB,Canada,British Columbia,Burrard Inlet,False Creek,Heather Civic Marina,pelagic light trap,0.5,9,3,2022,CA,Hakai-FCBB,BoLD original eventID: ZHAK-02239-FCBB,https://edmo.seadatanet.org/report/5148
pelagic light trap,2022-09-03,ZHAK-02240-FCBB-001,,0.5,0.5,dock,49.269,-123.12,FalseCreek_BioBlitz_2022,Hakai Institute,ZHAK-02240-FCBB,ZHAK-02240-FCBB,ZHAK-02240-FCBB,ZHAK-02240-FCBB,Canada,British Columbia,Burrard Inlet,False Creek,Heather Civic Marina,pelagic light trap,0.5,9,3,2022,CA,Hakai-FCBB,BoLD original eventID: ZHAK-02240-FCBB,https://edmo.seadatanet.org/report/5148
pelagic light trap,2022-09-03,ZHAK-02241-FCBB-001,,0.5,0.5,dock,49.279,-123.147,FalseCreek_BioBlitz_2022,Hakai Institute,ZHAK-02241-FCBB,ZHAK-02241-FCBB,ZHAK-02241-FCBB,ZHAK-02241-FCBB,Canada,British Columbia,Burrard Inlet,,Heritage Harbour,pelagic light trap,0.5,9,3,2022,CA,Hakai-FCBB,BoLD original eventID: ZHAK-02241-FCBB,https://edmo.seadatanet.org/report/5148
pelagic light trap,2022-09-03,ZHAK-02242-FCBB-001,,0.5,0.5,dock,49.269,-123.12,FalseCreek_BioBlitz_2022,Hakai Institute,ZHAK-02242-FCBB,ZHAK-02242-FCBB,ZHAK-02242-FCBB,ZHAK-02242-FCBB,Canada,British Columbia,Burrard Inlet,False Creek,Heather Civic Marina,pelagic light trap,0.5,9,3,2022,CA,Hakai-FCBB,BoLD original eventID: ZHAK-02242-FCBB,https://edmo.seadatanet.org/report/5148
pelagic light trap,2022-09-03,ZHAK-02243-FCBB-001,,0.5,0.5,dock,49.279,-123.147,FalseCreek_BioBlitz_2022,Hakai Institute,ZHAK-02243-FCBB,ZHAK-02243-FCBB,ZHAK-02243-FCBB,ZHAK-02243-FCBB,Canada,British Columbia,Burrard Inlet,,Heritage Harbour,pelagic light trap,0.5,9,3,2022,CA,Hakai-FCBB,BoLD original eventID: ZHAK-02243-FCBB,https://edmo.seadatanet.org/report/5148
pelagic light trap,2022-09-03,ZHAK-02244-FCBB-001,,0.5,0.5,dock,49.279,-123.147,FalseCreek_BioBlitz_2022,Hakai Institute,ZHAK-02244-FCBB,ZHAK-02244-FCBB,ZHAK-02244-FCBB,ZHAK-02244-FCBB,Canada,British Columbia,Burrard Inlet,,Heritage Harbour,pelagic light trap,0.5,9,3,2022,CA,Hakai-FCBB,BoLD original eventID: ZHAK-02244-FCBB,https://edmo.seadatanet.org/report/5148
settlement plates,2022-09-03,ZHAK-02245-FCBB-001,,1,1,"inlet, dock",49.272,-123.103,FalseCreek_BioBlitz_2022,Hakai Institute,ZHAK-02245-FCBB,ZHAK-02245-FCBB,ZHAK-02245-FCBB,ZHAK-02245-FCBB,Canada,British Columbia,Burrard Inlet,False Creek,Science World Dock,settlement plates,1,9,3,2022,CA,Hakai-FCBB,BoLD original eventID: ZHAK-02245-FCBB,https://edmo.seadatanet.org/report/5148
settlement plates,2022-09-03,ZHAK-02246-FCBB-001,,1,1,"inlet, dock",49.272,-123.103,FalseCreek_BioBlitz_2022,Hakai Institute,ZHAK-02246-FCBB,ZHAK-02246-FCBB,ZHAK-02246-FCBB,ZHAK-02246-FCBB,Canada,British Columbia,Burrard Inlet,False Creek,Science World Dock,settlement plates,1,9,3,2022,CA,Hakai-FCBB,BoLD original eventID: ZHAK-02246-FCBB,https://edmo.seadatanet.org/report/5148
settlement plates,2022-09-03,ZHAK-02247-FCBB-001,,1,1,"inlet, dock",49.272,-123.103,FalseCreek_BioBlitz_2022,Hakai Institute,ZHAK-02247-FCBB,ZHAK-02247-FCBB,ZHAK-02247-FCBB,ZHAK-02247-FCBB,Canada,British Columbia,Burrard Inlet,False Creek,Science World Dock,settlement plates,1,9,3,2022,CA,Hakai-FCBB,BoLD original eventID: ZHAK-02247-FCBB,https://edmo.seadatanet.org/report/5148
zooplankton net tow,2022-09-03,ZHAK-02248-FCBB-001,,1.5,1.5,inlet,49.279,-123.141,FalseCreek_BioBlitz_2022,Hakai Institute,ZHAK-02248-FCBB,ZHAK-02248-FCBB,ZHAK-02248-FCBB,ZHAK-02248-FCBB,Canada,British Columbia,Burrard Inlet,False Creek,False Creek Near Mouth,zooplankton net tow,1.5,9,3,2022,CA,Hakai-FCBB,BoLD original eventID: ZHAK-02248-FCBB,https://edmo.seadatanet.org/report/5148
zooplankton net tow,2022-09-03,ZHAK-02249-FCBB-001,,1.5,1.5,inlet,49.279,-123.141,FalseCreek_BioBlitz_2022,Hakai Institute,ZHAK-02249-FCBB,ZHAK-02249-FCBB,ZHAK-02249-FCBB,ZHAK-02249-FCBB,Canada,British Columbia,Burrard Inlet,False Creek,False Creek Near Mouth,zooplankton net tow,1.5,9,3,2022,CA,Hakai-FCBB,BoLD original eventID: ZHAK-02249-FCBB,https://edmo.seadatanet.org/report/5148
zooplankton net tow,2022-09-03,ZHAK-02250-FCBB-001,,1.5,1.5,inlet,49.279,-123.141,FalseCreek_BioBlitz_2022,Hakai Institute,ZHAK-02250-FCBB,ZHAK-02250-FCBB,ZHAK-02250-FCBB,ZHAK-02250-FCBB,Canada,British Columbia,Burrard Inlet,False Creek,False Creek Near Mouth,zooplankton net tow,1.5,9,3,2022,CA,Hakai-FCBB,BoLD original eventID: ZHAK-02250-FCBB,https://edmo.seadatanet.org/report/5148
pelagic light trap,2022-09-03,ZHAK-02251-FCBB-001,,0.5,0.5,dock,49.269,-123.12,FalseCreek_BioBlitz_2022,Hakai Institute,ZHAK-02251-FCBB,ZHAK-02251-FCBB,ZHAK-02251-FCBB,ZHAK-02251-FCBB,Canada,British Columbia,Burrard Inlet,False Creek,Heather Civic Marina,pelagic light trap,0.5,9,3,2022,CA,Hakai-FCBB,BoLD original eventID: ZHAK-02251-FCBB,https://edmo.seadatanet.org/report/5148
pelagic light trap,2022-09-03,ZHAK-02252-FCBB-001,,0.5,0.5,dock,49.269,-123.12,FalseCreek_BioBlitz_2022,Hakai Institute,ZHAK-02252-FCBB,ZHAK-02252-FCBB,ZHAK-02252-FCBB,ZHAK-02252-FCBB,Canada,British Columbia,Burrard Inlet,False Creek,Heather Civic Marina,pelagic light trap,0.5,9,3,2022,CA,Hakai-FCBB,BoLD original eventID: ZHAK-02252-FCBB,https://edmo.seadatanet.org/report/5148
pelagic light trap,2022-09-03,ZHAK-02253-FCBB-001,,0.5,0.5,dock,49.269,-123.12,FalseCreek_BioBlitz_2022,Hakai Institute,ZHAK-02253-FCBB,ZHAK-02253-FCBB,ZHAK-02253-FCBB,ZHAK-02253-FCBB,Canada,British Columbia,Burrard Inlet,False Creek,Heather Civic Marina,pelagic light trap,0.5,9,3,2022,CA,Hakai-FCBB,BoLD original eventID: ZHAK-02253-FCBB,https://edmo.seadatanet.org/report/5148
pelagic light trap,2022-09-03,ZHAK-02254-FCBB-001,,0.5,0.5,dock,49.279,-123.147,FalseCreek_BioBlitz_2022,Hakai Institute,ZHAK-02254-FCBB,ZHAK-02254-FCBB,ZHAK-02254-FCBB,ZHAK-02254-FCBB,Canada,British Columbia,Burrard Inlet,,Heritage Harbour,pelagic light trap,0.5,9,3,2022,CA,Hakai-FCBB,BoLD original eventID: ZHAK-02254-FCBB,https://edmo.seadatanet.org/report/5148
pelagic light trap,2022-09-03,ZHAK-02255-FCBB-001,,0.5,0.5,dock,49.279,-123.147,FalseCreek_BioBlitz_2022,Hakai Institute,ZHAK-02255-FCBB,ZHAK-02255-FCBB,ZHAK-02255-FCBB,ZHAK-02255-FCBB,Canada,British Columbia,Burrard Inlet,,Heritage Harbour,pelagic light trap,0.5,9,3,2022,CA,Hakai-FCBB,BoLD original eventID: ZHAK-02255-FCBB,https://edmo.seadatanet.org/report/5148
pelagic light trap,2022-09-03,ZHAK-02256-FCBB-001,,0.5,0.5,dock,49.279,-123.147,FalseCreek_BioBlitz_2022,Hakai Institute,ZHAK-02256-FCBB,ZHAK-02256-FCBB,ZHAK-02256-FCBB,ZHAK-02256-FCBB,Canada,British Columbia,Burrard Inlet,,Heritage Harbour,pelagic light trap,0.5,9,3,2022,CA,Hakai-FCBB,BoLD original eventID: ZHAK-02256-FCBB,https://edmo.seadatanet.org/report/5148
zooplankton net tow,2022-09-03,ZHAK-02257-FCBB-001,,1.5,1.5,inlet,49.279,-123.141,FalseCreek_BioBlitz_2022,Hakai Institute,ZHAK-02257-FCBB,ZHAK-02257-FCBB,ZHAK-02257-FCBB,ZHAK-02257-FCBB,Canada,British Columbia,Burrard Inlet,False Creek,False Creek Near Mouth,zooplankton net tow,1.5,9,3,2022,CA,Hakai-FCBB,BoLD original eventID: ZHAK-02257-FCBB,https://edmo.seadatanet.org/report/5148
settlement plates,2022-09-03,ZHAK-02258-FCBB-001,,1,1,"inlet, dock",49.272,-123.103,FalseCreek_BioBlitz_2022,Hakai Institute,ZHAK-02258-FCBB,ZHAK-02258-FCBB,ZHAK-02258-FCBB,ZHAK-02258-FCBB,Canada,British Columbia,Burrard Inlet,False Creek,Science World Dock,settlement plates,1,9,3,2022,CA,Hakai-FCBB,BoLD original eventID: ZHAK-02258-FCBB,https://edmo.seadatanet.org/report/5148
settlement plates,2022-09-03,ZHAK-02259-FCBB-001,,1,1,"inlet, dock",49.272,-123.103,FalseCreek_BioBlitz_2022,Hakai Institute,ZHAK-02259-FCBB,ZHAK-02259-FCBB,ZHAK-02259-FCBB,ZHAK-02259-FCBB,Canada,British Columbia,Burrard Inlet,False Creek,Science World Dock,settlement plates,1,9,3,2022,CA,Hakai-FCBB,BoLD original eventID: ZHAK-02259-FCBB,https://edmo.seadatanet.org/report/5148
pelagic light trap,2022-09-03,ZHAK-02260-FCBB-001,,0.5,0.5,dock,49.279,-123.147,FalseCreek_BioBlitz_2022,Hakai Institute,ZHAK-02260-FCBB,ZHAK-02260-FCBB,ZHAK-02260-FCBB,ZHAK-02260-FCBB,Canada,British Columbia,Burrard Inlet,,Heritage Harbour,pelagic light trap,0.5,9,3,2022,CA,Hakai-FCBB,BoLD original eventID: ZHAK-02260-FCBB,https://edmo.seadatanet.org/report/5148
pelagic light trap,2022-09-03,ZHAK-02261-FCBB-001,,0.5,0.5,dock,49.279,-123.147,FalseCreek_BioBlitz_2022,Hakai Institute,ZHAK-02261-FCBB,ZHAK-02261-FCBB,ZHAK-02261-FCBB,ZHAK-02261-FCBB,Canada,British Columbia,Burrard Inlet,,Heritage Harbour,pelagic light trap,0.5,9,3,2022,CA,Hakai-FCBB,BoLD original eventID: ZHAK-02261-FCBB,https://edmo.seadatanet.org/report/5148
pelagic light trap,2022-09-03,ZHAK-02262-FCBB-001,,0.5,0.5,dock,49.279,-123.147,FalseCreek_BioBlitz_2022,Hakai Institute,ZHAK-02262-FCBB,ZHAK-02262-FCBB,ZHAK-02262-FCBB,ZHAK-02262-FCBB,Canada,British Columbia,Burrard Inlet,,Heritage Harbour,pelagic light trap,0.5,9,3,2022,CA,Hakai-FCBB,BoLD original eventID: ZHAK-02262-FCBB,https://edmo.seadatanet.org/report/5148
pelagic light trap,2022-09-03,ZHAK-02263-FCBB-001,,0.5,0.5,dock,49.279,-123.147,FalseCreek_BioBlitz_2022,Hakai Institute,ZHAK-02263-FCBB,ZHAK-02263-FCBB,ZHAK-02263-FCBB,ZHAK-02263-FCBB,Canada,British Columbia,Burrard Inlet,,Heritage Harbour,pelagic light trap,0.5,9,3,2022,CA,Hakai-FCBB,BoLD original eventID: ZHAK-02263-FCBB,https://edmo.seadatanet.org/report/5148
pelagic light trap,2022-09-03,ZHAK-02264-FCBB-001,,0.5,0.5,dock,49.279,-123.147,FalseCreek_BioBlitz_2022,Hakai Institute,ZHAK-02264-FCBB,ZHAK-02264-FCBB,ZHAK-02264-FCBB,ZHAK-02264-FCBB,Canada,British Columbia,Burrard Inlet,,Heritage Harbour,pelagic light trap,0.5,9,3,2022,CA,Hakai-FCBB,BoLD original eventID: ZHAK-02264-FCBB,https://edmo.seadatanet.org/report/5148
benthic light trap,2022-09-04,ZHAK-02265-FCBB-001,,3,3,"inlet, dock",49.272,-123.103,FalseCreek_BioBlitz_2022,Hakai Institute,ZHAK-02265-FCBB,ZHAK-02265-FCBB,ZHAK-02265-FCBB,ZHAK-02265-FCBB,Canada,British Columbia,Burrard Inlet,False Creek,Science World Dock,benthic light trap,3,9,4,2022,CA,Hakai-FCBB,BoLD original eventID: ZHAK-02265-FCBB,https://edmo.seadatanet.org/report/5148
benthic light trap,2022-09-04,ZHAK-02266-FCBB-001,,3,3,"inlet, dock",49.272,-123.103,FalseCreek_BioBlitz_2022,Hakai Institute,ZHAK-02266-FCBB,ZHAK-02266-FCBB,ZHAK-02266-FCBB,ZHAK-02266-FCBB,Canada,British Columbia,Burrard Inlet,False Creek,Science World Dock,benthic light trap,3,9,4,2022,CA,Hakai-FCBB,BoLD original eventID: ZHAK-02266-FCBB,https://edmo.seadatanet.org/report/5148
benthic light trap,2022-09-04,ZHAK-02267-FCBB-001,,3,3,"inlet, dock",49.272,-123.103,FalseCreek_BioBlitz_2022,Hakai Institute,ZHAK-02267-FCBB,ZHAK-02267-FCBB,ZHAK-02267-FCBB,ZHAK-02267-FCBB,Canada,British Columbia,Burrard Inlet,False Creek,Science World Dock,benthic light trap,3,9,4,2022,CA,Hakai-FCBB,BoLD original eventID: ZHAK-02267-FCBB,https://edmo.seadatanet.org/report/5148
benthic light trap,2022-09-04,ZHAK-02268-FCBB-001,,3,3,"inlet, dock",49.272,-123.103,FalseCreek_BioBlitz_2022,Hakai Institute,ZHAK-02268-FCBB,ZHAK-02268-FCBB,ZHAK-02268-FCBB,ZHAK-02268-FCBB,Canada,British Columbia,Burrard Inlet,False Creek,Science World Dock,benthic light trap,3,9,4,2022,CA,Hakai-FCBB,BoLD original eventID: ZHAK-02268-FCBB,https://edmo.seadatanet.org/report/5148
benthic light trap,2022-09-04,ZHAK-02269-FCBB-001,,3,3,"inlet, dock",49.272,-123.103,FalseCreek_BioBlitz_2022,Hakai Institute,ZHAK-02269-FCBB,ZHAK-02269-FCBB,ZHAK-02269-FCBB,ZHAK-02269-FCBB,Canada,British Columbia,Burrard Inlet,False Creek,Science World Dock,benthic light trap,3,9,4,2022,CA,Hakai-FCBB,BoLD original eventID: ZHAK-02269-FCBB,https://edmo.seadatanet.org/report/5148
benthic light trap,2022-09-04,ZHAK-02270-FCBB-001,,3,3,"inlet, dock",49.272,-123.103,FalseCreek_BioBlitz_2022,Hakai Institute,ZHAK-02270-FCBB,ZHAK-02270-FCBB,ZHAK-02270-FCBB,ZHAK-02270-FCBB,Canada,British Columbia,Burrard Inlet,False Creek,Science World Dock,benthic light trap,3,9,4,2022,CA,Hakai-FCBB,BoLD original eventID: ZHAK-02270-FCBB,https://edmo.seadatanet.org/report/5148
benthic light trap,2022-09-04,ZHAK-02271-FCBB-001,,3,3,"inlet, dock",49.272,-123.103,FalseCreek_BioBlitz_2022,Hakai Institute,ZHAK-02271-FCBB,ZHAK-02271-FCBB,ZHAK-02271-FCBB,ZHAK-02271-FCBB,Canada,British Columbia,Burrard Inlet,False Creek,Science World Dock,benthic light trap,3,9,4,2022,CA,Hakai-FCBB,BoLD original eventID: ZHAK-02271-FCBB,https://edmo.seadatanet.org/report/5148
pelagic light trap,2022-09-04,ZHAK-02272-FCBB-001,,0.5,0.5,dock,49.279,-123.147,FalseCreek_BioBlitz_2022,Hakai Institute,ZHAK-02272-FCBB,ZHAK-02272-FCBB,ZHAK-02272-FCBB,ZHAK-02272-FCBB,Canada,British Columbia,Burrard Inlet,,Heritage Harbour,pelagic light trap,0.5,9,4,2022,CA,Hakai-FCBB,BoLD original eventID: ZHAK-02272-FCBB,https://edmo.seadatanet.org/report/5148
pelagic light trap,2022-09-04,ZHAK-02273-FCBB-001,,0.5,0.5,dock,49.279,-123.147,FalseCreek_BioBlitz_2022,Hakai Institute,ZHAK-02273-FCBB,ZHAK-02273-FCBB,ZHAK-02273-FCBB,ZHAK-02273-FCBB,Canada,British Columbia,Burrard Inlet,,Heritage Harbour,pelagic light trap,0.5,9,4,2022,CA,Hakai-FCBB,BoLD original eventID: ZHAK-02273-FCBB,https://edmo.seadatanet.org/report/5148
benthic light trap,2022-09-04,ZHAK-02274-FCBB-001,,3,3,"inlet, dock",49.272,-123.103,FalseCreek_BioBlitz_2022,Hakai Institute,ZHAK-02274-FCBB,ZHAK-02274-FCBB,ZHAK-02274-FCBB,ZHAK-02274-FCBB,Canada,British Columbia,Burrard Inlet,False Creek,Science World Dock,benthic light trap,3,9,4,2022,CA,Hakai-FCBB,BoLD original eventID: ZHAK-02274-FCBB,https://edmo.seadatanet.org/report/5148
benthic light trap,2022-09-04,ZHAK-02275-FCBB-001,,3,3,"inlet, dock",49.272,-123.103,FalseCreek_BioBlitz_2022,Hakai Institute,ZHAK-02275-FCBB,ZHAK-02275-FCBB,ZHAK-02275-FCBB,ZHAK-02275-FCBB,Canada,British Columbia,Burrard Inlet,False Creek,Science World Dock,benthic light trap,3,9,4,2022,CA,Hakai-FCBB,BoLD original eventID: ZHAK-02275-FCBB,https://edmo.seadatanet.org/report/5148
benthic light trap,2022-09-04,ZHAK-02276-FCBB-001,,3,3,"inlet, dock",49.272,-123.103,FalseCreek_BioBlitz_2022,Hakai Institute,ZHAK-02276-FCBB,ZHAK-02276-FCBB,ZHAK-02276-FCBB,ZHAK-02276-FCBB,Canada,British Columbia,Burrard Inlet,False Creek,Science World Dock,benthic light trap,3,9,4,2022,CA,Hakai-FCBB,BoLD original eventID: ZHAK-02276-FCBB,https://edmo.seadatanet.org/report/5148
benthic light trap,2022-09-04,ZHAK-02277-FCBB-001,,3,3,"inlet, dock",49.272,-123.103,FalseCreek_BioBlitz_2022,Hakai Institute,ZHAK-02277-FCBB,ZHAK-02277-FCBB,ZHAK-02277-FCBB,ZHAK-02277-FCBB,Canada,British Columbia,Burrard Inlet,False Creek,Science World Dock,benthic light trap,3,9,4,2022,CA,Hakai-FCBB,BoLD original eventID: ZHAK-02277-FCBB,https://edmo.seadatanet.org/report/5148
benthic light trap,2022-09-04,ZHAK-02278-FCBB-001,,3,3,"inlet, dock",49.272,-123.103,FalseCreek_BioBlitz_2022,Hakai Institute,ZHAK-02278-FCBB,ZHAK-02278-FCBB,ZHAK-02278-FCBB,ZHAK-02278-FCBB,Canada,British Columbia,Burrard Inlet,False Creek,Science World Dock,benthic light trap,3,9,4,2022,CA,Hakai-FCBB,BoLD original eventID: ZHAK-02278-FCBB,https://edmo.seadatanet.org/report/5148
pelagic light trap,2022-09-04,ZHAK-02279-FCBB-001,,0.5,0.5,dock,49.279,-123.147,FalseCreek_BioBlitz_2022,Hakai Institute,ZHAK-02279-FCBB,ZHAK-02279-FCBB,ZHAK-02279-FCBB,ZHAK-02279-FCBB,Canada,British Columbia,Burrard Inlet,,Heritage Harbour,pelagic light trap,0.5,9,4,2022,CA,Hakai-FCBB,BoLD original eventID: ZHAK-02279-FCBB,https://edmo.seadatanet.org/report/5148
pelagic light trap,2022-09-04,ZHAK-02280-FCBB-001,,0.5,0.5,dock,49.279,-123.147,FalseCreek_BioBlitz_2022,Hakai Institute,ZHAK-02280-FCBB,ZHAK-02280-FCBB,ZHAK-02280-FCBB,ZHAK-02280-FCBB,Canada,British Columbia,Burrard Inlet,,Heritage Harbour,pelagic light trap,0.5,9,4,2022,CA,Hakai-FCBB,BoLD original eventID: ZHAK-02280-FCBB,https://edmo.seadatanet.org/report/5148
pelagic light trap,2022-09-04,ZHAK-02281-FCBB-001,,0.5,0.5,dock,49.279,-123.147,FalseCreek_BioBlitz_2022,Hakai Institute,ZHAK-02281-FCBB,ZHAK-02281-FCBB,ZHAK-02281-FCBB,ZHAK-02281-FCBB,Canada,British Columbia,Burrard Inlet,,Heritage Harbour,pelagic light trap,0.5,9,4,2022,CA,Hakai-FCBB,BoLD original eventID: ZHAK-02281-FCBB,https://edmo.seadatanet.org/report/5148
benthic light trap,2022-09-04,ZHAK-02282-FCBB-001,,3,3,"inlet, dock",49.272,-123.103,FalseCreek_BioBlitz_2022,Hakai Institute,ZHAK-02282-FCBB,ZHAK-02282-FCBB,ZHAK-02282-FCBB,ZHAK-02282-FCBB,Canada,British Columbia,Burrard Inlet,False Creek,Science World Dock,benthic light trap,3,9,4,2022,CA,Hakai-FCBB,BoLD original eventID: ZHAK-02282-FCBB,https://edmo.seadatanet.org/report/5148
benthic light trap,2022-09-04,ZHAK-02283-FCBB-001,,3,3,"inlet, dock",49.272,-123.103,FalseCreek_BioBlitz_2022,Hakai Institute,ZHAK-02283-FCBB,ZHAK-02283-FCBB,ZHAK-02283-FCBB,ZHAK-02283-FCBB,Canada,British Columbia,Burrard Inlet,False Creek,Science World Dock,benthic light trap,3,9,4,2022,CA,Hakai-FCBB,BoLD original eventID: ZHAK-02283-FCBB,https://edmo.seadatanet.org/report/5148
pelagic light trap,2022-09-04,ZHAK-02284-FCBB-001,,0.5,0.5,dock,49.272,-123.103,FalseCreek_BioBlitz_2022,Hakai Institute,ZHAK-02284-FCBB,ZHAK-02284-FCBB,ZHAK-02284-FCBB,ZHAK-02284-FCBB,Canada,British Columbia,Burrard Inlet,False Creek,Science World Dock,pelagic light trap,0.5,9,4,2022,CA,Hakai-FCBB,BoLD original eventID: ZHAK-02284-FCBB,https://edmo.seadatanet.org/report/5148
pelagic light trap,2022-09-04,ZHAK-02285-FCBB-001,,0.5,0.5,dock,49.272,-123.103,FalseCreek_BioBlitz_2022,Hakai Institute,ZHAK-02285-FCBB,ZHAK-02285-FCBB,ZHAK-02285-FCBB,ZHAK-02285-FCBB,Canada,British Columbia,Burrard Inlet,False Creek,Science World Dock,pelagic light trap,0.5,9,4,2022,CA,Hakai-FCBB,BoLD original eventID: ZHAK-02285-FCBB,https://edmo.seadatanet.org/report/5148
pelagic light trap,2022-09-04,ZHAK-02286-FCBB-001,,0.5,0.5,dock,49.272,-123.103,FalseCreek_BioBlitz_2022,Hakai Institute,ZHAK-02286-FCBB,ZHAK-02286-FCBB,ZHAK-02286-FCBB,ZHAK-02286-FCBB,Canada,British Columbia,Burrard Inlet,False Creek,Science World Dock,pelagic light trap,0.5,9,4,2022,CA,Hakai-FCBB,BoLD original eventID: ZHAK-02286-FCBB,https://edmo.seadatanet.org/report/5148
pelagic light trap,2022-09-04,ZHAK-02287-FCBB-001,,0.5,0.5,dock,49.272,-123.103,FalseCreek_BioBlitz_2022,Hakai Institute,ZHAK-02287-FCBB,ZHAK-02287-FCBB,ZHAK-02287-FCBB,ZHAK-02287-FCBB,Canada,British Columbia,Burrard Inlet,False Creek,Science World Dock,pelagic light trap,0.5,9,4,2022,CA,Hakai-FCBB,BoLD original eventID: ZHAK-02287-FCBB,https://edmo.seadatanet.org/report/5148
pelagic light trap,2022-09-04,ZHAK-02288-FCBB-001,,0.5,0.5,dock,49.279,-123.147,FalseCreek_BioBlitz_2022,Hakai Institute,ZHAK-02288-FCBB,ZHAK-02288-FCBB,ZHAK-02288-FCBB,ZHAK-02288-FCBB,Canada,British Columbia,Burrard Inlet,,Heritage Harbour,pelagic light trap,0.5,9,4,2022,CA,Hakai-FCBB,BoLD original eventID: ZHAK-02288-FCBB,https://edmo.seadatanet.org/report/5148
pelagic light trap,2022-09-04,ZHAK-02289-FCBB-001,,0.5,0.5,dock,49.272,-123.103,FalseCreek_BioBlitz_2022,Hakai Institute,ZHAK-02289-FCBB,ZHAK-02289-FCBB,ZHAK-02289-FCBB,ZHAK-02289-FCBB,Canada,British Columbia,Burrard Inlet,False Creek,Science World Dock,pelagic light trap,0.5,9,4,2022,CA,Hakai-FCBB,BoLD original eventID: ZHAK-02289-FCBB,https://edmo.seadatanet.org/report/5148
pelagic light trap,2022-09-05,ZHAK-02290-FCBB-001,,0.5,0.5,dock,49.279,-123.147,FalseCreek_BioBlitz_2022,Hakai Institute,ZHAK-02290-FCBB,ZHAK-02290-FCBB,ZHAK-02290-FCBB,ZHAK-02290-FCBB,Canada,British Columbia,Burrard Inlet,,Heritage Harbour,pelagic light trap,0.5,9,5,2022,CA,Hakai-FCBB,BoLD original eventID: ZHAK-02290-FCBB,https://edmo.seadatanet.org/report/5148
pelagic light trap,2022-09-05,ZHAK-02291-FCBB-001,,0.5,0.5,dock,49.279,-123.147,FalseCreek_BioBlitz_2022,Hakai Institute,ZHAK-02291-FCBB,ZHAK-02291-FCBB,ZHAK-02291-FCBB,ZHAK-02291-FCBB,Canada,British Columbia,Burrard Inlet,,Heritage Harbour,pelagic light trap,0.5,9,5,2022,CA,Hakai-FCBB,BoLD original eventID: ZHAK-02291-FCBB,https://edmo.seadatanet.org/report/5148
pelagic light trap,2022-09-05,ZHAK-02292-FCBB-001,,0.5,0.5,dock,49.279,-123.147,FalseCreek_BioBlitz_2022,Hakai Institute,ZHAK-02292-FCBB,ZHAK-02292-FCBB,ZHAK-02292-FCBB,ZHAK-02292-FCBB,Canada,British Columbia,Burrard Inlet,,Heritage Harbour,pelagic light trap,0.5,9,5,2022,CA,Hakai-FCBB,BoLD original eventID: ZHAK-02292-FCBB,https://edmo.seadatanet.org/report/5148
sediment grab sample,2022-09-05,ZHAK-02293-FCBB-001,,5,5,inlet,49.273,-123.104,FalseCreek_BioBlitz_2022,Hakai Institute,ZHAK-02293-FCBB,ZHAK-02293-FCBB,ZHAK-02293-FCBB,ZHAK-02293-FCBB,Canada,British Columbia,Burrard Inlet,False Creek,Science World,sediment grab sample,5,9,5,2022,CA,Hakai-FCBB,BoLD original eventID: ZHAK-02293-FCBB,https://edmo.seadatanet.org/report/5148
pelagic light trap,2022-09-05,ZHAK-02294-FCBB-001,,0.5,0.5,dock,49.279,-123.147,FalseCreek_BioBlitz_2022,Hakai Institute,ZHAK-02294-FCBB,ZHAK-02294-FCBB,ZHAK-02294-FCBB,ZHAK-02294-FCBB,Canada,British Columbia,Burrard Inlet,,Heritage Harbour,pelagic light trap,0.5,9,5,2022,CA,Hakai-FCBB,BoLD original eventID: ZHAK-02294-FCBB,https://edmo.seadatanet.org/report/5148
pelagic light trap,2022-09-05,ZHAK-02295-FCBB-001,,0.5,0.5,dock,49.279,-123.147,FalseCreek_BioBlitz_2022,Hakai Institute,ZHAK-02295-FCBB,ZHAK-02295-FCBB,ZHAK-02295-FCBB,ZHAK-02295-FCBB,Canada,British Columbia,Burrard Inlet,,Heritage Harbour,pelagic light trap,0.5,9,5,2022,CA,Hakai-FCBB,BoLD original eventID: ZHAK-02295-FCBB,https://edmo.seadatanet.org/report/5148
sediment grab sample,2022-09-05,ZHAK-02296-FCBB-001,,5,5,inlet,49.273,-123.104,FalseCreek_BioBlitz_2022,Hakai Institute,ZHAK-02296-FCBB,ZHAK-02296-FCBB,ZHAK-02296-FCBB,ZHAK-02296-FCBB,Canada,British Columbia,Burrard Inlet,False Creek,Science World,sediment grab sample,5,9,5,2022,CA,Hakai-FCBB,BoLD original eventID: ZHAK-02296-FCBB,https://edmo.seadatanet.org/report/5148
sediment grab sample,2022-09-05,ZHAK-02297-FCBB-001,,5,5,inlet,49.273,-123.104,FalseCreek_BioBlitz_2022,Hakai Institute,ZHAK-02297-FCBB,ZHAK-02297-FCBB,ZHAK-02297-FCBB,ZHAK-02297-FCBB,Canada,British Columbia,Burrard Inlet,False Creek,Science World,sediment grab sample,5,9,5,2022,CA,Hakai-FCBB,BoLD original eventID: ZHAK-02297-FCBB,https://edmo.seadatanet.org/report/5148
sediment grab sample,2022-09-05,ZHAK-02298-FCBB-001,,5,5,inlet,49.273,-123.104,FalseCreek_BioBlitz_2022,Hakai Institute,ZHAK-02298-FCBB,ZHAK-02298-FCBB,ZHAK-02298-FCBB,ZHAK-02298-FCBB,Canada,British Columbia,Burrard Inlet,False Creek,Science World,sediment grab sample,5,9,5,2022,CA,Hakai-FCBB,BoLD original eventID: ZHAK-02298-FCBB,https://edmo.seadatanet.org/report/5148
sediment grab sample,2022-09-05,ZHAK-02299-FCBB-001,,5,5,inlet,49.273,-123.104,FalseCreek_BioBlitz_2022,Hakai Institute,ZHAK-02299-FCBB,ZHAK-02299-FCBB,ZHAK-02299-FCBB,ZHAK-02299-FCBB,Canada,British Columbia,Burrard Inlet,False Creek,Science World,sediment grab sample,5,9,5,2022,CA,Hakai-FCBB,BoLD original eventID: ZHAK-02299-FCBB,https://edmo.seadatanet.org/report/5148
pelagic light trap,2022-09-05,ZHAK-02300-FCBB-001,,0.5,0.5,dock,49.279,-123.147,FalseCreek_BioBlitz_2022,Hakai Institute,ZHAK-02300-FCBB,ZHAK-02300-FCBB,ZHAK-02300-FCBB,ZHAK-02300-FCBB,Canada,British Columbia,Burrard Inlet,,Heritage Harbour,pelagic light trap,0.5,9,5,2022,CA,Hakai-FCBB,BoLD original eventID: ZHAK-02300-FCBB,https://edmo.seadatanet.org/report/5148
pelagic light trap,2022-09-05,ZHAK-02301-FCBB-001,,0.5,0.5,dock,49.279,-123.147,FalseCreek_BioBlitz_2022,Hakai Institute,ZHAK-02301-FCBB,ZHAK-02301-FCBB,ZHAK-02301-FCBB,ZHAK-02301-FCBB,Canada,British Columbia,Burrard Inlet,,Heritage Harbour,pelagic light trap,0.5,9,5,2022,CA,Hakai-FCBB,BoLD original eventID: ZHAK-02301-FCBB,https://edmo.seadatanet.org/report/5148
pelagic light trap,2022-09-05,ZHAK-02302-FCBB-001,,0.5,0.5,dock,49.279,-123.147,FalseCreek_BioBlitz_2022,Hakai Institute,ZHAK-02302-FCBB,ZHAK-02302-FCBB,ZHAK-02302-FCBB,ZHAK-02302-FCBB,Canada,British Columbia,Burrard Inlet,,Heritage Harbour,pelagic light trap,0.5,9,5,2022,CA,Hakai-FCBB,BoLD original eventID: ZHAK-02302-FCBB,https://edmo.seadatanet.org/report/5148
pelagic light trap,2022-09-05,ZHAK-02303-FCBB-001,,0.5,0.5,dock,49.279,-123.147,FalseCreek_BioBlitz_2022,Hakai Institute,ZHAK-02303-FCBB,ZHAK-02303-FCBB,ZHAK-02303-FCBB,ZHAK-02303-FCBB,Canada,British Columbia,Burrard Inlet,,Heritage Harbour,pelagic light trap,0.5,9,5,2022,CA,Hakai-FCBB,BoLD original eventID: ZHAK-02303-FCBB,https://edmo.seadatanet.org/report/5148
pelagic light trap,2022-09-05,ZHAK-02304-FCBB-001,,0.5,0.5,dock,49.279,-123.147,FalseCreek_BioBlitz_2022,Hakai Institute,ZHAK-02304-FCBB,ZHAK-02304-FCBB,ZHAK-02304-FCBB,ZHAK-02304-FCBB,Canada,British Columbia,Burrard Inlet,,Heritage Harbour,pelagic light trap,0.5,9,5,2022,CA,Hakai-FCBB,BoLD original eventID: ZHAK-02304-FCBB,https://edmo.seadatanet.org/report/5148
pelagic light trap,2022-09-05,ZHAK-02305-FCBB-001,,0.5,0.5,dock,49.279,-123.147,FalseCreek_BioBlitz_2022,Hakai Institute,ZHAK-02305-FCBB,ZHAK-02305-FCBB,ZHAK-02305-FCBB,ZHAK-02305-FCBB,Canada,British Columbia,Burrard Inlet,,Heritage Harbour,pelagic light trap,0.5,9,5,2022,CA,Hakai-FCBB,BoLD original eventID: ZHAK-02305-FCBB,https://edmo.seadatanet.org/report/5148
pelagic light trap,2022-09-05,ZHAK-02306-FCBB-001,,0.5,0.5,dock,49.279,-123.147,FalseCreek_BioBlitz_2022,Hakai Institute,ZHAK-02306-FCBB,ZHAK-02306-FCBB,ZHAK-02306-FCBB,ZHAK-02306-FCBB,Canada,British Columbia,Burrard Inlet,,Heritage Harbour,pelagic light trap,0.5,9,5,2022,CA,Hakai-FCBB,BoLD original eventID: ZHAK-02306-FCBB,https://edmo.seadatanet.org/report/5148
pelagic light trap,2022-09-03,ZHAK-02520-FCBB-001,,0.5,0.5,dock,49.269,-123.12,FalseCreek_BioBlitz_2022,Hakai Institute,ZHAK-02520-FCBB,ZHAK-02520-FCBB,ZHAK-02520-FCBB,ZHAK-02520-FCBB,Canada,British Columbia,Burrard Inlet,False Creek,Heather Civic Marina,pelagic light trap,0.5,9,3,2022,CA,Hakai-FCBB,BoLD original eventID: ZHAK-02520-FCBB,https://edmo.seadatanet.org/report/5148
pelagic light trap,2022-09-03,ZHAK-02521-FCBB-001,,0.5,0.5,dock,49.269,-123.12,FalseCreek_BioBlitz_2022,Hakai Institute,ZHAK-02521-FCBB,ZHAK-02521-FCBB,ZHAK-02521-FCBB,ZHAK-02521-FCBB,Canada,British Columbia,Burrard Inlet,False Creek,Heather Civic Marina,pelagic light trap,0.5,9,3,2022,CA,Hakai-FCBB,BoLD original eventID: ZHAK-02521-FCBB,https://edmo.seadatanet.org/report/5148
zooplankton net tow,2022-09-04,ZHAK-02522-FCBB-001,,1.5,1.5,inlet,49.279,-123.141,FalseCreek_BioBlitz_2022,Hakai Institute,ZHAK-02522-FCBB,ZHAK-02522-FCBB,ZHAK-02522-FCBB,ZHAK-02522-FCBB,Canada,British Columbia,Burrard Inlet,False Creek,False Creek Near Mouth,zooplankton net tow,1.5,9,4,2022,CA,Hakai-FCBB,BoLD original eventID: ZHAK-02522-FCBB,https://edmo.seadatanet.org/report/5148
zooplankton net tow,2022-09-04,ZHAK-02523-FCBB-001,,1.5,1.5,inlet,49.279,-123.141,FalseCreek_BioBlitz_2022,Hakai Institute,ZHAK-02523-FCBB,ZHAK-02523-FCBB,ZHAK-02523-FCBB,ZHAK-02523-FCBB,Canada,British Columbia,Burrard Inlet,False Creek,False Creek Near Mouth,zooplankton net tow,1.5,9,4,2022,CA,Hakai-FCBB,BoLD original eventID: ZHAK-02523-FCBB,https://edmo.seadatanet.org/report/5148
pelagic light trap,2022-09-03,ZHAK-02524-FCBB-001,,0.5,0.5,dock,49.269,-123.12,FalseCreek_BioBlitz_2022,Hakai Institute,ZHAK-02524-FCBB,ZHAK-02524-FCBB,ZHAK-02524-FCBB,ZHAK-02524-FCBB,Canada,British Columbia,Burrard Inlet,False Creek,Heather Civic Marina,pelagic light trap,0.5,9,3,2022,CA,Hakai-FCBB,BoLD original eventID: ZHAK-02524-FCBB,https://edmo.seadatanet.org/report/5148
zooplankton net tow,2022-09-04,ZHAK-02525-FCBB-001,,1.5,1.5,inlet,49.279,-123.141,FalseCreek_BioBlitz_2022,Hakai Institute,ZHAK-02525-FCBB,ZHAK-02525-FCBB,ZHAK-02525-FCBB,ZHAK-02525-FCBB,Canada,British Columbia,Burrard Inlet,False Creek,False Creek Near Mouth,zooplankton net tow,1.5,9,4,2022,CA,Hakai-FCBB,BoLD original eventID: ZHAK-02525-FCBB,https://edmo.seadatanet.org/report/5148
zooplankton net tow,2022-09-04,ZHAK-02526-FCBB-001,,1.5,1.5,inlet,49.279,-123.141,FalseCreek_BioBlitz_2022,Hakai Institute,ZHAK-02526-FCBB,ZHAK-02526-FCBB,ZHAK-02526-FCBB,ZHAK-02526-FCBB,Canada,British Columbia,Burrard Inlet,False Creek,False Creek Near Mouth,zooplankton net tow,1.5,9,4,2022,CA,Hakai-FCBB,BoLD original eventID: ZHAK-02526-FCBB,https://edmo.seadatanet.org/report/5148
zooplankton net tow,2022-09-04,ZHAK-02527-FCBB-001,,1.5,1.5,inlet,49.279,-123.141,FalseCreek_BioBlitz_2022,Hakai Institute,ZHAK-02527-FCBB,ZHAK-02527-FCBB,ZHAK-02527-FCBB,ZHAK-02527-FCBB,Canada,British Columbia,Burrard Inlet,False Creek,False Creek Near Mouth,zooplankton net tow,1.5,9,4,2022,CA,Hakai-FCBB,BoLD original eventID: ZHAK-02527-FCBB,https://edmo.seadatanet.org/report/5148
settlement plates,2022-09-03,ZHAK-02330-FCBB-001,,1,1,"inlet, dock",49.272,-123.103,FalseCreek_BioBlitz_2022,Hakai Institute,ZHAK-02330-FCBB,ZHAK-02330-FCBB,ZHAK-02330-FCBB,ZHAK-02330-FCBB,Canada,British Columbia,Burrard Inlet,False Creek,Science World Dock,settlement plates,1,9,3,2022,CA,Hakai-FCBB,BoLD original eventID: ZHAK-02330-FCBB,https://edmo.seadatanet.org/report/5148
pelagic light trap,2022-09-03,ZHAK-02331-FCBB-001,,0.5,0.5,dock,49.269,-123.12,FalseCreek_BioBlitz_2022,Hakai Institute,ZHAK-02331-FCBB,ZHAK-02331-FCBB,ZHAK-02331-FCBB,ZHAK-02331-FCBB,Canada,British Columbia,Burrard Inlet,False Creek,Heather Civic Marina,pelagic light trap,0.5,9,3,2022,CA,Hakai-FCBB,BoLD original eventID: ZHAK-02331-FCBB,https://edmo.seadatanet.org/report/5148
pelagic light trap,2022-09-03,ZHAK-02332-FCBB-001,,0.5,0.5,dock,49.269,-123.12,FalseCreek_BioBlitz_2022,Hakai Institute,ZHAK-02332-FCBB,ZHAK-02332-FCBB,ZHAK-02332-FCBB,ZHAK-02332-FCBB,Canada,British Columbia,Burrard Inlet,False Creek,Heather Civic Marina,pelagic light trap,0.5,9,3,2022,CA,Hakai-FCBB,BoLD original eventID: ZHAK-02332-FCBB,https://edmo.seadatanet.org/report/5148
pelagic light trap,2022-09-03,ZHAK-02333-FCBB-001,,0.5,0.5,dock,49.269,-123.12,FalseCreek_BioBlitz_2022,Hakai Institute,ZHAK-02333-FCBB,ZHAK-02333-FCBB,ZHAK-02333-FCBB,ZHAK-02333-FCBB,Canada,British Columbia,Burrard Inlet,False Creek,Heather Civic Marina,pelagic light trap,0.5,9,3,2022,CA,Hakai-FCBB,BoLD original eventID: ZHAK-02333-FCBB,https://edmo.seadatanet.org/report/5148
pelagic light trap,2022-09-03,ZHAK-02334-FCBB-001,,0.5,0.5,dock,49.269,-123.12,FalseCreek_BioBlitz_2022,Hakai Institute,ZHAK-02334-FCBB,ZHAK-02334-FCBB,ZHAK-02334-FCBB,ZHAK-02334-FCBB,Canada,British Columbia,Burrard Inlet,False Creek,Heather Civic Marina,pelagic light trap,0.5,9,3,2022,CA,Hakai-FCBB,BoLD original eventID: ZHAK-02334-FCBB,https://edmo.seadatanet.org/report/5148
pelagic light trap,2022-09-03,ZHAK-02335-FCBB-001,,0.5,0.5,dock,49.269,-123.12,FalseCreek_BioBlitz_2022,Hakai Institute,ZHAK-02335-FCBB,ZHAK-02335-FCBB,ZHAK-02335-FCBB,ZHAK-02335-FCBB,Canada,British Columbia,Burrard Inlet,False Creek,Heather Civic Marina,pelagic light trap,0.5,9,3,2022,CA,Hakai-FCBB,BoLD original eventID: ZHAK-02335-FCBB,https://edmo.seadatanet.org/report/5148
pelagic light trap,2022-09-03,ZHAK-02336-FCBB-001,,0.5,0.5,dock,49.269,-123.12,FalseCreek_BioBlitz_2022,Hakai Institute,ZHAK-02336-FCBB,ZHAK-02336-FCBB,ZHAK-02336-FCBB,ZHAK-02336-FCBB,Canada,British Columbia,Burrard Inlet,False Creek,Heather Civic Marina,pelagic light trap,0.5,9,3,2022,CA,Hakai-FCBB,BoLD original eventID: ZHAK-02336-FCBB,https://edmo.seadatanet.org/report/5148
pelagic light trap,2022-09-03,ZHAK-02337-FCBB-001,,0.5,0.5,dock,49.269,-123.12,FalseCreek_BioBlitz_2022,Hakai Institute,ZHAK-02337-FCBB,ZHAK-02337-FCBB,ZHAK-02337-FCBB,ZHAK-02337-FCBB,Canada,British Columbia,Burrard Inlet,False Creek,Heather Civic Marina,pelagic light trap,0.5,9,3,2022,CA,Hakai-FCBB,BoLD original eventID: ZHAK-02337-FCBB,https://edmo.seadatanet.org/report/5148
zooplankton net tow,2022-09-03,ZHAK-02338-FCBB-001,,1.5,1.5,inlet,49.279,-123.141,FalseCreek_BioBlitz_2022,Hakai Institute,ZHAK-02338-FCBB,ZHAK-02338-FCBB,ZHAK-02338-FCBB,ZHAK-02338-FCBB,Canada,British Columbia,Burrard Inlet,False Creek,False Creek Near Mouth,zooplankton net tow,1.5,9,3,2022,CA,Hakai-FCBB,BoLD original eventID: ZHAK-02338-FCBB,https://edmo.seadatanet.org/report/5148
benthic light trap,2022-09-04,ZHAK-02339-FCBB-001,,3,3,"inlet, dock",49.272,-123.103,FalseCreek_BioBlitz_2022,Hakai Institute,ZHAK-02339-FCBB,ZHAK-02339-FCBB,ZHAK-02339-FCBB,ZHAK-02339-FCBB,Canada,British Columbia,Burrard Inlet,False Creek,Science World Dock,benthic light trap,3,9,4,2022,CA,Hakai-FCBB,BoLD original eventID: ZHAK-02339-FCBB,https://edmo.seadatanet.org/report/5148
benthic light trap,2022-09-04,ZHAK-02340-FCBB-001,,3,3,"inlet, dock",49.272,-123.103,FalseCreek_BioBlitz_2022,Hakai Institute,ZHAK-02340-FCBB,ZHAK-02340-FCBB,ZHAK-02340-FCBB,ZHAK-02340-FCBB,Canada,British Columbia,Burrard Inlet,False Creek,Science World Dock,benthic light trap,3,9,4,2022,CA,Hakai-FCBB,BoLD original eventID: ZHAK-02340-FCBB,https://edmo.seadatanet.org/report/5148
pelagic light trap,2022-09-04,ZHAK-02341-FCBB-001,,0.5,0.5,dock,49.269,-123.12,FalseCreek_BioBlitz_2022,Hakai Institute,ZHAK-02341-FCBB,ZHAK-02341-FCBB,ZHAK-02341-FCBB,ZHAK-02341-FCBB,Canada,British Columbia,Burrard Inlet,False Creek,Heather Civic Marina,pelagic light trap,0.5,9,4,2022,CA,Hakai-FCBB,BoLD original eventID: ZHAK-02341-FCBB,https://edmo.seadatanet.org/report/5148
pelagic light trap,2022-09-04,ZHAK-02342-FCBB-001,,0.5,0.5,dock,49.269,-123.12,FalseCreek_BioBlitz_2022,Hakai Institute,ZHAK-02342-FCBB,ZHAK-02342-FCBB,ZHAK-02342-FCBB,ZHAK-02342-FCBB,Canada,British Columbia,Burrard Inlet,False Creek,Heather Civic Marina,pelagic light trap,0.5,9,4,2022,CA,Hakai-FCBB,BoLD original eventID: ZHAK-02342-FCBB,https://edmo.seadatanet.org/report/5148
pelagic light trap,2022-09-04,ZHAK-02343-FCBB-001,,0.5,0.5,dock,49.269,-123.12,FalseCreek_BioBlitz_2022,Hakai Institute,ZHAK-02343-FCBB,ZHAK-02343-FCBB,ZHAK-02343-FCBB,ZHAK-02343-FCBB,Canada,British Columbia,Burrard Inlet,False Creek,Heather Civic Marina,pelagic light trap,0.5,9,4,2022,CA,Hakai-FCBB,BoLD original eventID: ZHAK-02343-FCBB,https://edmo.seadatanet.org/report/5148
pelagic light trap,2022-09-04,ZHAK-02344-FCBB-001,,0.5,0.5,dock,49.269,-123.12,FalseCreek_BioBlitz_2022,Hakai Institute,ZHAK-02344-FCBB,ZHAK-02344-FCBB,ZHAK-02344-FCBB,ZHAK-02344-FCBB,Canada,British Columbia,Burrard Inlet,False Creek,Heather Civic Marina,pelagic light trap,0.5,9,4,2022,CA,Hakai-FCBB,BoLD original eventID: ZHAK-02344-FCBB,https://edmo.seadatanet.org/report/5148
pelagic light trap,2022-09-04,ZHAK-02345-FCBB-001,,0.5,0.5,dock,49.269,-123.12,FalseCreek_BioBlitz_2022,Hakai Institute,ZHAK-02345-FCBB,ZHAK-02345-FCBB,ZHAK-02345-FCBB,ZHAK-02345-FCBB,Canada,British Columbia,Burrard Inlet,False Creek,Heather Civic Marina,pelagic light trap,0.5,9,4,2022,CA,Hakai-FCBB,BoLD original eventID: ZHAK-02345-FCBB,https://edmo.seadatanet.org/report/5148
pelagic light trap,2022-09-05,ZHAK-02346-FCBB-001,,0.5,0.5,dock,49.279,-123.147,FalseCreek_BioBlitz_2022,Hakai Institute,ZHAK-02346-FCBB,ZHAK-02346-FCBB,ZHAK-02346-FCBB,ZHAK-02346-FCBB,Canada,British Columbia,Burrard Inlet,,Heritage Harbour,pelagic light trap,0.5,9,5,2022,CA,Hakai-FCBB,BoLD original eventID: ZHAK-02346-FCBB,https://edmo.seadatanet.org/report/5148
pelagic light trap,2022-09-05,ZHAK-02347-FCBB-001,,0.5,0.5,dock,49.279,-123.147,FalseCreek_BioBlitz_2022,Hakai Institute,ZHAK-02347-FCBB,ZHAK-02347-FCBB,ZHAK-02347-FCBB,ZHAK-02347-FCBB,Canada,British Columbia,Burrard Inlet,,Heritage Harbour,pelagic light trap,0.5,9,5,2022,CA,Hakai-FCBB,BoLD original eventID: ZHAK-02347-FCBB,https://edmo.seadatanet.org/report/5148
sediment grab sample,2022-09-05,ZHAK-02348-FCBB-001,,5,5,inlet,49.27,-123.123,FalseCreek_BioBlitz_2022,Hakai Institute,ZHAK-02348-FCBB,ZHAK-02348-FCBB,ZHAK-02348-FCBB,ZHAK-02348-FCBB,Canada,British Columbia,Burrard Inlet,False Creek,Charleston Park- combined sewer outflow,sediment grab sample,5,9,5,2022,CA,Hakai-FCBB,BoLD original eventID: ZHAK-02348-FCBB,https://edmo.seadatanet.org/report/5148
pelagic light trap,2022-09-05,ZHAK-02349-FCBB-001,,0.5,0.5,dock,49.279,-123.147,FalseCreek_BioBlitz_2022,Hakai Institute,ZHAK-02349-FCBB,ZHAK-02349-FCBB,ZHAK-02349-FCBB,ZHAK-02349-FCBB,Canada,British Columbia,Burrard Inlet,,Heritage Harbour,pelagic light trap,0.5,9,5,2022,CA,Hakai-FCBB,BoLD original eventID: ZHAK-02349-FCBB,https://edmo.seadatanet.org/report/5148
pelagic light trap,2022-09-05,ZHAK-02350-FCBB-001,,0.5,0.5,dock,49.279,-123.147,FalseCreek_BioBlitz_2022,Hakai Institute,ZHAK-02350-FCBB,ZHAK-02350-FCBB,ZHAK-02350-FCBB,ZHAK-02350-FCBB,Canada,British Columbia,Burrard Inlet,,Heritage Harbour,pelagic light trap,0.5,9,5,2022,CA,Hakai-FCBB,BoLD original eventID: ZHAK-02350-FCBB,https://edmo.seadatanet.org/report/5148
pelagic light trap,2022-09-05,ZHAK-02351-FCBB-001,,0.5,0.5,dock,49.269,-123.12,FalseCreek_BioBlitz_2022,Hakai Institute,ZHAK-02351-FCBB,ZHAK-02351-FCBB,ZHAK-02351-FCBB,ZHAK-02351-FCBB,Canada,British Columbia,Burrard Inlet,False Creek,Heather Civic Marina,pelagic light trap,0.5,9,5,2022,CA,Hakai-FCBB,BoLD original eventID: ZHAK-02351-FCBB,https://edmo.seadatanet.org/report/5148
pelagic light trap,2022-09-05,ZHAK-02352-FCBB-001,,0.5,0.5,dock,49.279,-123.147,FalseCreek_BioBlitz_2022,Hakai Institute,ZHAK-02352-FCBB,ZHAK-02352-FCBB,ZHAK-02352-FCBB,ZHAK-02352-FCBB,Canada,British Columbia,Burrard Inlet,,Heritage Harbour,pelagic light trap,0.5,9,5,2022,CA,Hakai-FCBB,BoLD original eventID: ZHAK-02352-FCBB,https://edmo.seadatanet.org/report/5148
pelagic light trap,2022-09-03,ZHAK-02995-FCBB-001,,0.5,0.5,dock,49.269,-123.12,FalseCreek_BioBlitz_2022,Hakai Institute,ZHAK-02995-FCBB,ZHAK-02995-FCBB,ZHAK-02995-FCBB,ZHAK-02995-FCBB,Canada,British Columbia,Burrard Inlet,False Creek,Heather Civic Marina,pelagic light trap,0.5,9,3,2022,CA,Hakai-FCBB,BoLD original eventID: ZHAK-02995-FCBB,https://edmo.seadatanet.org/report/5148
pelagic light trap,2022-09-03,ZHAK-02996-FCBB-001,,0.5,0.5,dock,49.269,-123.12,FalseCreek_BioBlitz_2022,Hakai Institute,ZHAK-02996-FCBB,ZHAK-02996-FCBB,ZHAK-02996-FCBB,ZHAK-02996-FCBB,Canada,British Columbia,Burrard Inlet,False Creek,Heather Civic Marina,pelagic light trap,0.5,9,3,2022,CA,Hakai-FCBB,BoLD original eventID: ZHAK-02996-FCBB,https://edmo.seadatanet.org/report/5148
pelagic light trap,2022-09-03,ZHAK-02997-FCBB-001,,0.5,0.5,dock,49.269,-123.12,FalseCreek_BioBlitz_2022,Hakai Institute,ZHAK-02997-FCBB,ZHAK-02997-FCBB,ZHAK-02997-FCBB,ZHAK-02997-FCBB,Canada,British Columbia,Burrard Inlet,False Creek,Heather Civic Marina,pelagic light trap,0.5,9,3,2022,CA,Hakai-FCBB,BoLD original eventID: ZHAK-02997-FCBB,https://edmo.seadatanet.org/report/5148
settlement plates,2022-09-03,ZHAK-02998-FCBB-001,,1,1,"inlet, dock",49.272,-123.103,FalseCreek_BioBlitz_2022,Hakai Institute,ZHAK-02998-FCBB,ZHAK-02998-FCBB,ZHAK-02998-FCBB,ZHAK-02998-FCBB,Canada,British Columbia,Burrard Inlet,False Creek,Science World Dock,settlement plates,1,9,3,2022,CA,Hakai-FCBB,BoLD original eventID: ZHAK-02998-FCBB,https://edmo.seadatanet.org/report/5148
pelagic light trap,2022-09-03,ZHAK-02999-FCBB-001,,0.5,0.5,dock,49.279,-123.147,FalseCreek_BioBlitz_2022,Hakai Institute,ZHAK-02999-FCBB,ZHAK-02999-FCBB,ZHAK-02999-FCBB,ZHAK-02999-FCBB,Canada,British Columbia,Burrard Inlet,,Heritage Harbour,pelagic light trap,0.5,9,3,2022,CA,Hakai-FCBB,BoLD original eventID: ZHAK-02999-FCBB,https://edmo.seadatanet.org/report/5148
pelagic light trap,2022-09-03,ZHAK-03000-FCBB-001,,0.5,0.5,dock,49.269,-123.12,FalseCreek_BioBlitz_2022,Hakai Institute,ZHAK-03000-FCBB,ZHAK-03000-FCBB,ZHAK-03000-FCBB,ZHAK-03000-FCBB,Canada,British Columbia,Burrard Inlet,False Creek,Heather Civic Marina,pelagic light trap,0.5,9,3,2022,CA,Hakai-FCBB,BoLD original eventID: ZHAK-03000-FCBB,https://edmo.seadatanet.org/report/5148
pelagic light trap,2022-09-03,ZHAK-03001-FCBB-001,,0.5,0.5,dock,49.269,-123.12,FalseCreek_BioBlitz_2022,Hakai Institute,ZHAK-03001-FCBB,ZHAK-03001-FCBB,ZHAK-03001-FCBB,ZHAK-03001-FCBB,Canada,British Columbia,Burrard Inlet,False Creek,Heather Civic Marina,pelagic light trap,0.5,9,3,2022,CA,Hakai-FCBB,BoLD original eventID: ZHAK-03001-FCBB,https://edmo.seadatanet.org/report/5148
phytoplankton net tow,2022-09-04,ZHAK-03002-FCBB-001,,1.5,1.5,inlet,49.279,-123.141,FalseCreek_BioBlitz_2022,Hakai Institute,ZHAK-03002-FCBB,ZHAK-03002-FCBB,ZHAK-03002-FCBB,ZHAK-03002-FCBB,Canada,British Columbia,Burrard Inlet,False Creek,False Creek Near Mouth,phytoplankton net tow,1.5,9,4,2022,CA,Hakai-FCBB,BoLD original eventID: ZHAK-03002-FCBB,https://edmo.seadatanet.org/report/5148
phytoplankton net tow,2022-09-04,ZHAK-03003-FCBB-001,,1.5,1.5,inlet,49.279,-123.141,FalseCreek_BioBlitz_2022,Hakai Institute,ZHAK-03003-FCBB,ZHAK-03003-FCBB,ZHAK-03003-FCBB,ZHAK-03003-FCBB,Canada,British Columbia,Burrard Inlet,False Creek,False Creek Near Mouth,phytoplankton net tow,1.5,9,4,2022,CA,Hakai-FCBB,BoLD original eventID: ZHAK-03003-FCBB,https://edmo.seadatanet.org/report/5148
phytoplankton net tow,2022-09-04,ZHAK-03004-FCBB-001,,1.5,1.5,inlet,49.279,-123.141,FalseCreek_BioBlitz_2022,Hakai Institute,ZHAK-03004-FCBB,ZHAK-03004-FCBB,ZHAK-03004-FCBB,ZHAK-03004-FCBB,Canada,British Columbia,Burrard Inlet,False Creek,False Creek Near Mouth,phytoplankton net tow,1.5,9,4,2022,CA,Hakai-FCBB,BoLD original eventID: ZHAK-03004-FCBB,https://edmo.seadatanet.org/report/5148
phytoplankton net tow,2022-09-04,ZHAK-03005-FCBB-001,,1.5,1.5,inlet,49.279,-123.141,FalseCreek_BioBlitz_2022,Hakai Institute,ZHAK-03005-FCBB,ZHAK-03005-FCBB,ZHAK-03005-FCBB,ZHAK-03005-FCBB,Canada,British Columbia,Burrard Inlet,False Creek,False Creek Near Mouth,phytoplankton net tow,1.5,9,4,2022,CA,Hakai-FCBB,BoLD original eventID: ZHAK-03005-FCBB,https://edmo.seadatanet.org/report/5148
zooplankton net tow,2022-09-04,ZHAK-03006-FCBB-001,,1.5,1.5,inlet,49.279,-123.141,FalseCreek_BioBlitz_2022,Hakai Institute,ZHAK-03006-FCBB,ZHAK-03006-FCBB,ZHAK-03006-FCBB,ZHAK-03006-FCBB,Canada,British Columbia,Burrard Inlet,False Creek,False Creek Near Mouth,zooplankton net tow,1.5,9,4,2022,CA,Hakai-FCBB,BoLD original eventID: ZHAK-03006-FCBB,https://edmo.seadatanet.org/report/5148
zooplankton net tow,2022-09-04,ZHAK-03007-FCBB-001,,1.5,1.5,inlet,49.279,-123.141,FalseCreek_BioBlitz_2022,Hakai Institute,ZHAK-03007-FCBB,ZHAK-03007-FCBB,ZHAK-03007-FCBB,ZHAK-03007-FCBB,Canada,British Columbia,Burrard Inlet,False Creek,False Creek Near Mouth,zooplankton net tow,1.5,9,4,2022,CA,Hakai-FCBB,BoLD original eventID: ZHAK-03007-FCBB,https://edmo.seadatanet.org/report/5148
zooplankton net tow,2022-09-04,ZHAK-03008-FCBB-001,,1.5,1.5,inlet,49.279,-123.141,FalseCreek_BioBlitz_2022,Hakai Institute,ZHAK-03008-FCBB,ZHAK-03008-FCBB,ZHAK-03008-FCBB,ZHAK-03008-FCBB,Canada,British Columbia,Burrard Inlet,False Creek,False Creek Near Mouth,zooplankton net tow,1.5,9,4,2022,CA,Hakai-FCBB,BoLD original eventID: ZHAK-03008-FCBB,https://edmo.seadatanet.org/report/5148
zooplankton net tow,2022-09-04,ZHAK-03009-FCBB-001,,1.5,1.5,inlet,49.279,-123.141,FalseCreek_BioBlitz_2022,Hakai Institute,ZHAK-03009-FCBB,ZHAK-03009-FCBB,ZHAK-03009-FCBB,ZHAK-03009-FCBB,Canada,British Columbia,Burrard Inlet,False Creek,False Creek Near Mouth,zooplankton net tow,1.5,9,4,2022,CA,Hakai-FCBB,BoLD original eventID: ZHAK-03009-FCBB,https://edmo.seadatanet.org/report/5148
zooplankton net tow,2022-09-04,ZHAK-03010-FCBB-001,,1.5,1.5,inlet,49.279,-123.141,FalseCreek_BioBlitz_2022,Hakai Institute,ZHAK-03010-FCBB,ZHAK-03010-FCBB,ZHAK-03010-FCBB,ZHAK-03010-FCBB,Canada,British Columbia,Burrard Inlet,False Creek,False Creek Near Mouth,zooplankton net tow,1.5,9,4,2022,CA,Hakai-FCBB,BoLD original eventID: ZHAK-03010-FCBB,https://edmo.seadatanet.org/report/5148
zooplankton net tow,2022-09-04,ZHAK-03011-FCBB-001,,1.5,1.5,inlet,49.279,-123.141,FalseCreek_BioBlitz_2022,Hakai Institute,ZHAK-03011-FCBB,ZHAK-03011-FCBB,ZHAK-03011-FCBB,ZHAK-03011-FCBB,Canada,British Columbia,Burrard Inlet,False Creek,False Creek Near Mouth,zooplankton net tow,1.5,9,4,2022,CA,Hakai-FCBB,BoLD original eventID: ZHAK-03011-FCBB,https://edmo.seadatanet.org/report/5148
zooplankton net tow,2022-09-04,ZHAK-03012-FCBB-001,,1.5,1.5,inlet,49.279,-123.141,FalseCreek_BioBlitz_2022,Hakai Institute,ZHAK-03012-FCBB,ZHAK-03012-FCBB,ZHAK-03012-FCBB,ZHAK-03012-FCBB,Canada,British Columbia,Burrard Inlet,False Creek,False Creek Near Mouth,zooplankton net tow,1.5,9,4,2022,CA,Hakai-FCBB,BoLD original eventID: ZHAK-03012-FCBB,https://edmo.seadatanet.org/report/5148
zooplankton net tow,2022-09-04,ZHAK-03013-FCBB-001,,1.5,1.5,inlet,49.279,-123.141,FalseCreek_BioBlitz_2022,Hakai Institute,ZHAK-03013-FCBB,ZHAK-03013-FCBB,ZHAK-03013-FCBB,ZHAK-03013-FCBB,Canada,British Columbia,Burrard Inlet,False Creek,False Creek Near Mouth,zooplankton net tow,1.5,9,4,2022,CA,Hakai-FCBB,BoLD original eventID: ZHAK-03013-FCBB,https://edmo.seadatanet.org/report/5148
pelagic light trap,2022-09-05,ZHAK-03014-FCBB-001,,0.5,0.5,dock,49.269,-123.12,FalseCreek_BioBlitz_2022,Hakai Institute,ZHAK-03014-FCBB,ZHAK-03014-FCBB,ZHAK-03014-FCBB,ZHAK-03014-FCBB,Canada,British Columbia,Burrard Inlet,False Creek,Heather Civic Marina,pelagic light trap,0.5,9,5,2022,CA,Hakai-FCBB,BoLD original eventID: ZHAK-03014-FCBB,https://edmo.seadatanet.org/report/5148
