eventID,materialSampleID,recordNumber,catalogNumber,phylum,class,order,family,subfamily,tribe,genus,scientificName,identificationRemarks,identifiedBy,sex,lifeStage,occurrenceRemarks,typeStatus,materialSample,recordedBy,organismRemarks,scientificNameID.x,scientificNameAuthorship.x,kingdom.x,taxonRank.x,basisOfRecord,occurrenceStatus,scientificNameID.y,scientificNameAuthorship.y,kingdom.y,taxonRank.y,occurrenceID
FCBB19-31-001,BHAK-12002-FCBB,BHAK-12002-FCBB,BHAK-12002-FCBB,Bryozoa,Gymnolaemata,Cheilostomatida,,,,,Cheilostomatida,Morphology,Matt Whalen,,,,,,"Matt Whalen, Deborah McFadden","Has Entoprocta, Barentsia growing on it as well as a small amount of Amathia",urn:lsid:marinespecies.org:taxname:110722,"Busk, 1852",Animalia,Order,MaterialSample,present,urn:lsid:marinespecies.org:taxname:110722,"Busk, 1852",Animalia,Order,FCBB19-31-001-1
FCBB19-32-001,BHAK-12003-FCBB,BHAK-12003-FCBB,BHAK-12003-FCBB,Arthropoda,Malacostraca,Amphipoda,Ampithoidae,,,Ampithoe,Ampithoe valida,BOLD ID Engine,Hakai Institute,,,,,,"Matt Whalen, Deborah McFadden",,urn:lsid:marinespecies.org:taxname:102005,"S.I. Smith, 1873",Animalia,Species,MaterialSample,present,urn:lsid:marinespecies.org:taxname:102005,"S.I. Smith, 1873",Animalia,Species,FCBB19-32-001-2
FCBB23-001,BHAK-12004-FCBB,BHAK-12004-FCBB,BHAK-12004-FCBB,Arthropoda,Malacostraca,Amphipoda,Aoridae,,,,Aoridae,Morphology,Matt Whalen,,,,,,Heather Earle,,urn:lsid:marinespecies.org:taxname:101368,"Stebbing, 1899",Animalia,Family,MaterialSample,present,urn:lsid:marinespecies.org:taxname:101368,"Stebbing, 1899",Animalia,Family,FCBB23-001-3
FCBB29-001,BHAK-12005-FCBB,BHAK-12005-FCBB,BHAK-12005-FCBB,Arthropoda,Malacostraca,Decapoda,Cancridae,Cancrinae,,Metacarcinus,Metacarcinus magister,BOLD ID Engine,Hakai Institute,,juvenile,,,leg,"Matt Whalen, Kyle Hall",,urn:lsid:marinespecies.org:taxname:440388,"(Dana, 1852)",Animalia,Species,MaterialSample,present,urn:lsid:marinespecies.org:taxname:440388,"(Dana, 1852)",Animalia,Species,FCBB29-001-4
FCBB29-002,BHAK-12006-FCBB,BHAK-12006-FCBB,BHAK-12006-FCBB,Arthropoda,Malacostraca,Decapoda,Cancridae,Cancrinae,,Metacarcinus,Metacarcinus magister,BOLD ID Engine,Hakai Institute,,juvenile,,,leg,"Matt Whalen, Kyle Hall",,urn:lsid:marinespecies.org:taxname:440388,"(Dana, 1852)",Animalia,Species,MaterialSample,present,urn:lsid:marinespecies.org:taxname:440388,"(Dana, 1852)",Animalia,Species,FCBB29-002-5
FCBB29-003,BHAK-12007-FCBB,BHAK-12007-FCBB,BHAK-12007-FCBB,Arthropoda,Malacostraca,Isopoda,Idoteidae,,,Pentidotea,Pentidotea wosnesenskii,Morphology,Kyle Hall,,,,,leg,"Matt Whalen, Kyle Hall",,urn:lsid:marinespecies.org:taxname:261982,"(Brandt, 1851)",Animalia,Species,MaterialSample,present,urn:lsid:marinespecies.org:taxname:261982,"(Brandt, 1851)",Animalia,Species,FCBB29-003-6
FCBB29-004,BHAK-12008-FCBB,BHAK-12008-FCBB,BHAK-12008-FCBB,Arthropoda,Malacostraca,Amphipoda,,,,,Amphipoda,Morphology,Matt Whalen,,,,,leg,"Matt Whalen, Kyle Hall",,urn:lsid:marinespecies.org:taxname:1135,"Latreille, 1816",Animalia,Order,MaterialSample,present,urn:lsid:marinespecies.org:taxname:1135,"Latreille, 1816",Animalia,Order,FCBB29-004-7
FCBB29-005,BHAK-12009-FCBB,BHAK-12009-FCBB,BHAK-12009-FCBB,Arthropoda,Malacostraca,Amphipoda,Corophiidae,Corophiinae,Corophiini,Monocorophium,Monocorophium insidiosum,BOLD ID Engine,Hakai Institute,,,,E-Vouchered:DNA/Tissue+Photo,whole specimen,"Matt Whalen, Kyle Hall",,urn:lsid:marinespecies.org:taxname:148592,"(Crawford, 1937)",Animalia,Species,MaterialSample,present,urn:lsid:marinespecies.org:taxname:148592,"(Crawford, 1937)",Animalia,Species,FCBB29-005-8
FCBB29-006,BHAK-12010-FCBB,BHAK-12010-FCBB,BHAK-12010-FCBB,Arthropoda,Malacostraca,Amphipoda,,,,,Amphipoda,Morphology,Matt Whalen,,,,,leg,"Matt Whalen, Kyle Hall",,urn:lsid:marinespecies.org:taxname:1135,"Latreille, 1816",Animalia,Order,MaterialSample,present,urn:lsid:marinespecies.org:taxname:1135,"Latreille, 1816",Animalia,Order,FCBB29-006-9
FCBB29-007,BHAK-12011-FCBB,BHAK-12011-FCBB,BHAK-12011-FCBB,Arthropoda,Malacostraca,Amphipoda,,,,,Amphipoda,Morphology,Matt Whalen,,,,,midsection,"Matt Whalen, Kyle Hall",,urn:lsid:marinespecies.org:taxname:1135,"Latreille, 1816",Animalia,Order,MaterialSample,present,urn:lsid:marinespecies.org:taxname:1135,"Latreille, 1816",Animalia,Order,FCBB29-007-10
FCBB29-008,BHAK-12013-FCBB,BHAK-12013-FCBB,BHAK-12013-FCBB,Arthropoda,Malacostraca,Isopoda,Sphaeromatidae,,,Gnorimosphaeroma,Gnorimosphaeroma,Morphology,Matt Whalen,,,,,leg,"Matt Whalen, Kyle Hall",,urn:lsid:marinespecies.org:taxname:248784,"Menzies, 1954",Animalia,Genus,MaterialSample,present,urn:lsid:marinespecies.org:taxname:248784,"Menzies, 1954",Animalia,Genus,FCBB29-008-11
FCBB29-009,BHAK-12014-FCBB,BHAK-12014-FCBB,BHAK-12014-FCBB,Arthropoda,Malacostraca,Isopoda,Sphaeromatidae,,,Gnorimosphaeroma,Gnorimosphaeroma,Morphology,Matt Whalen,,,,,leg,"Matt Whalen, Kyle Hall",,urn:lsid:marinespecies.org:taxname:248784,"Menzies, 1954",Animalia,Genus,MaterialSample,present,urn:lsid:marinespecies.org:taxname:248784,"Menzies, 1954",Animalia,Genus,FCBB29-009-12
FCBB29-010,BHAK-12015-FCBB,BHAK-12015-FCBB,BHAK-12015-FCBB,Arthropoda,Malacostraca,Isopoda,Sphaeromatidae,,,Gnorimosphaeroma,Gnorimosphaeroma oregonense,BOLD ID Engine,Hakai Institute,,,,,leg,"Matt Whalen, Kyle Hall",,urn:lsid:marinespecies.org:taxname:1264222,"(Dana, 1853)",Animalia,Species,MaterialSample,present,urn:lsid:marinespecies.org:taxname:1264222,"(Dana, 1853)",Animalia,Species,FCBB29-010-13
FCBB29-011,BHAK-12016-FCBB,BHAK-12016-FCBB,BHAK-12016-FCBB,Arthropoda,Malacostraca,Isopoda,Sphaeromatidae,,,Gnorimosphaeroma,Gnorimosphaeroma oregonense,BOLD ID Engine,Hakai Institute,,,,,leg,"Matt Whalen, Kyle Hall",,urn:lsid:marinespecies.org:taxname:1264222,"(Dana, 1853)",Animalia,Species,MaterialSample,present,urn:lsid:marinespecies.org:taxname:1264222,"(Dana, 1853)",Animalia,Species,FCBB29-011-14
FCBB29-012,BHAK-12012-FCBB,BHAK-12012-FCBB,BHAK-12012-FCBB,Nemertea,,,,,,,Nemertea,Morphology,Matt Whalen,,,,,midsection,"Matt Whalen, Kyle Hall",,urn:lsid:marinespecies.org:taxname:152391,,Animalia,Phylum,MaterialSample,present,urn:lsid:marinespecies.org:taxname:152391,NA,Animalia,Phylum,FCBB29-012-15
FCBB29-013,BHAK-12017-FCBB,BHAK-12017-FCBB,BHAK-12017-FCBB,Bryozoa,Gymnolaemata,Cheilostomatida,Membraniporidae,,,Membranipora,Membranipora,Morphology,Matt Whalen,,,,,,"Matt Whalen, Kyle Hall",additional taxa attached to it,urn:lsid:marinespecies.org:taxname:110938,"de Blainville, 1830",Animalia,Genus,MaterialSample,present,urn:lsid:marinespecies.org:taxname:110938,"de Blainville, 1830",Animalia,Genus,FCBB29-013-16
FCBB29-014,BHAK-12018-FCBB,BHAK-12018-FCBB,BHAK-12018-FCBB,Annelida,Polychaeta,Phyllodocida,Nereididae,Nereidinae,,Alitta,Alitta,BOLD ID Engine,Hakai Institute,,,,,midsection,"Matt Whalen, Kyle Hall",,urn:lsid:marinespecies.org:taxname:234848,"Kinberg, 1865",Animalia,Genus,MaterialSample,present,urn:lsid:marinespecies.org:taxname:234848,"Kinberg, 1865",Animalia,Genus,FCBB29-014-17
FCBB29-015,BHAK-12019-FCBB,BHAK-12019-FCBB,BHAK-12019-FCBB,Annelida,Polychaeta,Phyllodocida,Nereididae,Nereidinae,,Hediste,Hediste diadroma,BOLD ID Engine,Hakai Institute,,,,,midsection,"Matt Whalen, Kyle Hall",,urn:lsid:marinespecies.org:taxname:328292,"Sato & Nakashima, 2003",Animalia,Species,MaterialSample,present,urn:lsid:marinespecies.org:taxname:328292,"Sato & Nakashima, 2003",Animalia,Species,FCBB29-015-18
FCBB37-001,BHAK-12028-FCBB,BHAK-12028-FCBB,BHAK-12028-FCBB,Mollusca,Bivalvia,Lucinida,Thyasiridae,,,Axinopsida,Axinopsida serricata,Morphology,Matt Whalen,,,,,,"Matt Lemay, Colleen Kellogg, Karen Cram, Suzie Christoffel",,urn:lsid:marinespecies.org:taxname:246819,"(P. P. Carpenter, 1864)",Animalia,Species,MaterialSample,present,urn:lsid:marinespecies.org:taxname:246819,"(P. P. Carpenter, 1864)",Animalia,Species,FCBB37-001-19
FCBB37-002,BHAK-12029-FCBB,BHAK-12029-FCBB,BHAK-12029-FCBB,Mollusca,Bivalvia,Lucinida,Lucinidae,Lucininae,,Parvilucina,Parvilucina tenuisculpta,Morphology,Matt Whalen,,,,,,"Matt Lemay, Colleen Kellogg, Karen Cram, Suzie Christoffel",,urn:lsid:marinespecies.org:taxname:464250,"(P. P. Carpenter, 1864)",Animalia,Species,MaterialSample,present,urn:lsid:marinespecies.org:taxname:464250,"(P. P. Carpenter, 1864)",Animalia,Species,FCBB37-002-20
FCBB35-001,BHAK-12025-FCBB,BHAK-12025-FCBB,BHAK-12025-FCBB,Arthropoda,Malacostraca,Cumacea,Nannastacidae,,,Cumella,Cumella vulgaris,Morphology,Philip Hoover,,,,,,"Matt Lemay, Gillian Sadlier-Brown, Karen Cram, Suzie Christoffel",,urn:lsid:marinespecies.org:taxname:182534,"Hart, 1930",Animalia,Species,MaterialSample,present,NA,NA,NA,NA,FCBB35-001-21
FCBB35-002,BHAK-12026-FCBB,BHAK-12026-FCBB,BHAK-12026-FCBB,Arthropoda,Malacostraca,Cumacea,Nannastacidae,,,Cumella,Cumella vulgaris,Morphology,Philip Hoover,,,,,,"Matt Lemay, Gillian Sadlier-Brown, Karen Cram, Suzie Christoffel",,urn:lsid:marinespecies.org:taxname:182534,"Hart, 1930",Animalia,Species,MaterialSample,present,NA,NA,NA,NA,FCBB35-002-22
FCBB35-003,BHAK-12027-FCBB,BHAK-12027-FCBB,BHAK-12027-FCBB,Arthropoda,Malacostraca,Cumacea,Nannastacidae,,,Cumella,Cumella vulgaris,Morphology,Philip Hoover,,,,E-Vouchered:DNA/Tissue+Photo,whole specimen,"Matt Lemay, Gillian Sadlier-Brown, Karen Cram, Suzie Christoffel",,urn:lsid:marinespecies.org:taxname:182534,"Hart, 1930",Animalia,Species,MaterialSample,present,NA,NA,NA,NA,FCBB35-003-23
FCBB29-016,BHAK-12031-FCBB,BHAK-12031-FCBB,BHAK-12031-FCBB,Arthropoda,Malacostraca,Amphipoda,Corophiidae,Corophiinae,Corophiini,Americorophium,Americorophium spinicorne,Morphology,Philip Hoover,,,,,,"Matt Whalen, Kyle Hall",,urn:lsid:marinespecies.org:taxname:431330,"(Stimpson, 1857)",Animalia,Species,MaterialSample,present,urn:lsid:marinespecies.org:taxname:431330,"(Stimpson, 1857)",Animalia,Species,FCBB29-016-24
FCBB29-017,BHAK-12032-FCBB,BHAK-12032-FCBB,BHAK-12032-FCBB,Arthropoda,Malacostraca,Amphipoda,Corophiidae,Corophiinae,Corophiini,Monocorophium,Monocorophium insidiosum,Morphology,Philip Hoover,M,,,,,"Matt Whalen, Kyle Hall",,urn:lsid:marinespecies.org:taxname:148592,"(Crawford, 1937)",Animalia,Species,MaterialSample,present,urn:lsid:marinespecies.org:taxname:148592,"(Crawford, 1937)",Animalia,Species,FCBB29-017-25
FCBB29-018,BHAK-12033-FCBB,BHAK-12033-FCBB,BHAK-12033-FCBB,Arthropoda,Malacostraca,Amphipoda,Anisogammaridae,,,Eogammarus,Eogammarus confervicolus,Morphology,Philip Hoover,,,,,,"Matt Whalen, Kyle Hall",orange,urn:lsid:marinespecies.org:taxname:488606,"(Stimpson, 1856)",Animalia,Species,MaterialSample,present,urn:lsid:marinespecies.org:taxname:488606,"(Stimpson, 1856)",Animalia,Species,FCBB29-018-26
FCBB29-019,BHAK-12034-FCBB,BHAK-12034-FCBB,BHAK-12034-FCBB,Arthropoda,Malacostraca,Amphipoda,Anisogammaridae,,,Eogammarus,Eogammarus confervicolus,Morphology,Philip Hoover,,,,,,"Matt Whalen, Kyle Hall",green/grey,urn:lsid:marinespecies.org:taxname:488606,"(Stimpson, 1856)",Animalia,Species,MaterialSample,present,urn:lsid:marinespecies.org:taxname:488606,"(Stimpson, 1856)",Animalia,Species,FCBB29-019-27
FCBB29-020,BHAK-12035-FCBB,BHAK-12035-FCBB,BHAK-12035-FCBB,Arthropoda,Malacostraca,Amphipoda,Anisogammaridae,,,Eogammarus,Eogammarus confervicolus,Morphology,Philip Hoover,,,,,,"Matt Whalen, Kyle Hall",green/grey,urn:lsid:marinespecies.org:taxname:488606,"(Stimpson, 1856)",Animalia,Species,MaterialSample,present,urn:lsid:marinespecies.org:taxname:488606,"(Stimpson, 1856)",Animalia,Species,FCBB29-020-28
FCBB29-021,BHAK-12036-FCBB,BHAK-12036-FCBB,BHAK-12036-FCBB,Arthropoda,Malacostraca,Amphipoda,Corophiidae,Corophiinae,Corophiini,Monocorophium,Monocorophium insidiosum,Morphology,Philip Hoover,F,,,,,"Matt Whalen, Kyle Hall",,urn:lsid:marinespecies.org:taxname:148592,"(Crawford, 1937)",Animalia,Species,MaterialSample,present,urn:lsid:marinespecies.org:taxname:148592,"(Crawford, 1937)",Animalia,Species,FCBB29-021-29
FCBB29-022,BHAK-12037-FCBB,BHAK-12037-FCBB,BHAK-12037-FCBB,Arthropoda,Malacostraca,Amphipoda,Corophiidae,Corophiinae,Corophiini,Monocorophium,Monocorophium insidiosum,Morphology,Philip Hoover,M,,,,,"Matt Whalen, Kyle Hall",,urn:lsid:marinespecies.org:taxname:148592,"(Crawford, 1937)",Animalia,Species,MaterialSample,present,urn:lsid:marinespecies.org:taxname:148592,"(Crawford, 1937)",Animalia,Species,FCBB29-022-30
FCBB29-023,BHAK-12038-FCBB,BHAK-12038-FCBB,BHAK-12038-FCBB,Arthropoda,Malacostraca,Amphipoda,Ampithoidae,,,Ampithoe,Ampithoe valida,Morphology,Philip Hoover,M,,,,,"Matt Whalen, Kyle Hall",,urn:lsid:marinespecies.org:taxname:102005,"S.I. Smith, 1873",Animalia,Species,MaterialSample,present,urn:lsid:marinespecies.org:taxname:102005,"S.I. Smith, 1873",Animalia,Species,FCBB29-023-31
FCBB29-024,BHAK-12039-FCBB,BHAK-12039-FCBB,BHAK-12039-FCBB,Arthropoda,Malacostraca,Isopoda,Sphaeromatidae,,,Gnorimosphaeroma,Gnorimosphaeroma oregonense,BOLD ID Engine,Hakai Institute,,,,,,"Matt Whalen, Kyle Hall",,urn:lsid:marinespecies.org:taxname:1264222,"(Dana, 1853)",Animalia,Species,MaterialSample,present,urn:lsid:marinespecies.org:taxname:1264222,"(Dana, 1853)",Animalia,Species,FCBB29-024-32
FCBB29-025,BHAK-12040-FCBB,BHAK-12040-FCBB,BHAK-12040-FCBB,Arthropoda,Malacostraca,Amphipoda,Ampithoidae,,,Ampithoe,Ampithoe,Morphology,Philip Hoover,,,,,,"Matt Whalen, Kyle Hall",,urn:lsid:marinespecies.org:taxname:101459,"Leach, 1814",Animalia,Genus,MaterialSample,present,urn:lsid:marinespecies.org:taxname:101459,"Leach, 1814",Animalia,Genus,FCBB29-025-33
FCBB29-026,BHAK-12041-FCBB,BHAK-12041-FCBB,BHAK-12041-FCBB,Arthropoda,Malacostraca,Amphipoda,Ampithoidae,,,Ampithoe,Ampithoe,Morphology,Philip Hoover,,,,,,"Matt Whalen, Kyle Hall",,urn:lsid:marinespecies.org:taxname:101459,"Leach, 1814",Animalia,Genus,MaterialSample,present,urn:lsid:marinespecies.org:taxname:101459,"Leach, 1814",Animalia,Genus,FCBB29-026-34
FCBB29-027,BHAK-12042-FCBB,BHAK-12042-FCBB,BHAK-12042-FCBB,Arthropoda,Thecostraca,Balanomorpha,Balanidae,Amphibalaninae,,Amphibalanus,Amphibalanus improvisus,BOLD ID Engine,Hakai Institute,,,,,,"Matt Whalen, Kyle Hall",,urn:lsid:marinespecies.org:taxname:421139,"(Darwin, 1854)",Animalia,Species,MaterialSample,present,urn:lsid:marinespecies.org:taxname:421139,"(Darwin, 1854)",Animalia,Species,FCBB29-027-35
FCBB29-028,BHAK-12043-FCBB,BHAK-12043-FCBB,BHAK-12043-FCBB,Arthropoda,Thecostraca,Balanomorpha,Balanidae,Amphibalaninae,,Amphibalanus,Amphibalanus improvisus,BOLD ID Engine,Hakai Institute,,,,,,"Matt Whalen, Kyle Hall",,urn:lsid:marinespecies.org:taxname:421139,"(Darwin, 1854)",Animalia,Species,MaterialSample,present,urn:lsid:marinespecies.org:taxname:421139,"(Darwin, 1854)",Animalia,Species,FCBB29-028-36
FCBB29-029,BHAK-12044-FCBB,BHAK-12044-FCBB,BHAK-12044-FCBB,Arthropoda,Thecostraca,Balanomorpha,,,,,Balanomorpha,Morphology,Philip Hoover,,,,,,"Matt Whalen, Kyle Hall",,urn:lsid:marinespecies.org:taxname:106039,"Pilsbry, 1916",Animalia,Order,MaterialSample,present,urn:lsid:marinespecies.org:taxname:106039,"Pilsbry, 1916",Animalia,Order,FCBB29-029-37
FCBB29-030,BHAK-12020-FCBB,BHAK-12020-FCBB,BHAK-12020-FCBB,Mollusca,Bivalvia,Mytilida,Mytilidae,Mytilinae,,Mytilus,Mytilus trossulus,BOLD ID Engine,Hakai Institute,,,,,,"Matt Whalen, Kyle Hall",,urn:lsid:marinespecies.org:taxname:140482,"A. Gould, 1850",Animalia,Species,MaterialSample,present,urn:lsid:marinespecies.org:taxname:140482,"A. Gould, 1850",Animalia,Species,FCBB29-030-38
FCBB29-031,BHAK-12021-FCBB,BHAK-12021-FCBB,BHAK-12021-FCBB,Mollusca,Bivalvia,Mytilida,Mytilidae,Mytilinae,,Mytilus,Mytilus trossulus,BOLD ID Engine,Hakai Institute,,,,,,"Matt Whalen, Kyle Hall",,urn:lsid:marinespecies.org:taxname:140482,"A. Gould, 1850",Animalia,Species,MaterialSample,present,urn:lsid:marinespecies.org:taxname:140482,"A. Gould, 1850",Animalia,Species,FCBB29-031-39
FCBB29-032,BHAK-12022-FCBB,BHAK-12022-FCBB,BHAK-12022-FCBB,Mollusca,Bivalvia,Mytilida,Mytilidae,Mytilinae,,Mytilus,Mytilus trossulus,BOLD ID Engine,Hakai Institute,,,,,,"Matt Whalen, Kyle Hall",,urn:lsid:marinespecies.org:taxname:140482,"A. Gould, 1850",Animalia,Species,MaterialSample,present,urn:lsid:marinespecies.org:taxname:140482,"A. Gould, 1850",Animalia,Species,FCBB29-032-40
FCBB29-033,BHAK-12030-FCBB,BHAK-12030-FCBB,BHAK-12030-FCBB,Annelida,Polychaeta,Spionida,Spionidae,,,Polydora,Polydora cornuta,Morphology,Biologica Environmental Services Taxonomist,,,,,,"Matt Whalen, Kyle Hall",,urn:lsid:marinespecies.org:taxname:131143,"Bosc, 1802",Animalia,Species,MaterialSample,present,urn:lsid:marinespecies.org:taxname:131143,"Bosc, 1802",Animalia,Species,FCBB29-033-41
FCBB29-034,BHAK-12091-FCBB,BHAK-12091-FCBB,BHAK-12091-FCBB,Bryozoa,Gymnolaemata,Ctenostomatida,Vesiculariidae,,,Amathia,Amathia,Morphology,Matt Whalen,,,,,,"Matt Whalen, Kyle Hall",Associated Specimens: growing on BHAK-12042,urn:lsid:marinespecies.org:taxname:111022,"Lamouroux, 1812",Animalia,Genus,MaterialSample,present,urn:lsid:marinespecies.org:taxname:111022,"Lamouroux, 1812",Animalia,Genus,FCBB29-034-42
FCBB29-035,BHAK-12023-FCBB,BHAK-12023-FCBB,BHAK-12023-FCBB,Arthropoda,Malacostraca,Amphipoda,Corophiidae,Corophiinae,Corophiini,Monocorophium,Monocorophium,Morphology,Philip Hoover,,,,,,"Matt Whalen, Kyle Hall",bulk,urn:lsid:marinespecies.org:taxname:148591,"Bousfield & Hoover, 1997",Animalia,Genus,MaterialSample,present,urn:lsid:marinespecies.org:taxname:148591,"Bousfield & Hoover, 1997",Animalia,Genus,FCBB29-035-43
FCBB29-036,BHAK-12024-FCBB,BHAK-12024-FCBB,BHAK-12024-FCBB,Arthropoda,Malacostraca,Amphipoda,Anisogammaridae,,,Eogammarus,Eogammarus confervicolus,Morphology,Philip Hoover,,,,,,"Matt Whalen, Kyle Hall",bulk,urn:lsid:marinespecies.org:taxname:488606,"(Stimpson, 1856)",Animalia,Species,MaterialSample,present,urn:lsid:marinespecies.org:taxname:488606,"(Stimpson, 1856)",Animalia,Species,FCBB29-036-44
FCBB34-001,BHAK-12046-FCBB,BHAK-12046-FCBB,BHAK-12046-FCBB,Annelida,Polychaeta,Phyllodocida,Phyllodocidae,,,,Phyllodocidae,Morphology,Biologica Environmental Services Taxonomist,,,Identifier: Biologica Environmental Services Taxonomist,,,"Matt Lemay, Gillian Sadlier-Brown, Karen Cram, Suzie Christoffel",,urn:lsid:marinespecies.org:taxname:931,"Örsted, 1843",Animalia,Family,MaterialSample,present,urn:lsid:marinespecies.org:taxname:931,"Örsted, 1843",Animalia,Family,FCBB34-001-45
FCBB34-002,BHAK-12047-FCBB,BHAK-12047-FCBB,BHAK-12047-FCBB,Annelida,Polychaeta,Phyllodocida,Phyllodocidae,,,,Phyllodocidae,Morphology,Biologica Environmental Services Taxonomist,,,Identifier: Biologica Environmental Services Taxonomist,,,"Matt Lemay, Gillian Sadlier-Brown, Karen Cram, Suzie Christoffel",,urn:lsid:marinespecies.org:taxname:931,"Örsted, 1843",Animalia,Family,MaterialSample,present,urn:lsid:marinespecies.org:taxname:931,"Örsted, 1843",Animalia,Family,FCBB34-002-46
FCBB34-003,BHAK-12048-FCBB,BHAK-12048-FCBB,BHAK-12048-FCBB,Annelida,Polychaeta,Spionida,Spionidae,,,Polydora,Polydora cornuta,Morphology,Biologica Environmental Services Taxonomist,,,,,,"Matt Lemay, Gillian Sadlier-Brown, Karen Cram, Suzie Christoffel",setiger 5 with modified spine,urn:lsid:marinespecies.org:taxname:131143,"Bosc, 1802",Animalia,Species,MaterialSample,present,urn:lsid:marinespecies.org:taxname:131143,"Bosc, 1802",Animalia,Species,FCBB34-003-47
FCBB34-004,BHAK-12049-FCBB,BHAK-12049-FCBB,BHAK-12049-FCBB,Annelida,Polychaeta,,Capitellidae,,,Capitella,Capitella capitata,Morphology,Biologica Environmental Services Taxonomist,,,Capitella capitata complex,,,"Matt Lemay, Gillian Sadlier-Brown, Karen Cram, Suzie Christoffel",Capitella capitata complex,urn:lsid:marinespecies.org:taxname:129876,"(Fabricius, 1780)",Animalia,Species,MaterialSample,present,urn:lsid:marinespecies.org:taxname:129876,"(Fabricius, 1780)",Animalia,Species,FCBB34-004-48
FCBB34-005,BHAK-12050-FCBB,BHAK-12050-FCBB,BHAK-12050-FCBB,Annelida,Polychaeta,Spionida,Spionidae,,,Polydora,Polydora cornuta,Morphology,Biologica Environmental Services Taxonomist,,,,,,"Matt Lemay, Gillian Sadlier-Brown, Karen Cram, Suzie Christoffel",,urn:lsid:marinespecies.org:taxname:131143,"Bosc, 1802",Animalia,Species,MaterialSample,present,urn:lsid:marinespecies.org:taxname:131143,"Bosc, 1802",Animalia,Species,FCBB34-005-49
FCBB34-006,BHAK-12051-FCBB,BHAK-12051-FCBB,BHAK-12051-FCBB,Annelida,Polychaeta,Spionida,Spionidae,,,Polydora,Polydora,Morphology,Biologica Environmental Services Taxonomist,,,,,,"Matt Lemay, Gillian Sadlier-Brown, Karen Cram, Suzie Christoffel",probably P. cornuta,urn:lsid:marinespecies.org:taxname:129619,"Bosc, 1802",Animalia,Genus,MaterialSample,present,urn:lsid:marinespecies.org:taxname:129619,"Bosc, 1802",Animalia,Genus,FCBB34-006-50
FCBB34-007,BHAK-12052-FCBB,BHAK-12052-FCBB,BHAK-12052-FCBB,Annelida,Polychaeta,Spionida,Spionidae,,,Polydora,Polydora cornuta,Morphology,Biologica Environmental Services Taxonomist,,,,,,"Matt Lemay, Gillian Sadlier-Brown, Karen Cram, Suzie Christoffel",,urn:lsid:marinespecies.org:taxname:131143,"Bosc, 1802",Animalia,Species,MaterialSample,present,urn:lsid:marinespecies.org:taxname:131143,"Bosc, 1802",Animalia,Species,FCBB34-007-51
FCBB34-008,BHAK-12053-FCBB,BHAK-12053-FCBB,BHAK-12053-FCBB,Annelida,Polychaeta,Spionida,Spionidae,,,,Spionidae,Morphology,Biologica Environmental Services Taxonomist,,,,,,"Matt Lemay, Gillian Sadlier-Brown, Karen Cram, Suzie Christoffel","Spionidae indet., probably correct, but only fragments were found in the vial",urn:lsid:marinespecies.org:taxname:913,"Grube, 1850",Animalia,Family,MaterialSample,present,urn:lsid:marinespecies.org:taxname:913,"Grube, 1850",Animalia,Family,FCBB34-008-52
FCBB34-009,BHAK-12054-FCBB,BHAK-12054-FCBB,BHAK-12054-FCBB,Annelida,Clitellata,Tubificida,Naididae,,,,Naididae,Morphology,Biologica Environmental Services Taxonomist,,,Subclass: Oligochaeta,,,"Matt Lemay, Gillian Sadlier-Brown, Karen Cram, Suzie Christoffel","damaged, no anterior end",urn:lsid:marinespecies.org:taxname:2039,"Ehrenberg, 1831",Animalia,Family,MaterialSample,present,urn:lsid:marinespecies.org:taxname:2039,"Ehrenberg, 1831",Animalia,Family,FCBB34-009-53
FCBB34-010,BHAK-12055-FCBB,BHAK-12055-FCBB,BHAK-12055-FCBB,Annelida,Clitellata,Tubificida,Naididae,,,,Naididae,Morphology,Biologica Environmental Services Taxonomist,,,Subclass: Oligochaeta,,,"Matt Lemay, Gillian Sadlier-Brown, Karen Cram, Suzie Christoffel","Naididae, possibly Tubificoides? Appears to have penis sheath, no specialized chaetes",urn:lsid:marinespecies.org:taxname:2039,"Ehrenberg, 1831",Animalia,Family,MaterialSample,present,urn:lsid:marinespecies.org:taxname:2039,"Ehrenberg, 1831",Animalia,Family,FCBB34-010-54
FCBB34-011,BHAK-12056-FCBB,BHAK-12056-FCBB,BHAK-12056-FCBB,Annelida,Clitellata,Tubificida,Naididae,,,,Naididae,Morphology,Biologica Environmental Services Taxonomist,,,Subclass: Oligochaeta,,,"Matt Lemay, Gillian Sadlier-Brown, Karen Cram, Suzie Christoffel","Naididae, possibly Tubificoides?",urn:lsid:marinespecies.org:taxname:2039,"Ehrenberg, 1831",Animalia,Family,MaterialSample,present,urn:lsid:marinespecies.org:taxname:2039,"Ehrenberg, 1831",Animalia,Family,FCBB34-011-55
FCBB34-012,BHAK-12057-FCBB,BHAK-12057-FCBB,BHAK-12057-FCBB,Annelida,Clitellata,Tubificida,Naididae,,,,Naididae,Morphology,Biologica Environmental Services Taxonomist,,,Subclass: Oligochaeta,,,"Matt Lemay, Gillian Sadlier-Brown, Karen Cram, Suzie Christoffel","Naididae, mixtures of Naididae, some tubificoides",urn:lsid:marinespecies.org:taxname:2039,"Ehrenberg, 1831",Animalia,Family,MaterialSample,present,urn:lsid:marinespecies.org:taxname:2039,"Ehrenberg, 1831",Animalia,Family,FCBB34-012-56
FCBB34-013,BHAK-12058-FCBB,BHAK-12058-FCBB,BHAK-12058-FCBB,Nematoda,,,,,,,Nematoda,Morphology,Biologica Environmental Services Taxonomist,,,Identifier: Biologica Environmental Services Taxonomist,E-Vouchered:DNA/Tissue+Photo,whole specimen,"Matt Lemay, Gillian Sadlier-Brown, Karen Cram, Suzie Christoffel",,urn:lsid:marinespecies.org:taxname:799,,Animalia,Phylum,MaterialSample,present,urn:lsid:marinespecies.org:taxname:799,NA,Animalia,Phylum,FCBB34-013-57
FCBB34-014,BHAK-12059-FCBB,BHAK-12059-FCBB,BHAK-12059-FCBB,Nematoda,,,,,,,Nematoda,Morphology,Biologica Environmental Services Taxonomist,,,Identifier: Biologica Environmental Services Taxonomist,,,"Matt Lemay, Gillian Sadlier-Brown, Karen Cram, Suzie Christoffel",,urn:lsid:marinespecies.org:taxname:799,,Animalia,Phylum,MaterialSample,present,urn:lsid:marinespecies.org:taxname:799,NA,Animalia,Phylum,FCBB34-014-58
FCBB35-004,BHAK-12060-FCBB,BHAK-12060-FCBB,BHAK-12060-FCBB,Mollusca,Bivalvia,Lucinida,Thyasiridae,,,Axinopsida,Axinopsida serricata,Morphology,Biologica Environmental Services Taxonomist,,,Identifier: Biologica Environmental Services Taxonomist,,,"Matt Lemay, Gillian Sadlier-Brown, Karen Cram, Suzie Christoffel",,urn:lsid:marinespecies.org:taxname:246819,"(P. P. Carpenter, 1864)",Animalia,Species,MaterialSample,present,urn:lsid:marinespecies.org:taxname:246819,"(P. P. Carpenter, 1864)",Animalia,Species,FCBB35-004-59
FCBB35-005,BHAK-12061-FCBB,BHAK-12061-FCBB,BHAK-12061-FCBB,Mollusca,Bivalvia,Cardiida,Tellinidae,Macominae,,Macoma,Macoma nasuta,BOLD ID Engine,Hakai Institute,,,,,,"Matt Lemay, Gillian Sadlier-Brown, Karen Cram, Suzie Christoffel","Macominae indet. (damaged). The more intact left valve looks like M. nasuta, but it could be one of several other species",urn:lsid:marinespecies.org:taxname:582761,"(Conrad, 1837)",Animalia,Species,MaterialSample,present,urn:lsid:marinespecies.org:taxname:582761,"(Conrad, 1837)",Animalia,Species,FCBB35-005-60
FCBB34-015,BHAK-12062-FCBB,BHAK-12062-FCBB,BHAK-12062-FCBB,Annelida,Polychaeta,Phyllodocida,,,,,Phyllodocida,Morphology,Biologica Environmental Services Taxonomist,,,"Suborder: Phyllodociformia,Identifier: Biologica Environmental Services Taxonomist",,,"Matt Lemay, Gillian Sadlier-Brown, Karen Cram, Suzie Christoffel",,urn:lsid:marinespecies.org:taxname:892,"Dales, 1962",Animalia,Order,MaterialSample,present,urn:lsid:marinespecies.org:taxname:892,"Dales, 1962",Animalia,Order,FCBB34-015-61
FCBB34-016,BHAK-12063-FCBB,BHAK-12063-FCBB,BHAK-12063-FCBB,Annelida,Polychaeta,,Capitellidae,,,Capitella,Capitella capitata,Morphology,Biologica Environmental Services Taxonomist,,,Capitella capitata complex,,,"Matt Lemay, Gillian Sadlier-Brown, Karen Cram, Suzie Christoffel",Capitella capitata complex,urn:lsid:marinespecies.org:taxname:129876,"(Fabricius, 1780)",Animalia,Species,MaterialSample,present,urn:lsid:marinespecies.org:taxname:129876,"(Fabricius, 1780)",Animalia,Species,FCBB34-016-62
FCBB34-017,BHAK-12064-FCBB,BHAK-12064-FCBB,BHAK-12064-FCBB,Annelida,Polychaeta,,Capitellidae,,,Capitella,Capitella capitata,BOLD ID Engine,Hakai Institute,,,,,,"Matt Lemay, Gillian Sadlier-Brown, Karen Cram, Suzie Christoffel",,urn:lsid:marinespecies.org:taxname:129876,"(Fabricius, 1780)",Animalia,Species,MaterialSample,present,urn:lsid:marinespecies.org:taxname:129876,"(Fabricius, 1780)",Animalia,Species,FCBB34-017-63
FCBB34-018,BHAK-12065-FCBB,BHAK-12065-FCBB,BHAK-12065-FCBB,Annelida,Polychaeta,,Capitellidae,,,Capitella,Capitella capitata,Morphology,Biologica Environmental Services Taxonomist,,,Capitella capitata complex,,,"Matt Lemay, Gillian Sadlier-Brown, Karen Cram, Suzie Christoffel",Capitella capitata complex,urn:lsid:marinespecies.org:taxname:129876,"(Fabricius, 1780)",Animalia,Species,MaterialSample,present,urn:lsid:marinespecies.org:taxname:129876,"(Fabricius, 1780)",Animalia,Species,FCBB34-018-64
FCBB36-001,BHAK-12073-FCBB,BHAK-12073-FCBB,BHAK-12073-FCBB,Annelida,Polychaeta,Terebellida,Cirratulidae,,,Aphelochaeta,Aphelochaeta,Morphology,Biologica Environmental Services Taxonomist,,,,,,"Matt Lemay, Colleen Kellogg, Karen Cram, Suzie Christoffel","Aphelochaeta sp., some A. glandaria complex, yellow",urn:lsid:marinespecies.org:taxname:129240,"Blake, 1991",Animalia,Genus,MaterialSample,present,urn:lsid:marinespecies.org:taxname:129240,"Blake, 1991",Animalia,Genus,FCBB36-001-65
FCBB36-002,BHAK-12074-FCBB,BHAK-12074-FCBB,BHAK-12074-FCBB,Annelida,Polychaeta,,Oweniidae,,,Galathowenia,Galathowenia oculata,Morphology,Biologica Environmental Services Taxonomist,,,,,,"Matt Lemay, Colleen Kellogg, Karen Cram, Suzie Christoffel",,urn:lsid:marinespecies.org:taxname:146950,"(Zachs, 1923)",Animalia,Species,MaterialSample,present,urn:lsid:marinespecies.org:taxname:146950,"(Zachs, 1923)",Animalia,Species,FCBB36-002-66
FCBB36-003,BHAK-12076-FCBB,BHAK-12076-FCBB,BHAK-12076-FCBB,Annelida,Polychaeta,Terebellida,Cirratulidae,,,Chaetozone,Chaetozone pugettensis,Morphology,Biologica Environmental Services Taxonomist,,,,,,"Matt Lemay, Colleen Kellogg, Karen Cram, Suzie Christoffel",,urn:lsid:marinespecies.org:taxname:834161,"Blake, 2015",Animalia,Species,MaterialSample,present,urn:lsid:marinespecies.org:taxname:834161,"Blake, 2015",Animalia,Species,FCBB36-003-67
FCBB36-004,BHAK-12077-FCBB,BHAK-12077-FCBB,BHAK-12077-FCBB,Annelida,Polychaeta,Terebellida,Cirratulidae,,,Chaetozone,Chaetozone pugettensis,Morphology,Biologica Environmental Services Taxonomist,,,,,,"Matt Lemay, Colleen Kellogg, Karen Cram, Suzie Christoffel",,urn:lsid:marinespecies.org:taxname:834161,"Blake, 2015",Animalia,Species,MaterialSample,present,urn:lsid:marinespecies.org:taxname:834161,"Blake, 2015",Animalia,Species,FCBB36-004-68
FCBB36-005,BHAK-12078-FCBB,BHAK-12078-FCBB,BHAK-12078-FCBB,Annelida,Polychaeta,Terebellida,Cirratulidae,,,Chaetozone,Chaetozone pugettensis,Morphology,Biologica Environmental Services Taxonomist,,,,,,"Matt Lemay, Colleen Kellogg, Karen Cram, Suzie Christoffel",,urn:lsid:marinespecies.org:taxname:834161,"Blake, 2015",Animalia,Species,MaterialSample,present,urn:lsid:marinespecies.org:taxname:834161,"Blake, 2015",Animalia,Species,FCBB36-005-69
FCBB36-006,BHAK-12079-FCBB,BHAK-12079-FCBB,BHAK-12079-FCBB,Annelida,Polychaeta,Terebellida,Cirratulidae,,,Aphelochaeta,Aphelochaeta glandaria,Morphology,Biologica Environmental Services Taxonomist,,,Aphelochaeta glandaria complex,,,"Matt Lemay, Colleen Kellogg, Karen Cram, Suzie Christoffel","Aphelochaeta glandaria complex, yellow",urn:lsid:marinespecies.org:taxname:326478,"Blake, 1996",Animalia,Species,MaterialSample,present,urn:lsid:marinespecies.org:taxname:326478,"Blake, 1996",Animalia,Species,FCBB36-006-70
FCBB36-007,BHAK-12080-FCBB,BHAK-12080-FCBB,BHAK-12080-FCBB,Annelida,Polychaeta,Terebellida,Cirratulidae,,,Aphelochaeta,Aphelochaeta glandaria,BOLD ID Engine,Hakai Institute,,,,,,"Matt Lemay, Colleen Kellogg, Karen Cram, Suzie Christoffel","Aphelochaeta sp., probably A. glandaria complex, yellow",urn:lsid:marinespecies.org:taxname:326478,"Blake, 1996",Animalia,Species,MaterialSample,present,urn:lsid:marinespecies.org:taxname:326478,"Blake, 1996",Animalia,Species,FCBB36-007-71
FCBB36-008,BHAK-12081-FCBB,BHAK-12081-FCBB,BHAK-12081-FCBB,Annelida,Polychaeta,Terebellida,Cirratulidae,,,Aphelochaeta,Aphelochaeta glandaria,BOLD ID Engine,Hakai Institute,,,,,,"Matt Lemay, Colleen Kellogg, Karen Cram, Suzie Christoffel","Aphelochaeta sp., probably A. glandaria complex, yellow",urn:lsid:marinespecies.org:taxname:326478,"Blake, 1996",Animalia,Species,MaterialSample,present,urn:lsid:marinespecies.org:taxname:326478,"Blake, 1996",Animalia,Species,FCBB36-008-72
FCBB36-009,BHAK-12082-FCBB,BHAK-12082-FCBB,BHAK-12082-FCBB,Annelida,Polychaeta,,Capitellidae,,,Heteromastus,Heteromastus filobranchus,Morphology,Biologica Environmental Services Taxonomist,,,,,,"Matt Lemay, Colleen Kellogg, Karen Cram, Suzie Christoffel",first 5 setigers with capillary chaete with branches on posterior segments,urn:lsid:marinespecies.org:taxname:328370,"Berkeley & Berkeley, 1932",Animalia,Species,MaterialSample,present,urn:lsid:marinespecies.org:taxname:328370,"Berkeley & Berkeley, 1932",Animalia,Species,FCBB36-009-73
FCBB36-010,BHAK-12083-FCBB,BHAK-12083-FCBB,BHAK-12083-FCBB,Annelida,Polychaeta,Terebellida,Cirratulidae,,,Chaetozone,Chaetozone pugettensis,Morphology,Biologica Environmental Services Taxonomist,,,,,,"Matt Lemay, Colleen Kellogg, Karen Cram, Suzie Christoffel",,urn:lsid:marinespecies.org:taxname:834161,"Blake, 2015",Animalia,Species,MaterialSample,present,urn:lsid:marinespecies.org:taxname:834161,"Blake, 2015",Animalia,Species,FCBB36-010-74
FCBB36-011,BHAK-12084-FCBB,BHAK-12084-FCBB,BHAK-12084-FCBB,Annelida,Polychaeta,Terebellida,Cirratulidae,,,Chaetozone,Chaetozone,Morphology,Biologica Environmental Services Taxonomist,,,Chaetozone sp. N-1 (Ruff),,,"Matt Lemay, Colleen Kellogg, Karen Cram, Suzie Christoffel","Chaetozone sp. N-1 (Ruff) x3, spines on far posterior segments, although eyes are not present, it seems to be the same species with the specimens with eyes",urn:lsid:marinespecies.org:taxname:129242,"Malmgren, 1867",Animalia,Genus,MaterialSample,present,urn:lsid:marinespecies.org:taxname:129242,"Malmgren, 1867",Animalia,Genus,FCBB36-011-75
FCBB36-012,BHAK-12085-FCBB,BHAK-12085-FCBB,BHAK-12085-FCBB,Annelida,Polychaeta,,Capitellidae,,,Heteromastus,Heteromastus filobranchus,Morphology,Biologica Environmental Services Taxonomist,,,,,,"Matt Lemay, Colleen Kellogg, Karen Cram, Suzie Christoffel",,urn:lsid:marinespecies.org:taxname:328370,"Berkeley & Berkeley, 1932",Animalia,Species,MaterialSample,present,urn:lsid:marinespecies.org:taxname:328370,"Berkeley & Berkeley, 1932",Animalia,Species,FCBB36-012-76
FCBB36-013,BHAK-12086-FCBB,BHAK-12086-FCBB,BHAK-12086-FCBB,Annelida,Polychaeta,Terebellida,Cirratulidae,,,Chaetozone,Chaetozone,Morphology,Biologica Environmental Services Taxonomist,,,Chaetozone sp. N-1 (Ruff),,,"Matt Lemay, Colleen Kellogg, Karen Cram, Suzie Christoffel","Chaetozone sp. N-1 (Ruff) spines on far posterior segments, surficial eyes on prostomium",urn:lsid:marinespecies.org:taxname:129242,"Malmgren, 1867",Animalia,Genus,MaterialSample,present,urn:lsid:marinespecies.org:taxname:129242,"Malmgren, 1867",Animalia,Genus,FCBB36-013-77
FCBB36-014,BHAK-12087-FCBB,BHAK-12087-FCBB,BHAK-12087-FCBB,Annelida,Polychaeta,Terebellida,Cirratulidae,,,Chaetozone,Chaetozone,Morphology,Biologica Environmental Services Taxonomist,,,Chaetozone sp. N-1 (Ruff),,,"Matt Lemay, Colleen Kellogg, Karen Cram, Suzie Christoffel","Chaetozone sp. N-1 (Ruff) spines on far posterior segments. Although the eyes seem to be faded, it is almost identical to the specimen 12086.",urn:lsid:marinespecies.org:taxname:129242,"Malmgren, 1867",Animalia,Genus,MaterialSample,present,urn:lsid:marinespecies.org:taxname:129242,"Malmgren, 1867",Animalia,Genus,FCBB36-014-78
FCBB36-015,BHAK-12088-FCBB,BHAK-12088-FCBB,BHAK-12088-FCBB,Annelida,Polychaeta,Terebellida,Sternaspidae,,,Sternaspis,Sternaspis affinis,Morphology,Biologica Environmental Services Taxonomist,,,,,,"Matt Lemay, Colleen Kellogg, Karen Cram, Suzie Christoffel",,urn:lsid:marinespecies.org:taxname:338196,"Stimpson, 1864",Animalia,Species,MaterialSample,present,urn:lsid:marinespecies.org:taxname:338196,"Stimpson, 1864",Animalia,Species,FCBB36-015-79
FCBB36-016,BHAK-12089-FCBB,BHAK-12089-FCBB,BHAK-12089-FCBB,Annelida,Polychaeta,,Capitellidae,,,Heteromastus,Heteromastus filobranchus,Morphology,Biologica Environmental Services Taxonomist,,,,,,"Matt Lemay, Colleen Kellogg, Karen Cram, Suzie Christoffel",,urn:lsid:marinespecies.org:taxname:328370,"Berkeley & Berkeley, 1932",Animalia,Species,MaterialSample,present,urn:lsid:marinespecies.org:taxname:328370,"Berkeley & Berkeley, 1932",Animalia,Species,FCBB36-016-80
FCBB36-017,BHAK-12090-FCBB,BHAK-12090-FCBB,BHAK-12090-FCBB,Annelida,Polychaeta,,Capitellidae,,,Heteromastus,Heteromastus filobranchus,Morphology,Biologica Environmental Services Taxonomist,,,,,,"Matt Lemay, Colleen Kellogg, Karen Cram, Suzie Christoffel",,urn:lsid:marinespecies.org:taxname:328370,"Berkeley & Berkeley, 1932",Animalia,Species,MaterialSample,present,urn:lsid:marinespecies.org:taxname:328370,"Berkeley & Berkeley, 1932",Animalia,Species,FCBB36-017-81
FCBB36-018,BHAK-12066-FCBB,BHAK-12066-FCBB,BHAK-12066-FCBB,Annelida,Sipuncula,Golfingiida,Golfingiidae,,,Thysanocardia,Thysanocardia nigra,Morphology,Biologica Environmental Services Taxonomist,,,,,,"Matt Lemay, Colleen Kellogg, Karen Cram, Suzie Christoffel",,urn:lsid:marinespecies.org:taxname:266470,"(Ikeda, 1904)",Animalia,Species,MaterialSample,present,urn:lsid:marinespecies.org:taxname:266470,"(Ikeda, 1904)",Animalia,Species,FCBB36-018-82
FCBB36-019,BHAK-12067-FCBB,BHAK-12067-FCBB,BHAK-12067-FCBB,Annelida,Polychaeta,Terebellida,Cirratulidae,,,Aphelochaeta,Aphelochaeta,Morphology,Biologica Environmental Services Taxonomist,,,,,,"Matt Lemay, Colleen Kellogg, Karen Cram, Suzie Christoffel",,urn:lsid:marinespecies.org:taxname:129240,"Blake, 1991",Animalia,Genus,MaterialSample,present,urn:lsid:marinespecies.org:taxname:129240,"Blake, 1991",Animalia,Genus,FCBB36-019-83
FCBB36-020,BHAK-12068-FCBB,BHAK-12068-FCBB,BHAK-12068-FCBB,Annelida,Polychaeta,Terebellida,Cirratulidae,,,Aphelochaeta,Aphelochaeta,Morphology,Biologica Environmental Services Taxonomist,,,"either A. sp N6 (Ruff) similar to A. tigrina of California, or A. monilaris",,,"Matt Lemay, Colleen Kellogg, Karen Cram, Suzie Christoffel","only with capillary chaetes, either A. sp N6 (Ruff) similar to A. tigrina of California, or A. monilaris",urn:lsid:marinespecies.org:taxname:129240,"Blake, 1991",Animalia,Genus,MaterialSample,present,urn:lsid:marinespecies.org:taxname:129240,"Blake, 1991",Animalia,Genus,FCBB36-020-84
FCBB36-021,BHAK-12069-FCBB,BHAK-12069-FCBB,BHAK-12069-FCBB,Annelida,Polychaeta,Terebellida,Cirratulidae,,,Aphelochaeta,Aphelochaeta,Morphology,Biologica Environmental Services Taxonomist,,,"either A. sp N6 (Ruff) similar to A. tigrina of California, or A. monilaris",,,"Matt Lemay, Colleen Kellogg, Karen Cram, Suzie Christoffel","either A. sp N6 (Ruff) similar to A. tigrina of California, or A. monilaris",urn:lsid:marinespecies.org:taxname:129240,"Blake, 1991",Animalia,Genus,MaterialSample,present,urn:lsid:marinespecies.org:taxname:129240,"Blake, 1991",Animalia,Genus,FCBB36-021-85
FCBB36-022,BHAK-12070-FCBB,BHAK-12070-FCBB,BHAK-12070-FCBB,Annelida,Polychaeta,Terebellida,Cirratulidae,,,Aphelochaeta,Aphelochaeta,Morphology,Biologica Environmental Services Taxonomist,,,,,,"Matt Lemay, Colleen Kellogg, Karen Cram, Suzie Christoffel",no serrated chaete,urn:lsid:marinespecies.org:taxname:129240,"Blake, 1991",Animalia,Genus,MaterialSample,present,urn:lsid:marinespecies.org:taxname:129240,"Blake, 1991",Animalia,Genus,FCBB36-022-86
FCBB36-023,BHAK-12071-FCBB,BHAK-12071-FCBB,BHAK-12071-FCBB,Annelida,Polychaeta,Terebellida,Cirratulidae,,,Aphelochaeta,Aphelochaeta glandaria,BOLD ID Engine,Hakai Institute,,,,,,"Matt Lemay, Colleen Kellogg, Karen Cram, Suzie Christoffel","either A. sp N6 (Ruff) similar to A. tigrina of California, or A. monilaris",urn:lsid:marinespecies.org:taxname:326478,"Blake, 1996",Animalia,Species,MaterialSample,present,urn:lsid:marinespecies.org:taxname:326478,"Blake, 1996",Animalia,Species,FCBB36-023-87
FCBB36-024,BHAK-12072-FCBB,BHAK-12072-FCBB,BHAK-12072-FCBB,Annelida,Polychaeta,Terebellida,Cirratulidae,,,Aphelochaeta,Aphelochaeta glandaria,BOLD ID Engine,Hakai Institute,,,,,,"Matt Lemay, Colleen Kellogg, Karen Cram, Suzie Christoffel",probably A. glandaria complex,urn:lsid:marinespecies.org:taxname:326478,"Blake, 1996",Animalia,Species,MaterialSample,present,urn:lsid:marinespecies.org:taxname:326478,"Blake, 1996",Animalia,Species,FCBB36-024-88
FCBB37-003,BHAK-12096-FCBB,BHAK-12096-FCBB,BHAK-12096-FCBB,Annelida,Polychaeta,Terebellida,Trichobranchidae,Trichobranchinae,,Terebellides,Terebellides horikoshii,Morphology,Biologica Environmental Services Taxonomist,,,,,dermis,"Matt Lemay, Colleen Kellogg, Karen Cram, Suzie Christoffel","single middorsal branchiae, about 35 abdominal setigers, the largest lappet on segment 5",urn:lsid:marinespecies.org:taxname:332508,"Imajima & Williams, 1985",Animalia,Species,MaterialSample,present,urn:lsid:marinespecies.org:taxname:332508,"Imajima & Williams, 1985",Animalia,Species,FCBB37-003-89
FCBB37-004,BHAK-12097-FCBB,BHAK-12097-FCBB,BHAK-12097-FCBB,Annelida,Polychaeta,,Maldanidae,Euclymeninae,,Praxillella,Praxillella pacifica,Morphology,Biologica Environmental Services Taxonomist,,,,,dermis,"Matt Lemay, Colleen Kellogg, Karen Cram, Suzie Christoffel",extra Cirratulidae (Tharyx?) in the vial,urn:lsid:marinespecies.org:taxname:1673891,"Berkeley, 1929",Animalia,Species,MaterialSample,present,urn:lsid:marinespecies.org:taxname:1673891,"Berkeley, 1929",Animalia,Species,FCBB37-004-90
FCBB37-005,BHAK-12098-FCBB,BHAK-12098-FCBB,BHAK-12098-FCBB,Annelida,Polychaeta,Terebellida,Trichobranchidae,Trichobranchinae,,Terebellides,Terebellides horikoshii,Morphology,Biologica Environmental Services Taxonomist,,,,,dermis,"Matt Lemay, Colleen Kellogg, Karen Cram, Suzie Christoffel","single middorsal branchiae, about 35 abdominal setigers, the largest lappet on segment 6",urn:lsid:marinespecies.org:taxname:332508,"Imajima & Williams, 1985",Animalia,Species,MaterialSample,present,urn:lsid:marinespecies.org:taxname:332508,"Imajima & Williams, 1985",Animalia,Species,FCBB37-005-91
FCBB37-006,BHAK-12099-FCBB,BHAK-12099-FCBB,BHAK-12099-FCBB,Annelida,Polychaeta,Phyllodocida,Sigalionidae,Pholoinae,,Pholoe,Pholoe,BOLD ID Engine,Hakai Institute,,,,,midsection,"Matt Lemay, Colleen Kellogg, Karen Cram, Suzie Christoffel",Pholoe sp. N-1 (Ruff),urn:lsid:marinespecies.org:taxname:129439,"Johnston, 1839",Animalia,Genus,MaterialSample,present,urn:lsid:marinespecies.org:taxname:129439,"Johnston, 1839",Animalia,Genus,FCBB37-006-92
FCBB37-007,BHAK-12100-FCBB,BHAK-12100-FCBB,BHAK-12100-FCBB,Annelida,Polychaeta,Terebellida,Cirratulidae,,,Aphelochaeta,Aphelochaeta,Morphology,Biologica Environmental Services Taxonomist,,,possibly A. sp N6 (Ruff) similar to A. tigrina of California,,midsection,"Matt Lemay, Colleen Kellogg, Karen Cram, Suzie Christoffel","could not confirm, but possibly A. sp N6 (Ruff) similar to A. tigrina of California",urn:lsid:marinespecies.org:taxname:129240,"Blake, 1991",Animalia,Genus,MaterialSample,present,urn:lsid:marinespecies.org:taxname:129240,"Blake, 1991",Animalia,Genus,FCBB37-007-93
FCBB37-008,BHAK-12101-FCBB,BHAK-12101-FCBB,BHAK-12101-FCBB,Annelida,Polychaeta,,Capitellidae,,,Heteromastus,Heteromastus filobranchus,Morphology,Biologica Environmental Services Taxonomist,,,,,midsection,"Matt Lemay, Colleen Kellogg, Karen Cram, Suzie Christoffel",,urn:lsid:marinespecies.org:taxname:328370,"Berkeley & Berkeley, 1932",Animalia,Species,MaterialSample,present,urn:lsid:marinespecies.org:taxname:328370,"Berkeley & Berkeley, 1932",Animalia,Species,FCBB37-008-94
FCBB37-009,BHAK-12102-FCBB,BHAK-12102-FCBB,BHAK-12102-FCBB,Annelida,Polychaeta,,Capitellidae,,,Heteromastus,Heteromastus filobranchus,Morphology,Biologica Environmental Services Taxonomist,,,,,midsection,"Matt Lemay, Colleen Kellogg, Karen Cram, Suzie Christoffel",,urn:lsid:marinespecies.org:taxname:328370,"Berkeley & Berkeley, 1932",Animalia,Species,MaterialSample,present,urn:lsid:marinespecies.org:taxname:328370,"Berkeley & Berkeley, 1932",Animalia,Species,FCBB37-009-95
FCBB37-010,BHAK-12103-FCBB,BHAK-12103-FCBB,BHAK-12103-FCBB,Annelida,Polychaeta,,Oweniidae,,,Galathowenia,Galathowenia oculata,Morphology,Biologica Environmental Services Taxonomist,,,,,midsection,"Matt Lemay, Colleen Kellogg, Karen Cram, Suzie Christoffel",,urn:lsid:marinespecies.org:taxname:146950,"(Zachs, 1923)",Animalia,Species,MaterialSample,present,urn:lsid:marinespecies.org:taxname:146950,"(Zachs, 1923)",Animalia,Species,FCBB37-010-96
FCBB37-011,BHAK-12104-FCBB,BHAK-12104-FCBB,BHAK-12104-FCBB,Annelida,Polychaeta,,Oweniidae,,,Galathowenia,Galathowenia oculata,Morphology,Biologica Environmental Services Taxonomist,,,,,midsection,"Matt Lemay, Colleen Kellogg, Karen Cram, Suzie Christoffel",,urn:lsid:marinespecies.org:taxname:146950,"(Zachs, 1923)",Animalia,Species,MaterialSample,present,urn:lsid:marinespecies.org:taxname:146950,"(Zachs, 1923)",Animalia,Species,FCBB37-011-97
FCBB37-012,BHAK-12105-FCBB,BHAK-12105-FCBB,BHAK-12105-FCBB,Annelida,Polychaeta,Terebellida,Cirratulidae,,,Aphelochaeta,Aphelochaeta glandaria,BOLD ID Engine,Hakai Institute,,,,,midsection,"Matt Lemay, Colleen Kellogg, Karen Cram, Suzie Christoffel",Scoletoma tetraura complex was S. luti,urn:lsid:marinespecies.org:taxname:326478,"Blake, 1996",Animalia,Species,MaterialSample,present,urn:lsid:marinespecies.org:taxname:326478,"Blake, 1996",Animalia,Species,FCBB37-012-98
FCBB37-013,BHAK-12106-FCBB,BHAK-12106-FCBB,BHAK-12106-FCBB,Annelida,Sipuncula,Golfingiida,Golfingiidae,,,Thysanocardia,Thysanocardia nigra,Morphology,Biologica Environmental Services Taxonomist,,,,,midsection,"Matt Lemay, Colleen Kellogg, Karen Cram, Suzie Christoffel",,urn:lsid:marinespecies.org:taxname:266470,"(Ikeda, 1904)",Animalia,Species,MaterialSample,present,urn:lsid:marinespecies.org:taxname:266470,"(Ikeda, 1904)",Animalia,Species,FCBB37-013-99
FCBB37-014,BHAK-12107-FCBB,BHAK-12107-FCBB,BHAK-12107-FCBB,Annelida,Sipuncula,Golfingiida,Golfingiidae,,,Thysanocardia,Thysanocardia nigra,Morphology,Biologica Environmental Services Taxonomist,,,,,midsection,"Matt Lemay, Colleen Kellogg, Karen Cram, Suzie Christoffel",,urn:lsid:marinespecies.org:taxname:266470,"(Ikeda, 1904)",Animalia,Species,MaterialSample,present,urn:lsid:marinespecies.org:taxname:266470,"(Ikeda, 1904)",Animalia,Species,FCBB37-014-100
FCBB37-015,BHAK-12108-FCBB,BHAK-12108-FCBB,BHAK-12108-FCBB,Annelida,Sipuncula,Golfingiida,Golfingiidae,,,Thysanocardia,Thysanocardia nigra,Morphology,Biologica Environmental Services Taxonomist,,,,,dermis,"Matt Lemay, Colleen Kellogg, Karen Cram, Suzie Christoffel",,urn:lsid:marinespecies.org:taxname:266470,"(Ikeda, 1904)",Animalia,Species,MaterialSample,present,urn:lsid:marinespecies.org:taxname:266470,"(Ikeda, 1904)",Animalia,Species,FCBB37-015-101
FCBB37-016,BHAK-12109-FCBB,BHAK-12109-FCBB,BHAK-12109-FCBB,Annelida,Polychaeta,Eunicida,Lumbrineridae,,,Scoletoma,Scoletoma tetraura,Morphology,Biologica Environmental Services Taxonomist,,,Scoletoma tetraura complex was S. luti,,midsection,"Matt Lemay, Colleen Kellogg, Karen Cram, Suzie Christoffel",Scoletoma tetraura complex was S. luti,urn:lsid:marinespecies.org:taxname:130265,"(Schmarda, 1861)",Animalia,Species,MaterialSample,present,urn:lsid:marinespecies.org:taxname:130265,"(Schmarda, 1861)",Animalia,Species,FCBB37-016-102
FCBB37-017,BHAK-12110-FCBB,BHAK-12110-FCBB,BHAK-12110-FCBB,Annelida,Polychaeta,Terebellida,Trichobranchidae,Trichobranchinae,,Terebellides,Terebellides horikoshii,Morphology,Biologica Environmental Services Taxonomist,,,,,dermis,"Matt Lemay, Colleen Kellogg, Karen Cram, Suzie Christoffel","single middorsal branchiae, about 35 abdominal setigers, the largest lappet on segment 7",urn:lsid:marinespecies.org:taxname:332508,"Imajima & Williams, 1985",Animalia,Species,MaterialSample,present,urn:lsid:marinespecies.org:taxname:332508,"Imajima & Williams, 1985",Animalia,Species,FCBB37-017-103
FCBB37-018,BHAK-12111-FCBB,BHAK-12111-FCBB,BHAK-12111-FCBB,Annelida,Polychaeta,,Oweniidae,,,Galathowenia,Galathowenia oculata,Morphology,Biologica Environmental Services Taxonomist,,,,,midsection,"Matt Lemay, Colleen Kellogg, Karen Cram, Suzie Christoffel",,urn:lsid:marinespecies.org:taxname:146950,"(Zachs, 1923)",Animalia,Species,MaterialSample,present,urn:lsid:marinespecies.org:taxname:146950,"(Zachs, 1923)",Animalia,Species,FCBB37-018-104
FCBB37-019,BHAK-12112-FCBB,BHAK-12112-FCBB,BHAK-12112-FCBB,Annelida,Polychaeta,,Oweniidae,,,Galathowenia,Galathowenia oculata,Morphology,Biologica Environmental Services Taxonomist,,,,,midsection,"Matt Lemay, Colleen Kellogg, Karen Cram, Suzie Christoffel",,urn:lsid:marinespecies.org:taxname:146950,"(Zachs, 1923)",Animalia,Species,MaterialSample,present,urn:lsid:marinespecies.org:taxname:146950,"(Zachs, 1923)",Animalia,Species,FCBB37-019-105
FCBB37-020,BHAK-12113-FCBB,BHAK-12113-FCBB,BHAK-12113-FCBB,Annelida,Polychaeta,,Capitellidae,,,Heteromastus,Heteromastus filobranchus,Morphology,Biologica Environmental Services Taxonomist,,,,,midsection,"Matt Lemay, Colleen Kellogg, Karen Cram, Suzie Christoffel",,urn:lsid:marinespecies.org:taxname:328370,"Berkeley & Berkeley, 1932",Animalia,Species,MaterialSample,present,urn:lsid:marinespecies.org:taxname:328370,"Berkeley & Berkeley, 1932",Animalia,Species,FCBB37-020-106
FCBB37-021,BHAK-12114-FCBB,BHAK-12114-FCBB,BHAK-12114-FCBB,Annelida,Polychaeta,,Capitellidae,,,Heteromastus,Heteromastus filobranchus,Morphology,Biologica Environmental Services Taxonomist,,,,,midsection,"Matt Lemay, Colleen Kellogg, Karen Cram, Suzie Christoffel",,urn:lsid:marinespecies.org:taxname:328370,"Berkeley & Berkeley, 1932",Animalia,Species,MaterialSample,present,urn:lsid:marinespecies.org:taxname:328370,"Berkeley & Berkeley, 1932",Animalia,Species,FCBB37-021-107
FCBB37-022,BHAK-12115-FCBB,BHAK-12115-FCBB,BHAK-12115-FCBB,Annelida,Polychaeta,Eunicida,Lumbrineridae,,,Scoletoma,Scoletoma tetraura,Morphology,Biologica Environmental Services Taxonomist,,,Scoletoma tetraura complex was S. luti,,midsection,"Matt Lemay, Colleen Kellogg, Karen Cram, Suzie Christoffel",Scoletoma tetraura complex was S. luti,urn:lsid:marinespecies.org:taxname:130265,"(Schmarda, 1861)",Animalia,Species,MaterialSample,present,urn:lsid:marinespecies.org:taxname:130265,"(Schmarda, 1861)",Animalia,Species,FCBB37-022-108
FCBB37-023,BHAK-12116-FCBB,BHAK-12116-FCBB,BHAK-12116-FCBB,Annelida,Polychaeta,Terebellida,Sternaspidae,,,Sternaspis,Sternaspis affinis,Morphology,Biologica Environmental Services Taxonomist,,,,,dermis,"Matt Lemay, Colleen Kellogg, Karen Cram, Suzie Christoffel",,urn:lsid:marinespecies.org:taxname:338196,"Stimpson, 1864",Animalia,Species,MaterialSample,present,urn:lsid:marinespecies.org:taxname:338196,"Stimpson, 1864",Animalia,Species,FCBB37-023-109
FCBB37-024,BHAK-12117-FCBB,BHAK-12117-FCBB,BHAK-12117-FCBB,Annelida,Polychaeta,Terebellida,Sternaspidae,,,Sternaspis,Sternaspis affinis,Morphology,Biologica Environmental Services Taxonomist,,,,,dermis,"Matt Lemay, Colleen Kellogg, Karen Cram, Suzie Christoffel",,urn:lsid:marinespecies.org:taxname:338196,"Stimpson, 1864",Animalia,Species,MaterialSample,present,urn:lsid:marinespecies.org:taxname:338196,"Stimpson, 1864",Animalia,Species,FCBB37-024-110
FCBB37-025,BHAK-12144-FCBB,BHAK-12144-FCBB,BHAK-12144-FCBB,Annelida,Polychaeta,,Capitellidae,,,Heteromastus,Heteromastus filobranchus,Morphology,Biologica Environmental Services Taxonomist,,,,,,"Matt Lemay, Colleen Kellogg, Karen Cram, Suzie Christoffel",,urn:lsid:marinespecies.org:taxname:328370,"Berkeley & Berkeley, 1932",Animalia,Species,MaterialSample,present,urn:lsid:marinespecies.org:taxname:328370,"Berkeley & Berkeley, 1932",Animalia,Species,FCBB37-025-111
FCBB39-001,BHAK-12145-FCBB,BHAK-12145-FCBB,BHAK-12145-FCBB,Annelida,Polychaeta,Phyllodocida,Glyceridae,,,Glycera,Glycera americana,Morphology,Biologica Environmental Services Taxonomist,,,,,dermis,"Matt Lemay, Heather Earle, Karen Cram, Suzie Christoffel","Glycera americana, G. pacifica is typically Western Pacific distribution, but more analysis needed",urn:lsid:marinespecies.org:taxname:157388,"Leidy, 1855",Animalia,Species,MaterialSample,present,urn:lsid:marinespecies.org:taxname:157388,"Leidy, 1855",Animalia,Species,FCBB39-001-112
FCBB39-002,BHAK-12146-FCBB,BHAK-12146-FCBB,BHAK-12146-FCBB,Annelida,Polychaeta,Phyllodocida,Glyceridae,,,Glycera,Glycera americana,Morphology,Biologica Environmental Services Taxonomist,,,,,,"Matt Lemay, Heather Earle, Karen Cram, Suzie Christoffel","Glycera americana, G. pacifica is typically Western Pacific distribution, but more analysis needed",urn:lsid:marinespecies.org:taxname:157388,"Leidy, 1855",Animalia,Species,MaterialSample,present,urn:lsid:marinespecies.org:taxname:157388,"Leidy, 1855",Animalia,Species,FCBB39-002-113
FCBB39-003,BHAK-12147-FCBB,BHAK-12147-FCBB,BHAK-12147-FCBB,Annelida,Polychaeta,Phyllodocida,Sigalionidae,Pholoinae,,Pholoe,Pholoe,BOLD ID Engine,Hakai Institute,,,,,midsection,"Matt Lemay, Heather Earle, Karen Cram, Suzie Christoffel",Pholoe sp. N-1 (Ruff),urn:lsid:marinespecies.org:taxname:129439,"Johnston, 1839",Animalia,Genus,MaterialSample,present,urn:lsid:marinespecies.org:taxname:129439,"Johnston, 1839",Animalia,Genus,FCBB39-003-114
FCBB39-004,BHAK-12148-FCBB,BHAK-12148-FCBB,BHAK-12148-FCBB,Annelida,Polychaeta,Eunicida,Lumbrineridae,,,Scoletoma,Scoletoma tetraura,Morphology,Biologica Environmental Services Taxonomist,,,Scoletoma tetraura complex was S. luti,,midsection,"Matt Lemay, Heather Earle, Karen Cram, Suzie Christoffel",Scoletoma tetraura complex was S. luti,urn:lsid:marinespecies.org:taxname:130265,"(Schmarda, 1861)",Animalia,Species,MaterialSample,present,urn:lsid:marinespecies.org:taxname:130265,"(Schmarda, 1861)",Animalia,Species,FCBB39-004-115
FCBB39-005,BHAK-12149-FCBB,BHAK-12149-FCBB,BHAK-12149-FCBB,Annelida,Polychaeta,Eunicida,Lumbrineridae,,,Scoletoma,Scoletoma tetraura,Morphology,Biologica Environmental Services Taxonomist,,,Scoletoma tetraura complex was S. luti,,midsection,"Matt Lemay, Heather Earle, Karen Cram, Suzie Christoffel",Scoletoma tetraura complex was S. luti,urn:lsid:marinespecies.org:taxname:130265,"(Schmarda, 1861)",Animalia,Species,MaterialSample,present,urn:lsid:marinespecies.org:taxname:130265,"(Schmarda, 1861)",Animalia,Species,FCBB39-005-116
FCBB39-006,BHAK-12151-FCBB,BHAK-12151-FCBB,BHAK-12151-FCBB,Annelida,Polychaeta,Spionida,Spionidae,,,Spiophanes,Spiophanes berkeleyorum,Morphology,Biologica Environmental Services Taxonomist,,,,,midsection,"Matt Lemay, Heather Earle, Karen Cram, Suzie Christoffel",,urn:lsid:marinespecies.org:taxname:334829,"Pettibone, 1962",Animalia,Species,MaterialSample,present,urn:lsid:marinespecies.org:taxname:334829,"Pettibone, 1962",Animalia,Species,FCBB39-006-117
FCBB39-007,BHAK-12152-FCBB,BHAK-12152-FCBB,BHAK-12152-FCBB,Annelida,Sipuncula,Golfingiida,Golfingiidae,,,Thysanocardia,Thysanocardia nigra,Morphology,Biologica Environmental Services Taxonomist,,,,,,"Matt Lemay, Heather Earle, Karen Cram, Suzie Christoffel",,urn:lsid:marinespecies.org:taxname:266470,"(Ikeda, 1904)",Animalia,Species,MaterialSample,present,urn:lsid:marinespecies.org:taxname:266470,"(Ikeda, 1904)",Animalia,Species,FCBB39-007-118
FCBB39-008,BHAK-12153-FCBB,BHAK-12153-FCBB,BHAK-12153-FCBB,Mollusca,Bivalvia,Lucinida,Thyasiridae,,,Axinopsida,Axinopsida serricata,BOLD ID Engine,Hakai Institute,,,,,,"Matt Lemay, Heather Earle, Karen Cram, Suzie Christoffel",,urn:lsid:marinespecies.org:taxname:246819,"(P. P. Carpenter, 1864)",Animalia,Species,MaterialSample,present,urn:lsid:marinespecies.org:taxname:246819,"(P. P. Carpenter, 1864)",Animalia,Species,FCBB39-008-119
FCBB39-009,BHAK-12154-FCBB,BHAK-12154-FCBB,BHAK-12154-FCBB,Mollusca,Bivalvia,Lucinida,Thyasiridae,,,Axinopsida,Axinopsida serricata,BOLD ID Engine,Hakai Institute,,,,,,"Matt Lemay, Heather Earle, Karen Cram, Suzie Christoffel",,urn:lsid:marinespecies.org:taxname:246819,"(P. P. Carpenter, 1864)",Animalia,Species,MaterialSample,present,urn:lsid:marinespecies.org:taxname:246819,"(P. P. Carpenter, 1864)",Animalia,Species,FCBB39-009-120
FCBB39-010,BHAK-12155-FCBB,BHAK-12155-FCBB,BHAK-12155-FCBB,Annelida,Polychaeta,Terebellida,Trichobranchidae,Trichobranchinae,,Terebellides,Terebellides horikoshii,Morphology,Biologica Environmental Services Taxonomist,,,,,,"Matt Lemay, Heather Earle, Karen Cram, Suzie Christoffel","single middorsal branchiae, about 35 abdominal setigers, the largest lappet on segment 8",urn:lsid:marinespecies.org:taxname:332508,"Imajima & Williams, 1985",Animalia,Species,MaterialSample,present,urn:lsid:marinespecies.org:taxname:332508,"Imajima & Williams, 1985",Animalia,Species,FCBB39-010-121
FCBB39-011,BHAK-12156-FCBB,BHAK-12156-FCBB,BHAK-12156-FCBB,Annelida,Polychaeta,Spionida,Spionidae,,,Spiophanes,Spiophanes berkeleyorum,Morphology,Biologica Environmental Services Taxonomist,,,,,midsection,"Matt Lemay, Heather Earle, Karen Cram, Suzie Christoffel",,urn:lsid:marinespecies.org:taxname:334829,"Pettibone, 1962",Animalia,Species,MaterialSample,present,urn:lsid:marinespecies.org:taxname:334829,"Pettibone, 1962",Animalia,Species,FCBB39-011-122
FCBB39-012,BHAK-12157-FCBB,BHAK-12157-FCBB,BHAK-12157-FCBB,Annelida,Polychaeta,,Scalibregmatidae,,,Scalibregma,Scalibregma californicum,Morphology,Biologica Environmental Services Taxonomist,,,,,midsection,"Matt Lemay, Heather Earle, Karen Cram, Suzie Christoffel","seems to have spine on set 1, S. inflatum is northern europe species",urn:lsid:marinespecies.org:taxname:331210,"Blake, 2000",Animalia,Species,MaterialSample,present,urn:lsid:marinespecies.org:taxname:331210,"Blake, 2000",Animalia,Species,FCBB39-012-123
FCBB39-013,BHAK-12158-FCBB,BHAK-12158-FCBB,BHAK-12158-FCBB,Annelida,Sipuncula,Golfingiida,Golfingiidae,,,Thysanocardia,Thysanocardia nigra,Morphology,Biologica Environmental Services Taxonomist,,,,,dermis,"Matt Lemay, Heather Earle, Karen Cram, Suzie Christoffel",,urn:lsid:marinespecies.org:taxname:266470,"(Ikeda, 1904)",Animalia,Species,MaterialSample,present,urn:lsid:marinespecies.org:taxname:266470,"(Ikeda, 1904)",Animalia,Species,FCBB39-013-124
FCBB39-014,BHAK-12159-FCBB,BHAK-12159-FCBB,BHAK-12159-FCBB,Annelida,Polychaeta,,Capitellidae,,,Capitella,Capitella capitata,Morphology,Biologica Environmental Services Taxonomist,,,Capitella capitata complex,,,"Matt Lemay, Heather Earle, Karen Cram, Suzie Christoffel",Capitella capitata complex,urn:lsid:marinespecies.org:taxname:129876,"(Fabricius, 1780)",Animalia,Species,MaterialSample,present,urn:lsid:marinespecies.org:taxname:129876,"(Fabricius, 1780)",Animalia,Species,FCBB39-014-125
FCBB39-015,BHAK-12160-FCBB,BHAK-12160-FCBB,BHAK-12160-FCBB,Annelida,Polychaeta,Phyllodocida,Phyllodocidae,Eteoninae,,Eteone,Eteone,BOLD ID Engine,Hakai Institute,,,,,,"Matt Lemay, Heather Earle, Karen Cram, Suzie Christoffel",Eteone longa complex,urn:lsid:marinespecies.org:taxname:129443,"Savigny, 1822",Animalia,Genus,MaterialSample,present,urn:lsid:marinespecies.org:taxname:129443,"Savigny, 1822",Animalia,Genus,FCBB39-015-126
FCBB39-016,BHAK-12161-FCBB,BHAK-12161-FCBB,BHAK-12161-FCBB,Annelida,Polychaeta,Polychaeta_incertae_sedis,Orbiniidae,Orbiniinae,,Leitoscoloplos,Leitoscoloplos pugettensis,Morphology,Biologica Environmental Services Taxonomist,,,,,midsection,"Matt Lemay, Heather Earle, Karen Cram, Suzie Christoffel",,urn:lsid:marinespecies.org:taxname:254746,"(Pettibone, 1957)",Animalia,Species,MaterialSample,present,urn:lsid:marinespecies.org:taxname:254746,"(Pettibone, 1957)",Animalia,Species,FCBB39-016-127
FCBB39-017,BHAK-12162-FCBB,BHAK-12162-FCBB,BHAK-12162-FCBB,Annelida,Polychaeta,,Maldanidae,Euclymeninae,,Euclymene,Euclymene,Morphology,Biologica Environmental Services Taxonomist,,,Euclymene sp. nr. zonalis,,,"Matt Lemay, Heather Earle, Karen Cram, Suzie Christoffel",Euclymene sp. nr. zonalis,urn:lsid:marinespecies.org:taxname:129347,"Verrill, 1900",Animalia,Genus,MaterialSample,present,urn:lsid:marinespecies.org:taxname:129347,"Verrill, 1900",Animalia,Genus,FCBB39-017-128
FCBB39-018,BHAK-12163-FCBB,BHAK-12163-FCBB,BHAK-12163-FCBB,Annelida,Sipuncula,Golfingiida,Golfingiidae,,,Thysanocardia,Thysanocardia nigra,Morphology,Biologica Environmental Services Taxonomist,,,,,,"Matt Lemay, Heather Earle, Karen Cram, Suzie Christoffel",,urn:lsid:marinespecies.org:taxname:266470,"(Ikeda, 1904)",Animalia,Species,MaterialSample,present,urn:lsid:marinespecies.org:taxname:266470,"(Ikeda, 1904)",Animalia,Species,FCBB39-018-129
FCBB38-001,BHAK-12166-FCBB,BHAK-12166-FCBB,BHAK-12166-FCBB,Annelida,Polychaeta,Phyllodocida,Nereididae,Nereidinae,,Nereis,Nereis vexillosa,Morphology,Biologica Environmental Services Taxonomist,,,,,dermis,"Matt Whalen, Alyssa Gehman, Kate Henderson, Faye Manning, Kelly Fretwell, Noriko Okamoto",,urn:lsid:marinespecies.org:taxname:329765,"Grube, 1851",Animalia,Species,MaterialSample,present,urn:lsid:marinespecies.org:taxname:329765,"Grube, 1851",Animalia,Species,FCBB38-001-130
FCBB38-002,BHAK-12167-FCBB,BHAK-12167-FCBB,BHAK-12167-FCBB,Annelida,Polychaeta,Phyllodocida,Polynoidae,Polynoinae,,Harmothoe,Harmothoe imbricata,Morphology,Biologica Environmental Services Taxonomist,,,,,dermis,"Matt Whalen, Alyssa Gehman, Kate Henderson, Faye Manning, Kelly Fretwell, Noriko Okamoto",,urn:lsid:marinespecies.org:taxname:130769,"(Linnaeus, 1767)",Animalia,Species,MaterialSample,present,urn:lsid:marinespecies.org:taxname:130769,"(Linnaeus, 1767)",Animalia,Species,FCBB38-002-131
FCBB39-019,BHAK-12168-FCBB,BHAK-12168-FCBB,BHAK-12168-FCBB,Annelida,Polychaeta,Eunicida,Lumbrineridae,,,Scoletoma,Scoletoma tetraura,Morphology,Biologica Environmental Services Taxonomist,,,Scoletoma tetraura complex was S. luti,,midsection,"Matt Lemay, Heather Earle, Karen Cram, Suzie Christoffel",Scoletoma tetraura complex was S. luti,urn:lsid:marinespecies.org:taxname:130265,"(Schmarda, 1861)",Animalia,Species,MaterialSample,present,urn:lsid:marinespecies.org:taxname:130265,"(Schmarda, 1861)",Animalia,Species,FCBB39-019-132
FCBB39-020,BHAK-12169-FCBB,BHAK-12169-FCBB,BHAK-12169-FCBB,Annelida,Polychaeta,Eunicida,Lumbrineridae,,,Scoletoma,Scoletoma tetraura,Morphology,Biologica Environmental Services Taxonomist,,,Scoletoma tetraura complex was S. luti,,,"Matt Lemay, Heather Earle, Karen Cram, Suzie Christoffel",Scoletoma tetraura complex was S. luti,urn:lsid:marinespecies.org:taxname:130265,"(Schmarda, 1861)",Animalia,Species,MaterialSample,present,urn:lsid:marinespecies.org:taxname:130265,"(Schmarda, 1861)",Animalia,Species,FCBB39-020-133
FCBB39-021,BHAK-12170-FCBB,BHAK-12170-FCBB,BHAK-12170-FCBB,Mollusca,Bivalvia,Lucinida,Thyasiridae,,,Axinopsida,Axinopsida serricata,BOLD ID Engine,Hakai Institute,,,,,,"Matt Lemay, Heather Earle, Karen Cram, Suzie Christoffel",,urn:lsid:marinespecies.org:taxname:246819,"(P. P. Carpenter, 1864)",Animalia,Species,MaterialSample,present,urn:lsid:marinespecies.org:taxname:246819,"(P. P. Carpenter, 1864)",Animalia,Species,FCBB39-021-134
FCBB39-022,BHAK-12171-FCBB,BHAK-12171-FCBB,BHAK-12171-FCBB,Mollusca,Bivalvia,Lucinida,Thyasiridae,,,Axinopsida,Axinopsida serricata,BOLD ID Engine,Hakai Institute,,,,,,"Matt Lemay, Heather Earle, Karen Cram, Suzie Christoffel",,urn:lsid:marinespecies.org:taxname:246819,"(P. P. Carpenter, 1864)",Animalia,Species,MaterialSample,present,urn:lsid:marinespecies.org:taxname:246819,"(P. P. Carpenter, 1864)",Animalia,Species,FCBB39-022-135
FCBB39-023,BHAK-12172-FCBB,BHAK-12172-FCBB,BHAK-12172-FCBB,Mollusca,Bivalvia,,,,,,Bivalvia,Morphology,Biologica Environmental Services Taxonomist,,,Identifier: Biologica Environmental Services Taxonomist,,,"Matt Lemay, Heather Earle, Karen Cram, Suzie Christoffel",,urn:lsid:marinespecies.org:taxname:105,"Linnaeus, 1758",Animalia,Class,MaterialSample,present,urn:lsid:marinespecies.org:taxname:105,"Linnaeus, 1758",Animalia,Class,FCBB39-023-136
FCBB39-024,BHAK-12211-FCBB,BHAK-12211-FCBB,BHAK-12211-FCBB,Annelida,Polychaeta,,Capitellidae,,,Heteromastus,Heteromastus filobranchus,BOLD ID Engine,Hakai Institute,,,,,,"Matt Lemay, Heather Earle, Karen Cram, Suzie Christoffel",no posterior but probably H. filobranchus,urn:lsid:marinespecies.org:taxname:328370,"Berkeley & Berkeley, 1932",Animalia,Species,MaterialSample,present,urn:lsid:marinespecies.org:taxname:328370,"Berkeley & Berkeley, 1932",Animalia,Species,FCBB39-024-137
FCBB39-025,BHAK-12212-FCBB,BHAK-12212-FCBB,BHAK-12212-FCBB,Annelida,Polychaeta,Phyllodocida,Sigalionidae,Pholoinae,,Pholoe,Pholoe,BOLD ID Engine,Hakai Institute,,,,,,"Matt Lemay, Heather Earle, Karen Cram, Suzie Christoffel",Pholoe sp. N-1 (Ruff),urn:lsid:marinespecies.org:taxname:129439,"Johnston, 1839",Animalia,Genus,MaterialSample,present,urn:lsid:marinespecies.org:taxname:129439,"Johnston, 1839",Animalia,Genus,FCBB39-025-138
FCBB41-001,BHAK-12213-FCBB,BHAK-12213-FCBB,BHAK-12213-FCBB,Annelida,Polychaeta,,Maldanidae,Euclymeninae,,Praxillella,Praxillella gracilis,Morphology,Biologica Environmental Services Taxonomist,,,,,,"Matt Lemay, Heather Earle, Karen Cram, Suzie Christoffel",,urn:lsid:marinespecies.org:taxname:130324,"(M. Sars, 1861)",Animalia,Species,MaterialSample,present,urn:lsid:marinespecies.org:taxname:130324,"(M. Sars, 1861)",Animalia,Species,FCBB41-001-139
FCBB41-002,BHAK-12214-FCBB,BHAK-12214-FCBB,BHAK-12214-FCBB,Annelida,Polychaeta,Polychaeta_incertae_sedis,Orbiniidae,Orbiniinae,,Leitoscoloplos,Leitoscoloplos pugettensis,BOLD ID Engine,Hakai Institute,,,,,,"Matt Lemay, Heather Earle, Karen Cram, Suzie Christoffel","fragment, probably Leitoscoloplos puggentensis",urn:lsid:marinespecies.org:taxname:254746,"(Pettibone, 1957)",Animalia,Species,MaterialSample,present,urn:lsid:marinespecies.org:taxname:254746,"(Pettibone, 1957)",Animalia,Species,FCBB41-002-140
FCBB41-003,BHAK-12215-FCBB,BHAK-12215-FCBB,BHAK-12215-FCBB,Annelida,Polychaeta,Polychaeta_incertae_sedis,Orbiniidae,Orbiniinae,,Leitoscoloplos,Leitoscoloplos pugettensis,Morphology,Biologica Environmental Services Taxonomist,,,,,,"Matt Lemay, Heather Earle, Karen Cram, Suzie Christoffel",,urn:lsid:marinespecies.org:taxname:254746,"(Pettibone, 1957)",Animalia,Species,MaterialSample,present,urn:lsid:marinespecies.org:taxname:254746,"(Pettibone, 1957)",Animalia,Species,FCBB41-003-141
FCBB41-004,BHAK-12216-FCBB,BHAK-12216-FCBB,BHAK-12216-FCBB,Annelida,Polychaeta,Polychaeta_incertae_sedis,Orbiniidae,Orbiniinae,,Leitoscoloplos,Leitoscoloplos pugettensis,Morphology,Biologica Environmental Services Taxonomist,,,,,,"Matt Lemay, Heather Earle, Karen Cram, Suzie Christoffel",,urn:lsid:marinespecies.org:taxname:254746,"(Pettibone, 1957)",Animalia,Species,MaterialSample,present,urn:lsid:marinespecies.org:taxname:254746,"(Pettibone, 1957)",Animalia,Species,FCBB41-004-142
FCBB41-005,BHAK-12217-FCBB,BHAK-12217-FCBB,BHAK-12217-FCBB,Annelida,Polychaeta,Polychaeta_incertae_sedis,Orbiniidae,Orbiniinae,,Leitoscoloplos,Leitoscoloplos pugettensis,Morphology,Biologica Environmental Services Taxonomist,,,,,,"Matt Lemay, Heather Earle, Karen Cram, Suzie Christoffel",,urn:lsid:marinespecies.org:taxname:254746,"(Pettibone, 1957)",Animalia,Species,MaterialSample,present,urn:lsid:marinespecies.org:taxname:254746,"(Pettibone, 1957)",Animalia,Species,FCBB41-005-143
FCBB41-006,BHAK-12218-FCBB,BHAK-12218-FCBB,BHAK-12218-FCBB,Annelida,Polychaeta,Terebellida,Ampharetidae,Ampharetinae,Ampharetini,Ampharete,Ampharete,BOLD ID Engine,Hakai Institute,,,,,,"Matt Lemay, Heather Earle, Karen Cram, Suzie Christoffel",damaged,urn:lsid:marinespecies.org:taxname:129155,"Malmgren, 1866",Animalia,Genus,MaterialSample,present,urn:lsid:marinespecies.org:taxname:129155,"Malmgren, 1866",Animalia,Genus,FCBB41-006-144
FCBB41-007,BHAK-12219-FCBB,BHAK-12219-FCBB,BHAK-12219-FCBB,Annelida,Polychaeta,,Maldanidae,Euclymeninae,,Praxillella,Praxillella gracilis,Morphology,Biologica Environmental Services Taxonomist,,,,,,"Matt Lemay, Heather Earle, Karen Cram, Suzie Christoffel",,urn:lsid:marinespecies.org:taxname:130324,"(M. Sars, 1861)",Animalia,Species,MaterialSample,present,urn:lsid:marinespecies.org:taxname:130324,"(M. Sars, 1861)",Animalia,Species,FCBB41-007-145
FCBB41-008,BHAK-12220-FCBB,BHAK-12220-FCBB,BHAK-12220-FCBB,Annelida,Polychaeta,Terebellida,Pectinariidae,,,Cistenides,Cistenides brevicoma,Morphology,Biologica Environmental Services Taxonomist,,,,,,"Matt Lemay, Heather Earle, Karen Cram, Suzie Christoffel",previously ID d as C. granulata of Northern Europe,urn:lsid:marinespecies.org:taxname:332704,"(Johnson, 1901)",Animalia,Species,MaterialSample,present,urn:lsid:marinespecies.org:taxname:332704,"(Johnson, 1901)",Animalia,Species,FCBB41-008-146
FCBB41-009,BHAK-12221-FCBB,BHAK-12221-FCBB,BHAK-12221-FCBB,Annelida,Polychaeta,,Maldanidae,Euclymeninae,,Praxillella,Praxillella gracilis,Morphology,Biologica Environmental Services Taxonomist,,,,,,"Matt Lemay, Heather Earle, Karen Cram, Suzie Christoffel",,urn:lsid:marinespecies.org:taxname:130324,"(M. Sars, 1861)",Animalia,Species,MaterialSample,present,urn:lsid:marinespecies.org:taxname:130324,"(M. Sars, 1861)",Animalia,Species,FCBB41-009-147
FCBB41-010,BHAK-12222-FCBB,BHAK-12222-FCBB,BHAK-12222-FCBB,Annelida,Polychaeta,Phyllodocida,Phyllodocidae,Eteoninae,,Eteone,Eteone longa,Morphology,Biologica Environmental Services Taxonomist,,,Eteone longa complex,,,"Matt Lemay, Heather Earle, Karen Cram, Suzie Christoffel",Eteone longa complex,urn:lsid:marinespecies.org:taxname:130616,"(Fabricius, 1780)",Animalia,Species,MaterialSample,present,urn:lsid:marinespecies.org:taxname:130616,"(Fabricius, 1780)",Animalia,Species,FCBB41-010-148
FCBB41-011,BHAK-12223-FCBB,BHAK-12223-FCBB,BHAK-12223-FCBB,Annelida,Polychaeta,Eunicida,Lumbrineridae,,,Lumbrineris,Lumbrineris californiensis,Morphology,Biologica Environmental Services Taxonomist,,,,,,"Matt Lemay, Heather Earle, Karen Cram, Suzie Christoffel",,urn:lsid:marinespecies.org:taxname:328927,"Hartman, 1944",Animalia,Species,MaterialSample,present,urn:lsid:marinespecies.org:taxname:328927,"Hartman, 1944",Animalia,Species,FCBB41-011-149
FCBB41-012,BHAK-12224-FCBB,BHAK-12224-FCBB,BHAK-12224-FCBB,Annelida,Polychaeta,,Capitellidae,,,Barantolla,Barantolla americana,BOLD ID Engine,Hakai Institute,,,,,,"Matt Lemay, Heather Earle, Karen Cram, Suzie Christoffel",Barantolla sp. nr. americana,urn:lsid:marinespecies.org:taxname:254727,"Hartman, 1963",Animalia,Species,MaterialSample,present,urn:lsid:marinespecies.org:taxname:254727,"Hartman, 1963",Animalia,Species,FCBB41-012-150
FCBB41-013,BHAK-12225-FCBB,BHAK-12225-FCBB,BHAK-12225-FCBB,Annelida,Polychaeta,,Capitellidae,,,Mediomastus,Mediomastus,Morphology,Biologica Environmental Services Taxonomist,,,,,,"Matt Lemay, Heather Earle, Karen Cram, Suzie Christoffel",probably M. californiensis,urn:lsid:marinespecies.org:taxname:129218,"Hartman, 1944",Animalia,Genus,MaterialSample,present,urn:lsid:marinespecies.org:taxname:129218,"Hartman, 1944",Animalia,Genus,FCBB41-013-151
FCBB41-014,BHAK-12226-FCBB,BHAK-12226-FCBB,BHAK-12226-FCBB,Annelida,Polychaeta,Phyllodocida,Glyceridae,,,Glycera,Glycera nana,Morphology,Biologica Environmental Services Taxonomist,,,,,,"Matt Lemay, Heather Earle, Karen Cram, Suzie Christoffel",,urn:lsid:marinespecies.org:taxname:328132,"Johnson, 1901",Animalia,Species,MaterialSample,present,urn:lsid:marinespecies.org:taxname:328132,"Johnson, 1901",Animalia,Species,FCBB41-014-152
FCBB41-015,BHAK-12227-FCBB,BHAK-12227-FCBB,BHAK-12227-FCBB,Annelida,Polychaeta,Phyllodocida,Glyceridae,,,Glycera,Glycera nana,Morphology,Biologica Environmental Services Taxonomist,,,,,,"Matt Lemay, Heather Earle, Karen Cram, Suzie Christoffel",,urn:lsid:marinespecies.org:taxname:328132,"Johnson, 1901",Animalia,Species,MaterialSample,present,urn:lsid:marinespecies.org:taxname:328132,"Johnson, 1901",Animalia,Species,FCBB41-015-153
FCBB41-016,BHAK-12228-FCBB,BHAK-12228-FCBB,BHAK-12228-FCBB,Annelida,Polychaeta,,Scalibregmatidae,,,Scalibregma,Scalibregma californicum,Morphology,Biologica Environmental Services Taxonomist,,,,,,"Matt Lemay, Heather Earle, Karen Cram, Suzie Christoffel","seems to have spine on set 1, S. inflatum is northern europe species",urn:lsid:marinespecies.org:taxname:331210,"Blake, 2000",Animalia,Species,MaterialSample,present,urn:lsid:marinespecies.org:taxname:331210,"Blake, 2000",Animalia,Species,FCBB41-016-154
FCBB38-003,BHAK-12181-FCBB,BHAK-12181-FCBB,BHAK-12181-FCBB,Arthropoda,Malacostraca,Decapoda,Paguridae,,,Pagurus,Pagurus hirsutiusculus,BOLD ID Engine,Hakai Institute,,,,,,"Matt Whalen, Alyssa Gehman, Kate Henderson, Faye Manning, Kelly Fretwell, Noriko Okamoto",,urn:lsid:marinespecies.org:taxname:366699,"(Dana, 1851)",Animalia,Species,MaterialSample,present,urn:lsid:marinespecies.org:taxname:366699,"(Dana, 1851)",Animalia,Species,FCBB38-003-155
FCBB38-004,BHAK-12182-FCBB,BHAK-12182-FCBB,BHAK-12182-FCBB,Arthropoda,Malacostraca,Decapoda,Paguridae,,,Pagurus,Pagurus hirsutiusculus,BOLD ID Engine,Hakai Institute,,,,,,"Matt Whalen, Alyssa Gehman, Kate Henderson, Faye Manning, Kelly Fretwell, Noriko Okamoto",,urn:lsid:marinespecies.org:taxname:366699,"(Dana, 1851)",Animalia,Species,MaterialSample,present,urn:lsid:marinespecies.org:taxname:366699,"(Dana, 1851)",Animalia,Species,FCBB38-004-156
FCBB38-005,BHAK-12183-FCBB,BHAK-12183-FCBB,BHAK-12183-FCBB,Arthropoda,Malacostraca,Decapoda,Paguridae,,,Pagurus,Pagurus hirsutiusculus,BOLD ID Engine,Hakai Institute,,,,,,"Matt Whalen, Alyssa Gehman, Kate Henderson, Faye Manning, Kelly Fretwell, Noriko Okamoto",,urn:lsid:marinespecies.org:taxname:366699,"(Dana, 1851)",Animalia,Species,MaterialSample,present,urn:lsid:marinespecies.org:taxname:366699,"(Dana, 1851)",Animalia,Species,FCBB38-005-157
FCBB38-006,BHAK-12184-FCBB,BHAK-12184-FCBB,BHAK-12184-FCBB,Arthropoda,,,,,,,Arthropoda,Morphology,Faye Manning,,,,,,"Matt Whalen, Alyssa Gehman, Kate Henderson, Faye Manning, Kelly Fretwell, Noriko Okamoto",,urn:lsid:marinespecies.org:taxname:1065,"Gravenhorst, 1843",Animalia,Phylum,MaterialSample,present,urn:lsid:marinespecies.org:taxname:1065,"Gravenhorst, 1843",Animalia,Phylum,FCBB38-006-158
FCBB38-007,BHAK-12185-FCBB,BHAK-12185-FCBB,BHAK-12185-FCBB,Arthropoda,,,,,,,Arthropoda,Morphology,Faye Manning,,,,,,"Matt Whalen, Alyssa Gehman, Kate Henderson, Faye Manning, Kelly Fretwell, Noriko Okamoto",,urn:lsid:marinespecies.org:taxname:1065,"Gravenhorst, 1843",Animalia,Phylum,MaterialSample,present,urn:lsid:marinespecies.org:taxname:1065,"Gravenhorst, 1843",Animalia,Phylum,FCBB38-007-159
FCBB38-008,BHAK-12186-FCBB,BHAK-12186-FCBB,BHAK-12186-FCBB,Arthropoda,,,,,,,Arthropoda,Morphology,Faye Manning,,,,,,"Matt Whalen, Alyssa Gehman, Kate Henderson, Faye Manning, Kelly Fretwell, Noriko Okamoto",,urn:lsid:marinespecies.org:taxname:1065,"Gravenhorst, 1843",Animalia,Phylum,MaterialSample,present,urn:lsid:marinespecies.org:taxname:1065,"Gravenhorst, 1843",Animalia,Phylum,FCBB38-008-160
FCBB38-009,BHAK-12187-FCBB,BHAK-12187-FCBB,BHAK-12187-FCBB,Bryozoa,Gymnolaemata,Cheilostomatida,Membraniporidae,,,Membranipora,Membranipora,Morphology,Matt Whalen,,,,,,"Matt Whalen, Alyssa Gehman, Kate Henderson, Faye Manning, Kelly Fretwell, Noriko Okamoto",,urn:lsid:marinespecies.org:taxname:110938,"de Blainville, 1830",Animalia,Genus,MaterialSample,present,urn:lsid:marinespecies.org:taxname:110938,"de Blainville, 1830",Animalia,Genus,FCBB38-009-161
FCBB38-010,BHAK-12188-FCBB,BHAK-12188-FCBB,BHAK-12188-FCBB,Mollusca,Gastropoda,,Lottiidae,Lottiinae,Lottiini,Lottia,Lottia,Morphology,Matt Whalen,,,,,,"Matt Whalen, Alyssa Gehman, Kate Henderson, Faye Manning, Kelly Fretwell, Noriko Okamoto",,urn:lsid:marinespecies.org:taxname:160336,"J. E. Gray, 1833",Animalia,Genus,MaterialSample,present,urn:lsid:marinespecies.org:taxname:160336,"J. E. Gray, 1833",Animalia,Genus,FCBB38-010-162
FCBB38-011,BHAK-12189-FCBB,BHAK-12189-FCBB,BHAK-12189-FCBB,Arthropoda,,,,,,,Arthropoda,Morphology,Matt Whalen,,,,,,"Matt Whalen, Alyssa Gehman, Kate Henderson, Faye Manning, Kelly Fretwell, Noriko Okamoto",,urn:lsid:marinespecies.org:taxname:1065,"Gravenhorst, 1843",Animalia,Phylum,MaterialSample,present,urn:lsid:marinespecies.org:taxname:1065,"Gravenhorst, 1843",Animalia,Phylum,FCBB38-011-163
FCBB38-012,BHAK-12190-FCBB,BHAK-12190-FCBB,BHAK-12190-FCBB,Arthropoda,Thecostraca,Balanomorpha,Balanidae,Balaninae,,Balanus,Balanus glandula,BOLD ID Engine,Hakai Institute,,,,,,"Matt Whalen, Alyssa Gehman, Kate Henderson, Faye Manning, Kelly Fretwell, Noriko Okamoto",,urn:lsid:marinespecies.org:taxname:394848,"Darwin, 1854",Animalia,Species,MaterialSample,present,urn:lsid:marinespecies.org:taxname:394848,"Darwin, 1854",Animalia,Species,FCBB38-012-164
FCBB38-013,BHAK-12191-FCBB,BHAK-12191-FCBB,BHAK-12191-FCBB,Arthropoda,Malacostraca,Amphipoda,Ampithoidae,,,Ampithoe,Ampithoe valida,BOLD ID Engine,Hakai Institute,,,,,,"Matt Whalen, Alyssa Gehman, Kate Henderson, Faye Manning, Kelly Fretwell, Noriko Okamoto",,urn:lsid:marinespecies.org:taxname:102005,"S.I. Smith, 1873",Animalia,Species,MaterialSample,present,urn:lsid:marinespecies.org:taxname:102005,"S.I. Smith, 1873",Animalia,Species,FCBB38-013-165
FCBB38-014,BHAK-12192-FCBB,BHAK-12192-FCBB,BHAK-12192-FCBB,Cnidaria,Hydrozoa,Leptothecata,Campanulariidae,,,Clytia,Clytia hemisphaerica,BOLD ID Engine,Hakai Institute,,,,,,"Matt Whalen, Alyssa Gehman, Kate Henderson, Faye Manning, Kelly Fretwell, Noriko Okamoto",,urn:lsid:marinespecies.org:taxname:117368,"(Linnaeus, 1767)",Animalia,Species,MaterialSample,present,urn:lsid:marinespecies.org:taxname:117368,"(Linnaeus, 1767)",Animalia,Species,FCBB38-014-166
FCBB42-001,BHAK-12209-FCBB,BHAK-12209-FCBB,BHAK-12209-FCBB,Annelida,Polychaeta,Eunicida,Lumbrineridae,,,Scoletoma,Scoletoma tetraura,Morphology,Biologica Environmental Services Taxonomist,,,Scoletoma tetraura complex,,,"Matt Lemay, Heather Earle, Karen Cram, Suzie Christoffel",Scoletoma tetraura complex,urn:lsid:marinespecies.org:taxname:130265,"(Schmarda, 1861)",Animalia,Species,MaterialSample,present,urn:lsid:marinespecies.org:taxname:130265,"(Schmarda, 1861)",Animalia,Species,FCBB42-001-167
FCBB42-002,BHAK-12210-FCBB,BHAK-12210-FCBB,BHAK-12210-FCBB,Annelida,Polychaeta,Polychaeta_incertae_sedis,Orbiniidae,Orbiniinae,,Leitoscoloplos,Leitoscoloplos pugettensis,BOLD ID Engine,Hakai Institute,,,,,,"Matt Lemay, Heather Earle, Karen Cram, Suzie Christoffel","fragment, probably Leitoscoloplos puggentensis",urn:lsid:marinespecies.org:taxname:254746,"(Pettibone, 1957)",Animalia,Species,MaterialSample,present,urn:lsid:marinespecies.org:taxname:254746,"(Pettibone, 1957)",Animalia,Species,FCBB42-002-168
FCBB42-003,BHAK-12264-FCBB,BHAK-12264-FCBB,BHAK-12264-FCBB,Annelida,Polychaeta,Terebellida,Ampharetidae,,,Melinna,Melinna,Morphology,Biologica Environmental Services Taxonomist,,,Melinna sp. nr. elisabethae,,,"Matt Lemay, Heather Earle, Karen Cram, Suzie Christoffel",Melinna sp. nr. elisabethae,urn:lsid:marinespecies.org:taxname:129168,"Malmgren, 1866",Animalia,Genus,MaterialSample,present,urn:lsid:marinespecies.org:taxname:129168,"Malmgren, 1866",Animalia,Genus,FCBB42-003-169
FCBB42-004,BHAK-12281-FCBB,BHAK-12281-FCBB,BHAK-12281-FCBB,Annelida,Polychaeta,Phyllodocida,Polynoidae,Polynoinae,,Gattyana,Gattyana,BOLD ID Engine,Hakai Institute,,,,,,"Matt Lemay, Heather Earle, Karen Cram, Suzie Christoffel",,urn:lsid:marinespecies.org:taxname:129488,"McIntosh, 1897",Animalia,Genus,MaterialSample,present,urn:lsid:marinespecies.org:taxname:129488,"McIntosh, 1897",Animalia,Genus,FCBB42-004-170
FCBB42-005,BHAK-12282-FCBB,BHAK-12282-FCBB,BHAK-12282-FCBB,Annelida,Polychaeta,Polychaeta_incertae_sedis,Orbiniidae,Orbiniinae,,Leitoscoloplos,Leitoscoloplos pugettensis,BOLD ID Engine,Hakai Institute,,,,,midsection,"Matt Lemay, Heather Earle, Karen Cram, Suzie Christoffel","fragmented, can t confirm",urn:lsid:marinespecies.org:taxname:254746,"(Pettibone, 1957)",Animalia,Species,MaterialSample,present,urn:lsid:marinespecies.org:taxname:254746,"(Pettibone, 1957)",Animalia,Species,FCBB42-005-171
FCBB42-006,BHAK-12283-FCBB,BHAK-12283-FCBB,BHAK-12283-FCBB,Annelida,Polychaeta,Polychaeta_incertae_sedis,Orbiniidae,Orbiniinae,,Leitoscoloplos,Leitoscoloplos pugettensis,Morphology,Biologica Environmental Services Taxonomist,,,,,,"Matt Lemay, Heather Earle, Karen Cram, Suzie Christoffel",,urn:lsid:marinespecies.org:taxname:254746,"(Pettibone, 1957)",Animalia,Species,MaterialSample,present,urn:lsid:marinespecies.org:taxname:254746,"(Pettibone, 1957)",Animalia,Species,FCBB42-006-172
FCBB42-007,BHAK-12284-FCBB,BHAK-12284-FCBB,BHAK-12284-FCBB,Annelida,Polychaeta,Phyllodocida,Nereididae,Nereidinae,,Alitta,Alitta,BOLD ID Engine,Hakai Institute,,,,,dermis,"Matt Lemay, Heather Earle, Karen Cram, Suzie Christoffel",,urn:lsid:marinespecies.org:taxname:234848,"Kinberg, 1865",Animalia,Genus,MaterialSample,present,urn:lsid:marinespecies.org:taxname:234848,"Kinberg, 1865",Animalia,Genus,FCBB42-007-173
FCBB42-008,BHAK-12285-FCBB,BHAK-12285-FCBB,BHAK-12285-FCBB,Annelida,Polychaeta,Phyllodocida,Sigalionidae,Pholoinae,,Pholoe,Pholoe,BOLD ID Engine,Hakai Institute,,,Pholoe sp. CMC02,,midsection,"Matt Lemay, Heather Earle, Karen Cram, Suzie Christoffel",Pholoe sp. B,urn:lsid:marinespecies.org:taxname:129439,"Johnston, 1839",Animalia,Genus,MaterialSample,present,urn:lsid:marinespecies.org:taxname:129439,"Johnston, 1839",Animalia,Genus,FCBB42-008-174
FCBB42-009,BHAK-12286-FCBB,BHAK-12286-FCBB,BHAK-12286-FCBB,Annelida,Polychaeta,,Capitellidae,,,Heteromastus,Heteromastus filobranchus,BOLD ID Engine,Hakai Institute,,,,,,"Matt Lemay, Heather Earle, Karen Cram, Suzie Christoffel",no posterior but probably H. filobranchus,urn:lsid:marinespecies.org:taxname:328370,"Berkeley & Berkeley, 1932",Animalia,Species,MaterialSample,present,urn:lsid:marinespecies.org:taxname:328370,"Berkeley & Berkeley, 1932",Animalia,Species,FCBB42-009-175
FCBB42-010,BHAK-12287-FCBB,BHAK-12287-FCBB,BHAK-12287-FCBB,Annelida,Polychaeta,Phyllodocida,Goniadidae,,,Glycinde,Glycinde picta,Morphology,Biologica Environmental Services Taxonomist,,,,,,"Matt Lemay, Heather Earle, Karen Cram, Suzie Christoffel",micrognaths between large macrognaths were separated from each other,urn:lsid:marinespecies.org:taxname:240625,"Berkeley, 1927",Animalia,Species,MaterialSample,present,urn:lsid:marinespecies.org:taxname:240625,"Berkeley, 1927",Animalia,Species,FCBB42-010-176
FCBB42-011,BHAK-12288-FCBB,BHAK-12288-FCBB,BHAK-12288-FCBB,Mollusca,Gastropoda,Cephalaspidea,Aglajidae,,,Melanochlamys,Melanochlamys diomedea,BOLD ID Engine,Hakai Institute,,,,E-Vouchered:DNA/Tissue+Photo,whole specimen,"Matt Lemay, Heather Earle, Karen Cram, Suzie Christoffel",,urn:lsid:marinespecies.org:taxname:576296,"(Bergh, 1894)",Animalia,Species,MaterialSample,present,urn:lsid:marinespecies.org:taxname:576296,"(Bergh, 1894)",Animalia,Species,FCBB42-011-177
FCBB42-012,BHAK-12289-FCBB,BHAK-12289-FCBB,BHAK-12289-FCBB,Annelida,Polychaeta,,Opheliidae,,,,Opheliidae,Morphology,Biologica Environmental Services Taxonomist,,,"Opheliidae indet., damaged, possibly Ophelina",,midsection,"Matt Lemay, Heather Earle, Karen Cram, Suzie Christoffel","Opheliidae indet., damaged, possibly Ophelina",urn:lsid:marinespecies.org:taxname:924,"Malmgren, 1867",Animalia,Family,MaterialSample,present,urn:lsid:marinespecies.org:taxname:924,"Malmgren, 1867",Animalia,Family,FCBB42-012-178
FCBB41-017,BHAK-12273-FCBB,BHAK-12273-FCBB,BHAK-12273-FCBB,Echinodermata,Ophiuroidea,Amphilepidida,Amphiuridae,,,,Amphiuridae,Morphology,Biologica Environmental Services Taxonomist,,,Identifier: Biologica Environmental Services Taxonomist,,,"Matt Lemay, Heather Earle, Karen Cram, Suzie Christoffel",,urn:lsid:marinespecies.org:taxname:123206,"Ljungman, 1867",Animalia,Family,MaterialSample,present,urn:lsid:marinespecies.org:taxname:123206,"Ljungman, 1867",Animalia,Family,FCBB41-017-179
FCBB41-018,BHAK-12274-FCBB,BHAK-12274-FCBB,BHAK-12274-FCBB,Echinodermata,Ophiuroidea,Amphilepidida,Amphiuridae,,,,Amphiuridae,Morphology,Biologica Environmental Services Taxonomist,,,Identifier: Biologica Environmental Services Taxonomist,,arm,"Matt Lemay, Heather Earle, Karen Cram, Suzie Christoffel",,urn:lsid:marinespecies.org:taxname:123206,"Ljungman, 1867",Animalia,Family,MaterialSample,present,urn:lsid:marinespecies.org:taxname:123206,"Ljungman, 1867",Animalia,Family,FCBB41-018-180
FCBB41-019,BHAK-12275-FCBB,BHAK-12275-FCBB,BHAK-12275-FCBB,Echinodermata,Ophiuroidea,Amphilepidida,Amphiuridae,,,Amphiodia,Amphiodia urtica,BOLD ID Engine,Hakai Institute,,,,,,"Matt Lemay, Heather Earle, Karen Cram, Suzie Christoffel",,urn:lsid:marinespecies.org:taxname:242683,"(Lyman, 1860)",Animalia,Species,MaterialSample,present,urn:lsid:marinespecies.org:taxname:242683,"(Lyman, 1860)",Animalia,Species,FCBB41-019-181
FCBB41-020,BHAK-12276-FCBB,BHAK-12276-FCBB,BHAK-12276-FCBB,Echinodermata,Ophiuroidea,Amphilepidida,Amphiuridae,,,Amphiodia,Amphiodia urtica,BOLD ID Engine,Hakai Institute,,,,,arm,"Matt Lemay, Heather Earle, Karen Cram, Suzie Christoffel",,urn:lsid:marinespecies.org:taxname:242683,"(Lyman, 1860)",Animalia,Species,MaterialSample,present,urn:lsid:marinespecies.org:taxname:242683,"(Lyman, 1860)",Animalia,Species,FCBB41-020-182
FCBB39-026,BHAK-12277-FCBB,BHAK-12277-FCBB,BHAK-12277-FCBB,Bryozoa,Gymnolaemata,Cheilostomatida,Bugulidae,,,Caulibugula,Caulibugula,Morphology,Biologica Environmental Services Taxonomist,,,,,branch,"Matt Lemay, Heather Earle, Karen Cram, Suzie Christoffel",,urn:lsid:marinespecies.org:taxname:225832,"Verrill, 1900",Animalia,Genus,MaterialSample,present,urn:lsid:marinespecies.org:taxname:225832,"Verrill, 1900",Animalia,Genus,FCBB39-026-183
FCBB39-027,BHAK-12278-FCBB,BHAK-12278-FCBB,BHAK-12278-FCBB,Cnidaria,Hydrozoa,Anthoathecata,,,,,Anthoathecata,Morphology,Biologica Environmental Services Taxonomist,,,,,,"Matt Lemay, Heather Earle, Karen Cram, Suzie Christoffel",,urn:lsid:marinespecies.org:taxname:13551,"Cornelius, 1992",Animalia,Order,MaterialSample,present,urn:lsid:marinespecies.org:taxname:13551,"Cornelius, 1992",Animalia,Order,FCBB39-027-184
FCBB39-028,BHAK-12279-FCBB,BHAK-12279-FCBB,BHAK-12279-FCBB,Cnidaria,,,,,,,Cnidaria,Morphology,Biologica Environmental Services Taxonomist,,,Identifier: Biologica Environmental Services Taxonomist,,,"Matt Lemay, Heather Earle, Karen Cram, Suzie Christoffel",had another hydroid growing on it,urn:lsid:marinespecies.org:taxname:1267,"Hatschek, 1888",Animalia,Phylum,MaterialSample,present,urn:lsid:marinespecies.org:taxname:1267,"Hatschek, 1888",Animalia,Phylum,FCBB39-028-185
FCBB39-029,BHAK-12280-FCBB,BHAK-12280-FCBB,BHAK-12280-FCBB,Cnidaria,Hydrozoa,Leptothecata,Campanulinidae,,,Calycella,Calycella syringa,Morphology,Biologica Environmental Services Taxonomist,,,,,,"Matt Lemay, Heather Earle, Karen Cram, Suzie Christoffel","Associated Specimens :growing on BHAK-12279, Calycella syringa growing on a Campanulariidae, not much tissue in either",urn:lsid:marinespecies.org:taxname:117402,"(Linnaeus, 1767)",Animalia,Species,MaterialSample,present,urn:lsid:marinespecies.org:taxname:117402,"(Linnaeus, 1767)",Animalia,Species,FCBB39-029-186
FCBB38-015,BHAK-12331-FCBB,BHAK-12331-FCBB,BHAK-12331-FCBB,Nemertea,Hoplonemertea,Monostilifera,Amphiporidae,,,Amphiporus,Amphiporus imparispinosus,BOLD ID Engine,Hakai Institute,,,,,midsection,"Matt Whalen, Alyssa Gehman, Kate Henderson, Faye Manning, Kelly Fretwell, Noriko Okamoto","Initially thought it was Zygonemerteas when alive, but when dead the head is contracted and the eyes don t appear to extend as far back, can t find stylet to verify",urn:lsid:marinespecies.org:taxname:156295,"Griffin, 1898",Animalia,Species,MaterialSample,present,urn:lsid:marinespecies.org:taxname:156295,"Griffin, 1898",Animalia,Species,FCBB38-015-187
FCBB38-016,BHAK-12332-FCBB,BHAK-12332-FCBB,BHAK-12332-FCBB,Nemertea,Hoplonemertea,Monostilifera,Amphiporidae,,,Amphiporus,Amphiporus imparispinosus,BOLD ID Engine,Hakai Institute,,,,,midsection,"Matt Whalen, Alyssa Gehman, Kate Henderson, Faye Manning, Kelly Fretwell, Noriko Okamoto","Initially thought it was Zygonemerteas when alive, but when dead the head is contracted and the eyes don t appear to extend as far back, can t find stylet to verify",urn:lsid:marinespecies.org:taxname:156295,"Griffin, 1898",Animalia,Species,MaterialSample,present,urn:lsid:marinespecies.org:taxname:156295,"Griffin, 1898",Animalia,Species,FCBB38-016-188
FCBB41-021,BHAK-12229-FCBB,BHAK-12229-FCBB,BHAK-12229-FCBB,Annelida,Polychaeta,,Scalibregmatidae,,,Scalibregma,Scalibregma californicum,Morphology,Biologica Environmental Services Taxonomist,,,,,,"Matt Lemay, Heather Earle, Karen Cram, Suzie Christoffel","seems to have spine on set 1, S. inflatum is northern europe species",urn:lsid:marinespecies.org:taxname:331210,"Blake, 2000",Animalia,Species,MaterialSample,present,urn:lsid:marinespecies.org:taxname:331210,"Blake, 2000",Animalia,Species,FCBB41-021-189
FCBB41-022,BHAK-12230-FCBB,BHAK-12230-FCBB,BHAK-12230-FCBB,Annelida,Polychaeta,,Scalibregmatidae,,,Scalibregma,Scalibregma californicum,Morphology,Biologica Environmental Services Taxonomist,,,,,,"Matt Lemay, Heather Earle, Karen Cram, Suzie Christoffel","seems to have spine on set 1, S. inflatum is northern europe species",urn:lsid:marinespecies.org:taxname:331210,"Blake, 2000",Animalia,Species,MaterialSample,present,urn:lsid:marinespecies.org:taxname:331210,"Blake, 2000",Animalia,Species,FCBB41-022-190
FCBB41-023,BHAK-12231-FCBB,BHAK-12231-FCBB,BHAK-12231-FCBB,Annelida,Polychaeta,,Scalibregmatidae,,,Scalibregma,Scalibregma californicum,Morphology,Biologica Environmental Services Taxonomist,,,,,,"Matt Lemay, Heather Earle, Karen Cram, Suzie Christoffel","seems to have spine on set 1, S. inflatum is northern europe species",urn:lsid:marinespecies.org:taxname:331210,"Blake, 2000",Animalia,Species,MaterialSample,present,urn:lsid:marinespecies.org:taxname:331210,"Blake, 2000",Animalia,Species,FCBB41-023-191
FCBB41-024,BHAK-12232-FCBB,BHAK-12232-FCBB,BHAK-12232-FCBB,Annelida,Polychaeta,Phyllodocida,Glyceridae,,,Glycera,Glycera nana,Morphology,Biologica Environmental Services Taxonomist,,,,,,"Matt Lemay, Heather Earle, Karen Cram, Suzie Christoffel",,urn:lsid:marinespecies.org:taxname:328132,"Johnson, 1901",Animalia,Species,MaterialSample,present,urn:lsid:marinespecies.org:taxname:328132,"Johnson, 1901",Animalia,Species,FCBB41-024-192
FCBB41-025,BHAK-12233-FCBB,BHAK-12233-FCBB,BHAK-12233-FCBB,Annelida,Polychaeta,,Opheliidae,Ophelininae,,Ophelina,Ophelina acuminata,Morphology,Biologica Environmental Services Taxonomist,,,,,,"Matt Lemay, Heather Earle, Karen Cram, Suzie Christoffel",,urn:lsid:marinespecies.org:taxname:130500,"Örsted, 1843",Animalia,Species,MaterialSample,present,urn:lsid:marinespecies.org:taxname:130500,"Örsted, 1843",Animalia,Species,FCBB41-025-193
FCBB41-026,BHAK-12234-FCBB,BHAK-12234-FCBB,BHAK-12234-FCBB,Annelida,Polychaeta,,Maldanidae,Rhodininae,,Rhodine,Rhodine bitorquata,Morphology,Biologica Environmental Services Taxonomist,,,,,,"Matt Lemay, Heather Earle, Karen Cram, Suzie Christoffel",,urn:lsid:marinespecies.org:taxname:254758,"Moore, 1923",Animalia,Species,MaterialSample,present,urn:lsid:marinespecies.org:taxname:254758,"Moore, 1923",Animalia,Species,FCBB41-026-194
FCBB41-027,BHAK-12196-FCBB,BHAK-12196-FCBB,BHAK-12196-FCBB,Annelida,Polychaeta,Terebellida,Terebellidae,Polycirrinae,,Polycirrus,Polycirrus californicus,Morphology,Biologica Environmental Services Taxonomist,,,Polycirrus californicus complex,,,"Matt Lemay, Heather Earle, Karen Cram, Suzie Christoffel",Polycirrus californicus complex,urn:lsid:marinespecies.org:taxname:330867,"Moore, 1909",Animalia,Species,MaterialSample,present,urn:lsid:marinespecies.org:taxname:330867,"Moore, 1909",Animalia,Species,FCBB41-027-195
FCBB41-028,BHAK-12197-FCBB,BHAK-12197-FCBB,BHAK-12197-FCBB,Annelida,Polychaeta,,Capitellidae,,,Barantolla,Barantolla americana,BOLD ID Engine,Hakai Institute,,,,,,"Matt Lemay, Heather Earle, Karen Cram, Suzie Christoffel","fragmented, can t confirm",urn:lsid:marinespecies.org:taxname:254727,"Hartman, 1963",Animalia,Species,MaterialSample,present,urn:lsid:marinespecies.org:taxname:254727,"Hartman, 1963",Animalia,Species,FCBB41-028-196
FCBB41-029,BHAK-12198-FCBB,BHAK-12198-FCBB,BHAK-12198-FCBB,Annelida,Polychaeta,Eunicida,Lumbrineridae,,,Scoletoma,Scoletoma tetraura,Morphology,Biologica Environmental Services Taxonomist,,,Scoletoma tetraura complex was S. luti,,,"Matt Lemay, Heather Earle, Karen Cram, Suzie Christoffel",Scoletoma tetraura complex was S. luti,urn:lsid:marinespecies.org:taxname:130265,"(Schmarda, 1861)",Animalia,Species,MaterialSample,present,urn:lsid:marinespecies.org:taxname:130265,"(Schmarda, 1861)",Animalia,Species,FCBB41-029-197
FCBB41-030,BHAK-12199-FCBB,BHAK-12199-FCBB,BHAK-12199-FCBB,Annelida,Polychaeta,,Capitellidae,,,Barantolla,Barantolla americana,BOLD ID Engine,Hakai Institute,,,,,midsection,"Matt Lemay, Heather Earle, Karen Cram, Suzie Christoffel",Barantolla sp. nr. americana,urn:lsid:marinespecies.org:taxname:254727,"Hartman, 1963",Animalia,Species,MaterialSample,present,urn:lsid:marinespecies.org:taxname:254727,"Hartman, 1963",Animalia,Species,FCBB41-030-198
FCBB41-031,BHAK-12200-FCBB,BHAK-12200-FCBB,BHAK-12200-FCBB,Annelida,Polychaeta,,Maldanidae,Maldaninae,,Maldane,Maldane sarsi,Morphology,Biologica Environmental Services Taxonomist,,,,,,"Matt Lemay, Heather Earle, Karen Cram, Suzie Christoffel",,urn:lsid:marinespecies.org:taxname:130305,"Malmgren, 1865",Animalia,Species,MaterialSample,present,urn:lsid:marinespecies.org:taxname:130305,"Malmgren, 1865",Animalia,Species,FCBB41-031-199
FCBB41-032,BHAK-12201-FCBB,BHAK-12201-FCBB,BHAK-12201-FCBB,Annelida,Polychaeta,,Capitellidae,,,Heteromastus,Heteromastus filobranchus,BOLD ID Engine,Hakai Institute,,,,,,"Matt Lemay, Heather Earle, Karen Cram, Suzie Christoffel","probably H. filobranchus, no posterior to confirm",urn:lsid:marinespecies.org:taxname:328370,"Berkeley & Berkeley, 1932",Animalia,Species,MaterialSample,present,urn:lsid:marinespecies.org:taxname:328370,"Berkeley & Berkeley, 1932",Animalia,Species,FCBB41-032-200
FCBB41-033,BHAK-12202-FCBB,BHAK-12202-FCBB,BHAK-12202-FCBB,Mollusca,Bivalvia,Nuculida,Nuculidae,,,Ennucula,Ennucula tenuis,BOLD ID Engine,Hakai Institute,,,,,,"Matt Lemay, Heather Earle, Karen Cram, Suzie Christoffel",Scoletoma tetraura complex was S. luti,urn:lsid:marinespecies.org:taxname:140584,"(Montagu, 1808)",Animalia,Species,MaterialSample,present,urn:lsid:marinespecies.org:taxname:140584,"(Montagu, 1808)",Animalia,Species,FCBB41-033-201
FCBB41-034,BHAK-12203-FCBB,BHAK-12203-FCBB,BHAK-12203-FCBB,Annelida,Polychaeta,Spionida,Spionidae,,,Dipolydora,Dipolydora quadrilobata,Morphology,Biologica Environmental Services Taxonomist,,,,,midsection,"Matt Lemay, Heather Earle, Karen Cram, Suzie Christoffel",based on the modified spine on setiger 5,urn:lsid:marinespecies.org:taxname:131121,"(Jacobi, 1883)",Animalia,Species,MaterialSample,present,urn:lsid:marinespecies.org:taxname:131121,"(Jacobi, 1883)",Animalia,Species,FCBB41-034-202
FCBB41-035,BHAK-12204-FCBB,BHAK-12204-FCBB,BHAK-12204-FCBB,Nemertea,Pilidiophora,Heteronemertea,Lineidae,,,Maculaura,Maculaura aquilonia,BOLD ID Engine,Hakai Institute,,,,,,"Matt Lemay, Heather Earle, Karen Cram, Suzie Christoffel",,urn:lsid:marinespecies.org:taxname:894173,"Hiebert & Maslakova, 2015",Animalia,Species,MaterialSample,present,urn:lsid:marinespecies.org:taxname:894173,"Hiebert & Maslakova, 2015",Animalia,Species,FCBB41-035-203
FCBB41-036,BHAK-12241-FCBB,BHAK-12241-FCBB,BHAK-12241-FCBB,Mollusca,Bivalvia,Venerida,Veneridae,Callocardiinae,,Nutricola,Nutricola,BOLD ID Engine,Hakai Institute,,,,,,"Matt Lemay, Heather Earle, Karen Cram, Suzie Christoffel",,urn:lsid:marinespecies.org:taxname:492501,"F. R. Bernard, 1982",Animalia,Genus,MaterialSample,present,urn:lsid:marinespecies.org:taxname:492501,"F. R. Bernard, 1982",Animalia,Genus,FCBB41-036-204
FCBB41-037,BHAK-12242-FCBB,BHAK-12242-FCBB,BHAK-12242-FCBB,Mollusca,Bivalvia,Venerida,Veneridae,Callocardiinae,,Nutricola,Nutricola,BOLD ID Engine,Hakai Institute,,,,,,"Matt Lemay, Heather Earle, Karen Cram, Suzie Christoffel",,urn:lsid:marinespecies.org:taxname:492501,"F. R. Bernard, 1982",Animalia,Genus,MaterialSample,present,urn:lsid:marinespecies.org:taxname:492501,"F. R. Bernard, 1982",Animalia,Genus,FCBB41-037-205
FCBB41-038,BHAK-12243-FCBB,BHAK-12243-FCBB,BHAK-12243-FCBB,Mollusca,Bivalvia,Venerida,Veneridae,Callocardiinae,,Nutricola,Nutricola,BOLD ID Engine,Hakai Institute,,,,,,"Matt Lemay, Heather Earle, Karen Cram, Suzie Christoffel",,urn:lsid:marinespecies.org:taxname:492501,"F. R. Bernard, 1982",Animalia,Genus,MaterialSample,present,urn:lsid:marinespecies.org:taxname:492501,"F. R. Bernard, 1982",Animalia,Genus,FCBB41-038-206
FCBB41-039,BHAK-12244-FCBB,BHAK-12244-FCBB,BHAK-12244-FCBB,Mollusca,Bivalvia,,,,,,Bivalvia,Morphology,Biologica Environmental Services Taxonomist,,,Identifier: Biologica Environmental Services Taxonomist,,,"Matt Lemay, Heather Earle, Karen Cram, Suzie Christoffel",,urn:lsid:marinespecies.org:taxname:105,"Linnaeus, 1758",Animalia,Class,MaterialSample,present,urn:lsid:marinespecies.org:taxname:105,"Linnaeus, 1758",Animalia,Class,FCBB41-039-207
FCBB41-040,BHAK-12245-FCBB,BHAK-12245-FCBB,BHAK-12245-FCBB,Mollusca,Bivalvia,Lucinida,Thyasiridae,,,Axinopsida,Axinopsida serricata,BOLD ID Engine,Hakai Institute,,,,,,"Matt Lemay, Heather Earle, Karen Cram, Suzie Christoffel",,urn:lsid:marinespecies.org:taxname:246819,"(P. P. Carpenter, 1864)",Animalia,Species,MaterialSample,present,urn:lsid:marinespecies.org:taxname:246819,"(P. P. Carpenter, 1864)",Animalia,Species,FCBB41-040-208
FCBB41-041,BHAK-12246-FCBB,BHAK-12246-FCBB,BHAK-12246-FCBB,Mollusca,Bivalvia,Lucinida,Thyasiridae,,,Axinopsida,Axinopsida serricata,BOLD ID Engine,Hakai Institute,,,,,,"Matt Lemay, Heather Earle, Karen Cram, Suzie Christoffel",,urn:lsid:marinespecies.org:taxname:246819,"(P. P. Carpenter, 1864)",Animalia,Species,MaterialSample,present,urn:lsid:marinespecies.org:taxname:246819,"(P. P. Carpenter, 1864)",Animalia,Species,FCBB41-041-209
FCBB41-042,BHAK-12247-FCBB,BHAK-12247-FCBB,BHAK-12247-FCBB,Annelida,Polychaeta,Spionida,Spionidae,,,,Spionidae,Morphology,Biologica Environmental Services Taxonomist,,,,,rear-midsection,"Matt Lemay, Heather Earle, Karen Cram, Suzie Christoffel",,urn:lsid:marinespecies.org:taxname:913,"Grube, 1850",Animalia,Family,MaterialSample,present,urn:lsid:marinespecies.org:taxname:913,"Grube, 1850",Animalia,Family,FCBB41-042-210
FCBB37-026,BHAK-12118-FCBB,BHAK-12118-FCBB,BHAK-12118-FCBB,Annelida,Polychaeta,Phyllodocida,Goniadidae,,,Glycinde,Glycinde picta,Morphology,Biologica Environmental Services Taxonomist,,,,,midsection,"Matt Lemay, Colleen Kellogg, Karen Cram, Suzie Christoffel",,urn:lsid:marinespecies.org:taxname:240625,"Berkeley, 1927",Animalia,Species,MaterialSample,present,urn:lsid:marinespecies.org:taxname:240625,"Berkeley, 1927",Animalia,Species,FCBB37-026-211
FCBB37-027,BHAK-12119-FCBB,BHAK-12119-FCBB,BHAK-12119-FCBB,Annelida,Polychaeta,Eunicida,Lumbrineridae,,,Scoletoma,Scoletoma tetraura,Morphology,Biologica Environmental Services Taxonomist,,,Scoletoma tetraura complex was S. luti,,,"Matt Lemay, Colleen Kellogg, Karen Cram, Suzie Christoffel",Scoletoma tetraura complex was S. luti,urn:lsid:marinespecies.org:taxname:130265,"(Schmarda, 1861)",Animalia,Species,MaterialSample,present,urn:lsid:marinespecies.org:taxname:130265,"(Schmarda, 1861)",Animalia,Species,FCBB37-027-212
FCBB37-028,BHAK-12120-FCBB,BHAK-12120-FCBB,BHAK-12120-FCBB,Arthropoda,Malacostraca,Amphipoda,Melitidae,,,Melita,Melita setiflagella,BOLD ID Engine,Hakai Institute,,,,,,"Matt Lemay, Colleen Kellogg, Karen Cram, Suzie Christoffel",,urn:lsid:marinespecies.org:taxname:537236,"Yamato, 1988",Animalia,Species,MaterialSample,present,urn:lsid:marinespecies.org:taxname:537236,"Yamato, 1988",Animalia,Species,FCBB37-028-213
FCBB37-029,BHAK-12121-FCBB,BHAK-12121-FCBB,BHAK-12121-FCBB,Annelida,Polychaeta,Eunicida,Lumbrineridae,,,Scoletoma,Scoletoma tetraura,Morphology,Biologica Environmental Services Taxonomist,,,Scoletoma tetraura complex was S. luti,,midsection,"Matt Lemay, Colleen Kellogg, Karen Cram, Suzie Christoffel",Scoletoma tetraura complex was S. luti,urn:lsid:marinespecies.org:taxname:130265,"(Schmarda, 1861)",Animalia,Species,MaterialSample,present,urn:lsid:marinespecies.org:taxname:130265,"(Schmarda, 1861)",Animalia,Species,FCBB37-029-214
FCBB37-030,BHAK-12122-FCBB,BHAK-12122-FCBB,BHAK-12122-FCBB,Annelida,Polychaeta,Terebellida,Sternaspidae,,,Sternaspis,Sternaspis affinis,Morphology,Biologica Environmental Services Taxonomist,,,,,dermis,"Matt Lemay, Colleen Kellogg, Karen Cram, Suzie Christoffel",,urn:lsid:marinespecies.org:taxname:338196,"Stimpson, 1864",Animalia,Species,MaterialSample,present,urn:lsid:marinespecies.org:taxname:338196,"Stimpson, 1864",Animalia,Species,FCBB37-030-215
FCBB37-031,BHAK-12123-FCBB,BHAK-12123-FCBB,BHAK-12123-FCBB,Annelida,Polychaeta,Eunicida,Lumbrineridae,,,Scoletoma,Scoletoma tetraura,Morphology,Biologica Environmental Services Taxonomist,,,Scoletoma tetraura complex was S. luti,,midsection,"Matt Lemay, Colleen Kellogg, Karen Cram, Suzie Christoffel",Scoletoma tetraura complex was S. luti,urn:lsid:marinespecies.org:taxname:130265,"(Schmarda, 1861)",Animalia,Species,MaterialSample,present,urn:lsid:marinespecies.org:taxname:130265,"(Schmarda, 1861)",Animalia,Species,FCBB37-031-216
FCBB37-032,BHAK-12124-FCBB,BHAK-12124-FCBB,BHAK-12124-FCBB,Annelida,Polychaeta,Eunicida,Lumbrineridae,,,Scoletoma,Scoletoma tetraura,Morphology,Biologica Environmental Services Taxonomist,,,Scoletoma tetraura complex was S. luti,,midsection,"Matt Lemay, Colleen Kellogg, Karen Cram, Suzie Christoffel",Scoletoma tetraura complex was S. luti,urn:lsid:marinespecies.org:taxname:130265,"(Schmarda, 1861)",Animalia,Species,MaterialSample,present,urn:lsid:marinespecies.org:taxname:130265,"(Schmarda, 1861)",Animalia,Species,FCBB37-032-217
FCBB37-033,BHAK-12125-FCBB,BHAK-12125-FCBB,BHAK-12125-FCBB,Annelida,Polychaeta,Eunicida,Lumbrineridae,,,Scoletoma,Scoletoma tetraura,Morphology,Biologica Environmental Services Taxonomist,,,Scoletoma tetraura complex was S. luti,,,"Matt Lemay, Colleen Kellogg, Karen Cram, Suzie Christoffel",Scoletoma tetraura complex was S. luti,urn:lsid:marinespecies.org:taxname:130265,"(Schmarda, 1861)",Animalia,Species,MaterialSample,present,urn:lsid:marinespecies.org:taxname:130265,"(Schmarda, 1861)",Animalia,Species,FCBB37-033-218
FCBB37-034,BHAK-12126-FCBB,BHAK-12126-FCBB,BHAK-12126-FCBB,Annelida,Polychaeta,Terebellida,Cirratulidae,,,Chaetozone,Chaetozone,Morphology,Biologica Environmental Services Taxonomist,,,Chaetozone sp. N-1 (Ruff),,midsection,"Matt Lemay, Colleen Kellogg, Karen Cram, Suzie Christoffel","Chaetozone sp. N-1 (Ruff) spines on far posterior segments. Although the eyes seem to be faded, it is almost identical to the specimen 12086.",urn:lsid:marinespecies.org:taxname:129242,"Malmgren, 1867",Animalia,Genus,MaterialSample,present,urn:lsid:marinespecies.org:taxname:129242,"Malmgren, 1867",Animalia,Genus,FCBB37-034-219
FCBB37-035,BHAK-12127-FCBB,BHAK-12127-FCBB,BHAK-12127-FCBB,Annelida,Polychaeta,Terebellida,Cirratulidae,,,Chaetozone,Chaetozone,Morphology,Biologica Environmental Services Taxonomist,,,Chaetozone sp. N-1 (Ruff),,midsection,"Matt Lemay, Colleen Kellogg, Karen Cram, Suzie Christoffel","Chaetozone sp. N-1 (Ruff) spines on far posterior segments. Very small eyespot, same as the others",urn:lsid:marinespecies.org:taxname:129242,"Malmgren, 1867",Animalia,Genus,MaterialSample,present,urn:lsid:marinespecies.org:taxname:129242,"Malmgren, 1867",Animalia,Genus,FCBB37-035-220
FCBB37-036,BHAK-12128-FCBB,BHAK-12128-FCBB,BHAK-12128-FCBB,Annelida,Polychaeta,Terebellida,Cirratulidae,,,Chaetozone,Chaetozone,Morphology,Biologica Environmental Services Taxonomist,,,Chaetozone sp. N-1 (Ruff),,midsection,"Matt Lemay, Colleen Kellogg, Karen Cram, Suzie Christoffel","Chaetozone sp. N-1 (Ruff) spines on far posterior segments. Although the eyes seem to be faded, it is almost identical to the specimen 12086.",urn:lsid:marinespecies.org:taxname:129242,"Malmgren, 1867",Animalia,Genus,MaterialSample,present,urn:lsid:marinespecies.org:taxname:129242,"Malmgren, 1867",Animalia,Genus,FCBB37-036-221
FCBB37-037,BHAK-12129-FCBB,BHAK-12129-FCBB,BHAK-12129-FCBB,Annelida,Polychaeta,Terebellida,Cirratulidae,,,Chaetozone,Chaetozone pugettensis,Morphology,Biologica Environmental Services Taxonomist,,,,,midsection,"Matt Lemay, Colleen Kellogg, Karen Cram, Suzie Christoffel",,urn:lsid:marinespecies.org:taxname:834161,"Blake, 2015",Animalia,Species,MaterialSample,present,urn:lsid:marinespecies.org:taxname:834161,"Blake, 2015",Animalia,Species,FCBB37-037-222
FCBB37-038,BHAK-12130-FCBB,BHAK-12130-FCBB,BHAK-12130-FCBB,Annelida,Polychaeta,Terebellida,Cirratulidae,,,Chaetozone,Chaetozone pugettensis,Morphology,Biologica Environmental Services Taxonomist,,,,,midsection,"Matt Lemay, Colleen Kellogg, Karen Cram, Suzie Christoffel",,urn:lsid:marinespecies.org:taxname:834161,"Blake, 2015",Animalia,Species,MaterialSample,present,urn:lsid:marinespecies.org:taxname:834161,"Blake, 2015",Animalia,Species,FCBB37-038-223
FCBB37-039,BHAK-12075-FCBB,BHAK-12075-FCBB,BHAK-12075-FCBB,Annelida,Polychaeta,Terebellida,Cirratulidae,,,Chaetozone,Chaetozone pugettensis,Morphology,Biologica Environmental Services Taxonomist,,,,,midsection,"Matt Lemay, Colleen Kellogg, Karen Cram, Suzie Christoffel",,urn:lsid:marinespecies.org:taxname:834161,"Blake, 2015",Animalia,Species,MaterialSample,present,urn:lsid:marinespecies.org:taxname:834161,"Blake, 2015",Animalia,Species,FCBB37-039-224
FCBB37-040,BHAK-12136-FCBB,BHAK-12136-FCBB,BHAK-12136-FCBB,Annelida,Sipuncula,Golfingiida,Golfingiidae,,,Thysanocardia,Thysanocardia nigra,BOLD ID Engine,Hakai Institute,,,,,midsection,"Matt Lemay, Colleen Kellogg, Karen Cram, Suzie Christoffel",,urn:lsid:marinespecies.org:taxname:266470,"(Ikeda, 1904)",Animalia,Species,MaterialSample,present,urn:lsid:marinespecies.org:taxname:266470,"(Ikeda, 1904)",Animalia,Species,FCBB37-040-225
FCBB37-041,BHAK-12137-FCBB,BHAK-12137-FCBB,BHAK-12137-FCBB,Annelida,Polychaeta,Terebellida,Pectinariidae,,,Cistenides,Cistenides brevicoma,Morphology,Biologica Environmental Services Taxonomist,,,,,midsection,"Matt Lemay, Colleen Kellogg, Karen Cram, Suzie Christoffel",previously ID d as C. granulata of Northern Europe,urn:lsid:marinespecies.org:taxname:332704,"(Johnson, 1901)",Animalia,Species,MaterialSample,present,urn:lsid:marinespecies.org:taxname:332704,"(Johnson, 1901)",Animalia,Species,FCBB37-041-226
FCBB37-042,BHAK-12138-FCBB,BHAK-12138-FCBB,BHAK-12138-FCBB,Annelida,Polychaeta,Terebellida,Cirratulidae,,,Aphelochaeta,Aphelochaeta,Morphology,Biologica Environmental Services Taxonomist,,,possibly A. sp N6 (Ruff) similar to A. tigrina of California,,,"Matt Lemay, Colleen Kellogg, Karen Cram, Suzie Christoffel","could not confirm, but possibly A. sp N6 (Ruff) similar to A. tigrina of California",urn:lsid:marinespecies.org:taxname:129240,"Blake, 1991",Animalia,Genus,MaterialSample,present,urn:lsid:marinespecies.org:taxname:129240,"Blake, 1991",Animalia,Genus,FCBB37-042-227
FCBB37-043,BHAK-12139-FCBB,BHAK-12139-FCBB,BHAK-12139-FCBB,Annelida,Polychaeta,Terebellida,Cirratulidae,,,Aphelochaeta,Aphelochaeta,Morphology,Biologica Environmental Services Taxonomist,,,,,,"Matt Lemay, Colleen Kellogg, Karen Cram, Suzie Christoffel","very elongate peristomium, A. sp 2",urn:lsid:marinespecies.org:taxname:129240,"Blake, 1991",Animalia,Genus,MaterialSample,present,urn:lsid:marinespecies.org:taxname:129240,"Blake, 1991",Animalia,Genus,FCBB37-043-228
FCBB37-044,BHAK-12140-FCBB,BHAK-12140-FCBB,BHAK-12140-FCBB,Annelida,Polychaeta,Terebellida,Cirratulidae,,,Aphelochaeta,Aphelochaeta,Morphology,Biologica Environmental Services Taxonomist,,,"Aphelochaeta sp. N6 (Ruff), similar to A. tigrina of California,",,,"Matt Lemay, Colleen Kellogg, Karen Cram, Suzie Christoffel","Aphelochaeta sp. N6 (Ruff), similar to A. tigrina of California,",urn:lsid:marinespecies.org:taxname:129240,"Blake, 1991",Animalia,Genus,MaterialSample,present,urn:lsid:marinespecies.org:taxname:129240,"Blake, 1991",Animalia,Genus,FCBB37-044-229
FCBB37-045,BHAK-12141-FCBB,BHAK-12141-FCBB,BHAK-12141-FCBB,Mollusca,Bivalvia,Lucinida,Lucinidae,Lucininae,,Parvilucina,Parvilucina tenuisculpta,Morphology,Biologica Environmental Services Taxonomist,,,Identifier: Biologica Environmental Services Taxonomist,,,"Matt Lemay, Colleen Kellogg, Karen Cram, Suzie Christoffel",,urn:lsid:marinespecies.org:taxname:464250,"(P. P. Carpenter, 1864)",Animalia,Species,MaterialSample,present,urn:lsid:marinespecies.org:taxname:464250,"(P. P. Carpenter, 1864)",Animalia,Species,FCBB37-045-230
FCBB37-046,BHAK-12142-FCBB,BHAK-12142-FCBB,BHAK-12142-FCBB,Mollusca,Bivalvia,Lucinida,Lucinidae,Lucininae,,Parvilucina,Parvilucina tenuisculpta,Morphology,Biologica Environmental Services Taxonomist,,,Identifier: Biologica Environmental Services Taxonomist,,,"Matt Lemay, Colleen Kellogg, Karen Cram, Suzie Christoffel",,urn:lsid:marinespecies.org:taxname:464250,"(P. P. Carpenter, 1864)",Animalia,Species,MaterialSample,present,urn:lsid:marinespecies.org:taxname:464250,"(P. P. Carpenter, 1864)",Animalia,Species,FCBB37-046-231
FCBB37-047,BHAK-12143-FCBB,BHAK-12143-FCBB,BHAK-12143-FCBB,Annelida,Polychaeta,,Capitellidae,,,Heteromastus,Heteromastus filobranchus,Morphology,Biologica Environmental Services Taxonomist,,,,,midsection,"Matt Lemay, Colleen Kellogg, Karen Cram, Suzie Christoffel",,urn:lsid:marinespecies.org:taxname:328370,"Berkeley & Berkeley, 1932",Animalia,Species,MaterialSample,present,urn:lsid:marinespecies.org:taxname:328370,"Berkeley & Berkeley, 1932",Animalia,Species,FCBB37-047-232
FCBB37-048,BHAK-12135-FCBB,BHAK-12135-FCBB,BHAK-12135-FCBB,Mollusca,Bivalvia,Lucinida,Lucinidae,Lucininae,,Parvilucina,Parvilucina tenuisculpta,Morphology,Philip Hoover,,,,,,"Matt Lemay, Colleen Kellogg, Karen Cram, Suzie Christoffel",,urn:lsid:marinespecies.org:taxname:464250,"(P. P. Carpenter, 1864)",Animalia,Species,MaterialSample,present,urn:lsid:marinespecies.org:taxname:464250,"(P. P. Carpenter, 1864)",Animalia,Species,FCBB37-048-233
FCBB37-049,BHAK-12134-FCBB,BHAK-12134-FCBB,BHAK-12134-FCBB,Mollusca,Bivalvia,Lucinida,Lucinidae,Lucininae,,Parvilucina,Parvilucina tenuisculpta,Morphology,Philip Hoover,,,,,,"Matt Lemay, Colleen Kellogg, Karen Cram, Suzie Christoffel",tissue degraded,urn:lsid:marinespecies.org:taxname:464250,"(P. P. Carpenter, 1864)",Animalia,Species,MaterialSample,present,urn:lsid:marinespecies.org:taxname:464250,"(P. P. Carpenter, 1864)",Animalia,Species,FCBB37-049-234
FCBB37-050,BHAK-12133-FCBB,BHAK-12133-FCBB,BHAK-12133-FCBB,Mollusca,Bivalvia,Lucinida,Lucinidae,Lucininae,,Parvilucina,Parvilucina tenuisculpta,Morphology,Philip Hoover,,,,,,"Matt Lemay, Colleen Kellogg, Karen Cram, Suzie Christoffel",small,urn:lsid:marinespecies.org:taxname:464250,"(P. P. Carpenter, 1864)",Animalia,Species,MaterialSample,present,urn:lsid:marinespecies.org:taxname:464250,"(P. P. Carpenter, 1864)",Animalia,Species,FCBB37-050-235
FCBB37-051,BHAK-12132-FCBB,BHAK-12132-FCBB,BHAK-12132-FCBB,Mollusca,Bivalvia,Cardiida,Tellinidae,Macominae,,Macoma,Macoma nasuta,Morphology,Philip Hoover,,,,,,"Matt Lemay, Colleen Kellogg, Karen Cram, Suzie Christoffel",,urn:lsid:marinespecies.org:taxname:582761,"(Conrad, 1837)",Animalia,Species,MaterialSample,present,urn:lsid:marinespecies.org:taxname:582761,"(Conrad, 1837)",Animalia,Species,FCBB37-051-236
FCBB37-052,BHAK-12131-FCBB,BHAK-12131-FCBB,BHAK-12131-FCBB,Mollusca,Bivalvia,Cardiida,Tellinidae,Macominae,,Macoma,Macoma nasuta,Morphology,Philip Hoover,,,,,foot,"Matt Lemay, Colleen Kellogg, Karen Cram, Suzie Christoffel",,urn:lsid:marinespecies.org:taxname:582761,"(Conrad, 1837)",Animalia,Species,MaterialSample,present,urn:lsid:marinespecies.org:taxname:582761,"(Conrad, 1837)",Animalia,Species,FCBB37-052-237
FCBB37-053,BHAK-12150-FCBB,BHAK-12150-FCBB,BHAK-12150-FCBB,Mollusca,Bivalvia,Cardiida,Tellinidae,Macominae,,Macoma,Macoma nasuta,Morphology,Philip Hoover,,,,,,"Matt Lemay, Colleen Kellogg, Karen Cram, Suzie Christoffel",,urn:lsid:marinespecies.org:taxname:582761,"(Conrad, 1837)",Animalia,Species,MaterialSample,present,urn:lsid:marinespecies.org:taxname:582761,"(Conrad, 1837)",Animalia,Species,FCBB37-053-238
FCBB39-030,BHAK-12165-FCBB,BHAK-12165-FCBB,BHAK-12165-FCBB,Mollusca,Bivalvia,Cardiida,Tellinidae,Macominae,,Macoma,Macoma nasuta,Morphology,Philip Hoover,,,,,,"Matt Lemay, Heather Earle, Karen Cram, Suzie Christoffel",,urn:lsid:marinespecies.org:taxname:582761,"(Conrad, 1837)",Animalia,Species,MaterialSample,present,urn:lsid:marinespecies.org:taxname:582761,"(Conrad, 1837)",Animalia,Species,FCBB39-030-239
FCBB39-031,BHAK-12164-FCBB,BHAK-12164-FCBB,BHAK-12164-FCBB,Arthropoda,Malacostraca,Cumacea,Diastylidae,,,Diastylis,Diastylis pellucida,BOLD ID Engine,Hakai Institute,,,,To Be Vouchered:Holdup/Private,,"Matt Lemay, Heather Earle, Karen Cram, Suzie Christoffel",,urn:lsid:marinespecies.org:taxname:181974,"Hart, 1930",Animalia,Species,MaterialSample,present,urn:lsid:marinespecies.org:taxname:181974,"Hart, 1930",Animalia,Species,FCBB39-031-240
FCBB39-032,BHAK-12180-FCBB,BHAK-12180-FCBB,BHAK-12180-FCBB,Echinodermata,Holothuroidea,Dendrochirotida,Phyllophoridae,,,Pentamera,Pentamera,Morphology,Philip Hoover,,,,To Be Vouchered:Holdup/Private,,"Matt Lemay, Heather Earle, Karen Cram, Suzie Christoffel",,urn:lsid:marinespecies.org:taxname:123489,"Ayres, 1852",Animalia,Genus,MaterialSample,present,urn:lsid:marinespecies.org:taxname:123489,"Ayres, 1852",Animalia,Genus,FCBB39-032-241
FCBB39-033,BHAK-12179-FCBB,BHAK-12179-FCBB,BHAK-12179-FCBB,Mollusca,Bivalvia,Cardiida,Tellinidae,Macominae,,Macoma,Macoma nasuta,Morphology,Philip Hoover,,,,To Be Vouchered:Holdup/Private,,"Matt Lemay, Heather Earle, Karen Cram, Suzie Christoffel",,urn:lsid:marinespecies.org:taxname:582761,"(Conrad, 1837)",Animalia,Species,MaterialSample,present,urn:lsid:marinespecies.org:taxname:582761,"(Conrad, 1837)",Animalia,Species,FCBB39-033-242
FCBB39-034,BHAK-12178-FCBB,BHAK-12178-FCBB,BHAK-12178-FCBB,Mollusca,Bivalvia,Lucinida,Lucinidae,Lucininae,,Parvilucina,Parvilucina tenuisculpta,Morphology,Philip Hoover,,,,To Be Vouchered:Holdup/Private,,"Matt Lemay, Heather Earle, Karen Cram, Suzie Christoffel",,urn:lsid:marinespecies.org:taxname:464250,"(P. P. Carpenter, 1864)",Animalia,Species,MaterialSample,present,urn:lsid:marinespecies.org:taxname:464250,"(P. P. Carpenter, 1864)",Animalia,Species,FCBB39-034-243
FCBB39-035,BHAK-12177-FCBB,BHAK-12177-FCBB,BHAK-12177-FCBB,Mollusca,Bivalvia,Nuculanida,Yoldiidae,,,Yoldia,Yoldia aeolica,BOLD ID Engine,Hakai Institute,,,formerly: Yoldia scissurata,To Be Vouchered:Holdup/Private,,"Matt Lemay, Heather Earle, Karen Cram, Suzie Christoffel",,urn:lsid:marinespecies.org:taxname:867964,"(Valenciennes, 1846)",Animalia,Species,MaterialSample,present,urn:lsid:marinespecies.org:taxname:867964,"(Valenciennes, 1846)",Animalia,Species,FCBB39-035-244
FCBB38-017,BHAK-12176-FCBB,BHAK-12176-FCBB,BHAK-12176-FCBB,Arthropoda,Malacostraca,Amphipoda,Aoridae,,,Grandidierella,Grandidierella japonica,Morphology,Philip Hoover,M,,,,,"Matt Whalen, Alyssa Gehman, Kate Henderson, Faye Manning, Kelly Fretwell, Noriko Okamoto",,urn:lsid:marinespecies.org:taxname:238740,"Stephensen, 1938",Animalia,Species,MaterialSample,present,urn:lsid:marinespecies.org:taxname:238740,"Stephensen, 1938",Animalia,Species,FCBB38-017-245
FCBB38-018,BHAK-12175-FCBB,BHAK-12175-FCBB,BHAK-12175-FCBB,Arthropoda,Malacostraca,Amphipoda,Aoridae,,,Grandidierella,Grandidierella japonica,Morphology,Philip Hoover,,,,,,"Matt Whalen, Alyssa Gehman, Kate Henderson, Faye Manning, Kelly Fretwell, Noriko Okamoto",,urn:lsid:marinespecies.org:taxname:238740,"Stephensen, 1938",Animalia,Species,MaterialSample,present,urn:lsid:marinespecies.org:taxname:238740,"Stephensen, 1938",Animalia,Species,FCBB38-018-246
FCBB41-043,BHAK-12174-FCBB,BHAK-12174-FCBB,BHAK-12174-FCBB,Arthropoda,Malacostraca,Decapoda,Pinnotheridae,Pinnixinae,,Scleroplax,Scleroplax schmitti,BOLD ID Engine,Hakai Institute,,,formerly: Pinnixa schmitti,To Be Vouchered:Holdup/Private,,"Matt Lemay, Heather Earle, Karen Cram, Suzie Christoffel",,urn:lsid:marinespecies.org:taxname:1424669,"(Rathbun, 1918)",Animalia,Species,MaterialSample,present,urn:lsid:marinespecies.org:taxname:1424669,"(Rathbun, 1918)",Animalia,Species,FCBB41-043-247
FCBB38-019,BHAK-12173-FCBB,BHAK-12173-FCBB,BHAK-12173-FCBB,Arthropoda,Malacostraca,Amphipoda,Aoridae,,,Grandidierella,Grandidierella japonica,Morphology,Philip Hoover,,,,,,"Matt Whalen, Alyssa Gehman, Kate Henderson, Faye Manning, Kelly Fretwell, Noriko Okamoto",,urn:lsid:marinespecies.org:taxname:238740,"Stephensen, 1938",Animalia,Species,MaterialSample,present,urn:lsid:marinespecies.org:taxname:238740,"Stephensen, 1938",Animalia,Species,FCBB38-019-248
FCBB38-020,BHAK-12240-FCBB,BHAK-12240-FCBB,BHAK-12240-FCBB,Arthropoda,Malacostraca,Amphipoda,Aoridae,,,Grandidierella,Grandidierella japonica,Morphology,Philip Hoover,,,,,,"Matt Whalen, Alyssa Gehman, Kate Henderson, Faye Manning, Kelly Fretwell, Noriko Okamoto",,urn:lsid:marinespecies.org:taxname:238740,"Stephensen, 1938",Animalia,Species,MaterialSample,present,urn:lsid:marinespecies.org:taxname:238740,"Stephensen, 1938",Animalia,Species,FCBB38-020-249
FCBB38-021,BHAK-12239-FCBB,BHAK-12239-FCBB,BHAK-12239-FCBB,Arthropoda,Malacostraca,Amphipoda,Aoridae,,,Grandidierella,Grandidierella japonica,Morphology,Philip Hoover,,,,,,"Matt Whalen, Alyssa Gehman, Kate Henderson, Faye Manning, Kelly Fretwell, Noriko Okamoto",,urn:lsid:marinespecies.org:taxname:238740,"Stephensen, 1938",Animalia,Species,MaterialSample,present,urn:lsid:marinespecies.org:taxname:238740,"Stephensen, 1938",Animalia,Species,FCBB38-021-250
FCBB38-022,BHAK-12238-FCBB,BHAK-12238-FCBB,BHAK-12238-FCBB,Arthropoda,Malacostraca,Amphipoda,Ampithoidae,,,Ampithoe,Ampithoe valida,Morphology,Philip Hoover,,,,,,"Matt Whalen, Alyssa Gehman, Kate Henderson, Faye Manning, Kelly Fretwell, Noriko Okamoto",,urn:lsid:marinespecies.org:taxname:102005,"S.I. Smith, 1873",Animalia,Species,MaterialSample,present,urn:lsid:marinespecies.org:taxname:102005,"S.I. Smith, 1873",Animalia,Species,FCBB38-022-251
FCBB38-023,BHAK-12237-FCBB,BHAK-12237-FCBB,BHAK-12237-FCBB,Arthropoda,Malacostraca,Amphipoda,Ampithoidae,,,Ampithoe,Ampithoe valida,Morphology,Philip Hoover,,,,,,"Matt Whalen, Alyssa Gehman, Kate Henderson, Faye Manning, Kelly Fretwell, Noriko Okamoto",,urn:lsid:marinespecies.org:taxname:102005,"S.I. Smith, 1873",Animalia,Species,MaterialSample,present,urn:lsid:marinespecies.org:taxname:102005,"S.I. Smith, 1873",Animalia,Species,FCBB38-023-252
FCBB38-024,BHAK-12236-FCBB,BHAK-12236-FCBB,BHAK-12236-FCBB,Arthropoda,Malacostraca,Amphipoda,Ampithoidae,,,Ampithoe,Ampithoe,Morphology,Philip Hoover,,,,,,"Matt Whalen, Alyssa Gehman, Kate Henderson, Faye Manning, Kelly Fretwell, Noriko Okamoto",,urn:lsid:marinespecies.org:taxname:101459,"Leach, 1814",Animalia,Genus,MaterialSample,present,urn:lsid:marinespecies.org:taxname:101459,"Leach, 1814",Animalia,Genus,FCBB38-024-253
FCBB38-025,BHAK-12235-FCBB,BHAK-12235-FCBB,BHAK-12235-FCBB,Arthropoda,Malacostraca,Amphipoda,Pontogeneiidae,,,Paramoera,Paramoera,Morphology,Philip Hoover,,,,,,"Matt Whalen, Alyssa Gehman, Kate Henderson, Faye Manning, Kelly Fretwell, Noriko Okamoto",,urn:lsid:marinespecies.org:taxname:176958,"Miers, 1875",Animalia,Genus,MaterialSample,present,urn:lsid:marinespecies.org:taxname:176958,"Miers, 1875",Animalia,Genus,FCBB38-025-254
FCBB38-026,BHAK-12270-FCBB,BHAK-12270-FCBB,BHAK-12270-FCBB,Arthropoda,Malacostraca,Amphipoda,Ampithoidae,,,,Ampithoidae,Morphology,Philip Hoover,,juvenile,,,,"Matt Whalen, Alyssa Gehman, Kate Henderson, Faye Manning, Kelly Fretwell, Noriko Okamoto",,urn:lsid:marinespecies.org:taxname:101366,"Boeck, 1871",Animalia,Family,MaterialSample,present,urn:lsid:marinespecies.org:taxname:101366,"Boeck, 1871",Animalia,Family,FCBB38-026-255
FCBB38-027,BHAK-12265-FCBB,BHAK-12265-FCBB,BHAK-12265-FCBB,Arthropoda,Malacostraca,Amphipoda,Corophiidae,Corophiinae,Corophiini,Monocorophium,Monocorophium insidiosum,Morphology,Philip Hoover,,,,,,"Matt Whalen, Alyssa Gehman, Kate Henderson, Faye Manning, Kelly Fretwell, Noriko Okamoto",,urn:lsid:marinespecies.org:taxname:148592,"(Crawford, 1937)",Animalia,Species,MaterialSample,present,urn:lsid:marinespecies.org:taxname:148592,"(Crawford, 1937)",Animalia,Species,FCBB38-027-256
FCBB41-044,BHAK-12266-FCBB,BHAK-12266-FCBB,BHAK-12266-FCBB,Arthropoda,Malacostraca,Amphipoda,Ampeliscidae,,,Ampelisca,Ampelisca hancocki,BOLD ID Engine,Hakai Institute,,,,To Be Vouchered:Holdup/Private,,"Matt Lemay, Heather Earle, Karen Cram, Suzie Christoffel",,urn:lsid:marinespecies.org:taxname:422990,"J.L. Barnard, 1954",Animalia,Species,MaterialSample,present,urn:lsid:marinespecies.org:taxname:422990,"J.L. Barnard, 1954",Animalia,Species,FCBB41-044-257
FCBB41-045,BHAK-12268-FCBB,BHAK-12268-FCBB,BHAK-12268-FCBB,Mollusca,Bivalvia,Nuculida,Nuculidae,,,Acila,Acila castrensis,Morphology,Philip Hoover,,,,,,"Matt Lemay, Heather Earle, Karen Cram, Suzie Christoffel",,urn:lsid:marinespecies.org:taxname:506568,"(Hinds, 1843)",Animalia,Species,MaterialSample,present,urn:lsid:marinespecies.org:taxname:506568,"(Hinds, 1843)",Animalia,Species,FCBB41-045-258
FCBB41-046,BHAK-12269-FCBB,BHAK-12269-FCBB,BHAK-12269-FCBB,Mollusca,Bivalvia,Nuculida,Nuculidae,,,Ennucula,Ennucula tenuis,Morphology,Philip Hoover,,,,,,"Matt Lemay, Heather Earle, Karen Cram, Suzie Christoffel",,urn:lsid:marinespecies.org:taxname:140584,"(Montagu, 1808)",Animalia,Species,MaterialSample,present,urn:lsid:marinespecies.org:taxname:140584,"(Montagu, 1808)",Animalia,Species,FCBB41-046-259
FCBB41-047,BHAK-12295-FCBB,BHAK-12295-FCBB,BHAK-12295-FCBB,Mollusca,Bivalvia,Cardiida,Cardiidae,Clinocardiinae,,Clinocardium,Clinocardium nuttallii,Morphology,Philip Hoover,,juvenile,,,,"Matt Lemay, Heather Earle, Karen Cram, Suzie Christoffel",,urn:lsid:marinespecies.org:taxname:381980,"(Conrad, 1837)",Animalia,Species,MaterialSample,present,urn:lsid:marinespecies.org:taxname:381980,"(Conrad, 1837)",Animalia,Species,FCBB41-047-260
FCBB41-048,BHAK-12300-FCBB,BHAK-12300-FCBB,BHAK-12300-FCBB,Mollusca,Bivalvia,Adapedonta,Solenidae,,,Solen,Solen sicarius,BOLD ID Engine,Hakai Institute,,juvenile,,,,"Matt Lemay, Heather Earle, Karen Cram, Suzie Christoffel",,urn:lsid:marinespecies.org:taxname:413523,"Gould, 1850",Animalia,Species,MaterialSample,present,urn:lsid:marinespecies.org:taxname:413523,"Gould, 1850",Animalia,Species,FCBB41-048-261
FCBB41-049,BHAK-12299-FCBB,BHAK-12299-FCBB,BHAK-12299-FCBB,Mollusca,Bivalvia,Cardiida,Cardiidae,Clinocardiinae,,Clinocardium,Clinocardium nuttallii,Morphology,Philip Hoover,,,,,,"Matt Lemay, Heather Earle, Karen Cram, Suzie Christoffel",,urn:lsid:marinespecies.org:taxname:381980,"(Conrad, 1837)",Animalia,Species,MaterialSample,present,urn:lsid:marinespecies.org:taxname:381980,"(Conrad, 1837)",Animalia,Species,FCBB41-049-262
FCBB41-050,BHAK-12298-FCBB,BHAK-12298-FCBB,BHAK-12298-FCBB,Mollusca,Bivalvia,Cardiida,Cardiidae,Clinocardiinae,,Clinocardium,Clinocardium nuttallii,Morphology,Philip Hoover,,,,,,"Matt Lemay, Heather Earle, Karen Cram, Suzie Christoffel",,urn:lsid:marinespecies.org:taxname:381980,"(Conrad, 1837)",Animalia,Species,MaterialSample,present,urn:lsid:marinespecies.org:taxname:381980,"(Conrad, 1837)",Animalia,Species,FCBB41-050-263
FCBB41-051,BHAK-12297-FCBB,BHAK-12297-FCBB,BHAK-12297-FCBB,Mollusca,Bivalvia,Cardiida,Cardiidae,Clinocardiinae,,Clinocardium,Clinocardium nuttallii,Morphology,Philip Hoover,,,,,,"Matt Lemay, Heather Earle, Karen Cram, Suzie Christoffel",,urn:lsid:marinespecies.org:taxname:381980,"(Conrad, 1837)",Animalia,Species,MaterialSample,present,urn:lsid:marinespecies.org:taxname:381980,"(Conrad, 1837)",Animalia,Species,FCBB41-051-264
FCBB42-013,BHAK-12296-FCBB,BHAK-12296-FCBB,BHAK-12296-FCBB,Arthropoda,Malacostraca,Amphipoda,Photidae,,,Photis,Photis,Morphology,Philip Hoover,F,,,,,"Matt Lemay, Heather Earle, Karen Cram, Suzie Christoffel",,urn:lsid:marinespecies.org:taxname:101563,"Krøyer, 1842",Animalia,Genus,MaterialSample,present,urn:lsid:marinespecies.org:taxname:101563,"Krøyer, 1842",Animalia,Genus,FCBB42-013-265
FCBB41-052,BHAK-12267-FCBB,BHAK-12267-FCBB,BHAK-12267-FCBB,Arthropoda,Ostracoda,Myodocopida,Philomedidae,,,Euphilomedes,Euphilomedes carcharodonta,Morphology,Philip Hoover,,,,,,"Matt Lemay, Heather Earle, Karen Cram, Suzie Christoffel",,urn:lsid:marinespecies.org:taxname:451216,"(Smith, 1952)",Animalia,Species,MaterialSample,present,urn:lsid:marinespecies.org:taxname:451216,"(Smith, 1952)",Animalia,Species,FCBB41-052-266
FCBB41-053,BHAK-12316-FCBB,BHAK-12316-FCBB,BHAK-12316-FCBB,Arthropoda,Ostracoda,Myodocopida,Philomedidae,,,Euphilomedes,Euphilomedes carcharodonta,Morphology,Philip Hoover,,,,,,"Matt Lemay, Heather Earle, Karen Cram, Suzie Christoffel",,urn:lsid:marinespecies.org:taxname:451216,"(Smith, 1952)",Animalia,Species,MaterialSample,present,urn:lsid:marinespecies.org:taxname:451216,"(Smith, 1952)",Animalia,Species,FCBB41-053-267
FCBB41-054,BHAK-12317-FCBB,BHAK-12317-FCBB,BHAK-12317-FCBB,Arthropoda,Ostracoda,Myodocopida,Philomedidae,,,Euphilomedes,Euphilomedes carcharodonta,Morphology,Philip Hoover,,,,,,"Matt Lemay, Heather Earle, Karen Cram, Suzie Christoffel","3 pairs large, 2nd claw",urn:lsid:marinespecies.org:taxname:451216,"(Smith, 1952)",Animalia,Species,MaterialSample,present,urn:lsid:marinespecies.org:taxname:451216,"(Smith, 1952)",Animalia,Species,FCBB41-054-268
FCBB41-055,BHAK-12318-FCBB,BHAK-12318-FCBB,BHAK-12318-FCBB,Arthropoda,Ostracoda,Myodocopida,Philomedidae,,,Euphilomedes,Euphilomedes carcharodonta,Morphology,Philip Hoover,,,,,,"Matt Lemay, Heather Earle, Karen Cram, Suzie Christoffel",,urn:lsid:marinespecies.org:taxname:451216,"(Smith, 1952)",Animalia,Species,MaterialSample,present,urn:lsid:marinespecies.org:taxname:451216,"(Smith, 1952)",Animalia,Species,FCBB41-055-269
FCBB43-001,BHAK-12319-FCBB,BHAK-12319-FCBB,BHAK-12319-FCBB,Mollusca,Bivalvia,Adapedonta,Solenidae,,,Solen,Solen sicarius,BOLD ID Engine,Hakai Institute,,,,,,"Matt Lemay, Heather Earle, Karen Cram, Suzie Christoffel",,urn:lsid:marinespecies.org:taxname:413523,"Gould, 1850",Animalia,Species,MaterialSample,present,urn:lsid:marinespecies.org:taxname:413523,"Gould, 1850",Animalia,Species,FCBB43-001-270
FCBB42-014,BHAK-12320-FCBB,BHAK-12320-FCBB,BHAK-12320-FCBB,Mollusca,Bivalvia,Cardiida,Tellinidae,Macominae,,Macoma,Macoma,BOLD ID Engine,Hakai Institute,,,,,,"Matt Lemay, Heather Earle, Karen Cram, Suzie Christoffel",,urn:lsid:marinespecies.org:taxname:138531,"Leach, 1819",Animalia,Genus,MaterialSample,present,urn:lsid:marinespecies.org:taxname:138531,"Leach, 1819",Animalia,Genus,FCBB42-014-271
FCBB42-015,BHAK-12321-FCBB,BHAK-12321-FCBB,BHAK-12321-FCBB,Mollusca,Bivalvia,Cardiida,Tellinidae,Macominae,,Macoma,Macoma,BOLD ID Engine,Hakai Institute,,,,,,"Matt Lemay, Heather Earle, Karen Cram, Suzie Christoffel",,urn:lsid:marinespecies.org:taxname:138531,"Leach, 1819",Animalia,Genus,MaterialSample,present,urn:lsid:marinespecies.org:taxname:138531,"Leach, 1819",Animalia,Genus,FCBB42-015-272
FCBB42-016,BHAK-12322-FCBB,BHAK-12322-FCBB,BHAK-12322-FCBB,Mollusca,Bivalvia,Venerida,Mactridae,Lutrariinae,,Tresus,Tresus,BOLD ID Engine,Hakai Institute,,,,,,"Matt Lemay, Heather Earle, Karen Cram, Suzie Christoffel",,urn:lsid:marinespecies.org:taxname:367775,"J. E. Gray, 1853",Animalia,Genus,MaterialSample,present,urn:lsid:marinespecies.org:taxname:367775,"J. E. Gray, 1853",Animalia,Genus,FCBB42-016-273
FCBB42-017,BHAK-12323-FCBB,BHAK-12323-FCBB,BHAK-12323-FCBB,Mollusca,Bivalvia,Cardiida,Tellinidae,Macominae,,Macoma,Macoma,BOLD ID Engine,Hakai Institute,,,,,,"Matt Lemay, Heather Earle, Karen Cram, Suzie Christoffel",,urn:lsid:marinespecies.org:taxname:138531,"Leach, 1819",Animalia,Genus,MaterialSample,present,urn:lsid:marinespecies.org:taxname:138531,"Leach, 1819",Animalia,Genus,FCBB42-017-274
FCBB41-056,BHAK-12248-FCBB,BHAK-12248-FCBB,BHAK-12248-FCBB,Annelida,Polychaeta,,Maldanidae,Euclymeninae,,Euclymene,Euclymene,Morphology,Biologica Environmental Services Taxonomist,,,Euclymene sp. nr. zonalis,,,"Matt Lemay, Heather Earle, Karen Cram, Suzie Christoffel",Euclymene sp. nr. zonalis,urn:lsid:marinespecies.org:taxname:129347,"Verrill, 1900",Animalia,Genus,MaterialSample,present,urn:lsid:marinespecies.org:taxname:129347,"Verrill, 1900",Animalia,Genus,FCBB41-056-275
FCBB41-057,BHAK-12249-FCBB,BHAK-12249-FCBB,BHAK-12249-FCBB,Annelida,Polychaeta,Terebellida,Terebellidae,Polycirrinae,,Polycirrus,Polycirrus,Morphology,Biologica Environmental Services Taxonomist,,,,,,"Matt Lemay, Heather Earle, Karen Cram, Suzie Christoffel","damaged, no mid and posterior sections",urn:lsid:marinespecies.org:taxname:129710,"Grube, 1850",Animalia,Genus,MaterialSample,present,urn:lsid:marinespecies.org:taxname:129710,"Grube, 1850",Animalia,Genus,FCBB41-057-276
FCBB41-058,BHAK-12250-FCBB,BHAK-12250-FCBB,BHAK-12250-FCBB,Annelida,Polychaeta,Spionida,Magelonidae,,,Magelona,Magelona longicornis,BOLD ID Engine,Hakai Institute,,,,,,"Matt Lemay, Heather Earle, Karen Cram, Suzie Christoffel",Magelona longicornis longicornis,urn:lsid:marinespecies.org:taxname:254749,"Johnson, 1901",Animalia,Species,MaterialSample,present,urn:lsid:marinespecies.org:taxname:254749,"Johnson, 1901",Animalia,Species,FCBB41-058-277
FCBB41-059,BHAK-12251-FCBB,BHAK-12251-FCBB,BHAK-12251-FCBB,Annelida,Polychaeta,,Maldanidae,Maldaninae,,Maldane,Maldane sarsi,Morphology,Biologica Environmental Services Taxonomist,,,,,,"Matt Lemay, Heather Earle, Karen Cram, Suzie Christoffel",,urn:lsid:marinespecies.org:taxname:130305,"Malmgren, 1865",Animalia,Species,MaterialSample,present,urn:lsid:marinespecies.org:taxname:130305,"Malmgren, 1865",Animalia,Species,FCBB41-059-278
FCBB41-060,BHAK-12252-FCBB,BHAK-12252-FCBB,BHAK-12252-FCBB,Annelida,Polychaeta,,Maldanidae,,,,Maldanidae,Morphology,Biologica Environmental Services Taxonomist,,,,,,"Matt Lemay, Heather Earle, Karen Cram, Suzie Christoffel","Maldanidae indet., damaged, possibly Rhodine?",urn:lsid:marinespecies.org:taxname:923,"Malmgren, 1867",Animalia,Family,MaterialSample,present,urn:lsid:marinespecies.org:taxname:923,"Malmgren, 1867",Animalia,Family,FCBB41-060-279
FCBB41-061,BHAK-12253-FCBB,BHAK-12253-FCBB,BHAK-12253-FCBB,Annelida,Polychaeta,Phyllodocida,Glyceridae,,,Glycera,Glycera nana,Morphology,Biologica Environmental Services Taxonomist,,,,,,"Matt Lemay, Heather Earle, Karen Cram, Suzie Christoffel",,urn:lsid:marinespecies.org:taxname:328132,"Johnson, 1901",Animalia,Species,MaterialSample,present,urn:lsid:marinespecies.org:taxname:328132,"Johnson, 1901",Animalia,Species,FCBB41-061-280
FCBB41-062,BHAK-12254-FCBB,BHAK-12254-FCBB,BHAK-12254-FCBB,Annelida,Polychaeta,Phyllodocida,Sigalionidae,Pholoinae,,Pholoe,Pholoe,BOLD ID Engine,Hakai Institute,,,,,,"Matt Lemay, Heather Earle, Karen Cram, Suzie Christoffel",no posterior,urn:lsid:marinespecies.org:taxname:129439,"Johnston, 1839",Animalia,Genus,MaterialSample,present,urn:lsid:marinespecies.org:taxname:129439,"Johnston, 1839",Animalia,Genus,FCBB41-062-281
FCBB41-063,BHAK-12255-FCBB,BHAK-12255-FCBB,BHAK-12255-FCBB,Annelida,Polychaeta,,Maldanidae,Euclymeninae,,Praxillella,Praxillella gracilis,Morphology,Biologica Environmental Services Taxonomist,,,,,,"Matt Lemay, Heather Earle, Karen Cram, Suzie Christoffel",,urn:lsid:marinespecies.org:taxname:130324,"(M. Sars, 1861)",Animalia,Species,MaterialSample,present,urn:lsid:marinespecies.org:taxname:130324,"(M. Sars, 1861)",Animalia,Species,FCBB41-063-282
FCBB41-064,BHAK-12256-FCBB,BHAK-12256-FCBB,BHAK-12256-FCBB,Annelida,Polychaeta,Spionida,Spionidae,,,Spiophanes,Spiophanes berkeleyorum,Morphology,Biologica Environmental Services Taxonomist,,,,,,"Matt Lemay, Heather Earle, Karen Cram, Suzie Christoffel",,urn:lsid:marinespecies.org:taxname:334829,"Pettibone, 1962",Animalia,Species,MaterialSample,present,urn:lsid:marinespecies.org:taxname:334829,"Pettibone, 1962",Animalia,Species,FCBB41-064-283
FCBB42-018,BHAK-12257-FCBB,BHAK-12257-FCBB,BHAK-12257-FCBB,Annelida,Polychaeta,Phyllodocida,Sigalionidae,Pholoinae,,Pholoe,Pholoe,BOLD ID Engine,Hakai Institute,,,,,,"Matt Lemay, Heather Earle, Karen Cram, Suzie Christoffel",Pholoe sp. N-1 (Ruff),urn:lsid:marinespecies.org:taxname:129439,"Johnston, 1839",Animalia,Genus,MaterialSample,present,urn:lsid:marinespecies.org:taxname:129439,"Johnston, 1839",Animalia,Genus,FCBB42-018-284
FCBB42-019,BHAK-12258-FCBB,BHAK-12258-FCBB,BHAK-12258-FCBB,Annelida,Polychaeta,Phyllodocida,Glyceridae,,,Glycera,Glycera americana,Morphology,Biologica Environmental Services Taxonomist,,,,,,"Matt Lemay, Heather Earle, Karen Cram, Suzie Christoffel","with large dark 4 jaws, small, juv,",urn:lsid:marinespecies.org:taxname:157388,"Leidy, 1855",Animalia,Species,MaterialSample,present,urn:lsid:marinespecies.org:taxname:157388,"Leidy, 1855",Animalia,Species,FCBB42-019-285
FCBB42-020,BHAK-12259-FCBB,BHAK-12259-FCBB,BHAK-12259-FCBB,Annelida,Polychaeta,Polychaeta_incertae_sedis,Orbiniidae,Orbiniinae,,Leitoscoloplos,Leitoscoloplos pugettensis,Morphology,Biologica Environmental Services Taxonomist,,,,,,"Matt Lemay, Heather Earle, Karen Cram, Suzie Christoffel",,urn:lsid:marinespecies.org:taxname:254746,"(Pettibone, 1957)",Animalia,Species,MaterialSample,present,urn:lsid:marinespecies.org:taxname:254746,"(Pettibone, 1957)",Animalia,Species,FCBB42-020-286
FCBB42-021,BHAK-12260-FCBB,BHAK-12260-FCBB,BHAK-12260-FCBB,Annelida,Polychaeta,Phyllodocida,Goniadidae,,,Glycinde,Glycinde picta,Morphology,Biologica Environmental Services Taxonomist,,,,,,"Matt Lemay, Heather Earle, Karen Cram, Suzie Christoffel",,urn:lsid:marinespecies.org:taxname:240625,"Berkeley, 1927",Animalia,Species,MaterialSample,present,urn:lsid:marinespecies.org:taxname:240625,"Berkeley, 1927",Animalia,Species,FCBB42-021-287
FCBB42-022,BHAK-12261-FCBB,BHAK-12261-FCBB,BHAK-12261-FCBB,Annelida,Polychaeta,Eunicida,Lumbrineridae,,,Scoletoma,Scoletoma tetraura,Morphology,Biologica Environmental Services Taxonomist,,,Scoletoma tetraura complex,,,"Matt Lemay, Heather Earle, Karen Cram, Suzie Christoffel","Scoletoma tetraura complex, posterior",urn:lsid:marinespecies.org:taxname:130265,"(Schmarda, 1861)",Animalia,Species,MaterialSample,present,urn:lsid:marinespecies.org:taxname:130265,"(Schmarda, 1861)",Animalia,Species,FCBB42-022-288
FCBB42-023,BHAK-12262-FCBB,BHAK-12262-FCBB,BHAK-12262-FCBB,Annelida,Polychaeta,,Scalibregmatidae,,,Scalibregma,Scalibregma californicum,Morphology,Biologica Environmental Services Taxonomist,,,,,,"Matt Lemay, Heather Earle, Karen Cram, Suzie Christoffel","seems to have spine on set 1, S. inflatum is northern europe species",urn:lsid:marinespecies.org:taxname:331210,"Blake, 2000",Animalia,Species,MaterialSample,present,urn:lsid:marinespecies.org:taxname:331210,"Blake, 2000",Animalia,Species,FCBB42-023-289
FCBB42-024,BHAK-12263-FCBB,BHAK-12263-FCBB,BHAK-12263-FCBB,Annelida,Polychaeta,Eunicida,Lumbrineridae,,,Scoletoma,Scoletoma tetraura,Morphology,Biologica Environmental Services Taxonomist,,,Scoletoma tetraura complex,,,"Matt Lemay, Heather Earle, Karen Cram, Suzie Christoffel",Scoletoma tetraura complex,urn:lsid:marinespecies.org:taxname:130265,"(Schmarda, 1861)",Animalia,Species,MaterialSample,present,urn:lsid:marinespecies.org:taxname:130265,"(Schmarda, 1861)",Animalia,Species,FCBB42-024-290
FCBB41-065,BHAK-12205-FCBB,BHAK-12205-FCBB,BHAK-12205-FCBB,Nemertea,Pilidiophora,Heteronemertea,Lineidae,,,Maculaura,Maculaura aquilonia,BOLD ID Engine,Hakai Institute,,,,,midsection,"Matt Lemay, Heather Earle, Karen Cram, Suzie Christoffel",,urn:lsid:marinespecies.org:taxname:894173,"Hiebert & Maslakova, 2015",Animalia,Species,MaterialSample,present,urn:lsid:marinespecies.org:taxname:894173,"Hiebert & Maslakova, 2015",Animalia,Species,FCBB41-065-291
FCBB41-066,BHAK-12206-FCBB,BHAK-12206-FCBB,BHAK-12206-FCBB,Nemertea,Pilidiophora,Heteronemertea,Lineidae,,,Maculaura,Maculaura magna,BOLD ID Engine,Hakai Institute,,,,,,"Matt Lemay, Heather Earle, Karen Cram, Suzie Christoffel",e-voucher,urn:lsid:marinespecies.org:taxname:894175,"Hiebert & Maslakova, 2015",Animalia,Species,MaterialSample,present,urn:lsid:marinespecies.org:taxname:894175,"Hiebert & Maslakova, 2015",Animalia,Species,FCBB41-066-292
FCBB41-067,BHAK-12207-FCBB,BHAK-12207-FCBB,BHAK-12207-FCBB,Nemertea,Pilidiophora,Heteronemertea,Lineidae,,,,Lineidae,Morphology,Biologica Environmental Services Taxonomist,,,,,midsection,"Matt Lemay, Heather Earle, Karen Cram, Suzie Christoffel",,urn:lsid:marinespecies.org:taxname:122314,"McIntosh, 1874",Animalia,Family,MaterialSample,present,urn:lsid:marinespecies.org:taxname:122314,"McIntosh, 1874",Animalia,Family,FCBB41-067-293
FCBB41-068,BHAK-12208-FCBB,BHAK-12208-FCBB,BHAK-12208-FCBB,Nemertea,Hoplonemertea,,,,,,Hoplonemertea,Morphology,Biologica Environmental Services Taxonomist,,,,,,"Matt Lemay, Heather Earle, Karen Cram, Suzie Christoffel","Initially thought it was Zygonemerteas when alive, but when dead the head is contracted and the eyes don t appear to extend as far back, can t find stylet to verify",urn:lsid:marinespecies.org:taxname:122309,"Hubrecht, 1879",Animalia,Class,MaterialSample,present,urn:lsid:marinespecies.org:taxname:122309,"Hubrecht, 1879",Animalia,Class,FCBB41-068-294
FCBB41-069,BHAK-12271-FCBB,BHAK-12271-FCBB,BHAK-12271-FCBB,Echinodermata,Ophiuroidea,Amphilepidida,Amphiuridae,,,Amphiodia,Amphiodia,Morphology,Biologica Environmental Services Taxonomist,,,,,,"Matt Lemay, Heather Earle, Karen Cram, Suzie Christoffel",,urn:lsid:marinespecies.org:taxname:172595,"Verrill, 1899",Animalia,Genus,MaterialSample,present,urn:lsid:marinespecies.org:taxname:172595,"Verrill, 1899",Animalia,Genus,FCBB41-069-295
FCBB41-070,BHAK-12272-FCBB,BHAK-12272-FCBB,BHAK-12272-FCBB,Echinodermata,Ophiuroidea,Amphilepidida,Amphiuridae,,,Amphiodia,Amphiodia,Morphology,Biologica Environmental Services Taxonomist,,,,,,"Matt Lemay, Heather Earle, Karen Cram, Suzie Christoffel",,urn:lsid:marinespecies.org:taxname:172595,"Verrill, 1899",Animalia,Genus,MaterialSample,present,urn:lsid:marinespecies.org:taxname:172595,"Verrill, 1899",Animalia,Genus,FCBB41-070-296
FCBB42-025,BHAK-12290-FCBB,BHAK-12290-FCBB,BHAK-12290-FCBB,Annelida,Polychaeta,Spionida,Spionidae,,,Paraprionospio,Paraprionospio alata,Morphology,Biologica Environmental Services Taxonomist,,,,,,"Matt Lemay, Heather Earle, Karen Cram, Suzie Christoffel",,urn:lsid:marinespecies.org:taxname:334390,"(Moore, 1923)",Animalia,Species,MaterialSample,present,urn:lsid:marinespecies.org:taxname:334390,"(Moore, 1923)",Animalia,Species,FCBB42-025-297
FCBB38-028,BHAK-12291-FCBB,BHAK-12291-FCBB,BHAK-12291-FCBB,Nemertea,Hoplonemertea,Monostilifera,Emplectonematidae,,,Emplectonema,Emplectonema viride,BOLD ID Engine,Hakai Institute,,,,,,"Matt Whalen, Alyssa Gehman, Kate Henderson, Faye Manning, Kelly Fretwell, Noriko Okamoto","Initially thought it was Zygonemerteas when alive, but when dead the head is contracted and the eyes don t appear to extend as far back, can t find stylet to verify",urn:lsid:marinespecies.org:taxname:176676,"Stimpson, 1857",Animalia,Species,MaterialSample,present,urn:lsid:marinespecies.org:taxname:176676,"Stimpson, 1857",Animalia,Species,FCBB38-028-298
FCBB38-029,BHAK-12292-FCBB,BHAK-12292-FCBB,BHAK-12292-FCBB,Nemertea,Hoplonemertea,Monostilifera,Emplectonematidae,,,Emplectonema,Emplectonema viride,BOLD ID Engine,Hakai Institute,,,,,,"Matt Whalen, Alyssa Gehman, Kate Henderson, Faye Manning, Kelly Fretwell, Noriko Okamoto","Initially thought it was Zygonemerteas when alive, but when dead the head is contracted and the eyes don t appear to extend as far back, can t find stylet to verify",urn:lsid:marinespecies.org:taxname:176676,"Stimpson, 1857",Animalia,Species,MaterialSample,present,urn:lsid:marinespecies.org:taxname:176676,"Stimpson, 1857",Animalia,Species,FCBB38-029-299
FCBB38-030,BHAK-12293-FCBB,BHAK-12293-FCBB,BHAK-12293-FCBB,Nemertea,Hoplonemertea,Monostilifera,Emplectonematidae,,,Emplectonema,Emplectonema viride,BOLD ID Engine,Hakai Institute,,,,,,"Matt Whalen, Alyssa Gehman, Kate Henderson, Faye Manning, Kelly Fretwell, Noriko Okamoto","Initially thought it was Zygonemerteas when alive, but when dead the head is contracted and the eyes don t appear to extend as far back, can t find stylet to verify",urn:lsid:marinespecies.org:taxname:176676,"Stimpson, 1857",Animalia,Species,MaterialSample,present,urn:lsid:marinespecies.org:taxname:176676,"Stimpson, 1857",Animalia,Species,FCBB38-030-300
FCBB38-031,BHAK-12294-FCBB,BHAK-12294-FCBB,BHAK-12294-FCBB,Nemertea,Hoplonemertea,Monostilifera,Amphiporidae,,,Amphiporus,Amphiporus imparispinosus,BOLD ID Engine,Hakai Institute,,,,,midsection,"Matt Whalen, Alyssa Gehman, Kate Henderson, Faye Manning, Kelly Fretwell, Noriko Okamoto","Initially thought it was Zygonemerteas when alive, but when dead the head is contracted and the eyes don t appear to extend as far back, can t find stylet to verify",urn:lsid:marinespecies.org:taxname:156295,"Griffin, 1898",Animalia,Species,MaterialSample,present,urn:lsid:marinespecies.org:taxname:156295,"Griffin, 1898",Animalia,Species,FCBB38-031-301
FCBB38-032,BHAK-12333-FCBB,BHAK-12333-FCBB,BHAK-12333-FCBB,Nemertea,Hoplonemertea,Monostilifera,Emplectonematidae,,,Emplectonema,Emplectonema viride,BOLD ID Engine,Hakai Institute,,,,,,"Matt Whalen, Alyssa Gehman, Kate Henderson, Faye Manning, Kelly Fretwell, Noriko Okamoto","Initially thought it was Zygonemerteas when alive, but when dead the head is contracted and the eyes don t appear to extend as far back, can t find stylet to verify. Possibly Emplectonema gracile",urn:lsid:marinespecies.org:taxname:176676,"Stimpson, 1857",Animalia,Species,MaterialSample,present,urn:lsid:marinespecies.org:taxname:176676,"Stimpson, 1857",Animalia,Species,FCBB38-032-302
FCBB38-033,BHAK-12334-FCBB,BHAK-12334-FCBB,BHAK-12334-FCBB,Nemertea,Hoplonemertea,Monostilifera,Amphiporidae,,,Amphiporus,Amphiporus imparispinosus,BOLD ID Engine,Hakai Institute,,,,,midsection,"Matt Whalen, Alyssa Gehman, Kate Henderson, Faye Manning, Kelly Fretwell, Noriko Okamoto",,urn:lsid:marinespecies.org:taxname:156295,"Griffin, 1898",Animalia,Species,MaterialSample,present,urn:lsid:marinespecies.org:taxname:156295,"Griffin, 1898",Animalia,Species,FCBB38-033-303
FCBB38-034,BHAK-12335-FCBB,BHAK-12335-FCBB,BHAK-12335-FCBB,Nemertea,Hoplonemertea,Monostilifera,Neesiidae,,,Paranemertes,Paranemertes peregrina,BOLD ID Engine,Hakai Institute,,,,,midsection,"Matt Whalen, Alyssa Gehman, Kate Henderson, Faye Manning, Kelly Fretwell, Noriko Okamoto",,urn:lsid:marinespecies.org:taxname:162261,"Coe, 1901",Animalia,Species,MaterialSample,present,urn:lsid:marinespecies.org:taxname:162261,"Coe, 1901",Animalia,Species,FCBB38-034-304
FCBB38-035,BHAK-12336-FCBB,BHAK-12336-FCBB,BHAK-12336-FCBB,Nemertea,Hoplonemertea,,,,,,Hoplonemertea,Morphology,Biologica Environmental Services Taxonomist,,,,,,"Matt Whalen, Alyssa Gehman, Kate Henderson, Faye Manning, Kelly Fretwell, Noriko Okamoto",,urn:lsid:marinespecies.org:taxname:122309,"Hubrecht, 1879",Animalia,Class,MaterialSample,present,urn:lsid:marinespecies.org:taxname:122309,"Hubrecht, 1879",Animalia,Class,FCBB38-035-305
FCBB43-002,BHAK-12337-FCBB,BHAK-12337-FCBB,BHAK-12337-FCBB,Hemichordata,Enteropneusta,,,,,,Enteropneusta,Morphology,Biologica Environmental Services Taxonomist,,,,,,"Matt Lemay, Heather Earle, Karen Cram, Suzie Christoffel",,urn:lsid:marinespecies.org:taxname:1820,"Gegenbaur, 1870",Animalia,Class,MaterialSample,present,urn:lsid:marinespecies.org:taxname:1820,"Gegenbaur, 1870",Animalia,Class,FCBB43-002-306
FCBB42-026,BHAK-12496-FCBB,BHAK-12496-FCBB,BHAK-12496-FCBB,Echinodermata,Ophiuroidea,Amphilepidida,Amphiuridae,,,Amphiodia,Amphiodia urtica,BOLD ID Engine,Hakai Institute,,,,,arm tip,"Matt Lemay, Heather Earle, Karen Cram, Suzie Christoffel","Amphiuridae, maybe Amphiodia. Central disc granular, dorsal arm scales don t touch,",urn:lsid:marinespecies.org:taxname:242683,"(Lyman, 1860)",Animalia,Species,MaterialSample,present,urn:lsid:marinespecies.org:taxname:242683,"(Lyman, 1860)",Animalia,Species,FCBB42-026-307
FCBB42-027,BHAK-12497-FCBB,BHAK-12497-FCBB,BHAK-12497-FCBB,Echinodermata,Ophiuroidea,Amphilepidida,Amphiuridae,,,Amphiodia,Amphiodia,Morphology,Biologica Environmental Services Taxonomist,,,,,arm tip,"Matt Lemay, Heather Earle, Karen Cram, Suzie Christoffel",,urn:lsid:marinespecies.org:taxname:172595,"Verrill, 1899",Animalia,Genus,MaterialSample,present,urn:lsid:marinespecies.org:taxname:172595,"Verrill, 1899",Animalia,Genus,FCBB42-027-308
FCBB42-028,BHAK-12498-FCBB,BHAK-12498-FCBB,BHAK-12498-FCBB,Echinodermata,Ophiuroidea,Amphilepidida,Amphiuridae,,,Amphiodia,Amphiodia urtica,BOLD ID Engine,Hakai Institute,,,,,arm tip,"Matt Lemay, Heather Earle, Karen Cram, Suzie Christoffel",,urn:lsid:marinespecies.org:taxname:242683,"(Lyman, 1860)",Animalia,Species,MaterialSample,present,urn:lsid:marinespecies.org:taxname:242683,"(Lyman, 1860)",Animalia,Species,FCBB42-028-309
FCBB39-036,BHAK-12499-FCBB,BHAK-12499-FCBB,BHAK-12499-FCBB,Echinodermata,Ophiuroidea,Amphilepidida,Amphiuridae,,,Amphiodia,Amphiodia,Morphology,Biologica Environmental Services Taxonomist,,,,,arm tip,"Matt Lemay, Heather Earle, Karen Cram, Suzie Christoffel",,urn:lsid:marinespecies.org:taxname:172595,"Verrill, 1899",Animalia,Genus,MaterialSample,present,urn:lsid:marinespecies.org:taxname:172595,"Verrill, 1899",Animalia,Genus,FCBB39-036-310
FCBB39-037,BHAK-12500-FCBB,BHAK-12500-FCBB,BHAK-12500-FCBB,Echinodermata,Ophiuroidea,Amphilepidida,Amphiuridae,,,Amphiodia,Amphiodia,Morphology,Biologica Environmental Services Taxonomist,,,,,arm tip,"Matt Lemay, Heather Earle, Karen Cram, Suzie Christoffel",,urn:lsid:marinespecies.org:taxname:172595,"Verrill, 1899",Animalia,Genus,MaterialSample,present,urn:lsid:marinespecies.org:taxname:172595,"Verrill, 1899",Animalia,Genus,FCBB39-037-311
FCBB39-038,BHAK-12501-FCBB,BHAK-12501-FCBB,BHAK-12501-FCBB,Echinodermata,Ophiuroidea,Amphilepidida,Amphiuridae,,,Amphiodia,Amphiodia,Morphology,Biologica Environmental Services Taxonomist,,,,,arm tip,"Matt Lemay, Heather Earle, Karen Cram, Suzie Christoffel",,urn:lsid:marinespecies.org:taxname:172595,"Verrill, 1899",Animalia,Genus,MaterialSample,present,urn:lsid:marinespecies.org:taxname:172595,"Verrill, 1899",Animalia,Genus,FCBB39-038-312
FCBB43-003,BHAK-12502-FCBB,BHAK-12502-FCBB,BHAK-12502-FCBB,Cnidaria,Hydrozoa,Anthoathecata,Pandeidae,,,Leuckartiara,Leuckartiara octona,Morphology,Biologica Environmental Services Taxonomist,,,Identifier: Biologica Environmental Services Taxonomist,,,"Matt Lemay, Heather Earle, Karen Cram, Suzie Christoffel",,urn:lsid:marinespecies.org:taxname:117791,"(Fleming, 1823)",Animalia,Species,MaterialSample,present,urn:lsid:marinespecies.org:taxname:117791,"(Fleming, 1823)",Animalia,Species,FCBB43-003-313
FCBB43-004,BHAK-12503-FCBB,BHAK-12503-FCBB,BHAK-12503-FCBB,Cnidaria,Hydrozoa,Anthoathecata,Pandeidae,,,Leuckartiara,Leuckartiara octona,Morphology,Biologica Environmental Services Taxonomist,,,Identifier: Biologica Environmental Services Taxonomist,,,"Matt Lemay, Heather Earle, Karen Cram, Suzie Christoffel",,urn:lsid:marinespecies.org:taxname:117791,"(Fleming, 1823)",Animalia,Species,MaterialSample,present,urn:lsid:marinespecies.org:taxname:117791,"(Fleming, 1823)",Animalia,Species,FCBB43-004-314
FCBB43-005,BHAK-12504-FCBB,BHAK-12504-FCBB,BHAK-12504-FCBB,Cnidaria,Hydrozoa,Anthoathecata,Pandeidae,,,Leuckartiara,Leuckartiara octona,Morphology,Biologica Environmental Services Taxonomist,,,Identifier: Biologica Environmental Services Taxonomist,,,"Matt Lemay, Heather Earle, Karen Cram, Suzie Christoffel",,urn:lsid:marinespecies.org:taxname:117791,"(Fleming, 1823)",Animalia,Species,MaterialSample,present,urn:lsid:marinespecies.org:taxname:117791,"(Fleming, 1823)",Animalia,Species,FCBB43-005-315
FCBB43-006,BHAK-12505-FCBB,BHAK-12505-FCBB,BHAK-12505-FCBB,Cnidaria,Hydrozoa,Anthoathecata,Pandeidae,,,Leuckartiara,Leuckartiara octona,Morphology,Biologica Environmental Services Taxonomist,,,Identifier: Biologica Environmental Services Taxonomist,,,"Matt Lemay, Heather Earle, Karen Cram, Suzie Christoffel",,urn:lsid:marinespecies.org:taxname:117791,"(Fleming, 1823)",Animalia,Species,MaterialSample,present,urn:lsid:marinespecies.org:taxname:117791,"(Fleming, 1823)",Animalia,Species,FCBB43-006-316
FCBB43-007,BHAK-12506-FCBB,BHAK-12506-FCBB,BHAK-12506-FCBB,Cnidaria,Hydrozoa,Anthoathecata,Pandeidae,,,Leuckartiara,Leuckartiara octona,Morphology,Biologica Environmental Services Taxonomist,,,Identifier: Biologica Environmental Services Taxonomist,,,"Matt Lemay, Heather Earle, Karen Cram, Suzie Christoffel",,urn:lsid:marinespecies.org:taxname:117791,"(Fleming, 1823)",Animalia,Species,MaterialSample,present,urn:lsid:marinespecies.org:taxname:117791,"(Fleming, 1823)",Animalia,Species,FCBB43-007-317
FCBB43-008,BHAK-12507-FCBB,BHAK-12507-FCBB,BHAK-12507-FCBB,Hemichordata,Enteropneusta,Enteropneusta_order_incertae_sedis,Harrimaniidae,,,,Harrimaniidae,Morphology,Biologica Environmental Services Taxonomist,,,,,,"Matt Lemay, Heather Earle, Karen Cram, Suzie Christoffel",,urn:lsid:marinespecies.org:taxname:2018,"Spengel, 1901",Animalia,Family,MaterialSample,present,urn:lsid:marinespecies.org:taxname:2018,"Spengel, 1901",Animalia,Family,FCBB43-008-318
FCBB42-029,BHAK-12324-FCBB,BHAK-12324-FCBB,BHAK-12324-FCBB,Arthropoda,Thecostraca,Balanomorpha,Balanidae,Balaninae,,Balanus,Balanus nubilus,BOLD ID Engine,Hakai Institute,,juvenile,,,,"Matt Lemay, Heather Earle, Karen Cram, Suzie Christoffel",,urn:lsid:marinespecies.org:taxname:594745,"Darwin, 1854",Animalia,Species,MaterialSample,present,urn:lsid:marinespecies.org:taxname:594745,"Darwin, 1854",Animalia,Species,FCBB42-029-319
FCBB42-030,BHAK-12325-FCBB,BHAK-12325-FCBB,BHAK-12325-FCBB,Arthropoda,Thecostraca,Balanomorpha,Balanidae,Balaninae,,Balanus,Balanus crenatus,BOLD ID Engine,Hakai Institute,,juvenile,,,,"Matt Lemay, Heather Earle, Karen Cram, Suzie Christoffel",,urn:lsid:marinespecies.org:taxname:106215,"Bruguière, 1789",Animalia,Species,MaterialSample,present,urn:lsid:marinespecies.org:taxname:106215,"Bruguière, 1789",Animalia,Species,FCBB42-030-320
FCBB47-001,BHAK-12326-FCBB,BHAK-12326-FCBB,BHAK-12326-FCBB,Arthropoda,Malacostraca,Amphipoda,Anisogammaridae,,,Eogammarus,Eogammarus confervicolus,Morphology,Philip Hoover,,,,,legs,"Matt Whalen, Heather Earle, Josh Silberg",,urn:lsid:marinespecies.org:taxname:488606,"(Stimpson, 1856)",Animalia,Species,MaterialSample,present,urn:lsid:marinespecies.org:taxname:488606,"(Stimpson, 1856)",Animalia,Species,FCBB47-001-321
FCBB43-009,BHAK-12327-FCBB,BHAK-12327-FCBB,BHAK-12327-FCBB,Mollusca,Bivalvia,,Cuspidariidae,,,Cardiomya,Cardiomya pectinata,Morphology,Philip Hoover,,,,,,"Matt Lemay, Heather Earle, Karen Cram, Suzie Christoffel",,urn:lsid:marinespecies.org:taxname:408482,"(P. P. Carpenter, 1864)",Animalia,Species,MaterialSample,present,urn:lsid:marinespecies.org:taxname:408482,"(P. P. Carpenter, 1864)",Animalia,Species,FCBB43-009-322
FCBB43-010,BHAK-12328-FCBB,BHAK-12328-FCBB,BHAK-12328-FCBB,Mollusca,Bivalvia,,Cuspidariidae,,,Cardiomya,Cardiomya pectinata,Morphology,Philip Hoover,,,,,,"Matt Lemay, Heather Earle, Karen Cram, Suzie Christoffel",,urn:lsid:marinespecies.org:taxname:408482,"(P. P. Carpenter, 1864)",Animalia,Species,MaterialSample,present,urn:lsid:marinespecies.org:taxname:408482,"(P. P. Carpenter, 1864)",Animalia,Species,FCBB43-010-323
FCBB43-011,BHAK-12303-FCBB,BHAK-12303-FCBB,BHAK-12303-FCBB,Mollusca,Bivalvia,,Lyonsiidae,,,Lyonsia,Lyonsia californica,Morphology,Philip Hoover,,,,,,"Matt Lemay, Heather Earle, Karen Cram, Suzie Christoffel",shell only for voucher,urn:lsid:marinespecies.org:taxname:506774,"Conrad, 1837",Animalia,Species,MaterialSample,present,urn:lsid:marinespecies.org:taxname:506774,"Conrad, 1837",Animalia,Species,FCBB43-011-324
FCBB43-012,BHAK-12304-FCBB,BHAK-12304-FCBB,BHAK-12304-FCBB,Mollusca,Bivalvia,Carditida,Carditidae,Scalaricarditinae,,Coanicardita,Coanicardita ventricosa,Morphology,Philip Hoover,,,,,,"Matt Lemay, Heather Earle, Karen Cram, Suzie Christoffel",,urn:lsid:marinespecies.org:taxname:1420845,"(A. Gould, 1850)",Animalia,Species,MaterialSample,present,urn:lsid:marinespecies.org:taxname:1420845,"(A. Gould, 1850)",Animalia,Species,FCBB43-012-325
FCBB43-013,BHAK-12305-FCBB,BHAK-12305-FCBB,BHAK-12305-FCBB,Mollusca,Bivalvia,Cardiida,Tellinidae,Macominae,,Macoma,Macoma nasuta,Morphology,Philip Hoover,,,,,,"Matt Lemay, Heather Earle, Karen Cram, Suzie Christoffel",,urn:lsid:marinespecies.org:taxname:582761,"(Conrad, 1837)",Animalia,Species,MaterialSample,present,urn:lsid:marinespecies.org:taxname:582761,"(Conrad, 1837)",Animalia,Species,FCBB43-013-326
FCBB43-014,BHAK-12306-FCBB,BHAK-12306-FCBB,BHAK-12306-FCBB,Mollusca,Gastropoda,Neogastropoda,Columbellidae,,,Mitrella,Mitrella tuberosa,Morphology,Philip Hoover,,,,,,"Matt Lemay, Heather Earle, Karen Cram, Suzie Christoffel",eroded,urn:lsid:marinespecies.org:taxname:511560,"(P. P. Carpenter, 1865)
",Animalia,Species,MaterialSample,present,urn:lsid:marinespecies.org:taxname:511560,"(P. P. Carpenter, 1865)
",Animalia,Species,FCBB43-014-327
FCBB43-015,BHAK-12310-FCBB,BHAK-12310-FCBB,BHAK-12310-FCBB,Mollusca,Gastropoda,,Cerithiidae,Bittiinae,,Lirobittium,Lirobittium munitum,Morphology,Philip Hoover,,,,,,"Matt Lemay, Heather Earle, Karen Cram, Suzie Christoffel",,urn:lsid:marinespecies.org:taxname:580440,"(P. P. Carpenter, 1864)",Animalia,Species,MaterialSample,present,urn:lsid:marinespecies.org:taxname:580440,"(P. P. Carpenter, 1864)",Animalia,Species,FCBB43-015-328
FCBB43-016,BHAK-12307-FCBB,BHAK-12307-FCBB,BHAK-12307-FCBB,Mollusca,Gastropoda,Neogastropoda,Columbellidae,,,Mitrella,Mitrella tuberosa,Morphology,Philip Hoover,,,,,,"Matt Lemay, Heather Earle, Karen Cram, Suzie Christoffel",eroded,urn:lsid:marinespecies.org:taxname:511560,"(P. P. Carpenter, 1865)
",Animalia,Species,MaterialSample,present,urn:lsid:marinespecies.org:taxname:511560,"(P. P. Carpenter, 1865)
",Animalia,Species,FCBB43-016-329
FCBB43-017,BHAK-12308-FCBB,BHAK-12308-FCBB,BHAK-12308-FCBB,Mollusca,Gastropoda,Neogastropoda,Columbellidae,,,Mitrella,Mitrella tuberosa,Morphology,Philip Hoover,,,,,,"Matt Lemay, Heather Earle, Karen Cram, Suzie Christoffel",eroded,urn:lsid:marinespecies.org:taxname:511560,"(P. P. Carpenter, 1865)
",Animalia,Species,MaterialSample,present,urn:lsid:marinespecies.org:taxname:511560,"(P. P. Carpenter, 1865)
",Animalia,Species,FCBB43-017-330
FCBB43-018,BHAK-12309-FCBB,BHAK-12309-FCBB,BHAK-12309-FCBB,Mollusca,Gastropoda,Neogastropoda,Columbellidae,,,Mitrella,Mitrella tuberosa,Morphology,Philip Hoover,,,,,,"Matt Lemay, Heather Earle, Karen Cram, Suzie Christoffel",bulk; 4 very damaged. 2 are probably M. tuberosa.,urn:lsid:marinespecies.org:taxname:511560,"(P. P. Carpenter, 1865)
",Animalia,Species,MaterialSample,present,urn:lsid:marinespecies.org:taxname:511560,"(P. P. Carpenter, 1865)
",Animalia,Species,FCBB43-018-331
FCBB43-019,BHAK-12311-FCBB,BHAK-12311-FCBB,BHAK-12311-FCBB,Mollusca,Gastropoda,,Pyramidellidae,,,Odostomia,Odostomia,Morphology,Philip Hoover,,,,,,"Matt Lemay, Heather Earle, Karen Cram, Suzie Christoffel",e-voucher,urn:lsid:marinespecies.org:taxname:138413,"J. Fleming, 1813",Animalia,Genus,MaterialSample,present,urn:lsid:marinespecies.org:taxname:138413,"J. Fleming, 1813",Animalia,Genus,FCBB43-019-332
FCBB48-001,BHAK-12312-FCBB,BHAK-12312-FCBB,BHAK-12312-FCBB,Arthropoda,Malacostraca,Amphipoda,Corophiidae,Corophiinae,Corophiini,Americorophium,Americorophium spinicorne,Morphology,Philip Hoover,F,,,E-Vouchered:DNA/Tissue+Photo,whole specimen,"Matt Whalen, Heather Earle, Josh Silberg",,urn:lsid:marinespecies.org:taxname:431330,"(Stimpson, 1857)",Animalia,Species,MaterialSample,present,urn:lsid:marinespecies.org:taxname:431330,"(Stimpson, 1857)",Animalia,Species,FCBB48-001-333
FCBB48-002,BHAK-12495-FCBB,BHAK-12495-FCBB,BHAK-12495-FCBB,Arthropoda,Malacostraca,Amphipoda,Corophiidae,Corophiinae,Corophiini,Monocorophium,Monocorophium insidiosum,Morphology,Philip Hoover,M,,,E-Vouchered:DNA/Tissue+Photo,,"Matt Whalen, Heather Earle, Josh Silberg",,urn:lsid:marinespecies.org:taxname:148592,"(Crawford, 1937)",Animalia,Species,MaterialSample,present,urn:lsid:marinespecies.org:taxname:148592,"(Crawford, 1937)",Animalia,Species,FCBB48-002-334
FCBB43-020,BHAK-12481-FCBB,BHAK-12481-FCBB,BHAK-12481-FCBB,Mollusca,Gastropoda,Littorinimorpha,Rissoidae,,,Alvania,Alvania,Morphology,Philip Hoover,,,Alvania sp. (Alvania rosana or Alvania compacta),,,"Matt Lemay, Heather Earle, Karen Cram, Suzie Christoffel",Alvania sp. (Alvania rosana or Alvania compacta),urn:lsid:marinespecies.org:taxname:138439,"Risso, 1826",Animalia,Genus,MaterialSample,present,urn:lsid:marinespecies.org:taxname:138439,"Risso, 1826",Animalia,Genus,FCBB43-020-335
FCBB43-021,BHAK-12482-FCBB,BHAK-12482-FCBB,BHAK-12482-FCBB,Mollusca,Gastropoda,Littorinimorpha,Rissoidae,,,Alvania,Alvania,Morphology,Philip Hoover,,,Alvania sp. (Alvania rosana or Alvania compacta),,,"Matt Lemay, Heather Earle, Karen Cram, Suzie Christoffel",Alvania sp. (Alvania rosana or Alvania compacta),urn:lsid:marinespecies.org:taxname:138439,"Risso, 1826",Animalia,Genus,MaterialSample,present,urn:lsid:marinespecies.org:taxname:138439,"Risso, 1826",Animalia,Genus,FCBB43-021-336
FCBB43-022,BHAK-12483-FCBB,BHAK-12483-FCBB,BHAK-12483-FCBB,Mollusca,Gastropoda,Littorinimorpha,Rissoidae,,,Alvania,Alvania,BOLD ID Engine,Hakai Institute,,,,E-Vouchered:DNA/Tissue+Photo,,"Matt Lemay, Heather Earle, Karen Cram, Suzie Christoffel",Alvania sp. (Alvania rosana or Alvania compacta),urn:lsid:marinespecies.org:taxname:138439,"Risso, 1826",Animalia,Genus,MaterialSample,present,urn:lsid:marinespecies.org:taxname:138439,"Risso, 1826",Animalia,Genus,FCBB43-022-337
FCBB43-023,BHAK-12338-FCBB,BHAK-12338-FCBB,BHAK-12338-FCBB,Annelida,Polychaeta,Spionida,Spionidae,,,Laonice,Laonice cirrata,Morphology,Biologica Environmental Services Taxonomist,,,,,midsection,"Matt Lemay, Heather Earle, Karen Cram, Suzie Christoffel",,urn:lsid:marinespecies.org:taxname:131128,"(M. Sars, 1851)",Animalia,Species,MaterialSample,present,urn:lsid:marinespecies.org:taxname:131128,"(M. Sars, 1851)",Animalia,Species,FCBB43-023-338
FCBB43-024,BHAK-12339-FCBB,BHAK-12339-FCBB,BHAK-12339-FCBB,Annelida,Polychaeta,Spionida,Trochochaetidae,,,Trochochaeta,Trochochaeta multisetosa,Morphology,Biologica Environmental Services Taxonomist,,,,,,"Matt Lemay, Heather Earle, Karen Cram, Suzie Christoffel",setiger 1 and 2 with spines,urn:lsid:marinespecies.org:taxname:131576,"(Örsted, 1844)",Animalia,Species,MaterialSample,present,urn:lsid:marinespecies.org:taxname:131576,"(Örsted, 1844)",Animalia,Species,FCBB43-024-339
FCBB43-025,BHAK-12340-FCBB,BHAK-12340-FCBB,BHAK-12340-FCBB,Mollusca,Bivalvia,Nuculida,Nuculidae,,,Acila,Acila castrensis,Morphology,Biologica Environmental Services Taxonomist,,,Identifier: Biologica Environmental Services Taxonomist,,foot,"Matt Lemay, Heather Earle, Karen Cram, Suzie Christoffel",,urn:lsid:marinespecies.org:taxname:506568,"(Hinds, 1843)",Animalia,Species,MaterialSample,present,urn:lsid:marinespecies.org:taxname:506568,"(Hinds, 1843)",Animalia,Species,FCBB43-025-340
FCBB43-026,BHAK-12341-FCBB,BHAK-12341-FCBB,BHAK-12341-FCBB,Mollusca,Bivalvia,Nuculida,Nuculidae,,,Acila,Acila castrensis,Morphology,Biologica Environmental Services Taxonomist,,,Identifier: Biologica Environmental Services Taxonomist,,foot,"Matt Lemay, Heather Earle, Karen Cram, Suzie Christoffel",,urn:lsid:marinespecies.org:taxname:506568,"(Hinds, 1843)",Animalia,Species,MaterialSample,present,urn:lsid:marinespecies.org:taxname:506568,"(Hinds, 1843)",Animalia,Species,FCBB43-026-341
FCBB43-027,BHAK-12342-FCBB,BHAK-12342-FCBB,BHAK-12342-FCBB,Mollusca,Bivalvia,Nuculida,Nuculidae,,,Acila,Acila castrensis,Morphology,Biologica Environmental Services Taxonomist,,,Identifier: Biologica Environmental Services Taxonomist,,,"Matt Lemay, Heather Earle, Karen Cram, Suzie Christoffel",,urn:lsid:marinespecies.org:taxname:506568,"(Hinds, 1843)",Animalia,Species,MaterialSample,present,urn:lsid:marinespecies.org:taxname:506568,"(Hinds, 1843)",Animalia,Species,FCBB43-027-342
FCBB43-028,BHAK-12343-FCBB,BHAK-12343-FCBB,BHAK-12343-FCBB,Mollusca,Bivalvia,Nuculida,Nuculidae,,,Acila,Acila castrensis,Morphology,Biologica Environmental Services Taxonomist,,,Identifier: Biologica Environmental Services Taxonomist,,,"Matt Lemay, Heather Earle, Karen Cram, Suzie Christoffel",,urn:lsid:marinespecies.org:taxname:506568,"(Hinds, 1843)",Animalia,Species,MaterialSample,present,urn:lsid:marinespecies.org:taxname:506568,"(Hinds, 1843)",Animalia,Species,FCBB43-028-343
FCBB43-029,BHAK-12344-FCBB,BHAK-12344-FCBB,BHAK-12344-FCBB,Mollusca,Bivalvia,Nuculida,Nuculidae,,,Acila,Acila castrensis,Morphology,Biologica Environmental Services Taxonomist,,,Identifier: Biologica Environmental Services Taxonomist,,,"Matt Lemay, Heather Earle, Karen Cram, Suzie Christoffel",,urn:lsid:marinespecies.org:taxname:506568,"(Hinds, 1843)",Animalia,Species,MaterialSample,present,urn:lsid:marinespecies.org:taxname:506568,"(Hinds, 1843)",Animalia,Species,FCBB43-029-344
FCBB43-030,BHAK-12345-FCBB,BHAK-12345-FCBB,BHAK-12345-FCBB,Annelida,Polychaeta,Spionida,Spionidae,,,Spiophanes,Spiophanes berkeleyorum,Morphology,Biologica Environmental Services Taxonomist,,,,,,"Matt Lemay, Heather Earle, Karen Cram, Suzie Christoffel",,urn:lsid:marinespecies.org:taxname:334829,"Pettibone, 1962",Animalia,Species,MaterialSample,present,urn:lsid:marinespecies.org:taxname:334829,"Pettibone, 1962",Animalia,Species,FCBB43-030-345
FCBB43-031,BHAK-12346-FCBB,BHAK-12346-FCBB,BHAK-12346-FCBB,Annelida,Polychaeta,Phyllodocida,Phyllodocidae,Phyllodocinae,,Phyllodoce,Phyllodoce cuspidata,Morphology,Biologica Environmental Services Taxonomist,,,,,midsection,"Matt Lemay, Heather Earle, Karen Cram, Suzie Christoffel",,urn:lsid:marinespecies.org:taxname:334505,"McCammon & Montagne, 1979",Animalia,Species,MaterialSample,present,urn:lsid:marinespecies.org:taxname:334505,"McCammon & Montagne, 1979",Animalia,Species,FCBB43-031-346
FCBB43-032,BHAK-12347-FCBB,BHAK-12347-FCBB,BHAK-12347-FCBB,Annelida,Polychaeta,Phyllodocida,Glyceridae,,,Glycera,Glycera nana,Morphology,Biologica Environmental Services Taxonomist,,,,,midsection,"Matt Lemay, Heather Earle, Karen Cram, Suzie Christoffel",,urn:lsid:marinespecies.org:taxname:328132,"Johnson, 1901",Animalia,Species,MaterialSample,present,urn:lsid:marinespecies.org:taxname:328132,"Johnson, 1901",Animalia,Species,FCBB43-032-347
FCBB43-033,BHAK-12348-FCBB,BHAK-12348-FCBB,BHAK-12348-FCBB,Annelida,Polychaeta,Phyllodocida,Glyceridae,,,Glycera,Glycera nana,Morphology,Biologica Environmental Services Taxonomist,,,,,midsection,"Matt Lemay, Heather Earle, Karen Cram, Suzie Christoffel",,urn:lsid:marinespecies.org:taxname:328132,"Johnson, 1901",Animalia,Species,MaterialSample,present,urn:lsid:marinespecies.org:taxname:328132,"Johnson, 1901",Animalia,Species,FCBB43-033-348
FCBB43-034,BHAK-12349-FCBB,BHAK-12349-FCBB,BHAK-12349-FCBB,Annelida,Polychaeta,Phyllodocida,Sigalionidae,Pholoinae,,Pholoe,Pholoe,BOLD ID Engine,Hakai Institute,,,,,,"Matt Lemay, Heather Earle, Karen Cram, Suzie Christoffel",,urn:lsid:marinespecies.org:taxname:129439,"Johnston, 1839",Animalia,Genus,MaterialSample,present,urn:lsid:marinespecies.org:taxname:129439,"Johnston, 1839",Animalia,Genus,FCBB43-034-349
FCBB43-035,BHAK-12350-FCBB,BHAK-12350-FCBB,BHAK-12350-FCBB,Annelida,Polychaeta,Terebellida,Pectinariidae,,,Cistenides,Cistenides brevicoma,Morphology,Biologica Environmental Services Taxonomist,,,,,,"Matt Lemay, Heather Earle, Karen Cram, Suzie Christoffel",previously ID d as C. granulata of Northern Europe,urn:lsid:marinespecies.org:taxname:332704,"(Johnson, 1901)",Animalia,Species,MaterialSample,present,urn:lsid:marinespecies.org:taxname:332704,"(Johnson, 1901)",Animalia,Species,FCBB43-035-350
FCBB43-036,BHAK-12351-FCBB,BHAK-12351-FCBB,BHAK-12351-FCBB,Annelida,Polychaeta,Spionida,Spionidae,,,Spio,Spio cirrifera,Morphology,Biologica Environmental Services Taxonomist,,,,,midsection,"Matt Lemay, Heather Earle, Karen Cram, Suzie Christoffel",,urn:lsid:marinespecies.org:taxname:558894,"(Banse & Hobson, 1968)",Animalia,Species,MaterialSample,present,urn:lsid:marinespecies.org:taxname:558894,"(Banse & Hobson, 1968)",Animalia,Species,FCBB43-036-351
FCBB43-037,BHAK-12352-FCBB,BHAK-12352-FCBB,BHAK-12352-FCBB,Annelida,Polychaeta,,Scalibregmatidae,,,Scalibregma,Scalibregma californicum,Morphology,Biologica Environmental Services Taxonomist,,,,,midsection,"Matt Lemay, Heather Earle, Karen Cram, Suzie Christoffel","not sure if I can see the spine on the first setigers, but S. inflatum is northern europe species",urn:lsid:marinespecies.org:taxname:331210,"Blake, 2000",Animalia,Species,MaterialSample,present,urn:lsid:marinespecies.org:taxname:331210,"Blake, 2000",Animalia,Species,FCBB43-037-352
FCBB43-038,BHAK-12353-FCBB,BHAK-12353-FCBB,BHAK-12353-FCBB,Annelida,Polychaeta,Phyllodocida,Glyceridae,,,Glycera,Glycera nana,Morphology,Biologica Environmental Services Taxonomist,,,,,midsection,"Matt Lemay, Heather Earle, Karen Cram, Suzie Christoffel",,urn:lsid:marinespecies.org:taxname:328132,"Johnson, 1901",Animalia,Species,MaterialSample,present,urn:lsid:marinespecies.org:taxname:328132,"Johnson, 1901",Animalia,Species,FCBB43-038-353
FCBB43-039,BHAK-12354-FCBB,BHAK-12354-FCBB,BHAK-12354-FCBB,Annelida,Polychaeta,Spionida,Spionidae,,,Paraprionospio,Paraprionospio alata,Morphology,Biologica Environmental Services Taxonomist,,,,,midsection,"Matt Lemay, Heather Earle, Karen Cram, Suzie Christoffel",,urn:lsid:marinespecies.org:taxname:334390,"(Moore, 1923)",Animalia,Species,MaterialSample,present,urn:lsid:marinespecies.org:taxname:334390,"(Moore, 1923)",Animalia,Species,FCBB43-039-354
FCBB43-040,BHAK-12355-FCBB,BHAK-12355-FCBB,BHAK-12355-FCBB,Annelida,Polychaeta,Spionida,Spionidae,,,Paraprionospio,Paraprionospio alata,Morphology,Biologica Environmental Services Taxonomist,,,,,midsection,"Matt Lemay, Heather Earle, Karen Cram, Suzie Christoffel",,urn:lsid:marinespecies.org:taxname:334390,"(Moore, 1923)",Animalia,Species,MaterialSample,present,urn:lsid:marinespecies.org:taxname:334390,"(Moore, 1923)",Animalia,Species,FCBB43-040-355
FCBB43-041,BHAK-12356-FCBB,BHAK-12356-FCBB,BHAK-12356-FCBB,Annelida,Polychaeta,Spionida,Spionidae,,,Laonice,Laonice cirrata,Morphology,Biologica Environmental Services Taxonomist,,,,,,"Matt Lemay, Heather Earle, Karen Cram, Suzie Christoffel",,urn:lsid:marinespecies.org:taxname:131128,"(M. Sars, 1851)",Animalia,Species,MaterialSample,present,urn:lsid:marinespecies.org:taxname:131128,"(M. Sars, 1851)",Animalia,Species,FCBB43-041-356
FCBB43-042,BHAK-12357-FCBB,BHAK-12357-FCBB,BHAK-12357-FCBB,Annelida,Polychaeta,Spionida,Trochochaetidae,,,Trochochaeta,Trochochaeta multisetosa,Morphology,Biologica Environmental Services Taxonomist,,,,,midsection,"Matt Lemay, Heather Earle, Karen Cram, Suzie Christoffel",setiger 1 and 2 with spines,urn:lsid:marinespecies.org:taxname:131576,"(Örsted, 1844)",Animalia,Species,MaterialSample,present,urn:lsid:marinespecies.org:taxname:131576,"(Örsted, 1844)",Animalia,Species,FCBB43-042-357
FCBB43-043,BHAK-12358-FCBB,BHAK-12358-FCBB,BHAK-12358-FCBB,Annelida,Polychaeta,Terebellida,Pectinariidae,,,Cistenides,Cistenides,Morphology,Biologica Environmental Services Taxonomist,,,,,midsection,"Matt Lemay, Heather Earle, Karen Cram, Suzie Christoffel","Cistenides sp., not sure if this is P. californiensis, but seems it lacks 13th uncinigers",urn:lsid:marinespecies.org:taxname:157316,"Malmgren, 1866",Animalia,Genus,MaterialSample,present,urn:lsid:marinespecies.org:taxname:157316,"Malmgren, 1866",Animalia,Genus,FCBB43-043-358
FCBB43-044,BHAK-12359-FCBB,BHAK-12359-FCBB,BHAK-12359-FCBB,Annelida,Polychaeta,Terebellida,Pectinariidae,,,Cistenides,Cistenides brevicoma,Morphology,Biologica Environmental Services Taxonomist,,,,,,"Matt Lemay, Heather Earle, Karen Cram, Suzie Christoffel","Cistenides brevicoma, previously ID d as C. granulata of Northern Europe",urn:lsid:marinespecies.org:taxname:332704,"(Johnson, 1901)",Animalia,Species,MaterialSample,present,urn:lsid:marinespecies.org:taxname:332704,"(Johnson, 1901)",Animalia,Species,FCBB43-044-359
FCBB43-045,BHAK-12508-FCBB,BHAK-12508-FCBB,BHAK-12508-FCBB,Echinodermata,Ophiuroidea,Amphilepidida,Amphiuridae,,,Amphiodia,Amphiodia urtica,BOLD ID Engine,Hakai Institute,,,,,,"Matt Lemay, Heather Earle, Karen Cram, Suzie Christoffel",,urn:lsid:marinespecies.org:taxname:242683,"(Lyman, 1860)",Animalia,Species,MaterialSample,present,urn:lsid:marinespecies.org:taxname:242683,"(Lyman, 1860)",Animalia,Species,FCBB43-045-360
FCBB43-046,BHAK-12509-FCBB,BHAK-12509-FCBB,BHAK-12509-FCBB,Nemertea,Pilidiophora,Heteronemertea,Lineidae,,,Cerebratulus,Cerebratulus,BOLD ID Engine,Hakai Institute,,,,,,"Matt Lemay, Heather Earle, Karen Cram, Suzie Christoffel",,urn:lsid:marinespecies.org:taxname:122348,"[Renier], [1804]",Animalia,Genus,MaterialSample,present,urn:lsid:marinespecies.org:taxname:122348,"[Renier], [1804]",Animalia,Genus,FCBB43-046-361
FCBB43-047,BHAK-12510-FCBB,BHAK-12510-FCBB,BHAK-12510-FCBB,Nemertea,Palaeonemertea,Tubulaniformes,Tubulanidae,,,Tubulanus,Tubulanus,Morphology,Biologica Environmental Services Taxonomist,,,Identifier: Biologica Environmental Services Taxonomist,,,"Matt Lemay, Heather Earle, Karen Cram, Suzie Christoffel",,urn:lsid:marinespecies.org:taxname:122388,"[Renier], [1804]",Animalia,Genus,MaterialSample,present,urn:lsid:marinespecies.org:taxname:122388,"[Renier], [1804]",Animalia,Genus,FCBB43-047-362
FCBB43-048,BHAK-12301-FCBB,BHAK-12301-FCBB,BHAK-12301-FCBB,Hemichordata,Enteropneusta,Enteropneusta_order_incertae_sedis,Harrimaniidae,,,,Harrimaniidae,Morphology,Biologica Environmental Services Taxonomist,,,,,,"Matt Lemay, Heather Earle, Karen Cram, Suzie Christoffel",,urn:lsid:marinespecies.org:taxname:2018,"Spengel, 1901",Animalia,Family,MaterialSample,present,urn:lsid:marinespecies.org:taxname:2018,"Spengel, 1901",Animalia,Family,FCBB43-048-363
FCBB43-049,BHAK-12302-FCBB,BHAK-12302-FCBB,BHAK-12302-FCBB,Mollusca,Gastropoda,Nudibranchia,,,,,Nudibranchia,Morphology,Biologica Environmental Services Taxonomist,,,Superfamily Onchidoridoidea (Adalaria sp. or Akiodoris sp.),,,"Matt Lemay, Heather Earle, Karen Cram, Suzie Christoffel",Superfamily Onchidoridoidea (Adalaria sp. or Akiodoris sp.). Voucher damaged.,urn:lsid:marinespecies.org:taxname:1762,"Cuvier, 1817",Animalia,Order,MaterialSample,present,urn:lsid:marinespecies.org:taxname:1762,"Cuvier, 1817",Animalia,Order,FCBB43-049-364
FCBB43-050,BHAK-12313-FCBB,BHAK-12313-FCBB,BHAK-12313-FCBB,Arthropoda,Ostracoda,Myodocopida,Philomedidae,,,Euphilomedes,Euphilomedes carcharodonta,Morphology,Biologica Environmental Services Taxonomist,,,Identifier: Biologica Environmental Services Taxonomist,E-Vouchered:DNA/Tissue+Photo,,"Matt Lemay, Heather Earle, Karen Cram, Suzie Christoffel",,urn:lsid:marinespecies.org:taxname:451216,"(Smith, 1952)",Animalia,Species,MaterialSample,present,urn:lsid:marinespecies.org:taxname:451216,"(Smith, 1952)",Animalia,Species,FCBB43-050-365
FCBB43-051,BHAK-12314-FCBB,BHAK-12314-FCBB,BHAK-12314-FCBB,Arthropoda,Ostracoda,Myodocopida,Philomedidae,,,Euphilomedes,Euphilomedes carcharodonta,Morphology,Biologica Environmental Services Taxonomist,,,Identifier: Biologica Environmental Services Taxonomist,E-Vouchered:DNA/Tissue+Photo,,"Matt Lemay, Heather Earle, Karen Cram, Suzie Christoffel",,urn:lsid:marinespecies.org:taxname:451216,"(Smith, 1952)",Animalia,Species,MaterialSample,present,urn:lsid:marinespecies.org:taxname:451216,"(Smith, 1952)",Animalia,Species,FCBB43-051-366
FCBB43-052,BHAK-12315-FCBB,BHAK-12315-FCBB,BHAK-12315-FCBB,Arthropoda,Ostracoda,Myodocopida,Philomedidae,,,Euphilomedes,Euphilomedes carcharodonta,Morphology,Biologica Environmental Services Taxonomist,,,Identifier: Biologica Environmental Services Taxonomist,E-Vouchered:DNA/Tissue+Photo,,"Matt Lemay, Heather Earle, Karen Cram, Suzie Christoffel",,urn:lsid:marinespecies.org:taxname:451216,"(Smith, 1952)",Animalia,Species,MaterialSample,present,urn:lsid:marinespecies.org:taxname:451216,"(Smith, 1952)",Animalia,Species,FCBB43-052-367
FCBB44-001,BHAK-12329-FCBB,BHAK-12329-FCBB,BHAK-12329-FCBB,Arthropoda,Malacostraca,Amphipoda,Corophiidae,Corophiinae,Corophiini,Monocorophium,Monocorophium insidiosum,BOLD ID Engine,Hakai Institute,,,,,,"Faye Manning, Steve Ellis",,urn:lsid:marinespecies.org:taxname:148592,"(Crawford, 1937)",Animalia,Species,MaterialSample,present,urn:lsid:marinespecies.org:taxname:148592,"(Crawford, 1937)",Animalia,Species,FCBB44-001-368
FCBB44-002,BHAK-12330-FCBB,BHAK-12330-FCBB,BHAK-12330-FCBB,Annelida,Polychaeta,Phyllodocida,Nereididae,Nereidinae,,Alitta,Alitta,BOLD ID Engine,Hakai Institute,,,,,midsection,"Faye Manning, Steve Ellis",,urn:lsid:marinespecies.org:taxname:234848,"Kinberg, 1865",Animalia,Genus,MaterialSample,present,urn:lsid:marinespecies.org:taxname:234848,"Kinberg, 1865",Animalia,Genus,FCBB44-002-369
FCBB44-003,BHAK-12488-FCBB,BHAK-12488-FCBB,BHAK-12488-FCBB,Arthropoda,Malacostraca,Amphipoda,Ampithoidae,,,Ampithoe,Ampithoe valida,Morphology,Biologica Environmental Services Taxonomist,,,Identifier: Biologica Environmental Services Taxonomist,E-Vouchered:DNA/Tissue+Photo,,"Faye Manning, Steve Ellis",,urn:lsid:marinespecies.org:taxname:102005,"S.I. Smith, 1873",Animalia,Species,MaterialSample,present,urn:lsid:marinespecies.org:taxname:102005,"S.I. Smith, 1873",Animalia,Species,FCBB44-003-370
FCBB44-004,BHAK-12489-FCBB,BHAK-12489-FCBB,BHAK-12489-FCBB,Arthropoda,Malacostraca,Tanaidacea,Tanaididae,Sinelobinae,,Sinelobus,Sinelobus vanhaareni,BOLD ID Engine,Hakai Institute,,,,E-Vouchered:DNA/Tissue+Photo,,"Faye Manning, Steve Ellis",,urn:lsid:marinespecies.org:taxname:798772,"Bamber, 2014",Animalia,Species,MaterialSample,present,urn:lsid:marinespecies.org:taxname:798772,"Bamber, 2014",Animalia,Species,FCBB44-004-371
FCBB43-053,BHAK-12360-FCBB,BHAK-12360-FCBB,BHAK-12360-FCBB,Annelida,Polychaeta,Phyllodocida,Pholoidae,,,Pholoides,Pholoides asperus,BOLD ID Engine,Hakai Institute,,,,,,"Matt Lemay, Heather Earle, Karen Cram, Suzie Christoffel",,urn:lsid:marinespecies.org:taxname:334498,"(Johnson, 1897)",Animalia,Species,MaterialSample,present,urn:lsid:marinespecies.org:taxname:334498,"(Johnson, 1897)",Animalia,Species,FCBB43-053-372
FCBB26-001,ZHAK-01253-FCBB,ZHAK-01253-FCBB,ZHAK-01253-FCBB,Echinodermata,Ophiuroidea,Amphilepidida,Ophiopholidae,,,Ophiopholis,Ophiopholis kennerlyi,BOLD ID Engine,Hakai Institute,,larva,,E-Vouchered:DNA/Tissue+Photo,,False Creek BioBlitz,,urn:lsid:marinespecies.org:taxname:243916,"Lyman, 1860",Animalia,Species,MaterialSample,present,urn:lsid:marinespecies.org:taxname:243916,"Lyman, 1860",Animalia,Species,FCBB26-001-373
FCBB26-002,ZHAK-01254-FCBB,ZHAK-01254-FCBB,ZHAK-01254-FCBB,Echinodermata,Ophiuroidea,,,,,,Ophiuroidea,Morphology,Gillian Sadlier Brown,,larva,identifier: Tyrel P Froese,E-Vouchered:DNA/Tissue+Photo,,False Creek BioBlitz,,urn:lsid:marinespecies.org:taxname:123084,"Gray, 1840",Animalia,Class,MaterialSample,present,urn:lsid:marinespecies.org:taxname:123084,"Gray, 1840",Animalia,Class,FCBB26-002-374
FCBB34-019,ZHAK-01255-FCBB,ZHAK-01255-FCBB,ZHAK-01255-FCBB,Echinodermata,Ophiuroidea,Amphilepidida,Amphiuridae,,,Amphiodia,Amphiodia urtica,BOLD ID Engine,Hakai Institute,,larva,,E-Vouchered:DNA/Tissue+Photo,,"Matt Lemay, Gillian Sadlier-Brown, Karen Cram, Suzie Christoffel",,urn:lsid:marinespecies.org:taxname:242683,"(Lyman, 1860)",Animalia,Species,MaterialSample,present,urn:lsid:marinespecies.org:taxname:242683,"(Lyman, 1860)",Animalia,Species,FCBB34-019-375
FCBB34-020,ZHAK-01256-FCBB,ZHAK-01256-FCBB,ZHAK-01256-FCBB,Echinodermata,Ophiuroidea,Amphilepidida,Amphiuridae,,,Amphipholis,Amphipholis pugetana,BOLD ID Engine,Hakai Institute,,larva,,E-Vouchered:DNA/Tissue+Photo,,"Matt Lemay, Gillian Sadlier-Brown, Karen Cram, Suzie Christoffel",,urn:lsid:marinespecies.org:taxname:242878,"(Lyman, 1860)",Animalia,Species,MaterialSample,present,urn:lsid:marinespecies.org:taxname:242878,"(Lyman, 1860)",Animalia,Species,FCBB34-020-376
FCBB19-001,ZHAK-02425-FCBB,ZHAK-02425-FCBB,ZHAK-02425-FCBB,Mollusca,Bivalvia,Mytilida,Mytilidae,Mytilinae,,Mytilus,Mytilus trossulus,BOLD ID Engine,Hakai Institute,,juvenile,,E-Vouchered:DNA/Tissue+Photo,,"Matt Whalen, Deborah McFadden",,urn:lsid:marinespecies.org:taxname:140482,"A. Gould, 1850",Animalia,Species,MaterialSample,present,urn:lsid:marinespecies.org:taxname:140482,"A. Gould, 1850",Animalia,Species,FCBB19-001-377
FCBB21-001,ZHAK-02426-FCBB,ZHAK-02426-FCBB,ZHAK-02426-FCBB,Mollusca,Bivalvia,Mytilida,Mytilidae,Mytilinae,,Mytilus,Mytilus,Morphology,Heather Earle,,juvenile,,E-Vouchered:DNA/Tissue+Photo,,Heather Earle,,urn:lsid:marinespecies.org:taxname:138228,"Linnaeus, 1758",Animalia,Genus,MaterialSample,present,urn:lsid:marinespecies.org:taxname:138228,"Linnaeus, 1758",Animalia,Genus,FCBB21-001-378
FCBB21-002,ZHAK-02427-FCBB,ZHAK-02427-FCBB,ZHAK-02427-FCBB,Mollusca,Bivalvia,Mytilida,Mytilidae,Mytilinae,,Mytilus,Mytilus,Morphology,Heather Earle,,juvenile,,E-Vouchered:DNA/Tissue+Photo,,Heather Earle,,urn:lsid:marinespecies.org:taxname:138228,"Linnaeus, 1758",Animalia,Genus,MaterialSample,present,urn:lsid:marinespecies.org:taxname:138228,"Linnaeus, 1758",Animalia,Genus,FCBB21-002-379
FCBB21-003,ZHAK-02428-FCBB,ZHAK-02428-FCBB,ZHAK-02428-FCBB,Mollusca,Bivalvia,Mytilida,Mytilidae,Mytilinae,,Mytilus,Mytilus,Morphology,Heather Earle,,juvenile,,E-Vouchered:DNA/Tissue+Photo,,Heather Earle,,urn:lsid:marinespecies.org:taxname:138228,"Linnaeus, 1758",Animalia,Genus,MaterialSample,present,urn:lsid:marinespecies.org:taxname:138228,"Linnaeus, 1758",Animalia,Genus,FCBB21-003-380
FCBB21-004,ZHAK-02429-FCBB,ZHAK-02429-FCBB,ZHAK-02429-FCBB,Mollusca,Bivalvia,,,,,,Bivalvia,Morphology,Heather Earle,,juvenile,,E-Vouchered:DNA/Tissue+Photo,,Heather Earle,,urn:lsid:marinespecies.org:taxname:105,"Linnaeus, 1758",Animalia,Class,MaterialSample,present,urn:lsid:marinespecies.org:taxname:105,"Linnaeus, 1758",Animalia,Class,FCBB21-004-381
FCBB18-001,ZHAK-02430-FCBB,ZHAK-02430-FCBB,ZHAK-02430-FCBB,Mollusca,Bivalvia,,,,,,Bivalvia,Morphology,Heather Earle,,juvenile,,E-Vouchered:DNA/Tissue+Photo,,Heather Earle,,urn:lsid:marinespecies.org:taxname:105,"Linnaeus, 1758",Animalia,Class,MaterialSample,present,urn:lsid:marinespecies.org:taxname:105,"Linnaeus, 1758",Animalia,Class,FCBB18-001-382
FCBB21-005,ZHAK-02431-FCBB,ZHAK-02431-FCBB,ZHAK-02431-FCBB,Mollusca,Bivalvia,,,,,,Bivalvia,Morphology,Heather Earle,,juvenile,,E-Vouchered:DNA/Tissue+Photo,,Heather Earle,,urn:lsid:marinespecies.org:taxname:105,"Linnaeus, 1758",Animalia,Class,MaterialSample,present,urn:lsid:marinespecies.org:taxname:105,"Linnaeus, 1758",Animalia,Class,FCBB21-005-383
FCBB26-003,ZHAK-02432-FCBB,ZHAK-02432-FCBB,ZHAK-02432-FCBB,Mollusca,Bivalvia,,,,,,Bivalvia,Morphology,Alana Closs,,juvenile,,E-Vouchered:DNA/Tissue+Photo,,False Creek BioBlitz,,urn:lsid:marinespecies.org:taxname:105,"Linnaeus, 1758",Animalia,Class,MaterialSample,present,urn:lsid:marinespecies.org:taxname:105,"Linnaeus, 1758",Animalia,Class,FCBB26-003-384
FCBB26-004,ZHAK-02433-FCBB,ZHAK-02433-FCBB,ZHAK-02433-FCBB,Mollusca,Bivalvia,Mytilida,Modiolidae,Modiolinae,,Modiolus,Modiolus modiolus,BOLD ID Engine,Hakai Institute,,juvenile,,E-Vouchered:DNA/Tissue+Photo,,False Creek BioBlitz,,urn:lsid:marinespecies.org:taxname:140467,"(Linnaeus, 1758)",Animalia,Species,MaterialSample,present,urn:lsid:marinespecies.org:taxname:140467,"(Linnaeus, 1758)",Animalia,Species,FCBB26-004-385
FCBB26-005,ZHAK-02434-FCBB,ZHAK-02434-FCBB,ZHAK-02434-FCBB,Mollusca,Bivalvia,Mytilida,Modiolidae,Modiolinae,,Modiolus,Modiolus modiolus,BOLD ID Engine,Hakai Institute,,juvenile,,E-Vouchered:DNA/Tissue+Photo,,False Creek BioBlitz,,urn:lsid:marinespecies.org:taxname:140467,"(Linnaeus, 1758)",Animalia,Species,MaterialSample,present,urn:lsid:marinespecies.org:taxname:140467,"(Linnaeus, 1758)",Animalia,Species,FCBB26-005-386
FCBB26-006,ZHAK-02435-FCBB,ZHAK-02435-FCBB,ZHAK-02435-FCBB,Mollusca,Bivalvia,,,,,,Bivalvia,Morphology,Alana Closs,,juvenile,,E-Vouchered:DNA/Tissue+Photo,,False Creek BioBlitz,,urn:lsid:marinespecies.org:taxname:105,"Linnaeus, 1758",Animalia,Class,MaterialSample,present,urn:lsid:marinespecies.org:taxname:105,"Linnaeus, 1758",Animalia,Class,FCBB26-006-387
FCBB31-001,ZHAK-02436-FCBB,ZHAK-02436-FCBB,ZHAK-02436-FCBB,Mollusca,Bivalvia,,,,,,Bivalvia,Morphology,Heather Earle,,juvenile,,E-Vouchered:DNA/Tissue+Photo,,Heather Earle,,urn:lsid:marinespecies.org:taxname:105,"Linnaeus, 1758",Animalia,Class,MaterialSample,present,urn:lsid:marinespecies.org:taxname:105,"Linnaeus, 1758",Animalia,Class,FCBB31-001-388
FCBB31-002,ZHAK-02437-FCBB,ZHAK-02437-FCBB,ZHAK-02437-FCBB,Mollusca,Bivalvia,,,,,,Bivalvia,Morphology,Heather Earle,,juvenile,,E-Vouchered:DNA/Tissue+Photo,,Heather Earle,,urn:lsid:marinespecies.org:taxname:105,"Linnaeus, 1758",Animalia,Class,MaterialSample,present,urn:lsid:marinespecies.org:taxname:105,"Linnaeus, 1758",Animalia,Class,FCBB31-002-389
FCBB31-003,ZHAK-02438-FCBB,ZHAK-02438-FCBB,ZHAK-02438-FCBB,Mollusca,Bivalvia,,,,,,Bivalvia,Morphology,Heather Earle,,juvenile,,E-Vouchered:DNA/Tissue+Photo,,Heather Earle,,urn:lsid:marinespecies.org:taxname:105,"Linnaeus, 1758",Animalia,Class,MaterialSample,present,urn:lsid:marinespecies.org:taxname:105,"Linnaeus, 1758",Animalia,Class,FCBB31-003-390
FCBB18-002,ZHAK-02235-FCBB,ZHAK-02235-FCBB,ZHAK-02235-FCBB,Arthropoda,Malacostraca,Amphipoda,Calliopiidae,,,Calliopius,Calliopius pacificus,BOLD ID Engine,Hakai Institute,,adult,,E-Vouchered:DNA/Tissue+Photo,,Heather Earle,,urn:lsid:marinespecies.org:taxname:430720,"Bousfield & Hendrycks, 1997",Animalia,Species,MaterialSample,present,urn:lsid:marinespecies.org:taxname:430720,"Bousfield & Hendrycks, 1997",Animalia,Species,FCBB18-002-391
FCBB18-003,ZHAK-02236-FCBB,ZHAK-02236-FCBB,ZHAK-02236-FCBB,Arthropoda,Malacostraca,Amphipoda,Calliopiidae,,,Calliopius,Calliopius pacificus,BOLD ID Engine,Hakai Institute,,adult,,E-Vouchered:DNA/Tissue+Photo,,Heather Earle,,urn:lsid:marinespecies.org:taxname:430720,"Bousfield & Hendrycks, 1997",Animalia,Species,MaterialSample,present,urn:lsid:marinespecies.org:taxname:430720,"Bousfield & Hendrycks, 1997",Animalia,Species,FCBB18-003-392
FCBB18-004,ZHAK-02237-FCBB,ZHAK-02237-FCBB,ZHAK-02237-FCBB,Arthropoda,Malacostraca,Cumacea,Nannastacidae,,,Cumella,Cumella,BOLD ID Engine,Hakai Institute,,adult,,E-Vouchered:DNA/Tissue+Photo,,Heather Earle,,urn:lsid:marinespecies.org:taxname:110416,"G.O. Sars, 1865",Animalia,Genus,MaterialSample,present,urn:lsid:marinespecies.org:taxname:110416,"G.O. Sars, 1865",Animalia,Genus,FCBB18-004-393
FCBB18-005,ZHAK-02238-FCBB,ZHAK-02238-FCBB,ZHAK-02238-FCBB,Arthropoda,Malacostraca,Cumacea,Nannastacidae,,,Cumella,Cumella,BOLD ID Engine,Hakai Institute,,adult,,E-Vouchered:DNA/Tissue+Photo,,Heather Earle,,urn:lsid:marinespecies.org:taxname:110416,"G.O. Sars, 1865",Animalia,Genus,MaterialSample,present,urn:lsid:marinespecies.org:taxname:110416,"G.O. Sars, 1865",Animalia,Genus,FCBB18-005-394
FCBB18-006,ZHAK-02239-FCBB,ZHAK-02239-FCBB,ZHAK-02239-FCBB,Arthropoda,Malacostraca,Amphipoda,,,,,Amphipoda,Morphology,Tyrel P Froese,,adult,,E-Vouchered:DNA/Tissue+Photo,,Heather Earle,,urn:lsid:marinespecies.org:taxname:1135,"Latreille, 1816",Animalia,Order,MaterialSample,present,urn:lsid:marinespecies.org:taxname:1135,"Latreille, 1816",Animalia,Order,FCBB18-006-395
FCBB18-007,ZHAK-02240-FCBB,ZHAK-02240-FCBB,ZHAK-02240-FCBB,Arthropoda,Malacostraca,Cumacea,Nannastacidae,,,Cumella,Cumella,BOLD ID Engine,Hakai Institute,,adult,,E-Vouchered:DNA/Tissue+Photo,,Heather Earle,,urn:lsid:marinespecies.org:taxname:110416,"G.O. Sars, 1865",Animalia,Genus,MaterialSample,present,urn:lsid:marinespecies.org:taxname:110416,"G.O. Sars, 1865",Animalia,Genus,FCBB18-007-396
FCBB21-006,ZHAK-02241-FCBB,ZHAK-02241-FCBB,ZHAK-02241-FCBB,Arthropoda,Malacostraca,Decapoda,Cancridae,Cancrinae,,Metacarcinus,Metacarcinus magister,Morphology,Tyrel P Froese,,megalopa,,E-Vouchered:DNA/Tissue+Photo,,Heather Earle,,urn:lsid:marinespecies.org:taxname:440388,"(Dana, 1852)",Animalia,Species,MaterialSample,present,urn:lsid:marinespecies.org:taxname:440388,"(Dana, 1852)",Animalia,Species,FCBB21-006-397
FCBB18-008,ZHAK-02242-FCBB,ZHAK-02242-FCBB,ZHAK-02242-FCBB,Arthropoda,Malacostraca,Amphipoda,Corophiidae,Corophiinae,Corophiini,Monocorophium,Monocorophium insidiosum,BOLD ID Engine,Hakai Institute,,adult,,E-Vouchered:DNA/Tissue+Photo,,Heather Earle,,urn:lsid:marinespecies.org:taxname:148592,"(Crawford, 1937)",Animalia,Species,MaterialSample,present,urn:lsid:marinespecies.org:taxname:148592,"(Crawford, 1937)",Animalia,Species,FCBB18-008-398
FCBB21-007,ZHAK-02243-FCBB,ZHAK-02243-FCBB,ZHAK-02243-FCBB,Arthropoda,Malacostraca,Decapoda,Cancridae,Cancrinae,,Metacarcinus,Metacarcinus magister,Morphology,Tyrel P Froese,,megalopa,,E-Vouchered:DNA/Tissue+Photo,,Heather Earle,,urn:lsid:marinespecies.org:taxname:440388,"(Dana, 1852)",Animalia,Species,MaterialSample,present,urn:lsid:marinespecies.org:taxname:440388,"(Dana, 1852)",Animalia,Species,FCBB21-007-399
FCBB21-008,ZHAK-02244-FCBB,ZHAK-02244-FCBB,ZHAK-02244-FCBB,Arthropoda,Malacostraca,Decapoda,Cancridae,Cancrinae,,Metacarcinus,Metacarcinus magister,Morphology,Tyrel P Froese,,megalopa,,E-Vouchered:DNA/Tissue+Photo,,Heather Earle,,urn:lsid:marinespecies.org:taxname:440388,"(Dana, 1852)",Animalia,Species,MaterialSample,present,urn:lsid:marinespecies.org:taxname:440388,"(Dana, 1852)",Animalia,Species,FCBB21-008-400
FCBB19-31-002,ZHAK-02245-FCBB,ZHAK-02245-FCBB,ZHAK-02245-FCBB,Arthropoda,Malacostraca,Amphipoda,Corophiidae,Corophiinae,Corophiini,Monocorophium,Monocorophium insidiosum,BOLD ID Engine,Hakai Institute,,adult,,E-Vouchered:DNA/Tissue+Photo,,"Matt Whalen, Deborah McFadden",,urn:lsid:marinespecies.org:taxname:148592,"(Crawford, 1937)",Animalia,Species,MaterialSample,present,urn:lsid:marinespecies.org:taxname:148592,"(Crawford, 1937)",Animalia,Species,FCBB19-31-002-401
FCBB19-31-003,ZHAK-02246-FCBB,ZHAK-02246-FCBB,ZHAK-02246-FCBB,Arthropoda,Malacostraca,Amphipoda,,,,,Amphipoda,Morphology,Tyrel P Froese,,adult,,E-Vouchered:DNA/Tissue+Photo,,"Matt Whalen, Deborah McFadden",,urn:lsid:marinespecies.org:taxname:1135,"Latreille, 1816",Animalia,Order,MaterialSample,present,urn:lsid:marinespecies.org:taxname:1135,"Latreille, 1816",Animalia,Order,FCBB19-31-003-402
FCBB19-31-004,ZHAK-02247-FCBB,ZHAK-02247-FCBB,ZHAK-02247-FCBB,Arthropoda,Malacostraca,Amphipoda,,,,,Amphipoda,Morphology,Tyrel P Froese,,adult,,E-Vouchered:DNA/Tissue+Photo,,"Matt Whalen, Deborah McFadden",,urn:lsid:marinespecies.org:taxname:1135,"Latreille, 1816",Animalia,Order,MaterialSample,present,urn:lsid:marinespecies.org:taxname:1135,"Latreille, 1816",Animalia,Order,FCBB19-31-004-403
FCBB20-001,ZHAK-02248-FCBB,ZHAK-02248-FCBB,ZHAK-02248-FCBB,Arthropoda,Malacostraca,Cumacea,Nannastacidae,,,Cumella,Cumella,BOLD ID Engine,Hakai Institute,,adult,,E-Vouchered:DNA/Tissue+Photo,,False Creek BioBlitz,,urn:lsid:marinespecies.org:taxname:110416,"G.O. Sars, 1865",Animalia,Genus,MaterialSample,present,urn:lsid:marinespecies.org:taxname:110416,"G.O. Sars, 1865",Animalia,Genus,FCBB20-001-404
FCBB20-002,ZHAK-02249-FCBB,ZHAK-02249-FCBB,ZHAK-02249-FCBB,Arthropoda,Copepoda,Calanoida,Paracalanidae,,,Paracalanus,Paracalanus indicus,BOLD ID Engine,Hakai Institute,,adult,,E-Vouchered:DNA/Tissue+Photo,,False Creek BioBlitz,,urn:lsid:marinespecies.org:taxname:104683,"Wolfenden, 1906",Animalia,Species,MaterialSample,present,urn:lsid:marinespecies.org:taxname:104683,"Wolfenden, 1906",Animalia,Species,FCBB20-002-405
FCBB20-003,ZHAK-02250-FCBB,ZHAK-02250-FCBB,ZHAK-02250-FCBB,Arthropoda,Malacostraca,Amphipoda,,,,,Amphipoda,Morphology,Tyrel P Froese,,adult,,E-Vouchered:DNA/Tissue+Photo,,False Creek BioBlitz,,urn:lsid:marinespecies.org:taxname:1135,"Latreille, 1816",Animalia,Order,MaterialSample,present,urn:lsid:marinespecies.org:taxname:1135,"Latreille, 1816",Animalia,Order,FCBB20-003-406
FCBB18-009,ZHAK-02251-FCBB,ZHAK-02251-FCBB,ZHAK-02251-FCBB,Arthropoda,Malacostraca,Decapoda,,,,,Decapoda,Morphology,Tyrel P Froese,,megalopa,,E-Vouchered:DNA/Tissue+Photo,,Heather Earle,,urn:lsid:marinespecies.org:taxname:1130,"Latreille, 1802",Animalia,Order,MaterialSample,present,urn:lsid:marinespecies.org:taxname:1130,"Latreille, 1802",Animalia,Order,FCBB18-009-407
FCBB18-010,ZHAK-02252-FCBB,ZHAK-02252-FCBB,ZHAK-02252-FCBB,Arthropoda,Malacostraca,Cumacea,,,,,Cumacea,Morphology,Tyrel P Froese,,adult,,E-Vouchered:DNA/Tissue+Photo,,Heather Earle,,urn:lsid:marinespecies.org:taxname:1137,"Krøyer, 1846",Animalia,Order,MaterialSample,present,urn:lsid:marinespecies.org:taxname:1137,"Krøyer, 1846",Animalia,Order,FCBB18-010-408
FCBB18-011,ZHAK-02253-FCBB,ZHAK-02253-FCBB,ZHAK-02253-FCBB,Arthropoda,Malacostraca,Cumacea,Nannastacidae,,,Cumella,Cumella,BOLD ID Engine,Hakai Institute,,adult,,E-Vouchered:DNA/Tissue+Photo,,Heather Earle,,urn:lsid:marinespecies.org:taxname:110416,"G.O. Sars, 1865",Animalia,Genus,MaterialSample,present,urn:lsid:marinespecies.org:taxname:110416,"G.O. Sars, 1865",Animalia,Genus,FCBB18-011-409
FCBB21-009,ZHAK-02254-FCBB,ZHAK-02254-FCBB,ZHAK-02254-FCBB,Arthropoda,Malacostraca,Amphipoda,Corophiidae,Corophiinae,Corophiini,Monocorophium,Monocorophium insidiosum,BOLD ID Engine,Hakai Institute,,adult,,E-Vouchered:DNA/Tissue+Photo,,Heather Earle,,urn:lsid:marinespecies.org:taxname:148592,"(Crawford, 1937)",Animalia,Species,MaterialSample,present,urn:lsid:marinespecies.org:taxname:148592,"(Crawford, 1937)",Animalia,Species,FCBB21-009-410
FCBB21-010,ZHAK-02255-FCBB,ZHAK-02255-FCBB,ZHAK-02255-FCBB,Arthropoda,Malacostraca,Decapoda,Cancridae,Cancrinae,,Metacarcinus,Metacarcinus magister,Morphology,Tyrel P Froese,,megalopa,,E-Vouchered:DNA/Tissue+Photo,,Heather Earle,,urn:lsid:marinespecies.org:taxname:440388,"(Dana, 1852)",Animalia,Species,MaterialSample,present,urn:lsid:marinespecies.org:taxname:440388,"(Dana, 1852)",Animalia,Species,FCBB21-010-411
FCBB21-011,ZHAK-02256-FCBB,ZHAK-02256-FCBB,ZHAK-02256-FCBB,Arthropoda,Malacostraca,Cumacea,Nannastacidae,,,Cumella,Cumella,BOLD ID Engine,Hakai Institute,,adult,,E-Vouchered:DNA/Tissue+Photo,,Heather Earle,,urn:lsid:marinespecies.org:taxname:110416,"G.O. Sars, 1865",Animalia,Genus,MaterialSample,present,urn:lsid:marinespecies.org:taxname:110416,"G.O. Sars, 1865",Animalia,Genus,FCBB21-011-412
FCBB20-004,ZHAK-02257-FCBB,ZHAK-02257-FCBB,ZHAK-02257-FCBB,Arthropoda,Copepoda,Calanoida,Paracalanidae,,,Paracalanus,Paracalanus indicus,BOLD ID Engine,Hakai Institute,,adult,,E-Vouchered:DNA/Tissue+Photo,,False Creek BioBlitz,,urn:lsid:marinespecies.org:taxname:104683,"Wolfenden, 1906",Animalia,Species,MaterialSample,present,urn:lsid:marinespecies.org:taxname:104683,"Wolfenden, 1906",Animalia,Species,FCBB20-004-413
FCBB19-33-001,ZHAK-02258-FCBB,ZHAK-02258-FCBB,ZHAK-02258-FCBB,Arthropoda,Malacostraca,Amphipoda,,,,,Amphipoda,Morphology,Gillian Sadlier Brown,,adult,,E-Vouchered:DNA/Tissue+Photo,,"Matt Whalen, Deborah McFadden",,urn:lsid:marinespecies.org:taxname:1135,"Latreille, 1816",Animalia,Order,MaterialSample,present,urn:lsid:marinespecies.org:taxname:1135,"Latreille, 1816",Animalia,Order,FCBB19-33-001-414
FCBB19-33-002,ZHAK-02259-FCBB,ZHAK-02259-FCBB,ZHAK-02259-FCBB,Arthropoda,Malacostraca,Amphipoda,Corophiidae,Corophiinae,Corophiini,Monocorophium,Monocorophium insidiosum,BOLD ID Engine,Hakai Institute,,adult,,E-Vouchered:DNA/Tissue+Photo,,"Matt Whalen, Deborah McFadden",,urn:lsid:marinespecies.org:taxname:148592,"(Crawford, 1937)",Animalia,Species,MaterialSample,present,urn:lsid:marinespecies.org:taxname:148592,"(Crawford, 1937)",Animalia,Species,FCBB19-33-002-415
FCBB21-012,ZHAK-02260-FCBB,ZHAK-02260-FCBB,ZHAK-02260-FCBB,Arthropoda,Malacostraca,Amphipoda,Calliopiidae,,,Calliopius,Calliopius pacificus,BOLD ID Engine,Hakai Institute,,adult,,E-Vouchered:DNA/Tissue+Photo,,Heather Earle,,urn:lsid:marinespecies.org:taxname:430720,"Bousfield & Hendrycks, 1997",Animalia,Species,MaterialSample,present,urn:lsid:marinespecies.org:taxname:430720,"Bousfield & Hendrycks, 1997",Animalia,Species,FCBB21-012-416
FCBB21-013,ZHAK-02261-FCBB,ZHAK-02261-FCBB,ZHAK-02261-FCBB,Arthropoda,Malacostraca,Amphipoda,Corophiidae,Corophiinae,Corophiini,Monocorophium,Monocorophium insidiosum,BOLD ID Engine,Hakai Institute,,adult,,E-Vouchered:DNA/Tissue+Photo,,Heather Earle,,urn:lsid:marinespecies.org:taxname:148592,"(Crawford, 1937)",Animalia,Species,MaterialSample,present,urn:lsid:marinespecies.org:taxname:148592,"(Crawford, 1937)",Animalia,Species,FCBB21-013-417
FCBB21-014,ZHAK-02262-FCBB,ZHAK-02262-FCBB,ZHAK-02262-FCBB,Arthropoda,Malacostraca,Amphipoda,Corophiidae,Corophiinae,Corophiini,Monocorophium,Monocorophium insidiosum,BOLD ID Engine,Hakai Institute,,adult,,E-Vouchered:DNA/Tissue+Photo,,Heather Earle,,urn:lsid:marinespecies.org:taxname:148592,"(Crawford, 1937)",Animalia,Species,MaterialSample,present,urn:lsid:marinespecies.org:taxname:148592,"(Crawford, 1937)",Animalia,Species,FCBB21-014-418
FCBB21-015,ZHAK-02263-FCBB,ZHAK-02263-FCBB,ZHAK-02263-FCBB,Arthropoda,Malacostraca,Cumacea,Nannastacidae,,,Cumella,Cumella,BOLD ID Engine,Hakai Institute,,adult,,E-Vouchered:DNA/Tissue+Photo,,Heather Earle,,urn:lsid:marinespecies.org:taxname:110416,"G.O. Sars, 1865",Animalia,Genus,MaterialSample,present,urn:lsid:marinespecies.org:taxname:110416,"G.O. Sars, 1865",Animalia,Genus,FCBB21-015-419
FCBB21-016,ZHAK-02264-FCBB,ZHAK-02264-FCBB,ZHAK-02264-FCBB,Arthropoda,Malacostraca,Decapoda,Cancridae,Cancrinae,,Metacarcinus,Metacarcinus magister,Morphology,Gillian Sadlier Brown,,megalopa,,E-Vouchered:DNA/Tissue+Photo,,Heather Earle,,urn:lsid:marinespecies.org:taxname:440388,"(Dana, 1852)",Animalia,Species,MaterialSample,present,urn:lsid:marinespecies.org:taxname:440388,"(Dana, 1852)",Animalia,Species,FCBB21-016-420
FCBB23-002,ZHAK-02265-FCBB,ZHAK-02265-FCBB,ZHAK-02265-FCBB,Arthropoda,Malacostraca,Cumacea,Nannastacidae,,,Cumella,Cumella,BOLD ID Engine,Hakai Institute,,adult,,E-Vouchered:DNA/Tissue+Photo,,Heather Earle,,urn:lsid:marinespecies.org:taxname:110416,"G.O. Sars, 1865",Animalia,Genus,MaterialSample,present,urn:lsid:marinespecies.org:taxname:110416,"G.O. Sars, 1865",Animalia,Genus,FCBB23-002-421
FCBB23-003,ZHAK-02266-FCBB,ZHAK-02266-FCBB,ZHAK-02266-FCBB,Arthropoda,Malacostraca,Cumacea,,,,,Cumacea,Morphology,Gillian Sadlier Brown,,adult,,E-Vouchered:DNA/Tissue+Photo,,Heather Earle,,urn:lsid:marinespecies.org:taxname:1137,"Krøyer, 1846",Animalia,Order,MaterialSample,present,urn:lsid:marinespecies.org:taxname:1137,"Krøyer, 1846",Animalia,Order,FCBB23-003-422
FCBB23-004,ZHAK-02267-FCBB,ZHAK-02267-FCBB,ZHAK-02267-FCBB,Arthropoda,Malacostraca,Cumacea,Nannastacidae,,,Cumella,Cumella,BOLD ID Engine,Hakai Institute,,adult,,E-Vouchered:DNA/Tissue+Photo,,Heather Earle,,urn:lsid:marinespecies.org:taxname:110416,"G.O. Sars, 1865",Animalia,Genus,MaterialSample,present,urn:lsid:marinespecies.org:taxname:110416,"G.O. Sars, 1865",Animalia,Genus,FCBB23-004-423
FCBB23-005,ZHAK-02268-FCBB,ZHAK-02268-FCBB,ZHAK-02268-FCBB,Arthropoda,Copepoda,,,,,,Copepoda,Morphology,Gillian Sadlier Brown,,adult,,E-Vouchered:DNA/Tissue+Photo,,Heather Earle,,urn:lsid:marinespecies.org:taxname:1080,"Milne Edwards, 1840",Animalia,Class,MaterialSample,present,urn:lsid:marinespecies.org:taxname:1080,"Milne Edwards, 1840",Animalia,Class,FCBB23-005-424
FCBB23-006,ZHAK-02269-FCBB,ZHAK-02269-FCBB,ZHAK-02269-FCBB,Arthropoda,Thecostraca,,,,,,Thecostraca,Morphology,Gillian Sadlier Brown,,nauplius,,E-Vouchered:DNA/Tissue+Photo,,Heather Earle,,urn:lsid:marinespecies.org:taxname:22388,"Gruvel, 1905",Animalia,Class,MaterialSample,present,urn:lsid:marinespecies.org:taxname:22388,"Gruvel, 1905",Animalia,Class,FCBB23-006-425
FCBB23-007,ZHAK-02270-FCBB,ZHAK-02270-FCBB,ZHAK-02270-FCBB,Arthropoda,Malacostraca,Amphipoda,Aoridae,,,Grandidierella,Grandidierella japonica,BOLD ID Engine,Hakai Institute,,adult,,E-Vouchered:DNA/Tissue+Photo,,Heather Earle,,urn:lsid:marinespecies.org:taxname:238740,"Stephensen, 1938",Animalia,Species,MaterialSample,present,urn:lsid:marinespecies.org:taxname:238740,"Stephensen, 1938",Animalia,Species,FCBB23-007-426
FCBB23-008,ZHAK-02271-FCBB,ZHAK-02271-FCBB,ZHAK-02271-FCBB,Arthropoda,Malacostraca,Amphipoda,Aoridae,,,Grandidierella,Grandidierella japonica,BOLD ID Engine,Hakai Institute,,adult,,E-Vouchered:DNA/Tissue+Photo,,Heather Earle,,urn:lsid:marinespecies.org:taxname:238740,"Stephensen, 1938",Animalia,Species,MaterialSample,present,urn:lsid:marinespecies.org:taxname:238740,"Stephensen, 1938",Animalia,Species,FCBB23-008-427
FCBB24-001,ZHAK-02272-FCBB,ZHAK-02272-FCBB,ZHAK-02272-FCBB,Arthropoda,Malacostraca,Amphipoda,Corophiidae,Corophiinae,Corophiini,Monocorophium,Monocorophium insidiosum,BOLD ID Engine,Hakai Institute,,adult,,E-Vouchered:DNA/Tissue+Photo,,Heather Earle,,urn:lsid:marinespecies.org:taxname:148592,"(Crawford, 1937)",Animalia,Species,MaterialSample,present,urn:lsid:marinespecies.org:taxname:148592,"(Crawford, 1937)",Animalia,Species,FCBB24-001-428
FCBB24-002,ZHAK-02273-FCBB,ZHAK-02273-FCBB,ZHAK-02273-FCBB,Arthropoda,Malacostraca,Decapoda,Cancridae,Cancrinae,,Metacarcinus,Metacarcinus magister,Morphology,Gillian Sadlier Brown,,megalopa,,E-Vouchered:DNA/Tissue+Photo,,Heather Earle,,urn:lsid:marinespecies.org:taxname:440388,"(Dana, 1852)",Animalia,Species,MaterialSample,present,urn:lsid:marinespecies.org:taxname:440388,"(Dana, 1852)",Animalia,Species,FCBB24-002-429
FCBB23-009,ZHAK-02274-FCBB,ZHAK-02274-FCBB,ZHAK-02274-FCBB,Arthropoda,Malacostraca,Amphipoda,Aoridae,,,Grandidierella,Grandidierella japonica,BOLD ID Engine,Hakai Institute,,adult,,E-Vouchered:DNA/Tissue+Photo,,Heather Earle,,urn:lsid:marinespecies.org:taxname:238740,"Stephensen, 1938",Animalia,Species,MaterialSample,present,urn:lsid:marinespecies.org:taxname:238740,"Stephensen, 1938",Animalia,Species,FCBB23-009-430
FCBB23-010,ZHAK-02275-FCBB,ZHAK-02275-FCBB,ZHAK-02275-FCBB,Arthropoda,Malacostraca,Amphipoda,Aoridae,,,Grandidierella,Grandidierella japonica,BOLD ID Engine,Hakai Institute,,adult,,E-Vouchered:DNA/Tissue+Photo,,Heather Earle,,urn:lsid:marinespecies.org:taxname:238740,"Stephensen, 1938",Animalia,Species,MaterialSample,present,urn:lsid:marinespecies.org:taxname:238740,"Stephensen, 1938",Animalia,Species,FCBB23-010-431
FCBB23-011,ZHAK-02276-FCBB,ZHAK-02276-FCBB,ZHAK-02276-FCBB,Arthropoda,Malacostraca,Amphipoda,Corophiidae,Corophiinae,Corophiini,Monocorophium,Monocorophium insidiosum,BOLD ID Engine,Hakai Institute,,adult,,E-Vouchered:DNA/Tissue+Photo,,Heather Earle,,urn:lsid:marinespecies.org:taxname:148592,"(Crawford, 1937)",Animalia,Species,MaterialSample,present,urn:lsid:marinespecies.org:taxname:148592,"(Crawford, 1937)",Animalia,Species,FCBB23-011-432
FCBB23-012,ZHAK-02277-FCBB,ZHAK-02277-FCBB,ZHAK-02277-FCBB,Arthropoda,Malacostraca,Amphipoda,,,,,Amphipoda,Morphology,Gillian Sadlier Brown,,adult,,E-Vouchered:DNA/Tissue+Photo,,Heather Earle,,urn:lsid:marinespecies.org:taxname:1135,"Latreille, 1816",Animalia,Order,MaterialSample,present,urn:lsid:marinespecies.org:taxname:1135,"Latreille, 1816",Animalia,Order,FCBB23-012-433
FCBB23-013,ZHAK-02278-FCBB,ZHAK-02278-FCBB,ZHAK-02278-FCBB,Arthropoda,Copepoda,Calanoida,Paracalanidae,,,Paracalanus,Paracalanus indicus,BOLD ID Engine,Hakai Institute,,adult,,E-Vouchered:DNA/Tissue+Photo,,Heather Earle,,urn:lsid:marinespecies.org:taxname:104683,"Wolfenden, 1906",Animalia,Species,MaterialSample,present,urn:lsid:marinespecies.org:taxname:104683,"Wolfenden, 1906",Animalia,Species,FCBB23-013-434
FCBB24-003,ZHAK-02279-FCBB,ZHAK-02279-FCBB,ZHAK-02279-FCBB,Arthropoda,Malacostraca,Amphipoda,Calliopiidae,,,Calliopius,Calliopius pacificus,BOLD ID Engine,Hakai Institute,,adult,,E-Vouchered:DNA/Tissue+Photo,,Heather Earle,,urn:lsid:marinespecies.org:taxname:430720,"Bousfield & Hendrycks, 1997",Animalia,Species,MaterialSample,present,urn:lsid:marinespecies.org:taxname:430720,"Bousfield & Hendrycks, 1997",Animalia,Species,FCBB24-003-435
FCBB24-004,ZHAK-02280-FCBB,ZHAK-02280-FCBB,ZHAK-02280-FCBB,Arthropoda,Malacostraca,Amphipoda,,,,,Amphipoda,Morphology,Gillian Sadlier Brown,,adult,,E-Vouchered:DNA/Tissue+Photo,,Heather Earle,,urn:lsid:marinespecies.org:taxname:1135,"Latreille, 1816",Animalia,Order,MaterialSample,present,urn:lsid:marinespecies.org:taxname:1135,"Latreille, 1816",Animalia,Order,FCBB24-004-436
FCBB24-005,ZHAK-02281-FCBB,ZHAK-02281-FCBB,ZHAK-02281-FCBB,Arthropoda,Malacostraca,Amphipoda,Corophiidae,Corophiinae,Corophiini,Monocorophium,Monocorophium insidiosum,BOLD ID Engine,Hakai Institute,,adult,,E-Vouchered:DNA/Tissue+Photo,,Heather Earle,,urn:lsid:marinespecies.org:taxname:148592,"(Crawford, 1937)",Animalia,Species,MaterialSample,present,urn:lsid:marinespecies.org:taxname:148592,"(Crawford, 1937)",Animalia,Species,FCBB24-005-437
FCBB23-014,ZHAK-02282-FCBB,ZHAK-02282-FCBB,ZHAK-02282-FCBB,Arthropoda,Copepoda,Harpacticoida,,,,,Harpacticoida,Morphology,Tyrel P Froese,,adult,,E-Vouchered:DNA/Tissue+Photo,,Heather Earle,,urn:lsid:marinespecies.org:taxname:1102,"Sars G.O., 1903",Animalia,Order,MaterialSample,present,urn:lsid:marinespecies.org:taxname:1102,"Sars G.O., 1903",Animalia,Order,FCBB23-014-438
FCBB23-015,ZHAK-02283-FCBB,ZHAK-02283-FCBB,ZHAK-02283-FCBB,Arthropoda,Copepoda,Harpacticoida,,,,,Harpacticoida,Morphology,Tyrel P Froese,,adult,,E-Vouchered:DNA/Tissue+Photo,,Heather Earle,,urn:lsid:marinespecies.org:taxname:1102,"Sars G.O., 1903",Animalia,Order,MaterialSample,present,urn:lsid:marinespecies.org:taxname:1102,"Sars G.O., 1903",Animalia,Order,FCBB23-015-439
FCBB27-001,ZHAK-02284-FCBB,ZHAK-02284-FCBB,ZHAK-02284-FCBB,Arthropoda,Malacostraca,Decapoda,Palaemonidae,,,Palaemon,Palaemon macrodactylus,BOLD ID Engine,Hakai Institute,,zoea,,E-Vouchered:DNA/Tissue+Photo,,"Heather Earle, Matt Whalen",,urn:lsid:marinespecies.org:taxname:181372,"Rathbun, 1902",Animalia,Species,MaterialSample,present,urn:lsid:marinespecies.org:taxname:181372,"Rathbun, 1902",Animalia,Species,FCBB27-001-440
FCBB27-002,ZHAK-02285-FCBB,ZHAK-02285-FCBB,ZHAK-02285-FCBB,Arthropoda,Malacostraca,Decapoda,Palaemonidae,,,Palaemon,Palaemon macrodactylus,BOLD ID Engine,Hakai Institute,,zoea,,E-Vouchered:DNA/Tissue+Photo,,"Heather Earle, Matt Whalen",,urn:lsid:marinespecies.org:taxname:181372,"Rathbun, 1902",Animalia,Species,MaterialSample,present,urn:lsid:marinespecies.org:taxname:181372,"Rathbun, 1902",Animalia,Species,FCBB27-002-441
FCBB27-003,ZHAK-02286-FCBB,ZHAK-02286-FCBB,ZHAK-02286-FCBB,Arthropoda,Malacostraca,Decapoda,Palaemonidae,,,Palaemon,Palaemon macrodactylus,BOLD ID Engine,Hakai Institute,,zoea,,E-Vouchered:DNA/Tissue+Photo,,"Heather Earle, Matt Whalen",,urn:lsid:marinespecies.org:taxname:181372,"Rathbun, 1902",Animalia,Species,MaterialSample,present,urn:lsid:marinespecies.org:taxname:181372,"Rathbun, 1902",Animalia,Species,FCBB27-003-442
FCBB27-004,ZHAK-02287-FCBB,ZHAK-02287-FCBB,ZHAK-02287-FCBB,Arthropoda,Malacostraca,Decapoda,Palaemonidae,,,Palaemon,Palaemon macrodactylus,BOLD ID Engine,Hakai Institute,,zoea,,E-Vouchered:DNA/Tissue+Photo,,"Heather Earle, Matt Whalen",,urn:lsid:marinespecies.org:taxname:181372,"Rathbun, 1902",Animalia,Species,MaterialSample,present,urn:lsid:marinespecies.org:taxname:181372,"Rathbun, 1902",Animalia,Species,FCBB27-004-443
FCBB24-006,ZHAK-02288-FCBB,ZHAK-02288-FCBB,ZHAK-02288-FCBB,Arthropoda,Malacostraca,Decapoda,,,,,Decapoda,Morphology,Tyrel P Froese,,zoea,,E-Vouchered:DNA/Tissue+Photo,,Heather Earle,,urn:lsid:marinespecies.org:taxname:1130,"Latreille, 1802",Animalia,Order,MaterialSample,present,urn:lsid:marinespecies.org:taxname:1130,"Latreille, 1802",Animalia,Order,FCBB24-006-444
FCBB27-005,ZHAK-02289-FCBB,ZHAK-02289-FCBB,ZHAK-02289-FCBB,Arthropoda,Malacostraca,Cumacea,Nannastacidae,,,Cumella,Cumella,BOLD ID Engine,Hakai Institute,,adult,,E-Vouchered:DNA/Tissue+Photo,,"Heather Earle, Matt Whalen",,urn:lsid:marinespecies.org:taxname:110416,"G.O. Sars, 1865",Animalia,Genus,MaterialSample,present,urn:lsid:marinespecies.org:taxname:110416,"G.O. Sars, 1865",Animalia,Genus,FCBB27-005-445
FCBB31-004,ZHAK-02290-FCBB,ZHAK-02290-FCBB,ZHAK-02290-FCBB,Arthropoda,Malacostraca,Cumacea,Nannastacidae,,,Cumella,Cumella,BOLD ID Engine,Hakai Institute,,adult,,E-Vouchered:DNA/Tissue+Photo,,Heather Earle,,urn:lsid:marinespecies.org:taxname:110416,"G.O. Sars, 1865",Animalia,Genus,MaterialSample,present,urn:lsid:marinespecies.org:taxname:110416,"G.O. Sars, 1865",Animalia,Genus,FCBB31-004-446
FCBB31-005,ZHAK-02291-FCBB,ZHAK-02291-FCBB,ZHAK-02291-FCBB,Arthropoda,Malacostraca,Cumacea,Nannastacidae,,,Cumella,Cumella,BOLD ID Engine,Hakai Institute,,adult,,E-Vouchered:DNA/Tissue+Photo,,Heather Earle,,urn:lsid:marinespecies.org:taxname:110416,"G.O. Sars, 1865",Animalia,Genus,MaterialSample,present,urn:lsid:marinespecies.org:taxname:110416,"G.O. Sars, 1865",Animalia,Genus,FCBB31-005-447
FCBB31-006,ZHAK-02292-FCBB,ZHAK-02292-FCBB,ZHAK-02292-FCBB,Arthropoda,Malacostraca,Cumacea,Nannastacidae,,,Cumella,Cumella,BOLD ID Engine,Hakai Institute,,adult,,E-Vouchered:DNA/Tissue+Photo,,Heather Earle,,urn:lsid:marinespecies.org:taxname:110416,"G.O. Sars, 1865",Animalia,Genus,MaterialSample,present,urn:lsid:marinespecies.org:taxname:110416,"G.O. Sars, 1865",Animalia,Genus,FCBB31-006-448
FCBB34-021,ZHAK-02293-FCBB,ZHAK-02293-FCBB,ZHAK-02293-FCBB,Arthropoda,Thecostraca,Balanomorpha,Balanidae,Balaninae,,Balanus,Balanus crenatus,BOLD ID Engine,Hakai Institute,,nauplius,,E-Vouchered:DNA/Tissue+Photo,,"Matt Lemay, Gillian Sadlier-Brown, Karen Cram, Suzie Christoffel",,urn:lsid:marinespecies.org:taxname:106215,"Bruguière, 1789",Animalia,Species,MaterialSample,present,urn:lsid:marinespecies.org:taxname:106215,"Bruguière, 1789",Animalia,Species,FCBB34-021-449
FCBB31-007,ZHAK-02294-FCBB,ZHAK-02294-FCBB,ZHAK-02294-FCBB,Arthropoda,Copepoda,Harpacticoida,,,,,Harpacticoida,Morphology,Faye Manning,,adult,,E-Vouchered:DNA/Tissue+Photo,,Heather Earle,,urn:lsid:marinespecies.org:taxname:1102,"Sars G.O., 1903",Animalia,Order,MaterialSample,present,urn:lsid:marinespecies.org:taxname:1102,"Sars G.O., 1903",Animalia,Order,FCBB31-007-450
FCBB31-008,ZHAK-02295-FCBB,ZHAK-02295-FCBB,ZHAK-02295-FCBB,Arthropoda,Malacostraca,Amphipoda,Anisogammaridae,,,Eogammarus,Eogammarus confervicolus,BOLD ID Engine,Hakai Institute,,adult,,E-Vouchered:DNA/Tissue+Photo,,Heather Earle,,urn:lsid:marinespecies.org:taxname:488606,"(Stimpson, 1856)",Animalia,Species,MaterialSample,present,urn:lsid:marinespecies.org:taxname:488606,"(Stimpson, 1856)",Animalia,Species,FCBB31-008-451
FCBB34-022,ZHAK-02296-FCBB,ZHAK-02296-FCBB,ZHAK-02296-FCBB,Arthropoda,Copepoda,Calanoida,Paracalanidae,,,Paracalanus,Paracalanus indicus,BOLD ID Engine,Hakai Institute,,adult,,E-Vouchered:DNA/Tissue+Photo,,"Matt Lemay, Gillian Sadlier-Brown, Karen Cram, Suzie Christoffel",,urn:lsid:marinespecies.org:taxname:104683,"Wolfenden, 1906",Animalia,Species,MaterialSample,present,urn:lsid:marinespecies.org:taxname:104683,"Wolfenden, 1906",Animalia,Species,FCBB34-022-452
FCBB34-023,ZHAK-02297-FCBB,ZHAK-02297-FCBB,ZHAK-02297-FCBB,Arthropoda,Copepoda,Calanoida,Paracalanidae,,,Paracalanus,Paracalanus indicus,BOLD ID Engine,Hakai Institute,,adult,,E-Vouchered:DNA/Tissue+Photo,,"Matt Lemay, Gillian Sadlier-Brown, Karen Cram, Suzie Christoffel",,urn:lsid:marinespecies.org:taxname:104683,"Wolfenden, 1906",Animalia,Species,MaterialSample,present,urn:lsid:marinespecies.org:taxname:104683,"Wolfenden, 1906",Animalia,Species,FCBB34-023-453
FCBB34-024,ZHAK-02298-FCBB,ZHAK-02298-FCBB,ZHAK-02298-FCBB,Arthropoda,Copepoda,Calanoida,Paracalanidae,,,Paracalanus,Paracalanus indicus,BOLD ID Engine,Hakai Institute,,adult,,E-Vouchered:DNA/Tissue+Photo,,"Matt Lemay, Gillian Sadlier-Brown, Karen Cram, Suzie Christoffel",,urn:lsid:marinespecies.org:taxname:104683,"Wolfenden, 1906",Animalia,Species,MaterialSample,present,urn:lsid:marinespecies.org:taxname:104683,"Wolfenden, 1906",Animalia,Species,FCBB34-024-454
FCBB34-025,ZHAK-02299-FCBB,ZHAK-02299-FCBB,ZHAK-02299-FCBB,Arthropoda,Copepoda,Calanoida,,,,,Calanoida,Morphology,Tyrel P Froese,,adult,,E-Vouchered:DNA/Tissue+Photo,,"Matt Lemay, Gillian Sadlier-Brown, Karen Cram, Suzie Christoffel",,urn:lsid:marinespecies.org:taxname:1100,"Sars G.O., 1903",Animalia,Order,MaterialSample,present,urn:lsid:marinespecies.org:taxname:1100,"Sars G.O., 1903",Animalia,Order,FCBB34-025-455
FCBB31-009,ZHAK-02300-FCBB,ZHAK-02300-FCBB,ZHAK-02300-FCBB,Arthropoda,Malacostraca,Isopoda,,,,,Isopoda,Morphology,Tyrel P Froese,,adult,,E-Vouchered:DNA/Tissue+Photo,,Heather Earle,,urn:lsid:marinespecies.org:taxname:1131,"Latreille, 1816",Animalia,Order,MaterialSample,present,urn:lsid:marinespecies.org:taxname:1131,"Latreille, 1816",Animalia,Order,FCBB31-009-456
FCBB31-010,ZHAK-02301-FCBB,ZHAK-02301-FCBB,ZHAK-02301-FCBB,Arthropoda,Copepoda,Calanoida,Paracalanidae,,,Paracalanus,Paracalanus indicus,BOLD ID Engine,Hakai Institute,,adult,,E-Vouchered:DNA/Tissue+Photo,,Heather Earle,,urn:lsid:marinespecies.org:taxname:104683,"Wolfenden, 1906",Animalia,Species,MaterialSample,present,urn:lsid:marinespecies.org:taxname:104683,"Wolfenden, 1906",Animalia,Species,FCBB31-010-457
FCBB31-011,ZHAK-02302-FCBB,ZHAK-02302-FCBB,ZHAK-02302-FCBB,Arthropoda,Copepoda,,,,,,Copepoda,Morphology,Tyrel P Froese,,adult,,E-Vouchered:DNA/Tissue+Photo,,Heather Earle,,urn:lsid:marinespecies.org:taxname:1080,"Milne Edwards, 1840",Animalia,Class,MaterialSample,present,urn:lsid:marinespecies.org:taxname:1080,"Milne Edwards, 1840",Animalia,Class,FCBB31-011-458
FCBB31-012,ZHAK-02303-FCBB,ZHAK-02303-FCBB,ZHAK-02303-FCBB,Arthropoda,Malacostraca,Amphipoda,Anisogammaridae,,,Eogammarus,Eogammarus confervicolus,BOLD ID Engine,Hakai Institute,,adult,,E-Vouchered:DNA/Tissue+Photo,,Heather Earle,,urn:lsid:marinespecies.org:taxname:488606,"(Stimpson, 1856)",Animalia,Species,MaterialSample,present,urn:lsid:marinespecies.org:taxname:488606,"(Stimpson, 1856)",Animalia,Species,FCBB31-012-459
FCBB31-013,ZHAK-02304-FCBB,ZHAK-02304-FCBB,ZHAK-02304-FCBB,Arthropoda,Malacostraca,Amphipoda,,,,,Amphipoda,Morphology,Tyrel P Froese,,adult,,E-Vouchered:DNA/Tissue+Photo,,Heather Earle,,urn:lsid:marinespecies.org:taxname:1135,"Latreille, 1816",Animalia,Order,MaterialSample,present,urn:lsid:marinespecies.org:taxname:1135,"Latreille, 1816",Animalia,Order,FCBB31-013-460
FCBB31-014,ZHAK-02305-FCBB,ZHAK-02305-FCBB,ZHAK-02305-FCBB,Arthropoda,Malacostraca,Isopoda,,,,,Isopoda,Morphology,Tyrel P Froese,,adult,,E-Vouchered:DNA/Tissue+Photo,,Heather Earle,,urn:lsid:marinespecies.org:taxname:1131,"Latreille, 1816",Animalia,Order,MaterialSample,present,urn:lsid:marinespecies.org:taxname:1131,"Latreille, 1816",Animalia,Order,FCBB31-014-461
FCBB31-015,ZHAK-02306-FCBB,ZHAK-02306-FCBB,ZHAK-02306-FCBB,Arthropoda,Copepoda,Harpacticoida,,,,,Harpacticoida,Morphology,Tyrel P Froese,,adult,,E-Vouchered:DNA/Tissue+Photo,,Heather Earle,,urn:lsid:marinespecies.org:taxname:1102,"Sars G.O., 1903",Animalia,Order,MaterialSample,present,urn:lsid:marinespecies.org:taxname:1102,"Sars G.O., 1903",Animalia,Order,FCBB31-015-462
FCBB18-012,ZHAK-02520-FCBB,ZHAK-02520-FCBB,ZHAK-02520-FCBB,Mollusca,Gastropoda,Nudibranchia,Trinchesiidae,,,Tenellia,Tenellia adspersa,BOLD ID Engine,Hakai Institute,,adult,,E-Vouchered:DNA/Tissue+Photo,,Heather Earle,,urn:lsid:marinespecies.org:taxname:141639,"(von Nordmann, 1845)",Animalia,Species,MaterialSample,present,urn:lsid:marinespecies.org:taxname:141639,"(von Nordmann, 1845)",Animalia,Species,FCBB18-012-463
FCBB18-013,ZHAK-02521-FCBB,ZHAK-02521-FCBB,ZHAK-02521-FCBB,Mollusca,Gastropoda,,,,,,Gastropoda,Morphology,Matt Whalen,,larva,,E-Vouchered:DNA/Tissue+Photo,,Heather Earle,,urn:lsid:marinespecies.org:taxname:101,"Cuvier, 1795",Animalia,Class,MaterialSample,present,urn:lsid:marinespecies.org:taxname:101,"Cuvier, 1795",Animalia,Class,FCBB18-013-464
FCBB26-007,ZHAK-02522-FCBB,ZHAK-02522-FCBB,ZHAK-02522-FCBB,Mollusca,Gastropoda,,,,,,Gastropoda,Morphology,Matt Whalen,,larva,,E-Vouchered:DNA/Tissue+Photo,,False Creek BioBlitz,,urn:lsid:marinespecies.org:taxname:101,"Cuvier, 1795",Animalia,Class,MaterialSample,present,urn:lsid:marinespecies.org:taxname:101,"Cuvier, 1795",Animalia,Class,FCBB26-007-465
FCBB26-008,ZHAK-02523-FCBB,ZHAK-02523-FCBB,ZHAK-02523-FCBB,Mollusca,Gastropoda,,,,,,Gastropoda,Morphology,Matt Whalen,,larva,,E-Vouchered:DNA/Tissue+Photo,,False Creek BioBlitz,,urn:lsid:marinespecies.org:taxname:101,"Cuvier, 1795",Animalia,Class,MaterialSample,present,urn:lsid:marinespecies.org:taxname:101,"Cuvier, 1795",Animalia,Class,FCBB26-008-466
FCBB18-014,ZHAK-02524-FCBB,ZHAK-02524-FCBB,ZHAK-02524-FCBB,Mollusca,Gastropoda,Nudibranchia,Trinchesiidae,,,Tenellia,Tenellia adspersa,BOLD ID Engine,Hakai Institute,,larva,,E-Vouchered:DNA/Tissue+Photo,,Heather Earle,,urn:lsid:marinespecies.org:taxname:141639,"(von Nordmann, 1845)",Animalia,Species,MaterialSample,present,urn:lsid:marinespecies.org:taxname:141639,"(von Nordmann, 1845)",Animalia,Species,FCBB18-014-467
FCBB26-009,ZHAK-02525-FCBB,ZHAK-02525-FCBB,ZHAK-02525-FCBB,Mollusca,Gastropoda,,,,,,Gastropoda,Morphology,Gillian Sadlier Brown,,larva,,E-Vouchered:DNA/Tissue+Photo,,False Creek BioBlitz,,urn:lsid:marinespecies.org:taxname:101,"Cuvier, 1795",Animalia,Class,MaterialSample,present,urn:lsid:marinespecies.org:taxname:101,"Cuvier, 1795",Animalia,Class,FCBB26-009-468
FCBB26-010,ZHAK-02526-FCBB,ZHAK-02526-FCBB,ZHAK-02526-FCBB,Mollusca,Gastropoda,,,,,,Gastropoda,Morphology,Gillian Sadlier Brown,,larva,,E-Vouchered:DNA/Tissue+Photo,,False Creek BioBlitz,,urn:lsid:marinespecies.org:taxname:101,"Cuvier, 1795",Animalia,Class,MaterialSample,present,urn:lsid:marinespecies.org:taxname:101,"Cuvier, 1795",Animalia,Class,FCBB26-010-469
FCBB26-011,ZHAK-02527-FCBB,ZHAK-02527-FCBB,ZHAK-02527-FCBB,Mollusca,Gastropoda,,,,,,Gastropoda,Morphology,Gillian Sadlier Brown,,larva,,E-Vouchered:DNA/Tissue+Photo,,False Creek BioBlitz,,urn:lsid:marinespecies.org:taxname:101,"Cuvier, 1795",Animalia,Class,MaterialSample,present,urn:lsid:marinespecies.org:taxname:101,"Cuvier, 1795",Animalia,Class,FCBB26-011-470
FCBB19-32-002,ZHAK-02330-FCBB,ZHAK-02330-FCBB,ZHAK-02330-FCBB,Annelida,Polychaeta,,,,,,Polychaeta,Morphology,Heather Earle,,adult,,E-Vouchered:DNA/Tissue+Photo,,"Matt Whalen, Deborah McFadden",,urn:lsid:marinespecies.org:taxname:883,"Grube, 1850",Animalia,Class,MaterialSample,present,urn:lsid:marinespecies.org:taxname:883,"Grube, 1850",Animalia,Class,FCBB19-32-002-471
FCBB18-015,ZHAK-02331-FCBB,ZHAK-02331-FCBB,ZHAK-02331-FCBB,Annelida,Polychaeta,,,,,,Polychaeta,Morphology,Heather Earle,,adult,,E-Vouchered:DNA/Tissue+Photo,,Heather Earle,,urn:lsid:marinespecies.org:taxname:883,"Grube, 1850",Animalia,Class,MaterialSample,present,urn:lsid:marinespecies.org:taxname:883,"Grube, 1850",Animalia,Class,FCBB18-015-472
FCBB18-016,ZHAK-02332-FCBB,ZHAK-02332-FCBB,ZHAK-02332-FCBB,Annelida,Polychaeta,,,,,,Polychaeta,Morphology,Heather Earle,,adult,,E-Vouchered:DNA/Tissue+Photo,,Heather Earle,,urn:lsid:marinespecies.org:taxname:883,"Grube, 1850",Animalia,Class,MaterialSample,present,urn:lsid:marinespecies.org:taxname:883,"Grube, 1850",Animalia,Class,FCBB18-016-473
FCBB18-017,ZHAK-02333-FCBB,ZHAK-02333-FCBB,ZHAK-02333-FCBB,Annelida,Polychaeta,,,,,,Polychaeta,Morphology,Heather Earle,,metatrocophore,,E-Vouchered:DNA/Tissue+Photo,,Heather Earle,,urn:lsid:marinespecies.org:taxname:883,"Grube, 1850",Animalia,Class,MaterialSample,present,urn:lsid:marinespecies.org:taxname:883,"Grube, 1850",Animalia,Class,FCBB18-017-474
FCBB18-018,ZHAK-02334-FCBB,ZHAK-02334-FCBB,ZHAK-02334-FCBB,Annelida,Polychaeta,,,,,,Polychaeta,Morphology,Heather Earle,,metatrocophore,,E-Vouchered:DNA/Tissue+Photo,,Heather Earle,,urn:lsid:marinespecies.org:taxname:883,"Grube, 1850",Animalia,Class,MaterialSample,present,urn:lsid:marinespecies.org:taxname:883,"Grube, 1850",Animalia,Class,FCBB18-018-475
FCBB18-019,ZHAK-02335-FCBB,ZHAK-02335-FCBB,ZHAK-02335-FCBB,Annelida,Polychaeta,,,,,,Polychaeta,Morphology,Heather Earle,,metatrocophore,,E-Vouchered:DNA/Tissue+Photo,,Heather Earle,,urn:lsid:marinespecies.org:taxname:883,"Grube, 1850",Animalia,Class,MaterialSample,present,urn:lsid:marinespecies.org:taxname:883,"Grube, 1850",Animalia,Class,FCBB18-019-476
FCBB18-020,ZHAK-02336-FCBB,ZHAK-02336-FCBB,ZHAK-02336-FCBB,Annelida,Polychaeta,,,,,,Polychaeta,Morphology,Heather Earle,,metatrocophore,,E-Vouchered:DNA/Tissue+Photo,,Heather Earle,,urn:lsid:marinespecies.org:taxname:883,"Grube, 1850",Animalia,Class,MaterialSample,present,urn:lsid:marinespecies.org:taxname:883,"Grube, 1850",Animalia,Class,FCBB18-020-477
FCBB18-021,ZHAK-02337-FCBB,ZHAK-02337-FCBB,ZHAK-02337-FCBB,Annelida,Polychaeta,,,,,,Polychaeta,Morphology,Heather Earle,,metatrocophore,,E-Vouchered:DNA/Tissue+Photo,,Heather Earle,,urn:lsid:marinespecies.org:taxname:883,"Grube, 1850",Animalia,Class,MaterialSample,present,urn:lsid:marinespecies.org:taxname:883,"Grube, 1850",Animalia,Class,FCBB18-021-478
FCBB20-005,ZHAK-02338-FCBB,ZHAK-02338-FCBB,ZHAK-02338-FCBB,Annelida,Polychaeta,,,,,,Polychaeta,Morphology,Heather Earle,,metatrocophore,,E-Vouchered:DNA/Tissue+Photo,,False Creek BioBlitz,,urn:lsid:marinespecies.org:taxname:883,"Grube, 1850",Animalia,Class,MaterialSample,present,urn:lsid:marinespecies.org:taxname:883,"Grube, 1850",Animalia,Class,FCBB20-005-479
FCBB23-016,ZHAK-02339-FCBB,ZHAK-02339-FCBB,ZHAK-02339-FCBB,Annelida,Polychaeta,,Capitellidae,,,Capitella,Capitella,BOLD ID Engine,Hakai Institute,,metatrocophore,,E-Vouchered:DNA/Tissue+Photo,,Heather Earle,,urn:lsid:marinespecies.org:taxname:129211,"Blainville, 1828",Animalia,Genus,MaterialSample,present,urn:lsid:marinespecies.org:taxname:129211,"Blainville, 1828",Animalia,Genus,FCBB23-016-480
FCBB23-017,ZHAK-02340-FCBB,ZHAK-02340-FCBB,ZHAK-02340-FCBB,Annelida,Polychaeta,,,,,,Polychaeta,Morphology,Matt Whalen,,metatrocophore,,E-Vouchered:DNA/Tissue+Photo,,Heather Earle,,urn:lsid:marinespecies.org:taxname:883,"Grube, 1850",Animalia,Class,MaterialSample,present,urn:lsid:marinespecies.org:taxname:883,"Grube, 1850",Animalia,Class,FCBB23-017-481
FCBB28-001,ZHAK-02341-FCBB,ZHAK-02341-FCBB,ZHAK-02341-FCBB,Annelida,Polychaeta,,,,,,Polychaeta,Morphology,Alyssa Gehman,,metatrocophore,,E-Vouchered:DNA/Tissue+Photo,,Heather Earle,,urn:lsid:marinespecies.org:taxname:883,"Grube, 1850",Animalia,Class,MaterialSample,present,urn:lsid:marinespecies.org:taxname:883,"Grube, 1850",Animalia,Class,FCBB28-001-482
FCBB28-002,ZHAK-02342-FCBB,ZHAK-02342-FCBB,ZHAK-02342-FCBB,Annelida,Polychaeta,,,,,,Polychaeta,Morphology,Alyssa Gehman,,metatrocophore,,E-Vouchered:DNA/Tissue+Photo,,Heather Earle,,urn:lsid:marinespecies.org:taxname:883,"Grube, 1850",Animalia,Class,MaterialSample,present,urn:lsid:marinespecies.org:taxname:883,"Grube, 1850",Animalia,Class,FCBB28-002-483
FCBB28-003,ZHAK-02343-FCBB,ZHAK-02343-FCBB,ZHAK-02343-FCBB,Annelida,Polychaeta,,,,,,Polychaeta,Morphology,Alyssa Gehman,,metatrocophore,,E-Vouchered:DNA/Tissue+Photo,,Heather Earle,,urn:lsid:marinespecies.org:taxname:883,"Grube, 1850",Animalia,Class,MaterialSample,present,urn:lsid:marinespecies.org:taxname:883,"Grube, 1850",Animalia,Class,FCBB28-003-484
FCBB28-004,ZHAK-02344-FCBB,ZHAK-02344-FCBB,ZHAK-02344-FCBB,Annelida,Polychaeta,,,,,,Polychaeta,Morphology,Alyssa Gehman,,metatrocophore,,E-Vouchered:DNA/Tissue+Photo,,Heather Earle,,urn:lsid:marinespecies.org:taxname:883,"Grube, 1850",Animalia,Class,MaterialSample,present,urn:lsid:marinespecies.org:taxname:883,"Grube, 1850",Animalia,Class,FCBB28-004-485
FCBB28-005,ZHAK-02345-FCBB,ZHAK-02345-FCBB,ZHAK-02345-FCBB,Annelida,Polychaeta,,,,,,Polychaeta,Morphology,Alyssa Gehman,,metatrocophore,,E-Vouchered:DNA/Tissue+Photo,,Heather Earle,,urn:lsid:marinespecies.org:taxname:883,"Grube, 1850",Animalia,Class,MaterialSample,present,urn:lsid:marinespecies.org:taxname:883,"Grube, 1850",Animalia,Class,FCBB28-005-486
FCBB31-016,ZHAK-02346-FCBB,ZHAK-02346-FCBB,ZHAK-02346-FCBB,Annelida,Polychaeta,,,,,,Polychaeta,Morphology,Tyrel Froese,,metatrocophore,,E-Vouchered:DNA/Tissue+Photo,,Heather Earle,,urn:lsid:marinespecies.org:taxname:883,"Grube, 1850",Animalia,Class,MaterialSample,present,urn:lsid:marinespecies.org:taxname:883,"Grube, 1850",Animalia,Class,FCBB31-016-487
FCBB31-017,ZHAK-02347-FCBB,ZHAK-02347-FCBB,ZHAK-02347-FCBB,Annelida,Polychaeta,,,,,,Polychaeta,Morphology,Tyrel Froese,,metatrocophore,,E-Vouchered:DNA/Tissue+Photo,,Heather Earle,,urn:lsid:marinespecies.org:taxname:883,"Grube, 1850",Animalia,Class,MaterialSample,present,urn:lsid:marinespecies.org:taxname:883,"Grube, 1850",Animalia,Class,FCBB31-017-488
FCBB37-054,ZHAK-02348-FCBB,ZHAK-02348-FCBB,ZHAK-02348-FCBB,Annelida,Polychaeta,,,,,,Polychaeta,Morphology,Tyrel Froese,,metatrocophore,,E-Vouchered:DNA/Tissue+Photo,,"Matt Lemay, Colleen Kellogg, Karen Cram, Suzie Christoffel",,urn:lsid:marinespecies.org:taxname:883,"Grube, 1850",Animalia,Class,MaterialSample,present,urn:lsid:marinespecies.org:taxname:883,"Grube, 1850",Animalia,Class,FCBB37-054-489
FCBB31-018,ZHAK-02349-FCBB,ZHAK-02349-FCBB,ZHAK-02349-FCBB,Annelida,Polychaeta,,,,,,Polychaeta,Morphology,Tyrel Froese,,metatrocophore,,E-Vouchered:DNA/Tissue+Photo,,Heather Earle,,urn:lsid:marinespecies.org:taxname:883,"Grube, 1850",Animalia,Class,MaterialSample,present,urn:lsid:marinespecies.org:taxname:883,"Grube, 1850",Animalia,Class,FCBB31-018-490
FCBB31-019,ZHAK-02350-FCBB,ZHAK-02350-FCBB,ZHAK-02350-FCBB,Annelida,Polychaeta,,,,,,Polychaeta,Morphology,Tyrel Froese,,metatrocophore,,E-Vouchered:DNA/Tissue+Photo,,Heather Earle,,urn:lsid:marinespecies.org:taxname:883,"Grube, 1850",Animalia,Class,MaterialSample,present,urn:lsid:marinespecies.org:taxname:883,"Grube, 1850",Animalia,Class,FCBB31-019-491
FCBB30-001,ZHAK-02351-FCBB,ZHAK-02351-FCBB,ZHAK-02351-FCBB,Annelida,Polychaeta,,,,,,Polychaeta,Morphology,Tyrel Froese,,metatrocophore,,E-Vouchered:DNA/Tissue+Photo,,Heather Earle,,urn:lsid:marinespecies.org:taxname:883,"Grube, 1850",Animalia,Class,MaterialSample,present,urn:lsid:marinespecies.org:taxname:883,"Grube, 1850",Animalia,Class,FCBB30-001-492
FCBB31-020,ZHAK-02352-FCBB,ZHAK-02352-FCBB,ZHAK-02352-FCBB,Annelida,Polychaeta,,,,,,Polychaeta,Morphology,Tyrel Froese,,metatrocophore,,E-Vouchered:DNA/Tissue+Photo,,Heather Earle,,urn:lsid:marinespecies.org:taxname:883,"Grube, 1850",Animalia,Class,MaterialSample,present,urn:lsid:marinespecies.org:taxname:883,"Grube, 1850",Animalia,Class,FCBB31-020-493
FCBB18-022,ZHAK-02995-FCBB,ZHAK-02995-FCBB,ZHAK-02995-FCBB,Cnidaria,,,,,,,Cnidaria,Morphology,Matt Whalen,,,,E-Vouchered:DNA/Tissue+Photo,,Heather Earle,,urn:lsid:marinespecies.org:taxname:1267,"Hatschek, 1888",Animalia,Phylum,MaterialSample,present,urn:lsid:marinespecies.org:taxname:1267,"Hatschek, 1888",Animalia,Phylum,FCBB18-022-494
FCBB18-023,ZHAK-02996-FCBB,ZHAK-02996-FCBB,ZHAK-02996-FCBB,Nematoda,,,,,,,Nematoda,Morphology,Matt Whalen,,,,E-Vouchered:DNA/Tissue+Photo,,Heather Earle,,urn:lsid:marinespecies.org:taxname:799,,Animalia,Phylum,MaterialSample,present,urn:lsid:marinespecies.org:taxname:799,NA,Animalia,Phylum,FCBB18-023-495
FCBB18-024,ZHAK-02997-FCBB,ZHAK-02997-FCBB,ZHAK-02997-FCBB,Nematoda,,,,,,,Nematoda,Morphology,Matt Whalen,,,,E-Vouchered:DNA/Tissue+Photo,,Heather Earle,,urn:lsid:marinespecies.org:taxname:799,,Animalia,Phylum,MaterialSample,present,urn:lsid:marinespecies.org:taxname:799,NA,Animalia,Phylum,FCBB18-024-496
FCBB19-32-003,ZHAK-02998-FCBB,ZHAK-02998-FCBB,ZHAK-02998-FCBB,Entoprocta,,,,,,,Entoprocta,Morphology,Matt Whalen,,,,E-Vouchered:DNA/Tissue+Photo,,"Matt Whalen, Deborah McFadden",,urn:lsid:marinespecies.org:taxname:1271,"Nitsche, 1869",Animalia,Phylum,MaterialSample,present,urn:lsid:marinespecies.org:taxname:1271,"Nitsche, 1869",Animalia,Phylum,FCBB19-32-003-497
FCBB21-017,ZHAK-02999-FCBB,ZHAK-02999-FCBB,ZHAK-02999-FCBB,Arthropoda,Ostracoda,,,,,,Ostracoda,Morphology,Matt Whalen,,,,E-Vouchered:DNA/Tissue+Photo,,Heather Earle,,urn:lsid:marinespecies.org:taxname:1078,"Latreille, 1802",Animalia,Class,MaterialSample,present,urn:lsid:marinespecies.org:taxname:1078,"Latreille, 1802",Animalia,Class,FCBB21-017-498
FCBB18-025,ZHAK-03000-FCBB,ZHAK-03000-FCBB,ZHAK-03000-FCBB,Platyhelminthes,,,,,,,Platyhelminthes,Morphology,Matt Whalen,,,,E-Vouchered:DNA/Tissue+Photo,,Heather Earle,,urn:lsid:marinespecies.org:taxname:793,"Minot, 1876",Animalia,Phylum,MaterialSample,present,urn:lsid:marinespecies.org:taxname:793,"Minot, 1876",Animalia,Phylum,FCBB18-025-499
FCBB18-026,ZHAK-03001-FCBB,ZHAK-03001-FCBB,ZHAK-03001-FCBB,Ciliophora,,,,,,,Ciliophora,Morphology,Matt Whalen,,,,E-Vouchered:DNA/Tissue+Photo,,Heather Earle,,urn:lsid:marinespecies.org:taxname:11,,Chromista,Phylum,MaterialSample,present,urn:lsid:marinespecies.org:taxname:11,NA,Chromista,Phylum,FCBB18-026-500
FCBB26P-001,ZHAK-03002-FCBB,ZHAK-03002-FCBB,ZHAK-03002-FCBB,Chordata,Appendicularia,,,,,,Appendicularia,Morphology,Matt Whalen,,adult,Subphylum: Tunicata,E-Vouchered:DNA/Tissue+Photo,,False Creek BioBlitz,,urn:lsid:marinespecies.org:taxname:146421,,Animalia,Class,MaterialSample,present,urn:lsid:marinespecies.org:taxname:146421,NA,Animalia,Class,FCBB26P-001-501
FCBB26P-002,ZHAK-03003-FCBB,ZHAK-03003-FCBB,ZHAK-03003-FCBB,Chordata,Appendicularia,,,,,,Appendicularia,Morphology,Matt Whalen,,adult,Subphylum: Tunicata,E-Vouchered:DNA/Tissue+Photo,,False Creek BioBlitz,,urn:lsid:marinespecies.org:taxname:146421,,Animalia,Class,MaterialSample,present,urn:lsid:marinespecies.org:taxname:146421,NA,Animalia,Class,FCBB26P-002-502
FCBB26P-003,ZHAK-03004-FCBB,ZHAK-03004-FCBB,ZHAK-03004-FCBB,Chordata,Appendicularia,,,,,,Appendicularia,Morphology,Matt Whalen,,adult,Subphylum: Tunicata,E-Vouchered:DNA/Tissue+Photo,,False Creek BioBlitz,,urn:lsid:marinespecies.org:taxname:146421,,Animalia,Class,MaterialSample,present,urn:lsid:marinespecies.org:taxname:146421,NA,Animalia,Class,FCBB26P-003-503
FCBB26P-004,ZHAK-03005-FCBB,ZHAK-03005-FCBB,ZHAK-03005-FCBB,Cnidaria,,,,,,,Cnidaria,Morphology,Alyssa Gehman,,medusa,,E-Vouchered:DNA/Tissue+Photo,,False Creek BioBlitz,,urn:lsid:marinespecies.org:taxname:1267,"Hatschek, 1888",Animalia,Phylum,MaterialSample,present,urn:lsid:marinespecies.org:taxname:1267,"Hatschek, 1888",Animalia,Phylum,FCBB26P-004-504
FCBB26-012,ZHAK-03006-FCBB,ZHAK-03006-FCBB,ZHAK-03006-FCBB,Arthropoda,Insecta,Diptera,Tipulidae,Ctenophorinae,,Ctenophora,Ctenophora,Morphology,Alyssa Gehman,,adult,,E-Vouchered:DNA/Tissue+Photo,,False Creek BioBlitz,,urn:lsid:marinespecies.org:taxname:1248,"Eschscholtz, 1829",Animalia,Phylum,MaterialSample,present,urn:lsid:marinespecies.org:taxname:1248,"Eschscholtz, 1829",Animalia,Phylum,FCBB26-012-505
FCBB26-013,ZHAK-03007-FCBB,ZHAK-03007-FCBB,ZHAK-03007-FCBB,Arthropoda,Insecta,Diptera,Tipulidae,Ctenophorinae,,Ctenophora,Ctenophora,Morphology,Alyssa Gehman,,adult,,E-Vouchered:DNA/Tissue+Photo,,False Creek BioBlitz,,urn:lsid:marinespecies.org:taxname:1248,"Eschscholtz, 1829",Animalia,Phylum,MaterialSample,present,urn:lsid:marinespecies.org:taxname:1248,"Eschscholtz, 1829",Animalia,Phylum,FCBB26-013-506
FCBB26-014,ZHAK-03008-FCBB,ZHAK-03008-FCBB,ZHAK-03008-FCBB,Arthropoda,Insecta,Diptera,Tipulidae,Ctenophorinae,,Ctenophora,Ctenophora,Morphology,Alyssa Gehman,,adult,,E-Vouchered:DNA/Tissue+Photo,,False Creek BioBlitz,,urn:lsid:marinespecies.org:taxname:1248,"Eschscholtz, 1829",Animalia,Phylum,MaterialSample,present,urn:lsid:marinespecies.org:taxname:1248,"Eschscholtz, 1829",Animalia,Phylum,FCBB26-014-507
FCBB26-015,ZHAK-03009-FCBB,ZHAK-03009-FCBB,ZHAK-03009-FCBB,Arthropoda,Insecta,Diptera,Tipulidae,Ctenophorinae,,Ctenophora,Ctenophora,Morphology,Alyssa Gehman,,adult,,E-Vouchered:DNA/Tissue+Photo,,False Creek BioBlitz,,urn:lsid:marinespecies.org:taxname:1248,"Eschscholtz, 1829",Animalia,Phylum,MaterialSample,present,urn:lsid:marinespecies.org:taxname:1248,"Eschscholtz, 1829",Animalia,Phylum,FCBB26-015-508
FCBB26-016,ZHAK-03010-FCBB,ZHAK-03010-FCBB,ZHAK-03010-FCBB,Cnidaria,,,,,,,Cnidaria,Morphology,Alyssa Gehman,,adult,,E-Vouchered:DNA/Tissue+Photo,,False Creek BioBlitz,,urn:lsid:marinespecies.org:taxname:1267,"Hatschek, 1888",Animalia,Phylum,MaterialSample,present,urn:lsid:marinespecies.org:taxname:1267,"Hatschek, 1888",Animalia,Phylum,FCBB26-016-509
FCBB26-017,ZHAK-03011-FCBB,ZHAK-03011-FCBB,ZHAK-03011-FCBB,Cnidaria,Hydrozoa,,,,,,Hydrozoa,Morphology,Alyssa Gehman,,adult,,E-Vouchered:DNA/Tissue+Photo,,False Creek BioBlitz,,urn:lsid:marinespecies.org:taxname:1337,"Owen, 1843",Animalia,Class,MaterialSample,present,urn:lsid:marinespecies.org:taxname:1337,"Owen, 1843",Animalia,Class,FCBB26-017-510
FCBB26-018,ZHAK-03012-FCBB,ZHAK-03012-FCBB,ZHAK-03012-FCBB,Arthropoda,Insecta,Diptera,Tipulidae,Ctenophorinae,,Ctenophora,Ctenophora,Morphology,Alyssa Gehman,,larva,,E-Vouchered:DNA/Tissue+Photo,,False Creek BioBlitz,,urn:lsid:marinespecies.org:taxname:1248,"Eschscholtz, 1829",Animalia,Phylum,MaterialSample,present,urn:lsid:marinespecies.org:taxname:1248,"Eschscholtz, 1829",Animalia,Phylum,FCBB26-018-511
FCBB26-019,ZHAK-03013-FCBB,ZHAK-03013-FCBB,ZHAK-03013-FCBB,Arthropoda,Insecta,Diptera,Tipulidae,Ctenophorinae,,Ctenophora,Ctenophora,Morphology,Alyssa Gehman,,larva,,E-Vouchered:DNA/Tissue+Photo,,False Creek BioBlitz,,urn:lsid:marinespecies.org:taxname:1248,"Eschscholtz, 1829",Animalia,Phylum,MaterialSample,present,urn:lsid:marinespecies.org:taxname:1248,"Eschscholtz, 1829",Animalia,Phylum,FCBB26-019-512
FCBB30-002,ZHAK-03014-FCBB,ZHAK-03014-FCBB,ZHAK-03014-FCBB,Rotifera,Eurotatoria,Ploima,Synchaetidae,,,Synchaeta,Synchaeta,Morphology,Andreas Novotny,,adult,,E-Vouchered:DNA/Tissue+Photo,,Heather Earle,,urn:lsid:marinespecies.org:taxname:134958,"Ehrenberg, 1832",Animalia,Genus,MaterialSample,present,urn:lsid:marinespecies.org:taxname:134958,"Ehrenberg, 1832",Animalia,Genus,FCBB30-002-513
