occurrenceID,eventDate,basisOfRecord,scientificName,decimalLatitude,decimalLongitude,organismQuantity,organismQuantityType,sampleSizeValue,sampleSizeUnit,verbatimIdentification,associatedSequences,samplingProtocol,identificationRemarks,identificationReferences,taxonConceptID,materialSampleID,authority,rank,kingdom,phylum,class,order,family,genus,scientificNameID
ASV11_FC_009_occ_1,2022-09-03,MaterialSample,Ammodytes personatus,49.2744,-123.105416,11,DNA sequence reads,114741,DNA sequence reads,Ammodytes personatus,NA,NA,NA,NA,NA,NA,"Girard, 1856",Species,Animalia,Chordata,Teleostei,Perciformes,Ammodytidae,Ammodytes,urn:lsid:marinespecies.org:taxname:272967
ASV11_FC_033_occ_1,2022-09-03,MaterialSample,Ammodytes personatus,49.27025,-123.12925,22609,DNA sequence reads,274136,DNA sequence reads,Ammodytes personatus,NA,NA,NA,NA,NA,NA,"Girard, 1856",Species,Animalia,Chordata,Teleostei,Perciformes,Ammodytidae,Ammodytes,urn:lsid:marinespecies.org:taxname:272967
ASV11_FC_034_occ_1,2022-09-03,MaterialSample,Ammodytes personatus,49.27025,-123.12925,3782,DNA sequence reads,158246,DNA sequence reads,Ammodytes personatus,NA,NA,NA,NA,NA,NA,"Girard, 1856",Species,Animalia,Chordata,Teleostei,Perciformes,Ammodytidae,Ammodytes,urn:lsid:marinespecies.org:taxname:272967
ASV11_FC_035_occ_1,2022-09-03,MaterialSample,Ammodytes personatus,49.27025,-123.12925,16,DNA sequence reads,173257,DNA sequence reads,Ammodytes personatus,NA,NA,NA,NA,NA,NA,"Girard, 1856",Species,Animalia,Chordata,Teleostei,Perciformes,Ammodytidae,Ammodytes,urn:lsid:marinespecies.org:taxname:272967
ASV11_FC_046_occ_1,2022-09-03,MaterialSample,Ammodytes personatus,49.27626,-123.1373,18349,DNA sequence reads,258120,DNA sequence reads,Ammodytes personatus,NA,NA,NA,NA,NA,NA,"Girard, 1856",Species,Animalia,Chordata,Teleostei,Perciformes,Ammodytidae,Ammodytes,urn:lsid:marinespecies.org:taxname:272967
ASV11_FC_049_occ_1,2022-09-03,MaterialSample,Ammodytes personatus,49.27626,-123.1373,24,DNA sequence reads,193516,DNA sequence reads,Ammodytes personatus,NA,NA,NA,NA,NA,NA,"Girard, 1856",Species,Animalia,Chordata,Teleostei,Perciformes,Ammodytidae,Ammodytes,urn:lsid:marinespecies.org:taxname:272967
ASV11_FC_050_occ_1,2022-09-03,MaterialSample,Ammodytes personatus,49.27626,-123.1373,7,DNA sequence reads,125270,DNA sequence reads,Ammodytes personatus,NA,NA,NA,NA,NA,NA,"Girard, 1856",Species,Animalia,Chordata,Teleostei,Perciformes,Ammodytidae,Ammodytes,urn:lsid:marinespecies.org:taxname:272967
ASV11_FC_051_occ_1,2022-09-03,MaterialSample,Ammodytes personatus,49.279283,-123.141783,36678,DNA sequence reads,185556,DNA sequence reads,Ammodytes personatus,NA,NA,NA,NA,NA,NA,"Girard, 1856",Species,Animalia,Chordata,Teleostei,Perciformes,Ammodytidae,Ammodytes,urn:lsid:marinespecies.org:taxname:272967
ASV11_FC_054_occ_1,2022-09-03,MaterialSample,Ammodytes personatus,49.279283,-123.141783,12,DNA sequence reads,36953,DNA sequence reads,Ammodytes personatus,NA,NA,NA,NA,NA,NA,"Girard, 1856",Species,Animalia,Chordata,Teleostei,Perciformes,Ammodytidae,Ammodytes,urn:lsid:marinespecies.org:taxname:272967
ASV11_FC_059_occ_1,2022-09-03,MaterialSample,Ammodytes personatus,49.283216,-123.14965,34892,DNA sequence reads,117731,DNA sequence reads,Ammodytes personatus,NA,NA,NA,NA,NA,NA,"Girard, 1856",Species,Animalia,Chordata,Teleostei,Perciformes,Ammodytidae,Ammodytes,urn:lsid:marinespecies.org:taxname:272967
ASV22_FC_014_occ_1,2022-09-03,MaterialSample,Citharichthys stigmaeus,49.273483,-123.11055,6,DNA sequence reads,122372,DNA sequence reads,Citharichthys stigmaeus,NA,NA,NA,NA,NA,NA,"Jordan & Gilbert, 1882",Species,Animalia,Chordata,Teleostei,Pleuronectiformes,Paralichthyidae,Citharichthys,urn:lsid:marinespecies.org:taxname:275696
ASV22_FC_022_occ_1,2022-09-03,MaterialSample,Citharichthys stigmaeus,49.272116,-123.1147,34856,DNA sequence reads,196933,DNA sequence reads,Citharichthys stigmaeus,NA,NA,NA,NA,NA,NA,"Jordan & Gilbert, 1882",Species,Animalia,Chordata,Teleostei,Pleuronectiformes,Paralichthyidae,Citharichthys,urn:lsid:marinespecies.org:taxname:275696
ASV22_FC_038_occ_1,2022-09-03,MaterialSample,Citharichthys stigmaeus,49.27025,-123.12925,21,DNA sequence reads,116570,DNA sequence reads,Citharichthys stigmaeus,NA,NA,NA,NA,NA,NA,"Jordan & Gilbert, 1882",Species,Animalia,Chordata,Teleostei,Pleuronectiformes,Paralichthyidae,Citharichthys,urn:lsid:marinespecies.org:taxname:275696
ASV22_FC_046_occ_2,2022-09-03,MaterialSample,Citharichthys stigmaeus,49.27626,-123.1373,8,DNA sequence reads,258120,DNA sequence reads,Citharichthys stigmaeus,NA,NA,NA,NA,NA,NA,"Jordan & Gilbert, 1882",Species,Animalia,Chordata,Teleostei,Pleuronectiformes,Paralichthyidae,Citharichthys,urn:lsid:marinespecies.org:taxname:275696
ASV22_FC_054_occ_2,2022-09-03,MaterialSample,Citharichthys stigmaeus,49.279283,-123.141783,46,DNA sequence reads,36953,DNA sequence reads,Citharichthys stigmaeus,NA,NA,NA,NA,NA,NA,"Jordan & Gilbert, 1882",Species,Animalia,Chordata,Teleostei,Pleuronectiformes,Paralichthyidae,Citharichthys,urn:lsid:marinespecies.org:taxname:275696
ASV34_FC_026_occ_1,2022-09-03,MaterialSample,Citharichthys stigmaeus,49.2705,-123.12346,1668,DNA sequence reads,180198,DNA sequence reads,Citharichthys stigmaeus,NA,NA,NA,NA,NA,NA,"Jordan & Gilbert, 1882",Species,Animalia,Chordata,Teleostei,Pleuronectiformes,Paralichthyidae,Citharichthys,urn:lsid:marinespecies.org:taxname:275696
ASV34_FC_027_occ_1,2022-09-03,MaterialSample,Citharichthys stigmaeus,49.2705,-123.12346,18067,DNA sequence reads,136529,DNA sequence reads,Citharichthys stigmaeus,NA,NA,NA,NA,NA,NA,"Jordan & Gilbert, 1882",Species,Animalia,Chordata,Teleostei,Pleuronectiformes,Paralichthyidae,Citharichthys,urn:lsid:marinespecies.org:taxname:275696
ASV6_FC_002_occ_1,2022-09-03,MaterialSample,Clupea pallasii,49.2726,-123.103583,44751,DNA sequence reads,44971,DNA sequence reads,Clupea pallasii,NA,NA,NA,NA,NA,NA,"Valenciennes, 1847",Species,Animalia,Chordata,Teleostei,Clupeiformes,Clupeidae,Clupea,urn:lsid:marinespecies.org:taxname:151159
ASV6_FC_003_occ_1,2022-09-03,MaterialSample,Clupea pallasii,49.2726,-123.103583,12,DNA sequence reads,131736,DNA sequence reads,Clupea pallasii,NA,NA,NA,NA,NA,NA,"Valenciennes, 1847",Species,Animalia,Chordata,Teleostei,Clupeiformes,Clupeidae,Clupea,urn:lsid:marinespecies.org:taxname:151159
ASV6_FC_007_occ_1,2022-09-03,MaterialSample,Clupea pallasii,49.2726,-123.103583,11,DNA sequence reads,53152,DNA sequence reads,Clupea pallasii,NA,NA,NA,NA,NA,NA,"Valenciennes, 1847",Species,Animalia,Chordata,Teleostei,Clupeiformes,Clupeidae,Clupea,urn:lsid:marinespecies.org:taxname:151159
ASV6_FC_008_occ_1,2022-09-03,MaterialSample,Clupea pallasii,49.2744,-123.105416,48924,DNA sequence reads,112469,DNA sequence reads,Clupea pallasii,NA,NA,NA,NA,NA,NA,"Valenciennes, 1847",Species,Animalia,Chordata,Teleostei,Clupeiformes,Clupeidae,Clupea,urn:lsid:marinespecies.org:taxname:151159
ASV6_FC_009_occ_2,2022-09-03,MaterialSample,Clupea pallasii,49.2744,-123.105416,42,DNA sequence reads,114741,DNA sequence reads,Clupea pallasii,NA,NA,NA,NA,NA,NA,"Valenciennes, 1847",Species,Animalia,Chordata,Teleostei,Clupeiformes,Clupeidae,Clupea,urn:lsid:marinespecies.org:taxname:151159
ASV6_FC_010_occ_1,2022-09-03,MaterialSample,Clupea pallasii,49.2744,-123.105416,10383,DNA sequence reads,136308,DNA sequence reads,Clupea pallasii,NA,NA,NA,NA,NA,NA,"Valenciennes, 1847",Species,Animalia,Chordata,Teleostei,Clupeiformes,Clupeidae,Clupea,urn:lsid:marinespecies.org:taxname:151159
ASV6_FC_014_occ_2,2022-09-03,MaterialSample,Clupea pallasii,49.273483,-123.11055,47371,DNA sequence reads,122372,DNA sequence reads,Clupea pallasii,NA,NA,NA,NA,NA,NA,"Valenciennes, 1847",Species,Animalia,Chordata,Teleostei,Clupeiformes,Clupeidae,Clupea,urn:lsid:marinespecies.org:taxname:151159
ASV6_FC_017_occ_1,2022-09-03,MaterialSample,Clupea pallasii,49.273483,-123.11055,28,DNA sequence reads,35998,DNA sequence reads,Clupea pallasii,NA,NA,NA,NA,NA,NA,"Valenciennes, 1847",Species,Animalia,Chordata,Teleostei,Clupeiformes,Clupeidae,Clupea,urn:lsid:marinespecies.org:taxname:151159
ASV6_FC_021_occ_1,2022-09-03,MaterialSample,Clupea pallasii,49.272116,-123.1147,19167,DNA sequence reads,300824,DNA sequence reads,Clupea pallasii,NA,NA,NA,NA,NA,NA,"Valenciennes, 1847",Species,Animalia,Chordata,Teleostei,Clupeiformes,Clupeidae,Clupea,urn:lsid:marinespecies.org:taxname:151159
ASV6_FC_024_occ_1,2022-09-03,MaterialSample,Clupea pallasii,49.272116,-123.1147,16,DNA sequence reads,243,DNA sequence reads,Clupea pallasii,NA,NA,NA,NA,NA,NA,"Valenciennes, 1847",Species,Animalia,Chordata,Teleostei,Clupeiformes,Clupeidae,Clupea,urn:lsid:marinespecies.org:taxname:151159
ASV6_FC_025_occ_1,2022-09-03,MaterialSample,Clupea pallasii,49.272116,-123.1147,26,DNA sequence reads,46,DNA sequence reads,Clupea pallasii,NA,NA,NA,NA,NA,NA,"Valenciennes, 1847",Species,Animalia,Chordata,Teleostei,Clupeiformes,Clupeidae,Clupea,urn:lsid:marinespecies.org:taxname:151159
ASV6_FC_026_occ_2,2022-09-03,MaterialSample,Clupea pallasii,49.2705,-123.12346,35573,DNA sequence reads,180198,DNA sequence reads,Clupea pallasii,NA,NA,NA,NA,NA,NA,"Valenciennes, 1847",Species,Animalia,Chordata,Teleostei,Clupeiformes,Clupeidae,Clupea,urn:lsid:marinespecies.org:taxname:151159
ASV6_FC_027_occ_2,2022-09-03,MaterialSample,Clupea pallasii,49.2705,-123.12346,35178,DNA sequence reads,136529,DNA sequence reads,Clupea pallasii,NA,NA,NA,NA,NA,NA,"Valenciennes, 1847",Species,Animalia,Chordata,Teleostei,Clupeiformes,Clupeidae,Clupea,urn:lsid:marinespecies.org:taxname:151159
ASV6_FC_029_occ_1,2022-09-03,MaterialSample,Clupea pallasii,49.2705,-123.12346,16,DNA sequence reads,116523,DNA sequence reads,Clupea pallasii,NA,NA,NA,NA,NA,NA,"Valenciennes, 1847",Species,Animalia,Chordata,Teleostei,Clupeiformes,Clupeidae,Clupea,urn:lsid:marinespecies.org:taxname:151159
ASV6_FC_030_occ_1,2022-09-03,MaterialSample,Clupea pallasii,49.2705,-123.12346,19,DNA sequence reads,102699,DNA sequence reads,Clupea pallasii,NA,NA,NA,NA,NA,NA,"Valenciennes, 1847",Species,Animalia,Chordata,Teleostei,Clupeiformes,Clupeidae,Clupea,urn:lsid:marinespecies.org:taxname:151159
ASV6_FC_031_occ_1,2022-09-03,MaterialSample,Clupea pallasii,49.2705,-123.12346,9,DNA sequence reads,64598,DNA sequence reads,Clupea pallasii,NA,NA,NA,NA,NA,NA,"Valenciennes, 1847",Species,Animalia,Chordata,Teleostei,Clupeiformes,Clupeidae,Clupea,urn:lsid:marinespecies.org:taxname:151159
ASV6_FC_033_occ_2,2022-09-03,MaterialSample,Clupea pallasii,49.27025,-123.12925,50406,DNA sequence reads,274136,DNA sequence reads,Clupea pallasii,NA,NA,NA,NA,NA,NA,"Valenciennes, 1847",Species,Animalia,Chordata,Teleostei,Clupeiformes,Clupeidae,Clupea,urn:lsid:marinespecies.org:taxname:151159
ASV6_FC_035_occ_2,2022-09-03,MaterialSample,Clupea pallasii,49.27025,-123.12925,11,DNA sequence reads,173257,DNA sequence reads,Clupea pallasii,NA,NA,NA,NA,NA,NA,"Valenciennes, 1847",Species,Animalia,Chordata,Teleostei,Clupeiformes,Clupeidae,Clupea,urn:lsid:marinespecies.org:taxname:151159
ASV6_FC_037_occ_1,2022-09-03,MaterialSample,Clupea pallasii,49.27025,-123.12925,31,DNA sequence reads,121469,DNA sequence reads,Clupea pallasii,NA,NA,NA,NA,NA,NA,"Valenciennes, 1847",Species,Animalia,Chordata,Teleostei,Clupeiformes,Clupeidae,Clupea,urn:lsid:marinespecies.org:taxname:151159
ASV6_FC_038_occ_2,2022-09-03,MaterialSample,Clupea pallasii,49.27025,-123.12925,38,DNA sequence reads,116570,DNA sequence reads,Clupea pallasii,NA,NA,NA,NA,NA,NA,"Valenciennes, 1847",Species,Animalia,Chordata,Teleostei,Clupeiformes,Clupeidae,Clupea,urn:lsid:marinespecies.org:taxname:151159
ASV6_FC_039_occ_1,2022-09-03,MaterialSample,Clupea pallasii,49.27323,-123.13356,12,DNA sequence reads,185442,DNA sequence reads,Clupea pallasii,NA,NA,NA,NA,NA,NA,"Valenciennes, 1847",Species,Animalia,Chordata,Teleostei,Clupeiformes,Clupeidae,Clupea,urn:lsid:marinespecies.org:taxname:151159
ASV6_FC_040_occ_1,2022-09-03,MaterialSample,Clupea pallasii,49.27323,-123.13356,86277,DNA sequence reads,255894,DNA sequence reads,Clupea pallasii,NA,NA,NA,NA,NA,NA,"Valenciennes, 1847",Species,Animalia,Chordata,Teleostei,Clupeiformes,Clupeidae,Clupea,urn:lsid:marinespecies.org:taxname:151159
ASV6_FC_041_occ_1,2022-09-03,MaterialSample,Clupea pallasii,49.27323,-123.13356,61,DNA sequence reads,67576,DNA sequence reads,Clupea pallasii,NA,NA,NA,NA,NA,NA,"Valenciennes, 1847",Species,Animalia,Chordata,Teleostei,Clupeiformes,Clupeidae,Clupea,urn:lsid:marinespecies.org:taxname:151159
ASV6_FC_042_occ_1,2022-09-03,MaterialSample,Clupea pallasii,49.27323,-123.13356,30,DNA sequence reads,64197,DNA sequence reads,Clupea pallasii,NA,NA,NA,NA,NA,NA,"Valenciennes, 1847",Species,Animalia,Chordata,Teleostei,Clupeiformes,Clupeidae,Clupea,urn:lsid:marinespecies.org:taxname:151159
ASV6_FC_043_occ_1,2022-09-03,MaterialSample,Clupea pallasii,49.27323,-123.13356,6,DNA sequence reads,52792,DNA sequence reads,Clupea pallasii,NA,NA,NA,NA,NA,NA,"Valenciennes, 1847",Species,Animalia,Chordata,Teleostei,Clupeiformes,Clupeidae,Clupea,urn:lsid:marinespecies.org:taxname:151159
ASV6_FC_045_occ_1,2022-09-03,MaterialSample,Clupea pallasii,49.27626,-123.1373,60645,DNA sequence reads,208735,DNA sequence reads,Clupea pallasii,NA,NA,NA,NA,NA,NA,"Valenciennes, 1847",Species,Animalia,Chordata,Teleostei,Clupeiformes,Clupeidae,Clupea,urn:lsid:marinespecies.org:taxname:151159
ASV6_FC_046_occ_3,2022-09-03,MaterialSample,Clupea pallasii,49.27626,-123.1373,59948,DNA sequence reads,258120,DNA sequence reads,Clupea pallasii,NA,NA,NA,NA,NA,NA,"Valenciennes, 1847",Species,Animalia,Chordata,Teleostei,Clupeiformes,Clupeidae,Clupea,urn:lsid:marinespecies.org:taxname:151159
ASV6_FC_047_occ_1,2022-09-03,MaterialSample,Clupea pallasii,49.27626,-123.1373,65589,DNA sequence reads,108257,DNA sequence reads,Clupea pallasii,NA,NA,NA,NA,NA,NA,"Valenciennes, 1847",Species,Animalia,Chordata,Teleostei,Clupeiformes,Clupeidae,Clupea,urn:lsid:marinespecies.org:taxname:151159
ASV6_FC_048_occ_1,2022-09-03,MaterialSample,Clupea pallasii,49.27626,-123.1373,40,DNA sequence reads,50184,DNA sequence reads,Clupea pallasii,NA,NA,NA,NA,NA,NA,"Valenciennes, 1847",Species,Animalia,Chordata,Teleostei,Clupeiformes,Clupeidae,Clupea,urn:lsid:marinespecies.org:taxname:151159
ASV6_FC_050_occ_2,2022-09-03,MaterialSample,Clupea pallasii,49.27626,-123.1373,102,DNA sequence reads,125270,DNA sequence reads,Clupea pallasii,NA,NA,NA,NA,NA,NA,"Valenciennes, 1847",Species,Animalia,Chordata,Teleostei,Clupeiformes,Clupeidae,Clupea,urn:lsid:marinespecies.org:taxname:151159
ASV6_FC_051_occ_2,2022-09-03,MaterialSample,Clupea pallasii,49.279283,-123.141783,28,DNA sequence reads,185556,DNA sequence reads,Clupea pallasii,NA,NA,NA,NA,NA,NA,"Valenciennes, 1847",Species,Animalia,Chordata,Teleostei,Clupeiformes,Clupeidae,Clupea,urn:lsid:marinespecies.org:taxname:151159
ASV6_FC_052_occ_1,2022-09-03,MaterialSample,Clupea pallasii,49.279283,-123.141783,28834,DNA sequence reads,189648,DNA sequence reads,Clupea pallasii,NA,NA,NA,NA,NA,NA,"Valenciennes, 1847",Species,Animalia,Chordata,Teleostei,Clupeiformes,Clupeidae,Clupea,urn:lsid:marinespecies.org:taxname:151159
ASV6_FC_054_occ_3,2022-09-03,MaterialSample,Clupea pallasii,49.279283,-123.141783,95,DNA sequence reads,36953,DNA sequence reads,Clupea pallasii,NA,NA,NA,NA,NA,NA,"Valenciennes, 1847",Species,Animalia,Chordata,Teleostei,Clupeiformes,Clupeidae,Clupea,urn:lsid:marinespecies.org:taxname:151159
ASV6_FC_055_occ_1,2022-09-03,MaterialSample,Clupea pallasii,49.279283,-123.141783,38,DNA sequence reads,122357,DNA sequence reads,Clupea pallasii,NA,NA,NA,NA,NA,NA,"Valenciennes, 1847",Species,Animalia,Chordata,Teleostei,Clupeiformes,Clupeidae,Clupea,urn:lsid:marinespecies.org:taxname:151159
ASV6_FC_056_occ_1,2022-09-03,MaterialSample,Clupea pallasii,49.279283,-123.141783,176,DNA sequence reads,3549789,DNA sequence reads,Clupea pallasii,NA,NA,NA,NA,NA,NA,"Valenciennes, 1847",Species,Animalia,Chordata,Teleostei,Clupeiformes,Clupeidae,Clupea,urn:lsid:marinespecies.org:taxname:151159
ASV6_FC_057_occ_1,2022-09-03,MaterialSample,Clupea pallasii,49.283216,-123.14965,15298,DNA sequence reads,137850,DNA sequence reads,Clupea pallasii,NA,NA,NA,NA,NA,NA,"Valenciennes, 1847",Species,Animalia,Chordata,Teleostei,Clupeiformes,Clupeidae,Clupea,urn:lsid:marinespecies.org:taxname:151159
ASV6_FC_058_occ_1,2022-09-03,MaterialSample,Clupea pallasii,49.283216,-123.14965,29037,DNA sequence reads,180740,DNA sequence reads,Clupea pallasii,NA,NA,NA,NA,NA,NA,"Valenciennes, 1847",Species,Animalia,Chordata,Teleostei,Clupeiformes,Clupeidae,Clupea,urn:lsid:marinespecies.org:taxname:151159
ASV6_FC_061_occ_1,2022-09-03,MaterialSample,Clupea pallasii,49.283216,-123.14965,14,DNA sequence reads,108488,DNA sequence reads,Clupea pallasii,NA,NA,NA,NA,NA,NA,"Valenciennes, 1847",Species,Animalia,Chordata,Teleostei,Clupeiformes,Clupeidae,Clupea,urn:lsid:marinespecies.org:taxname:151159
ASV6_FC_064_occ_1,2022-09-03,MaterialSample,Clupea pallasii,49.281516,-123.15095,30,DNA sequence reads,30830,DNA sequence reads,Clupea pallasii,NA,NA,NA,NA,NA,NA,"Valenciennes, 1847",Species,Animalia,Chordata,Teleostei,Clupeiformes,Clupeidae,Clupea,urn:lsid:marinespecies.org:taxname:151159
ASV6_FC_071_occ_1,2022-09-03,MaterialSample,Clupea pallasii,49.281783,-123.1601,7,DNA sequence reads,56,DNA sequence reads,Clupea pallasii,NA,NA,NA,NA,NA,NA,"Valenciennes, 1847",Species,Animalia,Chordata,Teleostei,Clupeiformes,Clupeidae,Clupea,urn:lsid:marinespecies.org:taxname:151159
ASV6_FC_072_occ_1,2022-09-03,MaterialSample,Clupea pallasii,49.281783,-123.1601,13,DNA sequence reads,37097,DNA sequence reads,Clupea pallasii,NA,NA,NA,NA,NA,NA,"Valenciennes, 1847",Species,Animalia,Chordata,Teleostei,Clupeiformes,Clupeidae,Clupea,urn:lsid:marinespecies.org:taxname:151159
ASV6_FC_073_occ_1,2022-09-03,MaterialSample,Clupea pallasii,49.281783,-123.1601,15663,DNA sequence reads,34307,DNA sequence reads,Clupea pallasii,NA,NA,NA,NA,NA,NA,"Valenciennes, 1847",Species,Animalia,Chordata,Teleostei,Clupeiformes,Clupeidae,Clupea,urn:lsid:marinespecies.org:taxname:151159
ASV10_FC_033_occ_3,2022-09-03,MaterialSample,Clupea pallasii,49.27025,-123.12925,118099,DNA sequence reads,274136,DNA sequence reads,Clupea pallasii,NA,NA,NA,NA,NA,NA,"Valenciennes, 1847",Species,Animalia,Chordata,Teleostei,Clupeiformes,Clupeidae,Clupea,urn:lsid:marinespecies.org:taxname:151159
ASV10_FC_049_occ_2,2022-09-03,MaterialSample,Clupea pallasii,49.27626,-123.1373,172,DNA sequence reads,193516,DNA sequence reads,Clupea pallasii,NA,NA,NA,NA,NA,NA,"Valenciennes, 1847",Species,Animalia,Chordata,Teleostei,Clupeiformes,Clupeidae,Clupea,urn:lsid:marinespecies.org:taxname:151159
ASV18_FC_006_occ_1,2022-09-03,MaterialSample,Clupea pallasii,49.2726,-123.103583,14,DNA sequence reads,45858,DNA sequence reads,Clupea pallasii,NA,NA,NA,NA,NA,NA,"Valenciennes, 1847",Species,Animalia,Chordata,Teleostei,Clupeiformes,Clupeidae,Clupea,urn:lsid:marinespecies.org:taxname:151159
ASV18_FC_022_occ_2,2022-09-03,MaterialSample,Clupea pallasii,49.272116,-123.1147,11,DNA sequence reads,196933,DNA sequence reads,Clupea pallasii,NA,NA,NA,NA,NA,NA,"Valenciennes, 1847",Species,Animalia,Chordata,Teleostei,Clupeiformes,Clupeidae,Clupea,urn:lsid:marinespecies.org:taxname:151159
ASV18_FC_070_occ_1,2022-09-03,MaterialSample,Clupea pallasii,49.281783,-123.1601,61870,DNA sequence reads,180544,DNA sequence reads,Clupea pallasii,NA,NA,NA,NA,NA,NA,"Valenciennes, 1847",Species,Animalia,Chordata,Teleostei,Clupeiformes,Clupeidae,Clupea,urn:lsid:marinespecies.org:taxname:151159
ASV21_FC_053_occ_1,2022-09-03,MaterialSample,Clupea pallasii,49.279283,-123.141783,38718,DNA sequence reads,198178,DNA sequence reads,Clupea pallasii,NA,NA,NA,NA,NA,NA,"Valenciennes, 1847",Species,Animalia,Chordata,Teleostei,Clupeiformes,Clupeidae,Clupea,urn:lsid:marinespecies.org:taxname:151159
ASV25_FC_034_occ_2,2022-09-03,MaterialSample,Clupea pallasii,49.27025,-123.12925,25911,DNA sequence reads,158246,DNA sequence reads,Clupea pallasii,NA,NA,NA,NA,NA,NA,"Valenciennes, 1847",Species,Animalia,Chordata,Teleostei,Clupeiformes,Clupeidae,Clupea,urn:lsid:marinespecies.org:taxname:151159
ASV29_FC_010_occ_2,2022-09-03,MaterialSample,Clupea pallasii,49.2744,-123.105416,22456,DNA sequence reads,136308,DNA sequence reads,Clupea pallasii,NA,NA,NA,NA,NA,NA,"Valenciennes, 1847",Species,Animalia,Chordata,Teleostei,Clupeiformes,Clupeidae,Clupea,urn:lsid:marinespecies.org:taxname:151159
ASV51_FC_027_occ_3,2022-09-03,MaterialSample,Clupea pallasii,49.2705,-123.12346,6775,DNA sequence reads,136529,DNA sequence reads,Clupea pallasii,NA,NA,NA,NA,NA,NA,"Valenciennes, 1847",Species,Animalia,Chordata,Teleostei,Clupeiformes,Clupeidae,Clupea,urn:lsid:marinespecies.org:taxname:151159
ASV53_FC_057_occ_2,2022-09-03,MaterialSample,Clupea pallasii,49.283216,-123.14965,5721,DNA sequence reads,137850,DNA sequence reads,Clupea pallasii,NA,NA,NA,NA,NA,NA,"Valenciennes, 1847",Species,Animalia,Chordata,Teleostei,Clupeiformes,Clupeidae,Clupea,urn:lsid:marinespecies.org:taxname:151159
ASV54_FC_049_occ_3,2022-09-03,MaterialSample,Cottus,49.27626,-123.1373,3,DNA sequence reads,193516,DNA sequence reads,Cottus sp.,NA,NA,NA,NA,NA,NA,"Linnaeus, 1758",Genus,Animalia,Chordata,Teleostei,Perciformes,Cottidae,Cottus,urn:lsid:marinespecies.org:taxname:126148
ASV54_FC_057_occ_3,2022-09-03,MaterialSample,Cottus,49.283216,-123.14965,4425,DNA sequence reads,137850,DNA sequence reads,Cottus sp.,NA,NA,NA,NA,NA,NA,"Linnaeus, 1758",Genus,Animalia,Chordata,Teleostei,Perciformes,Cottidae,Cottus,urn:lsid:marinespecies.org:taxname:126148
ASV3_FC_004_occ_1,2022-09-03,MaterialSample,Cymatogaster aggregata,49.2726,-123.103583,446,DNA sequence reads,1098,DNA sequence reads,Cymatogaster aggregata,NA,NA,NA,NA,NA,NA,"Gibbons, 1854",Species,Animalia,Chordata,Teleostei,Ovalentaria incertae sedis,Embiotocidae,Cymatogaster,urn:lsid:marinespecies.org:taxname:280461
ASV3_FC_005_occ_1,2022-09-03,MaterialSample,Cymatogaster aggregata,49.2726,-123.103583,10,DNA sequence reads,124052,DNA sequence reads,Cymatogaster aggregata,NA,NA,NA,NA,NA,NA,"Gibbons, 1854",Species,Animalia,Chordata,Teleostei,Ovalentaria incertae sedis,Embiotocidae,Cymatogaster,urn:lsid:marinespecies.org:taxname:280461
ASV3_FC_007_occ_2,2022-09-03,MaterialSample,Cymatogaster aggregata,49.2726,-123.103583,15,DNA sequence reads,53152,DNA sequence reads,Cymatogaster aggregata,NA,NA,NA,NA,NA,NA,"Gibbons, 1854",Species,Animalia,Chordata,Teleostei,Ovalentaria incertae sedis,Embiotocidae,Cymatogaster,urn:lsid:marinespecies.org:taxname:280461
ASV3_FC_008_occ_2,2022-09-03,MaterialSample,Cymatogaster aggregata,49.2744,-123.105416,20798,DNA sequence reads,112469,DNA sequence reads,Cymatogaster aggregata,NA,NA,NA,NA,NA,NA,"Gibbons, 1854",Species,Animalia,Chordata,Teleostei,Ovalentaria incertae sedis,Embiotocidae,Cymatogaster,urn:lsid:marinespecies.org:taxname:280461
ASV3_FC_009_occ_3,2022-09-03,MaterialSample,Cymatogaster aggregata,49.2744,-123.105416,34650,DNA sequence reads,114741,DNA sequence reads,Cymatogaster aggregata,NA,NA,NA,NA,NA,NA,"Gibbons, 1854",Species,Animalia,Chordata,Teleostei,Ovalentaria incertae sedis,Embiotocidae,Cymatogaster,urn:lsid:marinespecies.org:taxname:280461
ASV3_FC_010_occ_3,2022-09-03,MaterialSample,Cymatogaster aggregata,49.2744,-123.105416,31047,DNA sequence reads,136308,DNA sequence reads,Cymatogaster aggregata,NA,NA,NA,NA,NA,NA,"Gibbons, 1854",Species,Animalia,Chordata,Teleostei,Ovalentaria incertae sedis,Embiotocidae,Cymatogaster,urn:lsid:marinespecies.org:taxname:280461
ASV3_FC_012_occ_1,2022-09-03,MaterialSample,Cymatogaster aggregata,49.2744,-123.105416,10,DNA sequence reads,65506,DNA sequence reads,Cymatogaster aggregata,NA,NA,NA,NA,NA,NA,"Gibbons, 1854",Species,Animalia,Chordata,Teleostei,Ovalentaria incertae sedis,Embiotocidae,Cymatogaster,urn:lsid:marinespecies.org:taxname:280461
ASV3_FC_013_occ_1,2022-09-03,MaterialSample,Cymatogaster aggregata,49.2744,-123.105416,23,DNA sequence reads,29501,DNA sequence reads,Cymatogaster aggregata,NA,NA,NA,NA,NA,NA,"Gibbons, 1854",Species,Animalia,Chordata,Teleostei,Ovalentaria incertae sedis,Embiotocidae,Cymatogaster,urn:lsid:marinespecies.org:taxname:280461
ASV3_FC_014_occ_3,2022-09-03,MaterialSample,Cymatogaster aggregata,49.273483,-123.11055,16848,DNA sequence reads,122372,DNA sequence reads,Cymatogaster aggregata,NA,NA,NA,NA,NA,NA,"Gibbons, 1854",Species,Animalia,Chordata,Teleostei,Ovalentaria incertae sedis,Embiotocidae,Cymatogaster,urn:lsid:marinespecies.org:taxname:280461
ASV3_FC_015_occ_1,2022-09-03,MaterialSample,Cymatogaster aggregata,49.273483,-123.11055,36459,DNA sequence reads,41381,DNA sequence reads,Cymatogaster aggregata,NA,NA,NA,NA,NA,NA,"Gibbons, 1854",Species,Animalia,Chordata,Teleostei,Ovalentaria incertae sedis,Embiotocidae,Cymatogaster,urn:lsid:marinespecies.org:taxname:280461
ASV3_FC_016_occ_1,2022-09-03,MaterialSample,Cymatogaster aggregata,49.273483,-123.11055,110,DNA sequence reads,104657,DNA sequence reads,Cymatogaster aggregata,NA,NA,NA,NA,NA,NA,"Gibbons, 1854",Species,Animalia,Chordata,Teleostei,Ovalentaria incertae sedis,Embiotocidae,Cymatogaster,urn:lsid:marinespecies.org:taxname:280461
ASV3_FC_021_occ_2,2022-09-03,MaterialSample,Cymatogaster aggregata,49.272116,-123.1147,42194,DNA sequence reads,300824,DNA sequence reads,Cymatogaster aggregata,NA,NA,NA,NA,NA,NA,"Gibbons, 1854",Species,Animalia,Chordata,Teleostei,Ovalentaria incertae sedis,Embiotocidae,Cymatogaster,urn:lsid:marinespecies.org:taxname:280461
ASV3_FC_022_occ_3,2022-09-03,MaterialSample,Cymatogaster aggregata,49.272116,-123.1147,14,DNA sequence reads,196933,DNA sequence reads,Cymatogaster aggregata,NA,NA,NA,NA,NA,NA,"Gibbons, 1854",Species,Animalia,Chordata,Teleostei,Ovalentaria incertae sedis,Embiotocidae,Cymatogaster,urn:lsid:marinespecies.org:taxname:280461
ASV3_FC_023_occ_1,2022-09-03,MaterialSample,Cymatogaster aggregata,49.272116,-123.1147,18,DNA sequence reads,24,DNA sequence reads,Cymatogaster aggregata,NA,NA,NA,NA,NA,NA,"Gibbons, 1854",Species,Animalia,Chordata,Teleostei,Ovalentaria incertae sedis,Embiotocidae,Cymatogaster,urn:lsid:marinespecies.org:taxname:280461
ASV3_FC_024_occ_2,2022-09-03,MaterialSample,Cymatogaster aggregata,49.272116,-123.1147,51,DNA sequence reads,243,DNA sequence reads,Cymatogaster aggregata,NA,NA,NA,NA,NA,NA,"Gibbons, 1854",Species,Animalia,Chordata,Teleostei,Ovalentaria incertae sedis,Embiotocidae,Cymatogaster,urn:lsid:marinespecies.org:taxname:280461
ASV3_FC_025_occ_2,2022-09-03,MaterialSample,Cymatogaster aggregata,49.272116,-123.1147,5,DNA sequence reads,46,DNA sequence reads,Cymatogaster aggregata,NA,NA,NA,NA,NA,NA,"Gibbons, 1854",Species,Animalia,Chordata,Teleostei,Ovalentaria incertae sedis,Embiotocidae,Cymatogaster,urn:lsid:marinespecies.org:taxname:280461
ASV3_FC_026_occ_3,2022-09-03,MaterialSample,Cymatogaster aggregata,49.2705,-123.12346,42242,DNA sequence reads,180198,DNA sequence reads,Cymatogaster aggregata,NA,NA,NA,NA,NA,NA,"Gibbons, 1854",Species,Animalia,Chordata,Teleostei,Ovalentaria incertae sedis,Embiotocidae,Cymatogaster,urn:lsid:marinespecies.org:taxname:280461
ASV3_FC_028_occ_1,2022-09-03,MaterialSample,Cymatogaster aggregata,49.2705,-123.12346,6,DNA sequence reads,100866,DNA sequence reads,Cymatogaster aggregata,NA,NA,NA,NA,NA,NA,"Gibbons, 1854",Species,Animalia,Chordata,Teleostei,Ovalentaria incertae sedis,Embiotocidae,Cymatogaster,urn:lsid:marinespecies.org:taxname:280461
ASV3_FC_029_occ_2,2022-09-03,MaterialSample,Cymatogaster aggregata,49.2705,-123.12346,28,DNA sequence reads,116523,DNA sequence reads,Cymatogaster aggregata,NA,NA,NA,NA,NA,NA,"Gibbons, 1854",Species,Animalia,Chordata,Teleostei,Ovalentaria incertae sedis,Embiotocidae,Cymatogaster,urn:lsid:marinespecies.org:taxname:280461
ASV3_FC_030_occ_2,2022-09-03,MaterialSample,Cymatogaster aggregata,49.2705,-123.12346,19,DNA sequence reads,102699,DNA sequence reads,Cymatogaster aggregata,NA,NA,NA,NA,NA,NA,"Gibbons, 1854",Species,Animalia,Chordata,Teleostei,Ovalentaria incertae sedis,Embiotocidae,Cymatogaster,urn:lsid:marinespecies.org:taxname:280461
ASV3_FC_031_occ_2,2022-09-03,MaterialSample,Cymatogaster aggregata,49.2705,-123.12346,12,DNA sequence reads,64598,DNA sequence reads,Cymatogaster aggregata,NA,NA,NA,NA,NA,NA,"Gibbons, 1854",Species,Animalia,Chordata,Teleostei,Ovalentaria incertae sedis,Embiotocidae,Cymatogaster,urn:lsid:marinespecies.org:taxname:280461
ASV3_FC_033_occ_4,2022-09-03,MaterialSample,Cymatogaster aggregata,49.27025,-123.12925,9,DNA sequence reads,274136,DNA sequence reads,Cymatogaster aggregata,NA,NA,NA,NA,NA,NA,"Gibbons, 1854",Species,Animalia,Chordata,Teleostei,Ovalentaria incertae sedis,Embiotocidae,Cymatogaster,urn:lsid:marinespecies.org:taxname:280461
ASV3_FC_034_occ_3,2022-09-03,MaterialSample,Cymatogaster aggregata,49.27025,-123.12925,23,DNA sequence reads,158246,DNA sequence reads,Cymatogaster aggregata,NA,NA,NA,NA,NA,NA,"Gibbons, 1854",Species,Animalia,Chordata,Teleostei,Ovalentaria incertae sedis,Embiotocidae,Cymatogaster,urn:lsid:marinespecies.org:taxname:280461
ASV3_FC_037_occ_2,2022-09-03,MaterialSample,Cymatogaster aggregata,49.27025,-123.12925,35,DNA sequence reads,121469,DNA sequence reads,Cymatogaster aggregata,NA,NA,NA,NA,NA,NA,"Gibbons, 1854",Species,Animalia,Chordata,Teleostei,Ovalentaria incertae sedis,Embiotocidae,Cymatogaster,urn:lsid:marinespecies.org:taxname:280461
ASV3_FC_038_occ_3,2022-09-03,MaterialSample,Cymatogaster aggregata,49.27025,-123.12925,29,DNA sequence reads,116570,DNA sequence reads,Cymatogaster aggregata,NA,NA,NA,NA,NA,NA,"Gibbons, 1854",Species,Animalia,Chordata,Teleostei,Ovalentaria incertae sedis,Embiotocidae,Cymatogaster,urn:lsid:marinespecies.org:taxname:280461
ASV3_FC_039_occ_2,2022-09-03,MaterialSample,Cymatogaster aggregata,49.27323,-123.13356,66181,DNA sequence reads,185442,DNA sequence reads,Cymatogaster aggregata,NA,NA,NA,NA,NA,NA,"Gibbons, 1854",Species,Animalia,Chordata,Teleostei,Ovalentaria incertae sedis,Embiotocidae,Cymatogaster,urn:lsid:marinespecies.org:taxname:280461
ASV3_FC_040_occ_2,2022-09-03,MaterialSample,Cymatogaster aggregata,49.27323,-123.13356,101,DNA sequence reads,255894,DNA sequence reads,Cymatogaster aggregata,NA,NA,NA,NA,NA,NA,"Gibbons, 1854",Species,Animalia,Chordata,Teleostei,Ovalentaria incertae sedis,Embiotocidae,Cymatogaster,urn:lsid:marinespecies.org:taxname:280461
ASV3_FC_041_occ_2,2022-09-03,MaterialSample,Cymatogaster aggregata,49.27323,-123.13356,23,DNA sequence reads,67576,DNA sequence reads,Cymatogaster aggregata,NA,NA,NA,NA,NA,NA,"Gibbons, 1854",Species,Animalia,Chordata,Teleostei,Ovalentaria incertae sedis,Embiotocidae,Cymatogaster,urn:lsid:marinespecies.org:taxname:280461
ASV3_FC_042_occ_2,2022-09-03,MaterialSample,Cymatogaster aggregata,49.27323,-123.13356,20,DNA sequence reads,64197,DNA sequence reads,Cymatogaster aggregata,NA,NA,NA,NA,NA,NA,"Gibbons, 1854",Species,Animalia,Chordata,Teleostei,Ovalentaria incertae sedis,Embiotocidae,Cymatogaster,urn:lsid:marinespecies.org:taxname:280461
ASV3_FC_044_occ_1,2022-09-03,MaterialSample,Cymatogaster aggregata,49.27323,-123.13356,4,DNA sequence reads,106,DNA sequence reads,Cymatogaster aggregata,NA,NA,NA,NA,NA,NA,"Gibbons, 1854",Species,Animalia,Chordata,Teleostei,Ovalentaria incertae sedis,Embiotocidae,Cymatogaster,urn:lsid:marinespecies.org:taxname:280461
ASV3_FC_045_occ_2,2022-09-03,MaterialSample,Cymatogaster aggregata,49.27626,-123.1373,46271,DNA sequence reads,208735,DNA sequence reads,Cymatogaster aggregata,NA,NA,NA,NA,NA,NA,"Gibbons, 1854",Species,Animalia,Chordata,Teleostei,Ovalentaria incertae sedis,Embiotocidae,Cymatogaster,urn:lsid:marinespecies.org:taxname:280461
ASV3_FC_046_occ_4,2022-09-03,MaterialSample,Cymatogaster aggregata,49.27626,-123.1373,45059,DNA sequence reads,258120,DNA sequence reads,Cymatogaster aggregata,NA,NA,NA,NA,NA,NA,"Gibbons, 1854",Species,Animalia,Chordata,Teleostei,Ovalentaria incertae sedis,Embiotocidae,Cymatogaster,urn:lsid:marinespecies.org:taxname:280461
ASV3_FC_047_occ_2,2022-09-03,MaterialSample,Cymatogaster aggregata,49.27626,-123.1373,24,DNA sequence reads,108257,DNA sequence reads,Cymatogaster aggregata,NA,NA,NA,NA,NA,NA,"Gibbons, 1854",Species,Animalia,Chordata,Teleostei,Ovalentaria incertae sedis,Embiotocidae,Cymatogaster,urn:lsid:marinespecies.org:taxname:280461
ASV3_FC_048_occ_2,2022-09-03,MaterialSample,Cymatogaster aggregata,49.27626,-123.1373,94,DNA sequence reads,50184,DNA sequence reads,Cymatogaster aggregata,NA,NA,NA,NA,NA,NA,"Gibbons, 1854",Species,Animalia,Chordata,Teleostei,Ovalentaria incertae sedis,Embiotocidae,Cymatogaster,urn:lsid:marinespecies.org:taxname:280461
ASV3_FC_049_occ_4,2022-09-03,MaterialSample,Cymatogaster aggregata,49.27626,-123.1373,96,DNA sequence reads,193516,DNA sequence reads,Cymatogaster aggregata,NA,NA,NA,NA,NA,NA,"Gibbons, 1854",Species,Animalia,Chordata,Teleostei,Ovalentaria incertae sedis,Embiotocidae,Cymatogaster,urn:lsid:marinespecies.org:taxname:280461
ASV3_FC_050_occ_3,2022-09-03,MaterialSample,Cymatogaster aggregata,49.27626,-123.1373,74627,DNA sequence reads,125270,DNA sequence reads,Cymatogaster aggregata,NA,NA,NA,NA,NA,NA,"Gibbons, 1854",Species,Animalia,Chordata,Teleostei,Ovalentaria incertae sedis,Embiotocidae,Cymatogaster,urn:lsid:marinespecies.org:taxname:280461
ASV3_FC_051_occ_3,2022-09-03,MaterialSample,Cymatogaster aggregata,49.279283,-123.141783,13759,DNA sequence reads,185556,DNA sequence reads,Cymatogaster aggregata,NA,NA,NA,NA,NA,NA,"Gibbons, 1854",Species,Animalia,Chordata,Teleostei,Ovalentaria incertae sedis,Embiotocidae,Cymatogaster,urn:lsid:marinespecies.org:taxname:280461
ASV3_FC_052_occ_2,2022-09-03,MaterialSample,Cymatogaster aggregata,49.279283,-123.141783,41831,DNA sequence reads,189648,DNA sequence reads,Cymatogaster aggregata,NA,NA,NA,NA,NA,NA,"Gibbons, 1854",Species,Animalia,Chordata,Teleostei,Ovalentaria incertae sedis,Embiotocidae,Cymatogaster,urn:lsid:marinespecies.org:taxname:280461
ASV3_FC_053_occ_2,2022-09-03,MaterialSample,Cymatogaster aggregata,49.279283,-123.141783,42121,DNA sequence reads,198178,DNA sequence reads,Cymatogaster aggregata,NA,NA,NA,NA,NA,NA,"Gibbons, 1854",Species,Animalia,Chordata,Teleostei,Ovalentaria incertae sedis,Embiotocidae,Cymatogaster,urn:lsid:marinespecies.org:taxname:280461
ASV3_FC_054_occ_4,2022-09-03,MaterialSample,Cymatogaster aggregata,49.279283,-123.141783,24830,DNA sequence reads,36953,DNA sequence reads,Cymatogaster aggregata,NA,NA,NA,NA,NA,NA,"Gibbons, 1854",Species,Animalia,Chordata,Teleostei,Ovalentaria incertae sedis,Embiotocidae,Cymatogaster,urn:lsid:marinespecies.org:taxname:280461
ASV3_FC_055_occ_2,2022-09-03,MaterialSample,Cymatogaster aggregata,49.279283,-123.141783,26556,DNA sequence reads,122357,DNA sequence reads,Cymatogaster aggregata,NA,NA,NA,NA,NA,NA,"Gibbons, 1854",Species,Animalia,Chordata,Teleostei,Ovalentaria incertae sedis,Embiotocidae,Cymatogaster,urn:lsid:marinespecies.org:taxname:280461
ASV3_FC_056_occ_2,2022-09-03,MaterialSample,Cymatogaster aggregata,49.279283,-123.141783,748717,DNA sequence reads,3549789,DNA sequence reads,Cymatogaster aggregata,NA,NA,NA,NA,NA,NA,"Gibbons, 1854",Species,Animalia,Chordata,Teleostei,Ovalentaria incertae sedis,Embiotocidae,Cymatogaster,urn:lsid:marinespecies.org:taxname:280461
ASV3_FC_057_occ_4,2022-09-03,MaterialSample,Cymatogaster aggregata,49.283216,-123.14965,13763,DNA sequence reads,137850,DNA sequence reads,Cymatogaster aggregata,NA,NA,NA,NA,NA,NA,"Gibbons, 1854",Species,Animalia,Chordata,Teleostei,Ovalentaria incertae sedis,Embiotocidae,Cymatogaster,urn:lsid:marinespecies.org:taxname:280461
ASV3_FC_058_occ_2,2022-09-03,MaterialSample,Cymatogaster aggregata,49.283216,-123.14965,12,DNA sequence reads,180740,DNA sequence reads,Cymatogaster aggregata,NA,NA,NA,NA,NA,NA,"Gibbons, 1854",Species,Animalia,Chordata,Teleostei,Ovalentaria incertae sedis,Embiotocidae,Cymatogaster,urn:lsid:marinespecies.org:taxname:280461
ASV3_FC_061_occ_2,2022-09-03,MaterialSample,Cymatogaster aggregata,49.283216,-123.14965,13,DNA sequence reads,108488,DNA sequence reads,Cymatogaster aggregata,NA,NA,NA,NA,NA,NA,"Gibbons, 1854",Species,Animalia,Chordata,Teleostei,Ovalentaria incertae sedis,Embiotocidae,Cymatogaster,urn:lsid:marinespecies.org:taxname:280461
ASV3_FC_063_occ_1,2022-09-03,MaterialSample,Cymatogaster aggregata,49.281516,-123.15095,20,DNA sequence reads,52634,DNA sequence reads,Cymatogaster aggregata,NA,NA,NA,NA,NA,NA,"Gibbons, 1854",Species,Animalia,Chordata,Teleostei,Ovalentaria incertae sedis,Embiotocidae,Cymatogaster,urn:lsid:marinespecies.org:taxname:280461
ASV3_FC_064_occ_2,2022-09-03,MaterialSample,Cymatogaster aggregata,49.281516,-123.15095,55,DNA sequence reads,30830,DNA sequence reads,Cymatogaster aggregata,NA,NA,NA,NA,NA,NA,"Gibbons, 1854",Species,Animalia,Chordata,Teleostei,Ovalentaria incertae sedis,Embiotocidae,Cymatogaster,urn:lsid:marinespecies.org:taxname:280461
ASV3_FC_066_occ_1,2022-09-03,MaterialSample,Cymatogaster aggregata,49.281516,-123.15095,3992,DNA sequence reads,90583,DNA sequence reads,Cymatogaster aggregata,NA,NA,NA,NA,NA,NA,"Gibbons, 1854",Species,Animalia,Chordata,Teleostei,Ovalentaria incertae sedis,Embiotocidae,Cymatogaster,urn:lsid:marinespecies.org:taxname:280461
ASV3_FC_069_occ_1,2022-09-03,MaterialSample,Cymatogaster aggregata,49.281783,-123.1601,24,DNA sequence reads,129356,DNA sequence reads,Cymatogaster aggregata,NA,NA,NA,NA,NA,NA,"Gibbons, 1854",Species,Animalia,Chordata,Teleostei,Ovalentaria incertae sedis,Embiotocidae,Cymatogaster,urn:lsid:marinespecies.org:taxname:280461
ASV3_FC_072_occ_2,2022-09-03,MaterialSample,Cymatogaster aggregata,49.281783,-123.1601,22,DNA sequence reads,37097,DNA sequence reads,Cymatogaster aggregata,NA,NA,NA,NA,NA,NA,"Gibbons, 1854",Species,Animalia,Chordata,Teleostei,Ovalentaria incertae sedis,Embiotocidae,Cymatogaster,urn:lsid:marinespecies.org:taxname:280461
ASV7_FC_056_occ_3,2022-09-03,MaterialSample,Cymatogaster aggregata,49.279283,-123.141783,448568,DNA sequence reads,3549789,DNA sequence reads,Cymatogaster aggregata,NA,NA,NA,NA,NA,NA,"Gibbons, 1854",Species,Animalia,Chordata,Teleostei,Ovalentaria incertae sedis,Embiotocidae,Cymatogaster,urn:lsid:marinespecies.org:taxname:280461
ASV33_FC_046_occ_5,2022-09-03,MaterialSample,Cymatogaster aggregata,49.27626,-123.1373,20378,DNA sequence reads,258120,DNA sequence reads,Cymatogaster aggregata,NA,NA,NA,NA,NA,NA,"Gibbons, 1854",Species,Animalia,Chordata,Teleostei,Ovalentaria incertae sedis,Embiotocidae,Cymatogaster,urn:lsid:marinespecies.org:taxname:280461
ASV45_FC_054_occ_5,2022-09-03,MaterialSample,Cymatogaster aggregata,49.279283,-123.141783,11058,DNA sequence reads,36953,DNA sequence reads,Cymatogaster aggregata,NA,NA,NA,NA,NA,NA,"Gibbons, 1854",Species,Animalia,Chordata,Teleostei,Ovalentaria incertae sedis,Embiotocidae,Cymatogaster,urn:lsid:marinespecies.org:taxname:280461
ASV56_FC_052_occ_3,2022-09-03,MaterialSample,Cymatogaster aggregata,49.279283,-123.141783,2535,DNA sequence reads,189648,DNA sequence reads,Cymatogaster aggregata,NA,NA,NA,NA,NA,NA,"Gibbons, 1854",Species,Animalia,Chordata,Teleostei,Ovalentaria incertae sedis,Embiotocidae,Cymatogaster,urn:lsid:marinespecies.org:taxname:280461
ASV1_FC_002_occ_2,2022-09-03,MaterialSample,Engraulis mordax,49.2726,-123.103583,178,DNA sequence reads,44971,DNA sequence reads,Engraulis mordax,NA,NA,NA,NA,NA,NA,"Girard, 1854",Species,Animalia,Chordata,Teleostei,Clupeiformes,Engraulidae,Engraulis,urn:lsid:marinespecies.org:taxname:272286
ASV1_FC_003_occ_2,2022-09-03,MaterialSample,Engraulis mordax,49.2726,-123.103583,78253,DNA sequence reads,131736,DNA sequence reads,Engraulis mordax,NA,NA,NA,NA,NA,NA,"Girard, 1854",Species,Animalia,Chordata,Teleostei,Clupeiformes,Engraulidae,Engraulis,urn:lsid:marinespecies.org:taxname:272286
ASV1_FC_004_occ_2,2022-09-03,MaterialSample,Engraulis mordax,49.2726,-123.103583,223,DNA sequence reads,1098,DNA sequence reads,Engraulis mordax,NA,NA,NA,NA,NA,NA,"Girard, 1854",Species,Animalia,Chordata,Teleostei,Clupeiformes,Engraulidae,Engraulis,urn:lsid:marinespecies.org:taxname:272286
ASV1_FC_005_occ_2,2022-09-03,MaterialSample,Engraulis mordax,49.2726,-123.103583,120694,DNA sequence reads,124052,DNA sequence reads,Engraulis mordax,NA,NA,NA,NA,NA,NA,"Girard, 1854",Species,Animalia,Chordata,Teleostei,Clupeiformes,Engraulidae,Engraulis,urn:lsid:marinespecies.org:taxname:272286
ASV1_FC_006_occ_2,2022-09-03,MaterialSample,Engraulis mordax,49.2726,-123.103583,27958,DNA sequence reads,45858,DNA sequence reads,Engraulis mordax,NA,NA,NA,NA,NA,NA,"Girard, 1854",Species,Animalia,Chordata,Teleostei,Clupeiformes,Engraulidae,Engraulis,urn:lsid:marinespecies.org:taxname:272286
ASV1_FC_007_occ_3,2022-09-03,MaterialSample,Engraulis mordax,49.2726,-123.103583,18751,DNA sequence reads,53152,DNA sequence reads,Engraulis mordax,NA,NA,NA,NA,NA,NA,"Girard, 1854",Species,Animalia,Chordata,Teleostei,Clupeiformes,Engraulidae,Engraulis,urn:lsid:marinespecies.org:taxname:272286
ASV1_FC_008_occ_3,2022-09-03,MaterialSample,Engraulis mordax,49.2744,-123.105416,113,DNA sequence reads,112469,DNA sequence reads,Engraulis mordax,NA,NA,NA,NA,NA,NA,"Girard, 1854",Species,Animalia,Chordata,Teleostei,Clupeiformes,Engraulidae,Engraulis,urn:lsid:marinespecies.org:taxname:272286
ASV1_FC_009_occ_4,2022-09-03,MaterialSample,Engraulis mordax,49.2744,-123.105416,77879,DNA sequence reads,114741,DNA sequence reads,Engraulis mordax,NA,NA,NA,NA,NA,NA,"Girard, 1854",Species,Animalia,Chordata,Teleostei,Clupeiformes,Engraulidae,Engraulis,urn:lsid:marinespecies.org:taxname:272286
ASV1_FC_010_occ_4,2022-09-03,MaterialSample,Engraulis mordax,49.2744,-123.105416,100,DNA sequence reads,136308,DNA sequence reads,Engraulis mordax,NA,NA,NA,NA,NA,NA,"Girard, 1854",Species,Animalia,Chordata,Teleostei,Clupeiformes,Engraulidae,Engraulis,urn:lsid:marinespecies.org:taxname:272286
ASV1_FC_011_occ_1,2022-09-03,MaterialSample,Engraulis mordax,49.2744,-123.105416,44359,DNA sequence reads,90215,DNA sequence reads,Engraulis mordax,NA,NA,NA,NA,NA,NA,"Girard, 1854",Species,Animalia,Chordata,Teleostei,Clupeiformes,Engraulidae,Engraulis,urn:lsid:marinespecies.org:taxname:272286
ASV1_FC_013_occ_2,2022-09-03,MaterialSample,Engraulis mordax,49.2744,-123.105416,15953,DNA sequence reads,29501,DNA sequence reads,Engraulis mordax,NA,NA,NA,NA,NA,NA,"Girard, 1854",Species,Animalia,Chordata,Teleostei,Clupeiformes,Engraulidae,Engraulis,urn:lsid:marinespecies.org:taxname:272286
ASV1_FC_014_occ_4,2022-09-03,MaterialSample,Engraulis mordax,49.273483,-123.11055,29190,DNA sequence reads,122372,DNA sequence reads,Engraulis mordax,NA,NA,NA,NA,NA,NA,"Girard, 1854",Species,Animalia,Chordata,Teleostei,Clupeiformes,Engraulidae,Engraulis,urn:lsid:marinespecies.org:taxname:272286
ASV1_FC_015_occ_2,2022-09-03,MaterialSample,Engraulis mordax,49.273483,-123.11055,4777,DNA sequence reads,41381,DNA sequence reads,Engraulis mordax,NA,NA,NA,NA,NA,NA,"Girard, 1854",Species,Animalia,Chordata,Teleostei,Clupeiformes,Engraulidae,Engraulis,urn:lsid:marinespecies.org:taxname:272286
ASV1_FC_016_occ_2,2022-09-03,MaterialSample,Engraulis mordax,49.273483,-123.11055,152,DNA sequence reads,104657,DNA sequence reads,Engraulis mordax,NA,NA,NA,NA,NA,NA,"Girard, 1854",Species,Animalia,Chordata,Teleostei,Clupeiformes,Engraulidae,Engraulis,urn:lsid:marinespecies.org:taxname:272286
ASV1_FC_017_occ_2,2022-09-03,MaterialSample,Engraulis mordax,49.273483,-123.11055,17317,DNA sequence reads,35998,DNA sequence reads,Engraulis mordax,NA,NA,NA,NA,NA,NA,"Girard, 1854",Species,Animalia,Chordata,Teleostei,Clupeiformes,Engraulidae,Engraulis,urn:lsid:marinespecies.org:taxname:272286
ASV1_FC_018_occ_1,2022-09-03,MaterialSample,Engraulis mordax,49.273483,-123.11055,27900,DNA sequence reads,28823,DNA sequence reads,Engraulis mordax,NA,NA,NA,NA,NA,NA,"Girard, 1854",Species,Animalia,Chordata,Teleostei,Clupeiformes,Engraulidae,Engraulis,urn:lsid:marinespecies.org:taxname:272286
ASV1_FC_019_occ_1,2022-09-03,MaterialSample,Engraulis mordax,49.273483,-123.11055,35931,DNA sequence reads,51783,DNA sequence reads,Engraulis mordax,NA,NA,NA,NA,NA,NA,"Girard, 1854",Species,Animalia,Chordata,Teleostei,Clupeiformes,Engraulidae,Engraulis,urn:lsid:marinespecies.org:taxname:272286
ASV1_FC_020_occ_1,2022-09-03,MaterialSample,Engraulis mordax,49.272116,-123.1147,54190,DNA sequence reads,206022,DNA sequence reads,Engraulis mordax,NA,NA,NA,NA,NA,NA,"Girard, 1854",Species,Animalia,Chordata,Teleostei,Clupeiformes,Engraulidae,Engraulis,urn:lsid:marinespecies.org:taxname:272286
ASV1_FC_021_occ_3,2022-09-03,MaterialSample,Engraulis mordax,49.272116,-123.1147,97295,DNA sequence reads,300824,DNA sequence reads,Engraulis mordax,NA,NA,NA,NA,NA,NA,"Girard, 1854",Species,Animalia,Chordata,Teleostei,Clupeiformes,Engraulidae,Engraulis,urn:lsid:marinespecies.org:taxname:272286
ASV1_FC_022_occ_4,2022-09-03,MaterialSample,Engraulis mordax,49.272116,-123.1147,84312,DNA sequence reads,196933,DNA sequence reads,Engraulis mordax,NA,NA,NA,NA,NA,NA,"Girard, 1854",Species,Animalia,Chordata,Teleostei,Clupeiformes,Engraulidae,Engraulis,urn:lsid:marinespecies.org:taxname:272286
ASV1_FC_024_occ_3,2022-09-03,MaterialSample,Engraulis mordax,49.272116,-123.1147,81,DNA sequence reads,243,DNA sequence reads,Engraulis mordax,NA,NA,NA,NA,NA,NA,"Girard, 1854",Species,Animalia,Chordata,Teleostei,Clupeiformes,Engraulidae,Engraulis,urn:lsid:marinespecies.org:taxname:272286
ASV1_FC_027_occ_4,2022-09-03,MaterialSample,Engraulis mordax,49.2705,-123.12346,18537,DNA sequence reads,136529,DNA sequence reads,Engraulis mordax,NA,NA,NA,NA,NA,NA,"Girard, 1854",Species,Animalia,Chordata,Teleostei,Clupeiformes,Engraulidae,Engraulis,urn:lsid:marinespecies.org:taxname:272286
ASV1_FC_028_occ_2,2022-09-03,MaterialSample,Engraulis mordax,49.2705,-123.12346,35,DNA sequence reads,100866,DNA sequence reads,Engraulis mordax,NA,NA,NA,NA,NA,NA,"Girard, 1854",Species,Animalia,Chordata,Teleostei,Clupeiformes,Engraulidae,Engraulis,urn:lsid:marinespecies.org:taxname:272286
ASV1_FC_029_occ_3,2022-09-03,MaterialSample,Engraulis mordax,49.2705,-123.12346,34038,DNA sequence reads,116523,DNA sequence reads,Engraulis mordax,NA,NA,NA,NA,NA,NA,"Girard, 1854",Species,Animalia,Chordata,Teleostei,Clupeiformes,Engraulidae,Engraulis,urn:lsid:marinespecies.org:taxname:272286
ASV1_FC_030_occ_3,2022-09-03,MaterialSample,Engraulis mordax,49.2705,-123.12346,73,DNA sequence reads,102699,DNA sequence reads,Engraulis mordax,NA,NA,NA,NA,NA,NA,"Girard, 1854",Species,Animalia,Chordata,Teleostei,Clupeiformes,Engraulidae,Engraulis,urn:lsid:marinespecies.org:taxname:272286
ASV1_FC_031_occ_3,2022-09-03,MaterialSample,Engraulis mordax,49.2705,-123.12346,40651,DNA sequence reads,64598,DNA sequence reads,Engraulis mordax,NA,NA,NA,NA,NA,NA,"Girard, 1854",Species,Animalia,Chordata,Teleostei,Clupeiformes,Engraulidae,Engraulis,urn:lsid:marinespecies.org:taxname:272286
ASV1_FC_033_occ_5,2022-09-03,MaterialSample,Engraulis mordax,49.27025,-123.12925,54397,DNA sequence reads,274136,DNA sequence reads,Engraulis mordax,NA,NA,NA,NA,NA,NA,"Girard, 1854",Species,Animalia,Chordata,Teleostei,Clupeiformes,Engraulidae,Engraulis,urn:lsid:marinespecies.org:taxname:272286
ASV1_FC_034_occ_4,2022-09-03,MaterialSample,Engraulis mordax,49.27025,-123.12925,91722,DNA sequence reads,158246,DNA sequence reads,Engraulis mordax,NA,NA,NA,NA,NA,NA,"Girard, 1854",Species,Animalia,Chordata,Teleostei,Clupeiformes,Engraulidae,Engraulis,urn:lsid:marinespecies.org:taxname:272286
ASV1_FC_035_occ_3,2022-09-03,MaterialSample,Engraulis mordax,49.27025,-123.12925,145,DNA sequence reads,173257,DNA sequence reads,Engraulis mordax,NA,NA,NA,NA,NA,NA,"Girard, 1854",Species,Animalia,Chordata,Teleostei,Clupeiformes,Engraulidae,Engraulis,urn:lsid:marinespecies.org:taxname:272286
ASV1_FC_037_occ_3,2022-09-03,MaterialSample,Engraulis mordax,49.27025,-123.12925,73049,DNA sequence reads,121469,DNA sequence reads,Engraulis mordax,NA,NA,NA,NA,NA,NA,"Girard, 1854",Species,Animalia,Chordata,Teleostei,Clupeiformes,Engraulidae,Engraulis,urn:lsid:marinespecies.org:taxname:272286
ASV1_FC_038_occ_4,2022-09-03,MaterialSample,Engraulis mordax,49.27025,-123.12925,155,DNA sequence reads,116570,DNA sequence reads,Engraulis mordax,NA,NA,NA,NA,NA,NA,"Girard, 1854",Species,Animalia,Chordata,Teleostei,Clupeiformes,Engraulidae,Engraulis,urn:lsid:marinespecies.org:taxname:272286
ASV1_FC_040_occ_3,2022-09-03,MaterialSample,Engraulis mordax,49.27323,-123.13356,115447,DNA sequence reads,255894,DNA sequence reads,Engraulis mordax,NA,NA,NA,NA,NA,NA,"Girard, 1854",Species,Animalia,Chordata,Teleostei,Clupeiformes,Engraulidae,Engraulis,urn:lsid:marinespecies.org:taxname:272286
ASV1_FC_041_occ_3,2022-09-03,MaterialSample,Engraulis mordax,49.27323,-123.13356,47929,DNA sequence reads,67576,DNA sequence reads,Engraulis mordax,NA,NA,NA,NA,NA,NA,"Girard, 1854",Species,Animalia,Chordata,Teleostei,Clupeiformes,Engraulidae,Engraulis,urn:lsid:marinespecies.org:taxname:272286
ASV1_FC_042_occ_3,2022-09-03,MaterialSample,Engraulis mordax,49.27323,-123.13356,127,DNA sequence reads,64197,DNA sequence reads,Engraulis mordax,NA,NA,NA,NA,NA,NA,"Girard, 1854",Species,Animalia,Chordata,Teleostei,Clupeiformes,Engraulidae,Engraulis,urn:lsid:marinespecies.org:taxname:272286
ASV1_FC_043_occ_2,2022-09-03,MaterialSample,Engraulis mordax,49.27323,-123.13356,28142,DNA sequence reads,52792,DNA sequence reads,Engraulis mordax,NA,NA,NA,NA,NA,NA,"Girard, 1854",Species,Animalia,Chordata,Teleostei,Clupeiformes,Engraulidae,Engraulis,urn:lsid:marinespecies.org:taxname:272286
ASV1_FC_044_occ_2,2022-09-03,MaterialSample,Engraulis mordax,49.27323,-123.13356,32,DNA sequence reads,106,DNA sequence reads,Engraulis mordax,NA,NA,NA,NA,NA,NA,"Girard, 1854",Species,Animalia,Chordata,Teleostei,Clupeiformes,Engraulidae,Engraulis,urn:lsid:marinespecies.org:taxname:272286
ASV1_FC_045_occ_3,2022-09-03,MaterialSample,Engraulis mordax,49.27626,-123.1373,54871,DNA sequence reads,208735,DNA sequence reads,Engraulis mordax,NA,NA,NA,NA,NA,NA,"Girard, 1854",Species,Animalia,Chordata,Teleostei,Clupeiformes,Engraulidae,Engraulis,urn:lsid:marinespecies.org:taxname:272286
ASV1_FC_046_occ_6,2022-09-03,MaterialSample,Engraulis mordax,49.27626,-123.1373,98983,DNA sequence reads,258120,DNA sequence reads,Engraulis mordax,NA,NA,NA,NA,NA,NA,"Girard, 1854",Species,Animalia,Chordata,Teleostei,Clupeiformes,Engraulidae,Engraulis,urn:lsid:marinespecies.org:taxname:272286
ASV1_FC_047_occ_3,2022-09-03,MaterialSample,Engraulis mordax,49.27626,-123.1373,41524,DNA sequence reads,108257,DNA sequence reads,Engraulis mordax,NA,NA,NA,NA,NA,NA,"Girard, 1854",Species,Animalia,Chordata,Teleostei,Clupeiformes,Engraulidae,Engraulis,urn:lsid:marinespecies.org:taxname:272286
ASV1_FC_048_occ_3,2022-09-03,MaterialSample,Engraulis mordax,49.27626,-123.1373,126,DNA sequence reads,50184,DNA sequence reads,Engraulis mordax,NA,NA,NA,NA,NA,NA,"Girard, 1854",Species,Animalia,Chordata,Teleostei,Clupeiformes,Engraulidae,Engraulis,urn:lsid:marinespecies.org:taxname:272286
ASV1_FC_049_occ_5,2022-09-03,MaterialSample,Engraulis mordax,49.27626,-123.1373,188163,DNA sequence reads,193516,DNA sequence reads,Engraulis mordax,NA,NA,NA,NA,NA,NA,"Girard, 1854",Species,Animalia,Chordata,Teleostei,Clupeiformes,Engraulidae,Engraulis,urn:lsid:marinespecies.org:taxname:272286
ASV1_FC_050_occ_4,2022-09-03,MaterialSample,Engraulis mordax,49.27626,-123.1373,48431,DNA sequence reads,125270,DNA sequence reads,Engraulis mordax,NA,NA,NA,NA,NA,NA,"Girard, 1854",Species,Animalia,Chordata,Teleostei,Clupeiformes,Engraulidae,Engraulis,urn:lsid:marinespecies.org:taxname:272286
ASV1_FC_051_occ_4,2022-09-03,MaterialSample,Engraulis mordax,49.279283,-123.141783,92192,DNA sequence reads,185556,DNA sequence reads,Engraulis mordax,NA,NA,NA,NA,NA,NA,"Girard, 1854",Species,Animalia,Chordata,Teleostei,Clupeiformes,Engraulidae,Engraulis,urn:lsid:marinespecies.org:taxname:272286
ASV1_FC_052_occ_4,2022-09-03,MaterialSample,Engraulis mordax,49.279283,-123.141783,55125,DNA sequence reads,189648,DNA sequence reads,Engraulis mordax,NA,NA,NA,NA,NA,NA,"Girard, 1854",Species,Animalia,Chordata,Teleostei,Clupeiformes,Engraulidae,Engraulis,urn:lsid:marinespecies.org:taxname:272286
ASV1_FC_053_occ_3,2022-09-03,MaterialSample,Engraulis mordax,49.279283,-123.141783,45672,DNA sequence reads,198178,DNA sequence reads,Engraulis mordax,NA,NA,NA,NA,NA,NA,"Girard, 1854",Species,Animalia,Chordata,Teleostei,Clupeiformes,Engraulidae,Engraulis,urn:lsid:marinespecies.org:taxname:272286
ASV1_FC_054_occ_6,2022-09-03,MaterialSample,Engraulis mordax,49.279283,-123.141783,450,DNA sequence reads,36953,DNA sequence reads,Engraulis mordax,NA,NA,NA,NA,NA,NA,"Girard, 1854",Species,Animalia,Chordata,Teleostei,Clupeiformes,Engraulidae,Engraulis,urn:lsid:marinespecies.org:taxname:272286
ASV1_FC_055_occ_3,2022-09-03,MaterialSample,Engraulis mordax,49.279283,-123.141783,12583,DNA sequence reads,122357,DNA sequence reads,Engraulis mordax,NA,NA,NA,NA,NA,NA,"Girard, 1854",Species,Animalia,Chordata,Teleostei,Clupeiformes,Engraulidae,Engraulis,urn:lsid:marinespecies.org:taxname:272286
ASV1_FC_056_occ_4,2022-09-03,MaterialSample,Engraulis mordax,49.279283,-123.141783,620981,DNA sequence reads,3549789,DNA sequence reads,Engraulis mordax,NA,NA,NA,NA,NA,NA,"Girard, 1854",Species,Animalia,Chordata,Teleostei,Clupeiformes,Engraulidae,Engraulis,urn:lsid:marinespecies.org:taxname:272286
ASV1_FC_057_occ_5,2022-09-03,MaterialSample,Engraulis mordax,49.283216,-123.14965,72521,DNA sequence reads,137850,DNA sequence reads,Engraulis mordax,NA,NA,NA,NA,NA,NA,"Girard, 1854",Species,Animalia,Chordata,Teleostei,Clupeiformes,Engraulidae,Engraulis,urn:lsid:marinespecies.org:taxname:272286
ASV1_FC_059_occ_2,2022-09-03,MaterialSample,Engraulis mordax,49.283216,-123.14965,42349,DNA sequence reads,117731,DNA sequence reads,Engraulis mordax,NA,NA,NA,NA,NA,NA,"Girard, 1854",Species,Animalia,Chordata,Teleostei,Clupeiformes,Engraulidae,Engraulis,urn:lsid:marinespecies.org:taxname:272286
ASV1_FC_060_occ_1,2022-09-03,MaterialSample,Engraulis mordax,49.283216,-123.14965,54,DNA sequence reads,69,DNA sequence reads,Engraulis mordax,NA,NA,NA,NA,NA,NA,"Girard, 1854",Species,Animalia,Chordata,Teleostei,Clupeiformes,Engraulidae,Engraulis,urn:lsid:marinespecies.org:taxname:272286
ASV1_FC_061_occ_3,2022-09-03,MaterialSample,Engraulis mordax,49.283216,-123.14965,57411,DNA sequence reads,108488,DNA sequence reads,Engraulis mordax,NA,NA,NA,NA,NA,NA,"Girard, 1854",Species,Animalia,Chordata,Teleostei,Clupeiformes,Engraulidae,Engraulis,urn:lsid:marinespecies.org:taxname:272286
ASV1_FC_062_occ_1,2022-09-03,MaterialSample,Engraulis mordax,49.283216,-123.14965,69608,DNA sequence reads,71635,DNA sequence reads,Engraulis mordax,NA,NA,NA,NA,NA,NA,"Girard, 1854",Species,Animalia,Chordata,Teleostei,Clupeiformes,Engraulidae,Engraulis,urn:lsid:marinespecies.org:taxname:272286
ASV1_FC_063_occ_2,2022-09-03,MaterialSample,Engraulis mordax,49.281516,-123.15095,51207,DNA sequence reads,52634,DNA sequence reads,Engraulis mordax,NA,NA,NA,NA,NA,NA,"Girard, 1854",Species,Animalia,Chordata,Teleostei,Clupeiformes,Engraulidae,Engraulis,urn:lsid:marinespecies.org:taxname:272286
ASV1_FC_064_occ_3,2022-09-03,MaterialSample,Engraulis mordax,49.281516,-123.15095,159,DNA sequence reads,30830,DNA sequence reads,Engraulis mordax,NA,NA,NA,NA,NA,NA,"Girard, 1854",Species,Animalia,Chordata,Teleostei,Clupeiformes,Engraulidae,Engraulis,urn:lsid:marinespecies.org:taxname:272286
ASV1_FC_065_occ_1,2022-09-03,MaterialSample,Engraulis mordax,49.281516,-123.15095,84,DNA sequence reads,84,DNA sequence reads,Engraulis mordax,NA,NA,NA,NA,NA,NA,"Girard, 1854",Species,Animalia,Chordata,Teleostei,Clupeiformes,Engraulidae,Engraulis,urn:lsid:marinespecies.org:taxname:272286
ASV1_FC_066_occ_2,2022-09-03,MaterialSample,Engraulis mordax,49.281516,-123.15095,59417,DNA sequence reads,90583,DNA sequence reads,Engraulis mordax,NA,NA,NA,NA,NA,NA,"Girard, 1854",Species,Animalia,Chordata,Teleostei,Clupeiformes,Engraulidae,Engraulis,urn:lsid:marinespecies.org:taxname:272286
ASV1_FC_067_occ_1,2022-09-03,MaterialSample,Engraulis mordax,49.281516,-123.15095,22516,DNA sequence reads,23182,DNA sequence reads,Engraulis mordax,NA,NA,NA,NA,NA,NA,"Girard, 1854",Species,Animalia,Chordata,Teleostei,Clupeiformes,Engraulidae,Engraulis,urn:lsid:marinespecies.org:taxname:272286
ASV1_FC_068_occ_1,2022-09-03,MaterialSample,Engraulis mordax,49.281516,-123.15095,38,DNA sequence reads,88,DNA sequence reads,Engraulis mordax,NA,NA,NA,NA,NA,NA,"Girard, 1854",Species,Animalia,Chordata,Teleostei,Clupeiformes,Engraulidae,Engraulis,urn:lsid:marinespecies.org:taxname:272286
ASV1_FC_069_occ_2,2022-09-03,MaterialSample,Engraulis mordax,49.281783,-123.1601,48105,DNA sequence reads,129356,DNA sequence reads,Engraulis mordax,NA,NA,NA,NA,NA,NA,"Girard, 1854",Species,Animalia,Chordata,Teleostei,Clupeiformes,Engraulidae,Engraulis,urn:lsid:marinespecies.org:taxname:272286
ASV1_FC_070_occ_2,2022-09-03,MaterialSample,Engraulis mordax,49.281783,-123.1601,115493,DNA sequence reads,180544,DNA sequence reads,Engraulis mordax,NA,NA,NA,NA,NA,NA,"Girard, 1854",Species,Animalia,Chordata,Teleostei,Clupeiformes,Engraulidae,Engraulis,urn:lsid:marinespecies.org:taxname:272286
ASV1_FC_071_occ_2,2022-09-03,MaterialSample,Engraulis mordax,49.281783,-123.1601,49,DNA sequence reads,56,DNA sequence reads,Engraulis mordax,NA,NA,NA,NA,NA,NA,"Girard, 1854",Species,Animalia,Chordata,Teleostei,Clupeiformes,Engraulidae,Engraulis,urn:lsid:marinespecies.org:taxname:272286
ASV1_FC_072_occ_3,2022-09-03,MaterialSample,Engraulis mordax,49.281783,-123.1601,36092,DNA sequence reads,37097,DNA sequence reads,Engraulis mordax,NA,NA,NA,NA,NA,NA,"Girard, 1854",Species,Animalia,Chordata,Teleostei,Clupeiformes,Engraulidae,Engraulis,urn:lsid:marinespecies.org:taxname:272286
ASV1_FC_073_occ_2,2022-09-03,MaterialSample,Engraulis mordax,49.281783,-123.1601,18101,DNA sequence reads,34307,DNA sequence reads,Engraulis mordax,NA,NA,NA,NA,NA,NA,"Girard, 1854",Species,Animalia,Chordata,Teleostei,Clupeiformes,Engraulidae,Engraulis,urn:lsid:marinespecies.org:taxname:272286
ASV1_FC_074_occ_1,2022-09-03,MaterialSample,Engraulis mordax,49.281783,-123.1601,76848,DNA sequence reads,142402,DNA sequence reads,Engraulis mordax,NA,NA,NA,NA,NA,NA,"Girard, 1854",Species,Animalia,Chordata,Teleostei,Clupeiformes,Engraulidae,Engraulis,urn:lsid:marinespecies.org:taxname:272286
ASV8_FC_012_occ_2,2022-09-03,MaterialSample,Engraulis mordax,49.2744,-123.105416,65403,DNA sequence reads,65506,DNA sequence reads,Engraulis mordax,NA,NA,NA,NA,NA,NA,"Girard, 1854",Species,Animalia,Chordata,Teleostei,Clupeiformes,Engraulidae,Engraulis,urn:lsid:marinespecies.org:taxname:272286
ASV8_FC_039_occ_3,2022-09-03,MaterialSample,Engraulis mordax,49.27323,-123.13356,119122,DNA sequence reads,185442,DNA sequence reads,Engraulis mordax,NA,NA,NA,NA,NA,NA,"Girard, 1854",Species,Animalia,Chordata,Teleostei,Clupeiformes,Engraulidae,Engraulis,urn:lsid:marinespecies.org:taxname:272286
ASV8_FC_058_occ_3,2022-09-03,MaterialSample,Engraulis mordax,49.283216,-123.14965,79454,DNA sequence reads,180740,DNA sequence reads,Engraulis mordax,NA,NA,NA,NA,NA,NA,"Girard, 1854",Species,Animalia,Chordata,Teleostei,Clupeiformes,Engraulidae,Engraulis,urn:lsid:marinespecies.org:taxname:272286
ASV14_FC_003_occ_3,2022-09-03,MaterialSample,Engraulis mordax,49.2726,-123.103583,2008,DNA sequence reads,131736,DNA sequence reads,Engraulis mordax,NA,NA,NA,NA,NA,NA,"Girard, 1854",Species,Animalia,Chordata,Teleostei,Clupeiformes,Engraulidae,Engraulis,urn:lsid:marinespecies.org:taxname:272286
ASV14_FC_005_occ_3,2022-09-03,MaterialSample,Engraulis mordax,49.2726,-123.103583,3348,DNA sequence reads,124052,DNA sequence reads,Engraulis mordax,NA,NA,NA,NA,NA,NA,"Girard, 1854",Species,Animalia,Chordata,Teleostei,Clupeiformes,Engraulidae,Engraulis,urn:lsid:marinespecies.org:taxname:272286
ASV14_FC_006_occ_3,2022-09-03,MaterialSample,Engraulis mordax,49.2726,-123.103583,817,DNA sequence reads,45858,DNA sequence reads,Engraulis mordax,NA,NA,NA,NA,NA,NA,"Girard, 1854",Species,Animalia,Chordata,Teleostei,Clupeiformes,Engraulidae,Engraulis,urn:lsid:marinespecies.org:taxname:272286
ASV14_FC_007_occ_4,2022-09-03,MaterialSample,Engraulis mordax,49.2726,-123.103583,501,DNA sequence reads,53152,DNA sequence reads,Engraulis mordax,NA,NA,NA,NA,NA,NA,"Girard, 1854",Species,Animalia,Chordata,Teleostei,Clupeiformes,Engraulidae,Engraulis,urn:lsid:marinespecies.org:taxname:272286
ASV14_FC_009_occ_5,2022-09-03,MaterialSample,Engraulis mordax,49.2744,-123.105416,2159,DNA sequence reads,114741,DNA sequence reads,Engraulis mordax,NA,NA,NA,NA,NA,NA,"Girard, 1854",Species,Animalia,Chordata,Teleostei,Clupeiformes,Engraulidae,Engraulis,urn:lsid:marinespecies.org:taxname:272286
ASV14_FC_011_occ_2,2022-09-03,MaterialSample,Engraulis mordax,49.2744,-123.105416,1254,DNA sequence reads,90215,DNA sequence reads,Engraulis mordax,NA,NA,NA,NA,NA,NA,"Girard, 1854",Species,Animalia,Chordata,Teleostei,Clupeiformes,Engraulidae,Engraulis,urn:lsid:marinespecies.org:taxname:272286
ASV14_FC_013_occ_3,2022-09-03,MaterialSample,Engraulis mordax,49.2744,-123.105416,470,DNA sequence reads,29501,DNA sequence reads,Engraulis mordax,NA,NA,NA,NA,NA,NA,"Girard, 1854",Species,Animalia,Chordata,Teleostei,Clupeiformes,Engraulidae,Engraulis,urn:lsid:marinespecies.org:taxname:272286
ASV14_FC_014_occ_5,2022-09-03,MaterialSample,Engraulis mordax,49.273483,-123.11055,869,DNA sequence reads,122372,DNA sequence reads,Engraulis mordax,NA,NA,NA,NA,NA,NA,"Girard, 1854",Species,Animalia,Chordata,Teleostei,Clupeiformes,Engraulidae,Engraulis,urn:lsid:marinespecies.org:taxname:272286
ASV14_FC_015_occ_3,2022-09-03,MaterialSample,Engraulis mordax,49.273483,-123.11055,145,DNA sequence reads,41381,DNA sequence reads,Engraulis mordax,NA,NA,NA,NA,NA,NA,"Girard, 1854",Species,Animalia,Chordata,Teleostei,Clupeiformes,Engraulidae,Engraulis,urn:lsid:marinespecies.org:taxname:272286
ASV14_FC_017_occ_3,2022-09-03,MaterialSample,Engraulis mordax,49.273483,-123.11055,516,DNA sequence reads,35998,DNA sequence reads,Engraulis mordax,NA,NA,NA,NA,NA,NA,"Girard, 1854",Species,Animalia,Chordata,Teleostei,Clupeiformes,Engraulidae,Engraulis,urn:lsid:marinespecies.org:taxname:272286
ASV14_FC_018_occ_2,2022-09-03,MaterialSample,Engraulis mordax,49.273483,-123.11055,852,DNA sequence reads,28823,DNA sequence reads,Engraulis mordax,NA,NA,NA,NA,NA,NA,"Girard, 1854",Species,Animalia,Chordata,Teleostei,Clupeiformes,Engraulidae,Engraulis,urn:lsid:marinespecies.org:taxname:272286
ASV14_FC_019_occ_2,2022-09-03,MaterialSample,Engraulis mordax,49.273483,-123.11055,1068,DNA sequence reads,51783,DNA sequence reads,Engraulis mordax,NA,NA,NA,NA,NA,NA,"Girard, 1854",Species,Animalia,Chordata,Teleostei,Clupeiformes,Engraulidae,Engraulis,urn:lsid:marinespecies.org:taxname:272286
ASV14_FC_020_occ_2,2022-09-03,MaterialSample,Engraulis mordax,49.272116,-123.1147,1558,DNA sequence reads,206022,DNA sequence reads,Engraulis mordax,NA,NA,NA,NA,NA,NA,"Girard, 1854",Species,Animalia,Chordata,Teleostei,Clupeiformes,Engraulidae,Engraulis,urn:lsid:marinespecies.org:taxname:272286
ASV14_FC_021_occ_4,2022-09-03,MaterialSample,Engraulis mordax,49.272116,-123.1147,2850,DNA sequence reads,300824,DNA sequence reads,Engraulis mordax,NA,NA,NA,NA,NA,NA,"Girard, 1854",Species,Animalia,Chordata,Teleostei,Clupeiformes,Engraulidae,Engraulis,urn:lsid:marinespecies.org:taxname:272286
ASV14_FC_022_occ_5,2022-09-03,MaterialSample,Engraulis mordax,49.272116,-123.1147,2466,DNA sequence reads,196933,DNA sequence reads,Engraulis mordax,NA,NA,NA,NA,NA,NA,"Girard, 1854",Species,Animalia,Chordata,Teleostei,Clupeiformes,Engraulidae,Engraulis,urn:lsid:marinespecies.org:taxname:272286
ASV14_FC_027_occ_5,2022-09-03,MaterialSample,Engraulis mordax,49.2705,-123.12346,473,DNA sequence reads,136529,DNA sequence reads,Engraulis mordax,NA,NA,NA,NA,NA,NA,"Girard, 1854",Species,Animalia,Chordata,Teleostei,Clupeiformes,Engraulidae,Engraulis,urn:lsid:marinespecies.org:taxname:272286
ASV14_FC_029_occ_4,2022-09-03,MaterialSample,Engraulis mordax,49.2705,-123.12346,1025,DNA sequence reads,116523,DNA sequence reads,Engraulis mordax,NA,NA,NA,NA,NA,NA,"Girard, 1854",Species,Animalia,Chordata,Teleostei,Clupeiformes,Engraulidae,Engraulis,urn:lsid:marinespecies.org:taxname:272286
ASV14_FC_031_occ_4,2022-09-03,MaterialSample,Engraulis mordax,49.2705,-123.12346,1076,DNA sequence reads,64598,DNA sequence reads,Engraulis mordax,NA,NA,NA,NA,NA,NA,"Girard, 1854",Species,Animalia,Chordata,Teleostei,Clupeiformes,Engraulidae,Engraulis,urn:lsid:marinespecies.org:taxname:272286
ASV14_FC_033_occ_6,2022-09-03,MaterialSample,Engraulis mordax,49.27025,-123.12925,1550,DNA sequence reads,274136,DNA sequence reads,Engraulis mordax,NA,NA,NA,NA,NA,NA,"Girard, 1854",Species,Animalia,Chordata,Teleostei,Clupeiformes,Engraulidae,Engraulis,urn:lsid:marinespecies.org:taxname:272286
ASV14_FC_034_occ_5,2022-09-03,MaterialSample,Engraulis mordax,49.27025,-123.12925,2660,DNA sequence reads,158246,DNA sequence reads,Engraulis mordax,NA,NA,NA,NA,NA,NA,"Girard, 1854",Species,Animalia,Chordata,Teleostei,Clupeiformes,Engraulidae,Engraulis,urn:lsid:marinespecies.org:taxname:272286
ASV14_FC_037_occ_4,2022-09-03,MaterialSample,Engraulis mordax,49.27025,-123.12925,2139,DNA sequence reads,121469,DNA sequence reads,Engraulis mordax,NA,NA,NA,NA,NA,NA,"Girard, 1854",Species,Animalia,Chordata,Teleostei,Clupeiformes,Engraulidae,Engraulis,urn:lsid:marinespecies.org:taxname:272286
ASV14_FC_040_occ_4,2022-09-03,MaterialSample,Engraulis mordax,49.27323,-123.13356,3216,DNA sequence reads,255894,DNA sequence reads,Engraulis mordax,NA,NA,NA,NA,NA,NA,"Girard, 1854",Species,Animalia,Chordata,Teleostei,Clupeiformes,Engraulidae,Engraulis,urn:lsid:marinespecies.org:taxname:272286
ASV14_FC_041_occ_4,2022-09-03,MaterialSample,Engraulis mordax,49.27323,-123.13356,1343,DNA sequence reads,67576,DNA sequence reads,Engraulis mordax,NA,NA,NA,NA,NA,NA,"Girard, 1854",Species,Animalia,Chordata,Teleostei,Clupeiformes,Engraulidae,Engraulis,urn:lsid:marinespecies.org:taxname:272286
ASV14_FC_043_occ_3,2022-09-03,MaterialSample,Engraulis mordax,49.27323,-123.13356,808,DNA sequence reads,52792,DNA sequence reads,Engraulis mordax,NA,NA,NA,NA,NA,NA,"Girard, 1854",Species,Animalia,Chordata,Teleostei,Clupeiformes,Engraulidae,Engraulis,urn:lsid:marinespecies.org:taxname:272286
ASV14_FC_045_occ_4,2022-09-03,MaterialSample,Engraulis mordax,49.27626,-123.1373,1504,DNA sequence reads,208735,DNA sequence reads,Engraulis mordax,NA,NA,NA,NA,NA,NA,"Girard, 1854",Species,Animalia,Chordata,Teleostei,Clupeiformes,Engraulidae,Engraulis,urn:lsid:marinespecies.org:taxname:272286
ASV14_FC_046_occ_7,2022-09-03,MaterialSample,Engraulis mordax,49.27626,-123.1373,2710,DNA sequence reads,258120,DNA sequence reads,Engraulis mordax,NA,NA,NA,NA,NA,NA,"Girard, 1854",Species,Animalia,Chordata,Teleostei,Clupeiformes,Engraulidae,Engraulis,urn:lsid:marinespecies.org:taxname:272286
ASV14_FC_047_occ_4,2022-09-03,MaterialSample,Engraulis mordax,49.27626,-123.1373,1120,DNA sequence reads,108257,DNA sequence reads,Engraulis mordax,NA,NA,NA,NA,NA,NA,"Girard, 1854",Species,Animalia,Chordata,Teleostei,Clupeiformes,Engraulidae,Engraulis,urn:lsid:marinespecies.org:taxname:272286
ASV14_FC_049_occ_6,2022-09-03,MaterialSample,Engraulis mordax,49.27626,-123.1373,4964,DNA sequence reads,193516,DNA sequence reads,Engraulis mordax,NA,NA,NA,NA,NA,NA,"Girard, 1854",Species,Animalia,Chordata,Teleostei,Clupeiformes,Engraulidae,Engraulis,urn:lsid:marinespecies.org:taxname:272286
ASV14_FC_050_occ_5,2022-09-03,MaterialSample,Engraulis mordax,49.27626,-123.1373,1233,DNA sequence reads,125270,DNA sequence reads,Engraulis mordax,NA,NA,NA,NA,NA,NA,"Girard, 1854",Species,Animalia,Chordata,Teleostei,Clupeiformes,Engraulidae,Engraulis,urn:lsid:marinespecies.org:taxname:272286
ASV14_FC_051_occ_5,2022-09-03,MaterialSample,Engraulis mordax,49.279283,-123.141783,2353,DNA sequence reads,185556,DNA sequence reads,Engraulis mordax,NA,NA,NA,NA,NA,NA,"Girard, 1854",Species,Animalia,Chordata,Teleostei,Clupeiformes,Engraulidae,Engraulis,urn:lsid:marinespecies.org:taxname:272286
ASV14_FC_052_occ_5,2022-09-03,MaterialSample,Engraulis mordax,49.279283,-123.141783,1539,DNA sequence reads,189648,DNA sequence reads,Engraulis mordax,NA,NA,NA,NA,NA,NA,"Girard, 1854",Species,Animalia,Chordata,Teleostei,Clupeiformes,Engraulidae,Engraulis,urn:lsid:marinespecies.org:taxname:272286
ASV14_FC_053_occ_4,2022-09-03,MaterialSample,Engraulis mordax,49.279283,-123.141783,1298,DNA sequence reads,198178,DNA sequence reads,Engraulis mordax,NA,NA,NA,NA,NA,NA,"Girard, 1854",Species,Animalia,Chordata,Teleostei,Clupeiformes,Engraulidae,Engraulis,urn:lsid:marinespecies.org:taxname:272286
ASV14_FC_055_occ_4,2022-09-03,MaterialSample,Engraulis mordax,49.279283,-123.141783,368,DNA sequence reads,122357,DNA sequence reads,Engraulis mordax,NA,NA,NA,NA,NA,NA,"Girard, 1854",Species,Animalia,Chordata,Teleostei,Clupeiformes,Engraulidae,Engraulis,urn:lsid:marinespecies.org:taxname:272286
ASV14_FC_056_occ_5,2022-09-03,MaterialSample,Engraulis mordax,49.279283,-123.141783,16767,DNA sequence reads,3549789,DNA sequence reads,Engraulis mordax,NA,NA,NA,NA,NA,NA,"Girard, 1854",Species,Animalia,Chordata,Teleostei,Clupeiformes,Engraulidae,Engraulis,urn:lsid:marinespecies.org:taxname:272286
ASV14_FC_057_occ_6,2022-09-03,MaterialSample,Engraulis mordax,49.283216,-123.14965,1961,DNA sequence reads,137850,DNA sequence reads,Engraulis mordax,NA,NA,NA,NA,NA,NA,"Girard, 1854",Species,Animalia,Chordata,Teleostei,Clupeiformes,Engraulidae,Engraulis,urn:lsid:marinespecies.org:taxname:272286
ASV14_FC_059_occ_3,2022-09-03,MaterialSample,Engraulis mordax,49.283216,-123.14965,1127,DNA sequence reads,117731,DNA sequence reads,Engraulis mordax,NA,NA,NA,NA,NA,NA,"Girard, 1854",Species,Animalia,Chordata,Teleostei,Clupeiformes,Engraulidae,Engraulis,urn:lsid:marinespecies.org:taxname:272286
ASV14_FC_061_occ_4,2022-09-03,MaterialSample,Engraulis mordax,49.283216,-123.14965,1594,DNA sequence reads,108488,DNA sequence reads,Engraulis mordax,NA,NA,NA,NA,NA,NA,"Girard, 1854",Species,Animalia,Chordata,Teleostei,Clupeiformes,Engraulidae,Engraulis,urn:lsid:marinespecies.org:taxname:272286
ASV14_FC_062_occ_2,2022-09-03,MaterialSample,Engraulis mordax,49.283216,-123.14965,1971,DNA sequence reads,71635,DNA sequence reads,Engraulis mordax,NA,NA,NA,NA,NA,NA,"Girard, 1854",Species,Animalia,Chordata,Teleostei,Clupeiformes,Engraulidae,Engraulis,urn:lsid:marinespecies.org:taxname:272286
ASV14_FC_063_occ_3,2022-09-03,MaterialSample,Engraulis mordax,49.281516,-123.15095,1407,DNA sequence reads,52634,DNA sequence reads,Engraulis mordax,NA,NA,NA,NA,NA,NA,"Girard, 1854",Species,Animalia,Chordata,Teleostei,Clupeiformes,Engraulidae,Engraulis,urn:lsid:marinespecies.org:taxname:272286
ASV14_FC_066_occ_3,2022-09-03,MaterialSample,Engraulis mordax,49.281516,-123.15095,1483,DNA sequence reads,90583,DNA sequence reads,Engraulis mordax,NA,NA,NA,NA,NA,NA,"Girard, 1854",Species,Animalia,Chordata,Teleostei,Clupeiformes,Engraulidae,Engraulis,urn:lsid:marinespecies.org:taxname:272286
ASV14_FC_067_occ_2,2022-09-03,MaterialSample,Engraulis mordax,49.281516,-123.15095,650,DNA sequence reads,23182,DNA sequence reads,Engraulis mordax,NA,NA,NA,NA,NA,NA,"Girard, 1854",Species,Animalia,Chordata,Teleostei,Clupeiformes,Engraulidae,Engraulis,urn:lsid:marinespecies.org:taxname:272286
ASV14_FC_069_occ_3,2022-09-03,MaterialSample,Engraulis mordax,49.281783,-123.1601,1424,DNA sequence reads,129356,DNA sequence reads,Engraulis mordax,NA,NA,NA,NA,NA,NA,"Girard, 1854",Species,Animalia,Chordata,Teleostei,Clupeiformes,Engraulidae,Engraulis,urn:lsid:marinespecies.org:taxname:272286
ASV14_FC_070_occ_3,2022-09-03,MaterialSample,Engraulis mordax,49.281783,-123.1601,3173,DNA sequence reads,180544,DNA sequence reads,Engraulis mordax,NA,NA,NA,NA,NA,NA,"Girard, 1854",Species,Animalia,Chordata,Teleostei,Clupeiformes,Engraulidae,Engraulis,urn:lsid:marinespecies.org:taxname:272286
ASV14_FC_072_occ_4,2022-09-03,MaterialSample,Engraulis mordax,49.281783,-123.1601,940,DNA sequence reads,37097,DNA sequence reads,Engraulis mordax,NA,NA,NA,NA,NA,NA,"Girard, 1854",Species,Animalia,Chordata,Teleostei,Clupeiformes,Engraulidae,Engraulis,urn:lsid:marinespecies.org:taxname:272286
ASV14_FC_073_occ_3,2022-09-03,MaterialSample,Engraulis mordax,49.281783,-123.1601,543,DNA sequence reads,34307,DNA sequence reads,Engraulis mordax,NA,NA,NA,NA,NA,NA,"Girard, 1854",Species,Animalia,Chordata,Teleostei,Clupeiformes,Engraulidae,Engraulis,urn:lsid:marinespecies.org:taxname:272286
ASV14_FC_074_occ_2,2022-09-03,MaterialSample,Engraulis mordax,49.281783,-123.1601,2087,DNA sequence reads,142402,DNA sequence reads,Engraulis mordax,NA,NA,NA,NA,NA,NA,"Girard, 1854",Species,Animalia,Chordata,Teleostei,Clupeiformes,Engraulidae,Engraulis,urn:lsid:marinespecies.org:taxname:272286
ASV19_FC_003_occ_4,2022-09-03,MaterialSample,Engraulis mordax,49.2726,-123.103583,51444,DNA sequence reads,131736,DNA sequence reads,Engraulis mordax,NA,NA,NA,NA,NA,NA,"Girard, 1854",Species,Animalia,Chordata,Teleostei,Clupeiformes,Engraulidae,Engraulis,urn:lsid:marinespecies.org:taxname:272286
ASV20_FC_059_occ_4,2022-09-03,MaterialSample,Engraulis mordax,49.283216,-123.14965,39330,DNA sequence reads,117731,DNA sequence reads,Engraulis mordax,NA,NA,NA,NA,NA,NA,"Girard, 1854",Species,Animalia,Chordata,Teleostei,Clupeiformes,Engraulidae,Engraulis,urn:lsid:marinespecies.org:taxname:272286
ASV24_FC_061_occ_5,2022-09-03,MaterialSample,Engraulis mordax,49.283216,-123.14965,28036,DNA sequence reads,108488,DNA sequence reads,Engraulis mordax,NA,NA,NA,NA,NA,NA,"Girard, 1854",Species,Animalia,Chordata,Teleostei,Clupeiformes,Engraulidae,Engraulis,urn:lsid:marinespecies.org:taxname:272286
ASV31_FC_026_occ_4,2022-09-03,MaterialSample,Engraulis mordax,49.2705,-123.12346,21103,DNA sequence reads,180198,DNA sequence reads,Engraulis mordax,NA,NA,NA,NA,NA,NA,"Girard, 1854",Species,Animalia,Chordata,Teleostei,Clupeiformes,Engraulidae,Engraulis,urn:lsid:marinespecies.org:taxname:272286
ASV36_FC_041_occ_5,2022-09-03,MaterialSample,Engraulis mordax,49.27323,-123.13356,18220,DNA sequence reads,67576,DNA sequence reads,Engraulis mordax,NA,NA,NA,NA,NA,NA,"Girard, 1854",Species,Animalia,Chordata,Teleostei,Clupeiformes,Engraulidae,Engraulis,urn:lsid:marinespecies.org:taxname:272286
ASV39_FC_006_occ_4,2022-09-03,MaterialSample,Engraulis mordax,49.2726,-123.103583,17032,DNA sequence reads,45858,DNA sequence reads,Engraulis mordax,NA,NA,NA,NA,NA,NA,"Girard, 1854",Species,Animalia,Chordata,Teleostei,Clupeiformes,Engraulidae,Engraulis,urn:lsid:marinespecies.org:taxname:272286
ASV40_FC_027_occ_6,2022-09-03,MaterialSample,Engraulis mordax,49.2705,-123.12346,15485,DNA sequence reads,136529,DNA sequence reads,Engraulis mordax,NA,NA,NA,NA,NA,NA,"Girard, 1854",Species,Animalia,Chordata,Teleostei,Clupeiformes,Engraulidae,Engraulis,urn:lsid:marinespecies.org:taxname:272286
ASV55_FC_052_occ_6,2022-09-03,MaterialSample,Engraulis mordax,49.279283,-123.141783,2928,DNA sequence reads,189648,DNA sequence reads,Engraulis mordax,NA,NA,NA,NA,NA,NA,"Girard, 1854",Species,Animalia,Chordata,Teleostei,Clupeiformes,Engraulidae,Engraulis,urn:lsid:marinespecies.org:taxname:272286
ASV58_FC_042_occ_4,2022-09-03,MaterialSample,Engraulis mordax,49.27323,-123.13356,1590,DNA sequence reads,64197,DNA sequence reads,Engraulis mordax,NA,NA,NA,NA,NA,NA,"Girard, 1854",Species,Animalia,Chordata,Teleostei,Clupeiformes,Engraulidae,Engraulis,urn:lsid:marinespecies.org:taxname:272286
ASV59_FC_052_occ_7,2022-09-03,MaterialSample,Engraulis mordax,49.279283,-123.141783,1454,DNA sequence reads,189648,DNA sequence reads,Engraulis mordax,NA,NA,NA,NA,NA,NA,"Girard, 1854",Species,Animalia,Chordata,Teleostei,Clupeiformes,Engraulidae,Engraulis,urn:lsid:marinespecies.org:taxname:272286
ASV62_FC_052_occ_8,2022-09-03,MaterialSample,Engraulis mordax,49.279283,-123.141783,1275,DNA sequence reads,189648,DNA sequence reads,Engraulis mordax,NA,NA,NA,NA,NA,NA,"Girard, 1854",Species,Animalia,Chordata,Teleostei,Clupeiformes,Engraulidae,Engraulis,urn:lsid:marinespecies.org:taxname:272286
ASV74_FC_004_occ_3,2022-09-03,MaterialSample,Engraulis mordax,49.2726,-123.103583,365,DNA sequence reads,1098,DNA sequence reads,Engraulis mordax,NA,NA,NA,NA,NA,NA,"Girard, 1854",Species,Animalia,Chordata,Teleostei,Clupeiformes,Engraulidae,Engraulis,urn:lsid:marinespecies.org:taxname:272286
ASV87_FC_012_occ_3,2022-09-03,MaterialSample,Engraulis mordax,49.2744,-123.105416,39,DNA sequence reads,65506,DNA sequence reads,Engraulis mordax,NA,NA,NA,NA,NA,NA,"Girard, 1854",Species,Animalia,Chordata,Teleostei,Clupeiformes,Engraulidae,Engraulis,urn:lsid:marinespecies.org:taxname:272286
ASV87_FC_039_occ_4,2022-09-03,MaterialSample,Engraulis mordax,49.27323,-123.13356,103,DNA sequence reads,185442,DNA sequence reads,Engraulis mordax,NA,NA,NA,NA,NA,NA,"Girard, 1854",Species,Animalia,Chordata,Teleostei,Clupeiformes,Engraulidae,Engraulis,urn:lsid:marinespecies.org:taxname:272286
ASV87_FC_058_occ_4,2022-09-03,MaterialSample,Engraulis mordax,49.283216,-123.14965,92,DNA sequence reads,180740,DNA sequence reads,Engraulis mordax,NA,NA,NA,NA,NA,NA,"Girard, 1854",Species,Animalia,Chordata,Teleostei,Clupeiformes,Engraulidae,Engraulis,urn:lsid:marinespecies.org:taxname:272286
ASV91_FC_026_occ_5,2022-09-03,MaterialSample,Engraulis mordax,49.2705,-123.12346,212,DNA sequence reads,180198,DNA sequence reads,Engraulis mordax,NA,NA,NA,NA,NA,NA,"Girard, 1854",Species,Animalia,Chordata,Teleostei,Clupeiformes,Engraulidae,Engraulis,urn:lsid:marinespecies.org:taxname:272286
ASV35_FC_052_occ_9,2022-09-03,MaterialSample,Enophrys bison,49.279283,-123.141783,19598,DNA sequence reads,189648,DNA sequence reads,Enophrys bison,NA,NA,NA,NA,NA,NA,"(Girard, 1854)",Species,Animalia,Chordata,Teleostei,Perciformes,Cottidae,Enophrys,urn:lsid:marinespecies.org:taxname:275355
ASV5_FC_002_occ_3,2022-09-03,MaterialSample,Gasterosteus aculeatus,49.2726,-123.103583,22,DNA sequence reads,44971,DNA sequence reads,Gasterosteus aculeatus,NA,NA,NA,NA,NA,NA,"Linnaeus, 1758",Species,Animalia,Chordata,Teleostei,Perciformes,Gasterosteidae,Gasterosteus,urn:lsid:marinespecies.org:taxname:126505
ASV5_FC_004_occ_4,2022-09-03,MaterialSample,Gasterosteus aculeatus,49.2726,-123.103583,25,DNA sequence reads,1098,DNA sequence reads,Gasterosteus aculeatus,NA,NA,NA,NA,NA,NA,"Linnaeus, 1758",Species,Animalia,Chordata,Teleostei,Perciformes,Gasterosteidae,Gasterosteus,urn:lsid:marinespecies.org:taxname:126505
ASV5_FC_006_occ_5,2022-09-03,MaterialSample,Gasterosteus aculeatus,49.2726,-123.103583,21,DNA sequence reads,45858,DNA sequence reads,Gasterosteus aculeatus,NA,NA,NA,NA,NA,NA,"Linnaeus, 1758",Species,Animalia,Chordata,Teleostei,Perciformes,Gasterosteidae,Gasterosteus,urn:lsid:marinespecies.org:taxname:126505
ASV5_FC_007_occ_5,2022-09-03,MaterialSample,Gasterosteus aculeatus,49.2726,-123.103583,33782,DNA sequence reads,53152,DNA sequence reads,Gasterosteus aculeatus,NA,NA,NA,NA,NA,NA,"Linnaeus, 1758",Species,Animalia,Chordata,Teleostei,Perciformes,Gasterosteidae,Gasterosteus,urn:lsid:marinespecies.org:taxname:126505
ASV5_FC_008_occ_4,2022-09-03,MaterialSample,Gasterosteus aculeatus,49.2744,-123.105416,10,DNA sequence reads,112469,DNA sequence reads,Gasterosteus aculeatus,NA,NA,NA,NA,NA,NA,"Linnaeus, 1758",Species,Animalia,Chordata,Teleostei,Perciformes,Gasterosteidae,Gasterosteus,urn:lsid:marinespecies.org:taxname:126505
ASV5_FC_010_occ_5,2022-09-03,MaterialSample,Gasterosteus aculeatus,49.2744,-123.105416,12958,DNA sequence reads,136308,DNA sequence reads,Gasterosteus aculeatus,NA,NA,NA,NA,NA,NA,"Linnaeus, 1758",Species,Animalia,Chordata,Teleostei,Perciformes,Gasterosteidae,Gasterosteus,urn:lsid:marinespecies.org:taxname:126505
ASV5_FC_012_occ_4,2022-09-03,MaterialSample,Gasterosteus aculeatus,49.2744,-123.105416,32,DNA sequence reads,65506,DNA sequence reads,Gasterosteus aculeatus,NA,NA,NA,NA,NA,NA,"Linnaeus, 1758",Species,Animalia,Chordata,Teleostei,Perciformes,Gasterosteidae,Gasterosteus,urn:lsid:marinespecies.org:taxname:126505
ASV5_FC_014_occ_6,2022-09-03,MaterialSample,Gasterosteus aculeatus,49.273483,-123.11055,24,DNA sequence reads,122372,DNA sequence reads,Gasterosteus aculeatus,NA,NA,NA,NA,NA,NA,"Linnaeus, 1758",Species,Animalia,Chordata,Teleostei,Perciformes,Gasterosteidae,Gasterosteus,urn:lsid:marinespecies.org:taxname:126505
ASV5_FC_016_occ_3,2022-09-03,MaterialSample,Gasterosteus aculeatus,49.273483,-123.11055,35483,DNA sequence reads,104657,DNA sequence reads,Gasterosteus aculeatus,NA,NA,NA,NA,NA,NA,"Linnaeus, 1758",Species,Animalia,Chordata,Teleostei,Perciformes,Gasterosteidae,Gasterosteus,urn:lsid:marinespecies.org:taxname:126505
ASV5_FC_017_occ_4,2022-09-03,MaterialSample,Gasterosteus aculeatus,49.273483,-123.11055,18137,DNA sequence reads,35998,DNA sequence reads,Gasterosteus aculeatus,NA,NA,NA,NA,NA,NA,"Linnaeus, 1758",Species,Animalia,Chordata,Teleostei,Perciformes,Gasterosteidae,Gasterosteus,urn:lsid:marinespecies.org:taxname:126505
ASV5_FC_018_occ_3,2022-09-03,MaterialSample,Gasterosteus aculeatus,49.273483,-123.11055,42,DNA sequence reads,28823,DNA sequence reads,Gasterosteus aculeatus,NA,NA,NA,NA,NA,NA,"Linnaeus, 1758",Species,Animalia,Chordata,Teleostei,Perciformes,Gasterosteidae,Gasterosteus,urn:lsid:marinespecies.org:taxname:126505
ASV5_FC_019_occ_3,2022-09-03,MaterialSample,Gasterosteus aculeatus,49.273483,-123.11055,14742,DNA sequence reads,51783,DNA sequence reads,Gasterosteus aculeatus,NA,NA,NA,NA,NA,NA,"Linnaeus, 1758",Species,Animalia,Chordata,Teleostei,Perciformes,Gasterosteidae,Gasterosteus,urn:lsid:marinespecies.org:taxname:126505
ASV5_FC_020_occ_3,2022-09-03,MaterialSample,Gasterosteus aculeatus,49.272116,-123.1147,43,DNA sequence reads,206022,DNA sequence reads,Gasterosteus aculeatus,NA,NA,NA,NA,NA,NA,"Linnaeus, 1758",Species,Animalia,Chordata,Teleostei,Perciformes,Gasterosteidae,Gasterosteus,urn:lsid:marinespecies.org:taxname:126505
ASV5_FC_021_occ_5,2022-09-03,MaterialSample,Gasterosteus aculeatus,49.272116,-123.1147,54477,DNA sequence reads,300824,DNA sequence reads,Gasterosteus aculeatus,NA,NA,NA,NA,NA,NA,"Linnaeus, 1758",Species,Animalia,Chordata,Teleostei,Perciformes,Gasterosteidae,Gasterosteus,urn:lsid:marinespecies.org:taxname:126505
ASV5_FC_022_occ_6,2022-09-03,MaterialSample,Gasterosteus aculeatus,49.272116,-123.1147,30,DNA sequence reads,196933,DNA sequence reads,Gasterosteus aculeatus,NA,NA,NA,NA,NA,NA,"Linnaeus, 1758",Species,Animalia,Chordata,Teleostei,Perciformes,Gasterosteidae,Gasterosteus,urn:lsid:marinespecies.org:taxname:126505
ASV5_FC_024_occ_4,2022-09-03,MaterialSample,Gasterosteus aculeatus,49.272116,-123.1147,16,DNA sequence reads,243,DNA sequence reads,Gasterosteus aculeatus,NA,NA,NA,NA,NA,NA,"Linnaeus, 1758",Species,Animalia,Chordata,Teleostei,Perciformes,Gasterosteidae,Gasterosteus,urn:lsid:marinespecies.org:taxname:126505
ASV5_FC_025_occ_3,2022-09-03,MaterialSample,Gasterosteus aculeatus,49.272116,-123.1147,15,DNA sequence reads,46,DNA sequence reads,Gasterosteus aculeatus,NA,NA,NA,NA,NA,NA,"Linnaeus, 1758",Species,Animalia,Chordata,Teleostei,Perciformes,Gasterosteidae,Gasterosteus,urn:lsid:marinespecies.org:taxname:126505
ASV5_FC_026_occ_6,2022-09-03,MaterialSample,Gasterosteus aculeatus,49.2705,-123.12346,54,DNA sequence reads,180198,DNA sequence reads,Gasterosteus aculeatus,NA,NA,NA,NA,NA,NA,"Linnaeus, 1758",Species,Animalia,Chordata,Teleostei,Perciformes,Gasterosteidae,Gasterosteus,urn:lsid:marinespecies.org:taxname:126505
ASV5_FC_027_occ_7,2022-09-03,MaterialSample,Gasterosteus aculeatus,49.2705,-123.12346,19,DNA sequence reads,136529,DNA sequence reads,Gasterosteus aculeatus,NA,NA,NA,NA,NA,NA,"Linnaeus, 1758",Species,Animalia,Chordata,Teleostei,Perciformes,Gasterosteidae,Gasterosteus,urn:lsid:marinespecies.org:taxname:126505
ASV5_FC_028_occ_3,2022-09-03,MaterialSample,Gasterosteus aculeatus,49.2705,-123.12346,69,DNA sequence reads,100866,DNA sequence reads,Gasterosteus aculeatus,NA,NA,NA,NA,NA,NA,"Linnaeus, 1758",Species,Animalia,Chordata,Teleostei,Perciformes,Gasterosteidae,Gasterosteus,urn:lsid:marinespecies.org:taxname:126505
ASV5_FC_029_occ_5,2022-09-03,MaterialSample,Gasterosteus aculeatus,49.2705,-123.12346,81201,DNA sequence reads,116523,DNA sequence reads,Gasterosteus aculeatus,NA,NA,NA,NA,NA,NA,"Linnaeus, 1758",Species,Animalia,Chordata,Teleostei,Perciformes,Gasterosteidae,Gasterosteus,urn:lsid:marinespecies.org:taxname:126505
ASV5_FC_030_occ_4,2022-09-03,MaterialSample,Gasterosteus aculeatus,49.2705,-123.12346,84611,DNA sequence reads,102699,DNA sequence reads,Gasterosteus aculeatus,NA,NA,NA,NA,NA,NA,"Linnaeus, 1758",Species,Animalia,Chordata,Teleostei,Perciformes,Gasterosteidae,Gasterosteus,urn:lsid:marinespecies.org:taxname:126505
ASV5_FC_031_occ_5,2022-09-03,MaterialSample,Gasterosteus aculeatus,49.2705,-123.12346,22800,DNA sequence reads,64598,DNA sequence reads,Gasterosteus aculeatus,NA,NA,NA,NA,NA,NA,"Linnaeus, 1758",Species,Animalia,Chordata,Teleostei,Perciformes,Gasterosteidae,Gasterosteus,urn:lsid:marinespecies.org:taxname:126505
ASV5_FC_033_occ_7,2022-09-03,MaterialSample,Gasterosteus aculeatus,49.27025,-123.12925,21,DNA sequence reads,274136,DNA sequence reads,Gasterosteus aculeatus,NA,NA,NA,NA,NA,NA,"Linnaeus, 1758",Species,Animalia,Chordata,Teleostei,Perciformes,Gasterosteidae,Gasterosteus,urn:lsid:marinespecies.org:taxname:126505
ASV5_FC_034_occ_6,2022-09-03,MaterialSample,Gasterosteus aculeatus,49.27025,-123.12925,83,DNA sequence reads,158246,DNA sequence reads,Gasterosteus aculeatus,NA,NA,NA,NA,NA,NA,"Linnaeus, 1758",Species,Animalia,Chordata,Teleostei,Perciformes,Gasterosteidae,Gasterosteus,urn:lsid:marinespecies.org:taxname:126505
ASV5_FC_035_occ_4,2022-09-03,MaterialSample,Gasterosteus aculeatus,49.27025,-123.12925,33,DNA sequence reads,173257,DNA sequence reads,Gasterosteus aculeatus,NA,NA,NA,NA,NA,NA,"Linnaeus, 1758",Species,Animalia,Chordata,Teleostei,Perciformes,Gasterosteidae,Gasterosteus,urn:lsid:marinespecies.org:taxname:126505
ASV5_FC_036_occ_1,2022-09-03,MaterialSample,Gasterosteus aculeatus,49.27025,-123.12925,145538,DNA sequence reads,168250,DNA sequence reads,Gasterosteus aculeatus,NA,NA,NA,NA,NA,NA,"Linnaeus, 1758",Species,Animalia,Chordata,Teleostei,Perciformes,Gasterosteidae,Gasterosteus,urn:lsid:marinespecies.org:taxname:126505
ASV5_FC_037_occ_5,2022-09-03,MaterialSample,Gasterosteus aculeatus,49.27025,-123.12925,46040,DNA sequence reads,121469,DNA sequence reads,Gasterosteus aculeatus,NA,NA,NA,NA,NA,NA,"Linnaeus, 1758",Species,Animalia,Chordata,Teleostei,Perciformes,Gasterosteidae,Gasterosteus,urn:lsid:marinespecies.org:taxname:126505
ASV5_FC_038_occ_5,2022-09-03,MaterialSample,Gasterosteus aculeatus,49.27025,-123.12925,77158,DNA sequence reads,116570,DNA sequence reads,Gasterosteus aculeatus,NA,NA,NA,NA,NA,NA,"Linnaeus, 1758",Species,Animalia,Chordata,Teleostei,Perciformes,Gasterosteidae,Gasterosteus,urn:lsid:marinespecies.org:taxname:126505
ASV5_FC_039_occ_5,2022-09-03,MaterialSample,Gasterosteus aculeatus,49.27323,-123.13356,24,DNA sequence reads,185442,DNA sequence reads,Gasterosteus aculeatus,NA,NA,NA,NA,NA,NA,"Linnaeus, 1758",Species,Animalia,Chordata,Teleostei,Perciformes,Gasterosteidae,Gasterosteus,urn:lsid:marinespecies.org:taxname:126505
ASV5_FC_040_occ_5,2022-09-03,MaterialSample,Gasterosteus aculeatus,49.27323,-123.13356,32,DNA sequence reads,255894,DNA sequence reads,Gasterosteus aculeatus,NA,NA,NA,NA,NA,NA,"Linnaeus, 1758",Species,Animalia,Chordata,Teleostei,Perciformes,Gasterosteidae,Gasterosteus,urn:lsid:marinespecies.org:taxname:126505
ASV5_FC_042_occ_5,2022-09-03,MaterialSample,Gasterosteus aculeatus,49.27323,-123.13356,44522,DNA sequence reads,64197,DNA sequence reads,Gasterosteus aculeatus,NA,NA,NA,NA,NA,NA,"Linnaeus, 1758",Species,Animalia,Chordata,Teleostei,Perciformes,Gasterosteidae,Gasterosteus,urn:lsid:marinespecies.org:taxname:126505
ASV5_FC_043_occ_4,2022-09-03,MaterialSample,Gasterosteus aculeatus,49.27323,-123.13356,23751,DNA sequence reads,52792,DNA sequence reads,Gasterosteus aculeatus,NA,NA,NA,NA,NA,NA,"Linnaeus, 1758",Species,Animalia,Chordata,Teleostei,Perciformes,Gasterosteidae,Gasterosteus,urn:lsid:marinespecies.org:taxname:126505
ASV5_FC_044_occ_3,2022-09-03,MaterialSample,Gasterosteus aculeatus,49.27323,-123.13356,51,DNA sequence reads,106,DNA sequence reads,Gasterosteus aculeatus,NA,NA,NA,NA,NA,NA,"Linnaeus, 1758",Species,Animalia,Chordata,Teleostei,Perciformes,Gasterosteidae,Gasterosteus,urn:lsid:marinespecies.org:taxname:126505
ASV5_FC_045_occ_5,2022-09-03,MaterialSample,Gasterosteus aculeatus,49.27626,-123.1373,50,DNA sequence reads,208735,DNA sequence reads,Gasterosteus aculeatus,NA,NA,NA,NA,NA,NA,"Linnaeus, 1758",Species,Animalia,Chordata,Teleostei,Perciformes,Gasterosteidae,Gasterosteus,urn:lsid:marinespecies.org:taxname:126505
ASV5_FC_046_occ_8,2022-09-03,MaterialSample,Gasterosteus aculeatus,49.27626,-123.1373,30,DNA sequence reads,258120,DNA sequence reads,Gasterosteus aculeatus,NA,NA,NA,NA,NA,NA,"Linnaeus, 1758",Species,Animalia,Chordata,Teleostei,Perciformes,Gasterosteidae,Gasterosteus,urn:lsid:marinespecies.org:taxname:126505
ASV5_FC_048_occ_4,2022-09-03,MaterialSample,Gasterosteus aculeatus,49.27626,-123.1373,24372,DNA sequence reads,50184,DNA sequence reads,Gasterosteus aculeatus,NA,NA,NA,NA,NA,NA,"Linnaeus, 1758",Species,Animalia,Chordata,Teleostei,Perciformes,Gasterosteidae,Gasterosteus,urn:lsid:marinespecies.org:taxname:126505
ASV5_FC_049_occ_7,2022-09-03,MaterialSample,Gasterosteus aculeatus,49.27626,-123.1373,40,DNA sequence reads,193516,DNA sequence reads,Gasterosteus aculeatus,NA,NA,NA,NA,NA,NA,"Linnaeus, 1758",Species,Animalia,Chordata,Teleostei,Perciformes,Gasterosteidae,Gasterosteus,urn:lsid:marinespecies.org:taxname:126505
ASV5_FC_050_occ_6,2022-09-03,MaterialSample,Gasterosteus aculeatus,49.27626,-123.1373,228,DNA sequence reads,125270,DNA sequence reads,Gasterosteus aculeatus,NA,NA,NA,NA,NA,NA,"Linnaeus, 1758",Species,Animalia,Chordata,Teleostei,Perciformes,Gasterosteidae,Gasterosteus,urn:lsid:marinespecies.org:taxname:126505
ASV5_FC_051_occ_6,2022-09-03,MaterialSample,Gasterosteus aculeatus,49.279283,-123.141783,46,DNA sequence reads,185556,DNA sequence reads,Gasterosteus aculeatus,NA,NA,NA,NA,NA,NA,"Linnaeus, 1758",Species,Animalia,Chordata,Teleostei,Perciformes,Gasterosteidae,Gasterosteus,urn:lsid:marinespecies.org:taxname:126505
ASV5_FC_052_occ_10,2022-09-03,MaterialSample,Gasterosteus aculeatus,49.279283,-123.141783,323,DNA sequence reads,189648,DNA sequence reads,Gasterosteus aculeatus,NA,NA,NA,NA,NA,NA,"Linnaeus, 1758",Species,Animalia,Chordata,Teleostei,Perciformes,Gasterosteidae,Gasterosteus,urn:lsid:marinespecies.org:taxname:126505
ASV5_FC_053_occ_5,2022-09-03,MaterialSample,Gasterosteus aculeatus,49.279283,-123.141783,293,DNA sequence reads,198178,DNA sequence reads,Gasterosteus aculeatus,NA,NA,NA,NA,NA,NA,"Linnaeus, 1758",Species,Animalia,Chordata,Teleostei,Perciformes,Gasterosteidae,Gasterosteus,urn:lsid:marinespecies.org:taxname:126505
ASV5_FC_054_occ_7,2022-09-03,MaterialSample,Gasterosteus aculeatus,49.279283,-123.141783,236,DNA sequence reads,36953,DNA sequence reads,Gasterosteus aculeatus,NA,NA,NA,NA,NA,NA,"Linnaeus, 1758",Species,Animalia,Chordata,Teleostei,Perciformes,Gasterosteidae,Gasterosteus,urn:lsid:marinespecies.org:taxname:126505
ASV5_FC_055_occ_5,2022-09-03,MaterialSample,Gasterosteus aculeatus,49.279283,-123.141783,31282,DNA sequence reads,122357,DNA sequence reads,Gasterosteus aculeatus,NA,NA,NA,NA,NA,NA,"Linnaeus, 1758",Species,Animalia,Chordata,Teleostei,Perciformes,Gasterosteidae,Gasterosteus,urn:lsid:marinespecies.org:taxname:126505
ASV5_FC_056_occ_6,2022-09-03,MaterialSample,Gasterosteus aculeatus,49.279283,-123.141783,248,DNA sequence reads,3549789,DNA sequence reads,Gasterosteus aculeatus,NA,NA,NA,NA,NA,NA,"Linnaeus, 1758",Species,Animalia,Chordata,Teleostei,Perciformes,Gasterosteidae,Gasterosteus,urn:lsid:marinespecies.org:taxname:126505
ASV5_FC_058_occ_5,2022-09-03,MaterialSample,Gasterosteus aculeatus,49.283216,-123.14965,28,DNA sequence reads,180740,DNA sequence reads,Gasterosteus aculeatus,NA,NA,NA,NA,NA,NA,"Linnaeus, 1758",Species,Animalia,Chordata,Teleostei,Perciformes,Gasterosteidae,Gasterosteus,urn:lsid:marinespecies.org:taxname:126505
ASV5_FC_061_occ_6,2022-09-03,MaterialSample,Gasterosteus aculeatus,49.283216,-123.14965,15,DNA sequence reads,108488,DNA sequence reads,Gasterosteus aculeatus,NA,NA,NA,NA,NA,NA,"Linnaeus, 1758",Species,Animalia,Chordata,Teleostei,Perciformes,Gasterosteidae,Gasterosteus,urn:lsid:marinespecies.org:taxname:126505
ASV5_FC_062_occ_3,2022-09-03,MaterialSample,Gasterosteus aculeatus,49.283216,-123.14965,27,DNA sequence reads,71635,DNA sequence reads,Gasterosteus aculeatus,NA,NA,NA,NA,NA,NA,"Linnaeus, 1758",Species,Animalia,Chordata,Teleostei,Perciformes,Gasterosteidae,Gasterosteus,urn:lsid:marinespecies.org:taxname:126505
ASV5_FC_066_occ_4,2022-09-03,MaterialSample,Gasterosteus aculeatus,49.281516,-123.15095,12,DNA sequence reads,90583,DNA sequence reads,Gasterosteus aculeatus,NA,NA,NA,NA,NA,NA,"Linnaeus, 1758",Species,Animalia,Chordata,Teleostei,Perciformes,Gasterosteidae,Gasterosteus,urn:lsid:marinespecies.org:taxname:126505
ASV5_FC_067_occ_3,2022-09-03,MaterialSample,Gasterosteus aculeatus,49.281516,-123.15095,6,DNA sequence reads,23182,DNA sequence reads,Gasterosteus aculeatus,NA,NA,NA,NA,NA,NA,"Linnaeus, 1758",Species,Animalia,Chordata,Teleostei,Perciformes,Gasterosteidae,Gasterosteus,urn:lsid:marinespecies.org:taxname:126505
ASV5_FC_068_occ_2,2022-09-03,MaterialSample,Gasterosteus aculeatus,49.281516,-123.15095,24,DNA sequence reads,88,DNA sequence reads,Gasterosteus aculeatus,NA,NA,NA,NA,NA,NA,"Linnaeus, 1758",Species,Animalia,Chordata,Teleostei,Perciformes,Gasterosteidae,Gasterosteus,urn:lsid:marinespecies.org:taxname:126505
ASV5_FC_069_occ_4,2022-09-03,MaterialSample,Gasterosteus aculeatus,49.281783,-123.1601,23,DNA sequence reads,129356,DNA sequence reads,Gasterosteus aculeatus,NA,NA,NA,NA,NA,NA,"Linnaeus, 1758",Species,Animalia,Chordata,Teleostei,Perciformes,Gasterosteidae,Gasterosteus,urn:lsid:marinespecies.org:taxname:126505
ASV5_FC_070_occ_4,2022-09-03,MaterialSample,Gasterosteus aculeatus,49.281783,-123.1601,8,DNA sequence reads,180544,DNA sequence reads,Gasterosteus aculeatus,NA,NA,NA,NA,NA,NA,"Linnaeus, 1758",Species,Animalia,Chordata,Teleostei,Perciformes,Gasterosteidae,Gasterosteus,urn:lsid:marinespecies.org:taxname:126505
ASV5_FC_074_occ_3,2022-09-03,MaterialSample,Gasterosteus aculeatus,49.281783,-123.1601,63303,DNA sequence reads,142402,DNA sequence reads,Gasterosteus aculeatus,NA,NA,NA,NA,NA,NA,"Linnaeus, 1758",Species,Animalia,Chordata,Teleostei,Perciformes,Gasterosteidae,Gasterosteus,urn:lsid:marinespecies.org:taxname:126505
ASV30_FC_036_occ_2,2022-09-03,MaterialSample,Gasterosteus aculeatus,49.27025,-123.12925,22263,DNA sequence reads,168250,DNA sequence reads,Gasterosteus aculeatus,NA,NA,NA,NA,NA,NA,"Linnaeus, 1758",Species,Animalia,Chordata,Teleostei,Perciformes,Gasterosteidae,Gasterosteus,urn:lsid:marinespecies.org:taxname:126505
ASV37_FC_042_occ_6,2022-09-03,MaterialSample,Gasterosteus aculeatus,49.27323,-123.13356,17783,DNA sequence reads,64197,DNA sequence reads,Gasterosteus aculeatus,NA,NA,NA,NA,NA,NA,"Linnaeus, 1758",Species,Animalia,Chordata,Teleostei,Perciformes,Gasterosteidae,Gasterosteus,urn:lsid:marinespecies.org:taxname:126505
ASV38_FC_030_occ_5,2022-09-03,MaterialSample,Gasterosteus aculeatus,49.2705,-123.12346,17691,DNA sequence reads,102699,DNA sequence reads,Gasterosteus aculeatus,NA,NA,NA,NA,NA,NA,"Linnaeus, 1758",Species,Animalia,Chordata,Teleostei,Perciformes,Gasterosteidae,Gasterosteus,urn:lsid:marinespecies.org:taxname:126505
ASV43_FC_013_occ_4,2022-09-03,MaterialSample,Gasterosteus aculeatus,49.2744,-123.105416,13029,DNA sequence reads,29501,DNA sequence reads,Gasterosteus aculeatus,NA,NA,NA,NA,NA,NA,"Linnaeus, 1758",Species,Animalia,Chordata,Teleostei,Perciformes,Gasterosteidae,Gasterosteus,urn:lsid:marinespecies.org:taxname:126505
ASV57_FC_007_occ_6,2022-09-03,MaterialSample,Gasterosteus aculeatus,49.2726,-123.103583,92,DNA sequence reads,53152,DNA sequence reads,Gasterosteus aculeatus,NA,NA,NA,NA,NA,NA,"Linnaeus, 1758",Species,Animalia,Chordata,Teleostei,Perciformes,Gasterosteidae,Gasterosteus,urn:lsid:marinespecies.org:taxname:126505
ASV57_FC_016_occ_4,2022-09-03,MaterialSample,Gasterosteus aculeatus,49.273483,-123.11055,57,DNA sequence reads,104657,DNA sequence reads,Gasterosteus aculeatus,NA,NA,NA,NA,NA,NA,"Linnaeus, 1758",Species,Animalia,Chordata,Teleostei,Perciformes,Gasterosteidae,Gasterosteus,urn:lsid:marinespecies.org:taxname:126505
ASV57_FC_021_occ_6,2022-09-03,MaterialSample,Gasterosteus aculeatus,49.272116,-123.1147,133,DNA sequence reads,300824,DNA sequence reads,Gasterosteus aculeatus,NA,NA,NA,NA,NA,NA,"Linnaeus, 1758",Species,Animalia,Chordata,Teleostei,Perciformes,Gasterosteidae,Gasterosteus,urn:lsid:marinespecies.org:taxname:126505
ASV57_FC_029_occ_6,2022-09-03,MaterialSample,Gasterosteus aculeatus,49.2705,-123.12346,188,DNA sequence reads,116523,DNA sequence reads,Gasterosteus aculeatus,NA,NA,NA,NA,NA,NA,"Linnaeus, 1758",Species,Animalia,Chordata,Teleostei,Perciformes,Gasterosteidae,Gasterosteus,urn:lsid:marinespecies.org:taxname:126505
ASV57_FC_030_occ_6,2022-09-03,MaterialSample,Gasterosteus aculeatus,49.2705,-123.12346,261,DNA sequence reads,102699,DNA sequence reads,Gasterosteus aculeatus,NA,NA,NA,NA,NA,NA,"Linnaeus, 1758",Species,Animalia,Chordata,Teleostei,Perciformes,Gasterosteidae,Gasterosteus,urn:lsid:marinespecies.org:taxname:126505
ASV57_FC_031_occ_6,2022-09-03,MaterialSample,Gasterosteus aculeatus,49.2705,-123.12346,50,DNA sequence reads,64598,DNA sequence reads,Gasterosteus aculeatus,NA,NA,NA,NA,NA,NA,"Linnaeus, 1758",Species,Animalia,Chordata,Teleostei,Perciformes,Gasterosteidae,Gasterosteus,urn:lsid:marinespecies.org:taxname:126505
ASV57_FC_036_occ_3,2022-09-03,MaterialSample,Gasterosteus aculeatus,49.27025,-123.12925,345,DNA sequence reads,168250,DNA sequence reads,Gasterosteus aculeatus,NA,NA,NA,NA,NA,NA,"Linnaeus, 1758",Species,Animalia,Chordata,Teleostei,Perciformes,Gasterosteidae,Gasterosteus,urn:lsid:marinespecies.org:taxname:126505
ASV57_FC_037_occ_6,2022-09-03,MaterialSample,Gasterosteus aculeatus,49.27025,-123.12925,111,DNA sequence reads,121469,DNA sequence reads,Gasterosteus aculeatus,NA,NA,NA,NA,NA,NA,"Linnaeus, 1758",Species,Animalia,Chordata,Teleostei,Perciformes,Gasterosteidae,Gasterosteus,urn:lsid:marinespecies.org:taxname:126505
ASV57_FC_038_occ_6,2022-09-03,MaterialSample,Gasterosteus aculeatus,49.27025,-123.12925,161,DNA sequence reads,116570,DNA sequence reads,Gasterosteus aculeatus,NA,NA,NA,NA,NA,NA,"Linnaeus, 1758",Species,Animalia,Chordata,Teleostei,Perciformes,Gasterosteidae,Gasterosteus,urn:lsid:marinespecies.org:taxname:126505
ASV57_FC_042_occ_7,2022-09-03,MaterialSample,Gasterosteus aculeatus,49.27323,-123.13356,101,DNA sequence reads,64197,DNA sequence reads,Gasterosteus aculeatus,NA,NA,NA,NA,NA,NA,"Linnaeus, 1758",Species,Animalia,Chordata,Teleostei,Perciformes,Gasterosteidae,Gasterosteus,urn:lsid:marinespecies.org:taxname:126505
ASV57_FC_043_occ_5,2022-09-03,MaterialSample,Gasterosteus aculeatus,49.27323,-123.13356,53,DNA sequence reads,52792,DNA sequence reads,Gasterosteus aculeatus,NA,NA,NA,NA,NA,NA,"Linnaeus, 1758",Species,Animalia,Chordata,Teleostei,Perciformes,Gasterosteidae,Gasterosteus,urn:lsid:marinespecies.org:taxname:126505
ASV57_FC_055_occ_6,2022-09-03,MaterialSample,Gasterosteus aculeatus,49.279283,-123.141783,76,DNA sequence reads,122357,DNA sequence reads,Gasterosteus aculeatus,NA,NA,NA,NA,NA,NA,"Linnaeus, 1758",Species,Animalia,Chordata,Teleostei,Perciformes,Gasterosteidae,Gasterosteus,urn:lsid:marinespecies.org:taxname:126505
ASV57_FC_074_occ_4,2022-09-03,MaterialSample,Gasterosteus aculeatus,49.281783,-123.1601,164,DNA sequence reads,142402,DNA sequence reads,Gasterosteus aculeatus,NA,NA,NA,NA,NA,NA,"Linnaeus, 1758",Species,Animalia,Chordata,Teleostei,Perciformes,Gasterosteidae,Gasterosteus,urn:lsid:marinespecies.org:taxname:126505
ASV77_FC_052_occ_11,2022-09-03,MaterialSample,Gasterosteus aculeatus,49.279283,-123.141783,330,DNA sequence reads,189648,DNA sequence reads,Gasterosteus aculeatus,NA,NA,NA,NA,NA,NA,"Linnaeus, 1758",Species,Animalia,Chordata,Teleostei,Perciformes,Gasterosteidae,Gasterosteus,urn:lsid:marinespecies.org:taxname:126505
ASV48_FC_052_occ_12,2022-09-03,MaterialSample,Hexagrammos agrammus,49.279283,-123.141783,10229,DNA sequence reads,189648,DNA sequence reads,Hexagrammos agrammus,NA,NA,NA,NA,NA,NA,"(Temminck & Schlegel, 1843)",Species,Animalia,Chordata,Teleostei,Perciformes,Hexagrammidae,Hexagrammos,urn:lsid:marinespecies.org:taxname:279410
ASV26_FC_035_occ_5,2022-09-03,MaterialSample,Hexanchus griseus,49.27025,-123.12925,25486,DNA sequence reads,173257,DNA sequence reads,Hexanchus griseus,NA,NA,NA,NA,NA,NA,"(Bonnaterre, 1788)",Species,Animalia,Chordata,Elasmobranchii,Hexanchiformes,Hexanchidae,Hexanchus,urn:lsid:marinespecies.org:taxname:105833
ASV26_FC_043_occ_6,2022-09-03,MaterialSample,Hexanchus griseus,49.27323,-123.13356,8,DNA sequence reads,52792,DNA sequence reads,Hexanchus griseus,NA,NA,NA,NA,NA,NA,"(Bonnaterre, 1788)",Species,Animalia,Chordata,Elasmobranchii,Hexanchiformes,Hexanchidae,Hexanchus,urn:lsid:marinespecies.org:taxname:105833
ASV26_FC_051_occ_7,2022-09-03,MaterialSample,Hexanchus griseus,49.279283,-123.141783,38,DNA sequence reads,185556,DNA sequence reads,Hexanchus griseus,NA,NA,NA,NA,NA,NA,"(Bonnaterre, 1788)",Species,Animalia,Chordata,Elasmobranchii,Hexanchiformes,Hexanchidae,Hexanchus,urn:lsid:marinespecies.org:taxname:105833
ASV27_FC_028_occ_4,2022-09-03,MaterialSample,Lepidogobius lepidus,49.2705,-123.12346,23793,DNA sequence reads,100866,DNA sequence reads,Lepidogobius lepidus,NA,NA,NA,NA,NA,NA,"(Girard, 1858)",Species,Animalia,Chordata,Teleostei,Gobiiformes,Gobiidae,Lepidogobius,urn:lsid:marinespecies.org:taxname:281292
ASV27_FC_052_occ_13,2022-09-03,MaterialSample,Lepidogobius lepidus,49.279283,-123.141783,30,DNA sequence reads,189648,DNA sequence reads,Lepidogobius lepidus,NA,NA,NA,NA,NA,NA,"(Girard, 1858)",Species,Animalia,Chordata,Teleostei,Gobiiformes,Gobiidae,Lepidogobius,urn:lsid:marinespecies.org:taxname:281292
ASV16_FC_016_occ_5,2022-09-03,MaterialSample,Lumpenus sagitta,49.273483,-123.11055,14,DNA sequence reads,104657,DNA sequence reads,Lumpenus sagitta,NA,NA,NA,NA,NA,NA,"Wilimovsky, 1956",Species,Animalia,Chordata,Teleostei,Perciformes,Stichaeidae,Lumpenus,urn:lsid:marinespecies.org:taxname:254579
ASV16_FC_033_occ_8,2022-09-03,MaterialSample,Lumpenus sagitta,49.27025,-123.12925,27040,DNA sequence reads,274136,DNA sequence reads,Lumpenus sagitta,NA,NA,NA,NA,NA,NA,"Wilimovsky, 1956",Species,Animalia,Chordata,Teleostei,Perciformes,Stichaeidae,Lumpenus,urn:lsid:marinespecies.org:taxname:254579
ASV16_FC_040_occ_6,2022-09-03,MaterialSample,Lumpenus sagitta,49.27323,-123.13356,50615,DNA sequence reads,255894,DNA sequence reads,Lumpenus sagitta,NA,NA,NA,NA,NA,NA,"Wilimovsky, 1956",Species,Animalia,Chordata,Teleostei,Perciformes,Stichaeidae,Lumpenus,urn:lsid:marinespecies.org:taxname:254579
ASV16_FC_048_occ_5,2022-09-03,MaterialSample,Lumpenus sagitta,49.27626,-123.1373,11,DNA sequence reads,50184,DNA sequence reads,Lumpenus sagitta,NA,NA,NA,NA,NA,NA,"Wilimovsky, 1956",Species,Animalia,Chordata,Teleostei,Perciformes,Stichaeidae,Lumpenus,urn:lsid:marinespecies.org:taxname:254579
ASV16_FC_049_occ_8,2022-09-03,MaterialSample,Lumpenus sagitta,49.27626,-123.1373,54,DNA sequence reads,193516,DNA sequence reads,Lumpenus sagitta,NA,NA,NA,NA,NA,NA,"Wilimovsky, 1956",Species,Animalia,Chordata,Teleostei,Perciformes,Stichaeidae,Lumpenus,urn:lsid:marinespecies.org:taxname:254579
ASV16_FC_056_occ_7,2022-09-03,MaterialSample,Lumpenus sagitta,49.279283,-123.141783,146,DNA sequence reads,3549789,DNA sequence reads,Lumpenus sagitta,NA,NA,NA,NA,NA,NA,"Wilimovsky, 1956",Species,Animalia,Chordata,Teleostei,Perciformes,Stichaeidae,Lumpenus,urn:lsid:marinespecies.org:taxname:254579
ASV16_FC_064_occ_4,2022-09-03,MaterialSample,Lumpenus sagitta,49.281516,-123.15095,10,DNA sequence reads,30830,DNA sequence reads,Lumpenus sagitta,NA,NA,NA,NA,NA,NA,"Wilimovsky, 1956",Species,Animalia,Chordata,Teleostei,Perciformes,Stichaeidae,Lumpenus,urn:lsid:marinespecies.org:taxname:254579
ASV16_FC_072_occ_5,2022-09-03,MaterialSample,Lumpenus sagitta,49.281783,-123.1601,5,DNA sequence reads,37097,DNA sequence reads,Lumpenus sagitta,NA,NA,NA,NA,NA,NA,"Wilimovsky, 1956",Species,Animalia,Chordata,Teleostei,Perciformes,Stichaeidae,Lumpenus,urn:lsid:marinespecies.org:taxname:254579
ASV65_FC_057_occ_7,2022-09-03,MaterialSample,Merluccius productus,49.283216,-123.14965,719,DNA sequence reads,137850,DNA sequence reads,Merluccius productus,NA,NA,NA,NA,NA,NA,"(Ayres, 1855)",Species,Animalia,Chordata,Teleostei,Gadiformes,Merlucciidae,Merluccius,urn:lsid:marinespecies.org:taxname:272458
ASV4_FC_016_occ_6,2022-09-03,MaterialSample,Oncorhynchus kisutch,49.273483,-123.11055,75,DNA sequence reads,104657,DNA sequence reads,Oncorhynchus kisutch,NA,NA,NA,NA,NA,NA,"(Walbaum, 1792)",Species,Animalia,Chordata,Teleostei,Salmoniformes,Salmonidae,Oncorhynchus,urn:lsid:marinespecies.org:taxname:127184
ASV4_FC_040_occ_7,2022-09-03,MaterialSample,Oncorhynchus kisutch,49.27323,-123.13356,50,DNA sequence reads,255894,DNA sequence reads,Oncorhynchus kisutch,NA,NA,NA,NA,NA,NA,"(Walbaum, 1792)",Species,Animalia,Chordata,Teleostei,Salmoniformes,Salmonidae,Oncorhynchus,urn:lsid:marinespecies.org:taxname:127184
ASV4_FC_050_occ_7,2022-09-03,MaterialSample,Oncorhynchus kisutch,49.27626,-123.1373,71,DNA sequence reads,125270,DNA sequence reads,Oncorhynchus kisutch,NA,NA,NA,NA,NA,NA,"(Walbaum, 1792)",Species,Animalia,Chordata,Teleostei,Salmoniformes,Salmonidae,Oncorhynchus,urn:lsid:marinespecies.org:taxname:127184
ASV4_FC_056_occ_8,2022-09-03,MaterialSample,Oncorhynchus kisutch,49.279283,-123.141783,916189,DNA sequence reads,3549789,DNA sequence reads,Oncorhynchus kisutch,NA,NA,NA,NA,NA,NA,"(Walbaum, 1792)",Species,Animalia,Chordata,Teleostei,Salmoniformes,Salmonidae,Oncorhynchus,urn:lsid:marinespecies.org:taxname:127184
ASV17_FC_011_occ_3,2022-09-03,MaterialSample,Oncorhynchus nerka,49.2744,-123.105416,44602,DNA sequence reads,90215,DNA sequence reads,Oncorhynchus nerka,NA,NA,NA,NA,NA,NA,"(Walbaum, 1792)",Species,Animalia,Chordata,Teleostei,Salmoniformes,Salmonidae,Oncorhynchus,urn:lsid:marinespecies.org:taxname:254569
ASV17_FC_027_occ_8,2022-09-03,MaterialSample,Oncorhynchus nerka,49.2705,-123.12346,18967,DNA sequence reads,136529,DNA sequence reads,Oncorhynchus nerka,NA,NA,NA,NA,NA,NA,"(Walbaum, 1792)",Species,Animalia,Chordata,Teleostei,Salmoniformes,Salmonidae,Oncorhynchus,urn:lsid:marinespecies.org:taxname:254569
ASV17_FC_051_occ_8,2022-09-03,MaterialSample,Oncorhynchus nerka,49.279283,-123.141783,106,DNA sequence reads,185556,DNA sequence reads,Oncorhynchus nerka,NA,NA,NA,NA,NA,NA,"(Walbaum, 1792)",Species,Animalia,Chordata,Teleostei,Salmoniformes,Salmonidae,Oncorhynchus,urn:lsid:marinespecies.org:taxname:254569
ASV28_FC_004_occ_5,2022-09-03,MaterialSample,Oncorhynchus nerka,49.2726,-123.103583,33,DNA sequence reads,1098,DNA sequence reads,Oncorhynchus nerka,NA,NA,NA,NA,NA,NA,"(Walbaum, 1792)",Species,Animalia,Chordata,Teleostei,Salmoniformes,Salmonidae,Oncorhynchus,urn:lsid:marinespecies.org:taxname:254569
ASV28_FC_061_occ_7,2022-09-03,MaterialSample,Oncorhynchus nerka,49.283216,-123.14965,21405,DNA sequence reads,108488,DNA sequence reads,Oncorhynchus nerka,NA,NA,NA,NA,NA,NA,"(Walbaum, 1792)",Species,Animalia,Chordata,Teleostei,Salmoniformes,Salmonidae,Oncorhynchus,urn:lsid:marinespecies.org:taxname:254569
ASV28_FC_066_occ_5,2022-09-03,MaterialSample,Oncorhynchus nerka,49.281516,-123.15095,1301,DNA sequence reads,90583,DNA sequence reads,Oncorhynchus nerka,NA,NA,NA,NA,NA,NA,"(Walbaum, 1792)",Species,Animalia,Chordata,Teleostei,Salmoniformes,Salmonidae,Oncorhynchus,urn:lsid:marinespecies.org:taxname:254569
ASV49_FC_055_occ_7,2022-09-03,MaterialSample,Oncorhynchus nerka,49.279283,-123.141783,7504,DNA sequence reads,122357,DNA sequence reads,Oncorhynchus nerka,NA,NA,NA,NA,NA,NA,"(Walbaum, 1792)",Species,Animalia,Chordata,Teleostei,Salmoniformes,Salmonidae,Oncorhynchus,urn:lsid:marinespecies.org:taxname:254569
ASV2_FC_002_occ_4,2022-09-03,MaterialSample,Oncorhynchus tshawytscha,49.2726,-123.103583,20,DNA sequence reads,44971,DNA sequence reads,Oncorhynchus tshawytscha,NA,NA,NA,NA,NA,NA,"(Walbaum, 1792)",Species,Animalia,Chordata,Teleostei,Salmoniformes,Salmonidae,Oncorhynchus,urn:lsid:marinespecies.org:taxname:158075
ASV2_FC_003_occ_5,2022-09-03,MaterialSample,Oncorhynchus tshawytscha,49.2726,-123.103583,19,DNA sequence reads,131736,DNA sequence reads,Oncorhynchus tshawytscha,NA,NA,NA,NA,NA,NA,"(Walbaum, 1792)",Species,Animalia,Chordata,Teleostei,Salmoniformes,Salmonidae,Oncorhynchus,urn:lsid:marinespecies.org:taxname:158075
ASV2_FC_006_occ_6,2022-09-03,MaterialSample,Oncorhynchus tshawytscha,49.2726,-123.103583,16,DNA sequence reads,45858,DNA sequence reads,Oncorhynchus tshawytscha,NA,NA,NA,NA,NA,NA,"(Walbaum, 1792)",Species,Animalia,Chordata,Teleostei,Salmoniformes,Salmonidae,Oncorhynchus,urn:lsid:marinespecies.org:taxname:158075
ASV2_FC_008_occ_5,2022-09-03,MaterialSample,Oncorhynchus tshawytscha,49.2744,-123.105416,42624,DNA sequence reads,112469,DNA sequence reads,Oncorhynchus tshawytscha,NA,NA,NA,NA,NA,NA,"(Walbaum, 1792)",Species,Animalia,Chordata,Teleostei,Salmoniformes,Salmonidae,Oncorhynchus,urn:lsid:marinespecies.org:taxname:158075
ASV2_FC_010_occ_6,2022-09-03,MaterialSample,Oncorhynchus tshawytscha,49.2744,-123.105416,34348,DNA sequence reads,136308,DNA sequence reads,Oncorhynchus tshawytscha,NA,NA,NA,NA,NA,NA,"(Walbaum, 1792)",Species,Animalia,Chordata,Teleostei,Salmoniformes,Salmonidae,Oncorhynchus,urn:lsid:marinespecies.org:taxname:158075
ASV2_FC_012_occ_5,2022-09-03,MaterialSample,Oncorhynchus tshawytscha,49.2744,-123.105416,22,DNA sequence reads,65506,DNA sequence reads,Oncorhynchus tshawytscha,NA,NA,NA,NA,NA,NA,"(Walbaum, 1792)",Species,Animalia,Chordata,Teleostei,Salmoniformes,Salmonidae,Oncorhynchus,urn:lsid:marinespecies.org:taxname:158075
ASV2_FC_013_occ_5,2022-09-03,MaterialSample,Oncorhynchus tshawytscha,49.2744,-123.105416,19,DNA sequence reads,29501,DNA sequence reads,Oncorhynchus tshawytscha,NA,NA,NA,NA,NA,NA,"(Walbaum, 1792)",Species,Animalia,Chordata,Teleostei,Salmoniformes,Salmonidae,Oncorhynchus,urn:lsid:marinespecies.org:taxname:158075
ASV2_FC_014_occ_7,2022-09-03,MaterialSample,Oncorhynchus tshawytscha,49.273483,-123.11055,21938,DNA sequence reads,122372,DNA sequence reads,Oncorhynchus tshawytscha,NA,NA,NA,NA,NA,NA,"(Walbaum, 1792)",Species,Animalia,Chordata,Teleostei,Salmoniformes,Salmonidae,Oncorhynchus,urn:lsid:marinespecies.org:taxname:158075
ASV2_FC_016_occ_7,2022-09-03,MaterialSample,Oncorhynchus tshawytscha,49.273483,-123.11055,68766,DNA sequence reads,104657,DNA sequence reads,Oncorhynchus tshawytscha,NA,NA,NA,NA,NA,NA,"(Walbaum, 1792)",Species,Animalia,Chordata,Teleostei,Salmoniformes,Salmonidae,Oncorhynchus,urn:lsid:marinespecies.org:taxname:158075
ASV2_FC_018_occ_4,2022-09-03,MaterialSample,Oncorhynchus tshawytscha,49.273483,-123.11055,22,DNA sequence reads,28823,DNA sequence reads,Oncorhynchus tshawytscha,NA,NA,NA,NA,NA,NA,"(Walbaum, 1792)",Species,Animalia,Chordata,Teleostei,Salmoniformes,Salmonidae,Oncorhynchus,urn:lsid:marinespecies.org:taxname:158075
ASV2_FC_019_occ_4,2022-09-03,MaterialSample,Oncorhynchus tshawytscha,49.273483,-123.11055,42,DNA sequence reads,51783,DNA sequence reads,Oncorhynchus tshawytscha,NA,NA,NA,NA,NA,NA,"(Walbaum, 1792)",Species,Animalia,Chordata,Teleostei,Salmoniformes,Salmonidae,Oncorhynchus,urn:lsid:marinespecies.org:taxname:158075
ASV2_FC_020_occ_4,2022-09-03,MaterialSample,Oncorhynchus tshawytscha,49.272116,-123.1147,49495,DNA sequence reads,206022,DNA sequence reads,Oncorhynchus tshawytscha,NA,NA,NA,NA,NA,NA,"(Walbaum, 1792)",Species,Animalia,Chordata,Teleostei,Salmoniformes,Salmonidae,Oncorhynchus,urn:lsid:marinespecies.org:taxname:158075
ASV2_FC_021_occ_7,2022-09-03,MaterialSample,Oncorhynchus tshawytscha,49.272116,-123.1147,35653,DNA sequence reads,300824,DNA sequence reads,Oncorhynchus tshawytscha,NA,NA,NA,NA,NA,NA,"(Walbaum, 1792)",Species,Animalia,Chordata,Teleostei,Salmoniformes,Salmonidae,Oncorhynchus,urn:lsid:marinespecies.org:taxname:158075
ASV2_FC_022_occ_7,2022-09-03,MaterialSample,Oncorhynchus tshawytscha,49.272116,-123.1147,75244,DNA sequence reads,196933,DNA sequence reads,Oncorhynchus tshawytscha,NA,NA,NA,NA,NA,NA,"(Walbaum, 1792)",Species,Animalia,Chordata,Teleostei,Salmoniformes,Salmonidae,Oncorhynchus,urn:lsid:marinespecies.org:taxname:158075
ASV2_FC_023_occ_2,2022-09-03,MaterialSample,Oncorhynchus tshawytscha,49.272116,-123.1147,6,DNA sequence reads,24,DNA sequence reads,Oncorhynchus tshawytscha,NA,NA,NA,NA,NA,NA,"(Walbaum, 1792)",Species,Animalia,Chordata,Teleostei,Salmoniformes,Salmonidae,Oncorhynchus,urn:lsid:marinespecies.org:taxname:158075
ASV2_FC_024_occ_5,2022-09-03,MaterialSample,Oncorhynchus tshawytscha,49.272116,-123.1147,79,DNA sequence reads,243,DNA sequence reads,Oncorhynchus tshawytscha,NA,NA,NA,NA,NA,NA,"(Walbaum, 1792)",Species,Animalia,Chordata,Teleostei,Salmoniformes,Salmonidae,Oncorhynchus,urn:lsid:marinespecies.org:taxname:158075
ASV2_FC_026_occ_7,2022-09-03,MaterialSample,Oncorhynchus tshawytscha,49.2705,-123.12346,55550,DNA sequence reads,180198,DNA sequence reads,Oncorhynchus tshawytscha,NA,NA,NA,NA,NA,NA,"(Walbaum, 1792)",Species,Animalia,Chordata,Teleostei,Salmoniformes,Salmonidae,Oncorhynchus,urn:lsid:marinespecies.org:taxname:158075
ASV2_FC_028_occ_5,2022-09-03,MaterialSample,Oncorhynchus tshawytscha,49.2705,-123.12346,76954,DNA sequence reads,100866,DNA sequence reads,Oncorhynchus tshawytscha,NA,NA,NA,NA,NA,NA,"(Walbaum, 1792)",Species,Animalia,Chordata,Teleostei,Salmoniformes,Salmonidae,Oncorhynchus,urn:lsid:marinespecies.org:taxname:158075
ASV2_FC_029_occ_7,2022-09-03,MaterialSample,Oncorhynchus tshawytscha,49.2705,-123.12346,16,DNA sequence reads,116523,DNA sequence reads,Oncorhynchus tshawytscha,NA,NA,NA,NA,NA,NA,"(Walbaum, 1792)",Species,Animalia,Chordata,Teleostei,Salmoniformes,Salmonidae,Oncorhynchus,urn:lsid:marinespecies.org:taxname:158075
ASV2_FC_030_occ_7,2022-09-03,MaterialSample,Oncorhynchus tshawytscha,49.2705,-123.12346,25,DNA sequence reads,102699,DNA sequence reads,Oncorhynchus tshawytscha,NA,NA,NA,NA,NA,NA,"(Walbaum, 1792)",Species,Animalia,Chordata,Teleostei,Salmoniformes,Salmonidae,Oncorhynchus,urn:lsid:marinespecies.org:taxname:158075
ASV2_FC_033_occ_9,2022-09-03,MaterialSample,Oncorhynchus tshawytscha,49.27025,-123.12925,5,DNA sequence reads,274136,DNA sequence reads,Oncorhynchus tshawytscha,NA,NA,NA,NA,NA,NA,"(Walbaum, 1792)",Species,Animalia,Chordata,Teleostei,Salmoniformes,Salmonidae,Oncorhynchus,urn:lsid:marinespecies.org:taxname:158075
ASV2_FC_034_occ_7,2022-09-03,MaterialSample,Oncorhynchus tshawytscha,49.27025,-123.12925,34065,DNA sequence reads,158246,DNA sequence reads,Oncorhynchus tshawytscha,NA,NA,NA,NA,NA,NA,"(Walbaum, 1792)",Species,Animalia,Chordata,Teleostei,Salmoniformes,Salmonidae,Oncorhynchus,urn:lsid:marinespecies.org:taxname:158075
ASV2_FC_035_occ_6,2022-09-03,MaterialSample,Oncorhynchus tshawytscha,49.27025,-123.12925,147566,DNA sequence reads,173257,DNA sequence reads,Oncorhynchus tshawytscha,NA,NA,NA,NA,NA,NA,"(Walbaum, 1792)",Species,Animalia,Chordata,Teleostei,Salmoniformes,Salmonidae,Oncorhynchus,urn:lsid:marinespecies.org:taxname:158075
ASV2_FC_036_occ_4,2022-09-03,MaterialSample,Oncorhynchus tshawytscha,49.27025,-123.12925,46,DNA sequence reads,168250,DNA sequence reads,Oncorhynchus tshawytscha,NA,NA,NA,NA,NA,NA,"(Walbaum, 1792)",Species,Animalia,Chordata,Teleostei,Salmoniformes,Salmonidae,Oncorhynchus,urn:lsid:marinespecies.org:taxname:158075
ASV2_FC_037_occ_7,2022-09-03,MaterialSample,Oncorhynchus tshawytscha,49.27025,-123.12925,22,DNA sequence reads,121469,DNA sequence reads,Oncorhynchus tshawytscha,NA,NA,NA,NA,NA,NA,"(Walbaum, 1792)",Species,Animalia,Chordata,Teleostei,Salmoniformes,Salmonidae,Oncorhynchus,urn:lsid:marinespecies.org:taxname:158075
ASV2_FC_038_occ_7,2022-09-03,MaterialSample,Oncorhynchus tshawytscha,49.27025,-123.12925,39008,DNA sequence reads,116570,DNA sequence reads,Oncorhynchus tshawytscha,NA,NA,NA,NA,NA,NA,"(Walbaum, 1792)",Species,Animalia,Chordata,Teleostei,Salmoniformes,Salmonidae,Oncorhynchus,urn:lsid:marinespecies.org:taxname:158075
ASV2_FC_040_occ_8,2022-09-03,MaterialSample,Oncorhynchus tshawytscha,49.27323,-123.13356,156,DNA sequence reads,255894,DNA sequence reads,Oncorhynchus tshawytscha,NA,NA,NA,NA,NA,NA,"(Walbaum, 1792)",Species,Animalia,Chordata,Teleostei,Salmoniformes,Salmonidae,Oncorhynchus,urn:lsid:marinespecies.org:taxname:158075
ASV2_FC_042_occ_8,2022-09-03,MaterialSample,Oncorhynchus tshawytscha,49.27323,-123.13356,24,DNA sequence reads,64197,DNA sequence reads,Oncorhynchus tshawytscha,NA,NA,NA,NA,NA,NA,"(Walbaum, 1792)",Species,Animalia,Chordata,Teleostei,Salmoniformes,Salmonidae,Oncorhynchus,urn:lsid:marinespecies.org:taxname:158075
ASV2_FC_043_occ_7,2022-09-03,MaterialSample,Oncorhynchus tshawytscha,49.27323,-123.13356,24,DNA sequence reads,52792,DNA sequence reads,Oncorhynchus tshawytscha,NA,NA,NA,NA,NA,NA,"(Walbaum, 1792)",Species,Animalia,Chordata,Teleostei,Salmoniformes,Salmonidae,Oncorhynchus,urn:lsid:marinespecies.org:taxname:158075
ASV2_FC_044_occ_4,2022-09-03,MaterialSample,Oncorhynchus tshawytscha,49.27323,-123.13356,11,DNA sequence reads,106,DNA sequence reads,Oncorhynchus tshawytscha,NA,NA,NA,NA,NA,NA,"(Walbaum, 1792)",Species,Animalia,Chordata,Teleostei,Salmoniformes,Salmonidae,Oncorhynchus,urn:lsid:marinespecies.org:taxname:158075
ASV2_FC_046_occ_9,2022-09-03,MaterialSample,Oncorhynchus tshawytscha,49.27626,-123.1373,12655,DNA sequence reads,258120,DNA sequence reads,Oncorhynchus tshawytscha,NA,NA,NA,NA,NA,NA,"(Walbaum, 1792)",Species,Animalia,Chordata,Teleostei,Salmoniformes,Salmonidae,Oncorhynchus,urn:lsid:marinespecies.org:taxname:158075
ASV2_FC_048_occ_6,2022-09-03,MaterialSample,Oncorhynchus tshawytscha,49.27626,-123.1373,25541,DNA sequence reads,50184,DNA sequence reads,Oncorhynchus tshawytscha,NA,NA,NA,NA,NA,NA,"(Walbaum, 1792)",Species,Animalia,Chordata,Teleostei,Salmoniformes,Salmonidae,Oncorhynchus,urn:lsid:marinespecies.org:taxname:158075
ASV2_FC_050_occ_8,2022-09-03,MaterialSample,Oncorhynchus tshawytscha,49.27626,-123.1373,496,DNA sequence reads,125270,DNA sequence reads,Oncorhynchus tshawytscha,NA,NA,NA,NA,NA,NA,"(Walbaum, 1792)",Species,Animalia,Chordata,Teleostei,Salmoniformes,Salmonidae,Oncorhynchus,urn:lsid:marinespecies.org:taxname:158075
ASV2_FC_051_occ_9,2022-09-03,MaterialSample,Oncorhynchus tshawytscha,49.279283,-123.141783,274,DNA sequence reads,185556,DNA sequence reads,Oncorhynchus tshawytscha,NA,NA,NA,NA,NA,NA,"(Walbaum, 1792)",Species,Animalia,Chordata,Teleostei,Salmoniformes,Salmonidae,Oncorhynchus,urn:lsid:marinespecies.org:taxname:158075
ASV2_FC_052_occ_14,2022-09-03,MaterialSample,Oncorhynchus tshawytscha,49.279283,-123.141783,4254,DNA sequence reads,189648,DNA sequence reads,Oncorhynchus tshawytscha,NA,NA,NA,NA,NA,NA,"(Walbaum, 1792)",Species,Animalia,Chordata,Teleostei,Salmoniformes,Salmonidae,Oncorhynchus,urn:lsid:marinespecies.org:taxname:158075
ASV2_FC_053_occ_6,2022-09-03,MaterialSample,Oncorhynchus tshawytscha,49.279283,-123.141783,21385,DNA sequence reads,198178,DNA sequence reads,Oncorhynchus tshawytscha,NA,NA,NA,NA,NA,NA,"(Walbaum, 1792)",Species,Animalia,Chordata,Teleostei,Salmoniformes,Salmonidae,Oncorhynchus,urn:lsid:marinespecies.org:taxname:158075
ASV2_FC_054_occ_8,2022-09-03,MaterialSample,Oncorhynchus tshawytscha,49.279283,-123.141783,226,DNA sequence reads,36953,DNA sequence reads,Oncorhynchus tshawytscha,NA,NA,NA,NA,NA,NA,"(Walbaum, 1792)",Species,Animalia,Chordata,Teleostei,Salmoniformes,Salmonidae,Oncorhynchus,urn:lsid:marinespecies.org:taxname:158075
ASV2_FC_055_occ_8,2022-09-03,MaterialSample,Oncorhynchus tshawytscha,49.279283,-123.141783,33107,DNA sequence reads,122357,DNA sequence reads,Oncorhynchus tshawytscha,NA,NA,NA,NA,NA,NA,"(Walbaum, 1792)",Species,Animalia,Chordata,Teleostei,Salmoniformes,Salmonidae,Oncorhynchus,urn:lsid:marinespecies.org:taxname:158075
ASV2_FC_056_occ_9,2022-09-03,MaterialSample,Oncorhynchus tshawytscha,49.279283,-123.141783,797960,DNA sequence reads,3549789,DNA sequence reads,Oncorhynchus tshawytscha,NA,NA,NA,NA,NA,NA,"(Walbaum, 1792)",Species,Animalia,Chordata,Teleostei,Salmoniformes,Salmonidae,Oncorhynchus,urn:lsid:marinespecies.org:taxname:158075
ASV2_FC_057_occ_8,2022-09-03,MaterialSample,Oncorhynchus tshawytscha,49.283216,-123.14965,15748,DNA sequence reads,137850,DNA sequence reads,Oncorhynchus tshawytscha,NA,NA,NA,NA,NA,NA,"(Walbaum, 1792)",Species,Animalia,Chordata,Teleostei,Salmoniformes,Salmonidae,Oncorhynchus,urn:lsid:marinespecies.org:taxname:158075
ASV2_FC_058_occ_6,2022-09-03,MaterialSample,Oncorhynchus tshawytscha,49.283216,-123.14965,71818,DNA sequence reads,180740,DNA sequence reads,Oncorhynchus tshawytscha,NA,NA,NA,NA,NA,NA,"(Walbaum, 1792)",Species,Animalia,Chordata,Teleostei,Salmoniformes,Salmonidae,Oncorhynchus,urn:lsid:marinespecies.org:taxname:158075
ASV2_FC_059_occ_5,2022-09-03,MaterialSample,Oncorhynchus tshawytscha,49.283216,-123.14965,33,DNA sequence reads,117731,DNA sequence reads,Oncorhynchus tshawytscha,NA,NA,NA,NA,NA,NA,"(Walbaum, 1792)",Species,Animalia,Chordata,Teleostei,Salmoniformes,Salmonidae,Oncorhynchus,urn:lsid:marinespecies.org:taxname:158075
ASV2_FC_060_occ_2,2022-09-03,MaterialSample,Oncorhynchus tshawytscha,49.283216,-123.14965,15,DNA sequence reads,69,DNA sequence reads,Oncorhynchus tshawytscha,NA,NA,NA,NA,NA,NA,"(Walbaum, 1792)",Species,Animalia,Chordata,Teleostei,Salmoniformes,Salmonidae,Oncorhynchus,urn:lsid:marinespecies.org:taxname:158075
ASV2_FC_062_occ_4,2022-09-03,MaterialSample,Oncorhynchus tshawytscha,49.283216,-123.14965,29,DNA sequence reads,71635,DNA sequence reads,Oncorhynchus tshawytscha,NA,NA,NA,NA,NA,NA,"(Walbaum, 1792)",Species,Animalia,Chordata,Teleostei,Salmoniformes,Salmonidae,Oncorhynchus,urn:lsid:marinespecies.org:taxname:158075
ASV2_FC_064_occ_5,2022-09-03,MaterialSample,Oncorhynchus tshawytscha,49.281516,-123.15095,30576,DNA sequence reads,30830,DNA sequence reads,Oncorhynchus tshawytscha,NA,NA,NA,NA,NA,NA,"(Walbaum, 1792)",Species,Animalia,Chordata,Teleostei,Salmoniformes,Salmonidae,Oncorhynchus,urn:lsid:marinespecies.org:taxname:158075
ASV2_FC_066_occ_6,2022-09-03,MaterialSample,Oncorhynchus tshawytscha,49.281516,-123.15095,9480,DNA sequence reads,90583,DNA sequence reads,Oncorhynchus tshawytscha,NA,NA,NA,NA,NA,NA,"(Walbaum, 1792)",Species,Animalia,Chordata,Teleostei,Salmoniformes,Salmonidae,Oncorhynchus,urn:lsid:marinespecies.org:taxname:158075
ASV2_FC_067_occ_4,2022-09-03,MaterialSample,Oncorhynchus tshawytscha,49.281516,-123.15095,10,DNA sequence reads,23182,DNA sequence reads,Oncorhynchus tshawytscha,NA,NA,NA,NA,NA,NA,"(Walbaum, 1792)",Species,Animalia,Chordata,Teleostei,Salmoniformes,Salmonidae,Oncorhynchus,urn:lsid:marinespecies.org:taxname:158075
ASV2_FC_068_occ_3,2022-09-03,MaterialSample,Oncorhynchus tshawytscha,49.281516,-123.15095,9,DNA sequence reads,88,DNA sequence reads,Oncorhynchus tshawytscha,NA,NA,NA,NA,NA,NA,"(Walbaum, 1792)",Species,Animalia,Chordata,Teleostei,Salmoniformes,Salmonidae,Oncorhynchus,urn:lsid:marinespecies.org:taxname:158075
ASV2_FC_069_occ_5,2022-09-03,MaterialSample,Oncorhynchus tshawytscha,49.281783,-123.1601,9,DNA sequence reads,129356,DNA sequence reads,Oncorhynchus tshawytscha,NA,NA,NA,NA,NA,NA,"(Walbaum, 1792)",Species,Animalia,Chordata,Teleostei,Salmoniformes,Salmonidae,Oncorhynchus,urn:lsid:marinespecies.org:taxname:158075
ASV2_FC_072_occ_6,2022-09-03,MaterialSample,Oncorhynchus tshawytscha,49.281783,-123.1601,25,DNA sequence reads,37097,DNA sequence reads,Oncorhynchus tshawytscha,NA,NA,NA,NA,NA,NA,"(Walbaum, 1792)",Species,Animalia,Chordata,Teleostei,Salmoniformes,Salmonidae,Oncorhynchus,urn:lsid:marinespecies.org:taxname:158075
ASV47_FC_055_occ_9,2022-09-03,MaterialSample,Oncorhynchus tshawytscha,49.279283,-123.141783,10843,DNA sequence reads,122357,DNA sequence reads,Oncorhynchus tshawytscha,NA,NA,NA,NA,NA,NA,"(Walbaum, 1792)",Species,Animalia,Chordata,Teleostei,Salmoniformes,Salmonidae,Oncorhynchus,urn:lsid:marinespecies.org:taxname:158075
ASV52_FC_014_occ_8,2022-09-03,MaterialSample,Oncorhynchus tshawytscha,49.273483,-123.11055,6126,DNA sequence reads,122372,DNA sequence reads,Oncorhynchus tshawytscha,NA,NA,NA,NA,NA,NA,"(Walbaum, 1792)",Species,Animalia,Chordata,Teleostei,Salmoniformes,Salmonidae,Oncorhynchus,urn:lsid:marinespecies.org:taxname:158075
ASV80_FC_058_occ_7,2022-09-03,MaterialSample,Oncorhynchus tshawytscha,49.283216,-123.14965,299,DNA sequence reads,180740,DNA sequence reads,Oncorhynchus tshawytscha,NA,NA,NA,NA,NA,NA,"(Walbaum, 1792)",Species,Animalia,Chordata,Teleostei,Salmoniformes,Salmonidae,Oncorhynchus,urn:lsid:marinespecies.org:taxname:158075
ASV12_FC_004_occ_6,2022-09-03,MaterialSample,Pholis ornata,49.2726,-123.103583,6,DNA sequence reads,1098,DNA sequence reads,Pholis ornata,NA,NA,NA,NA,NA,NA,"(Girard, 1854)",Species,Animalia,Chordata,Teleostei,Perciformes,Pholidae,Pholis,urn:lsid:marinespecies.org:taxname:273692
ASV12_FC_020_occ_5,2022-09-03,MaterialSample,Pholis ornata,49.272116,-123.1147,49797,DNA sequence reads,206022,DNA sequence reads,Pholis ornata,NA,NA,NA,NA,NA,NA,"(Girard, 1854)",Species,Animalia,Chordata,Teleostei,Perciformes,Pholidae,Pholis,urn:lsid:marinespecies.org:taxname:273692
ASV12_FC_036_occ_5,2022-09-03,MaterialSample,Pholis ornata,49.27025,-123.12925,30,DNA sequence reads,168250,DNA sequence reads,Pholis ornata,NA,NA,NA,NA,NA,NA,"(Girard, 1854)",Species,Animalia,Chordata,Teleostei,Perciformes,Pholidae,Pholis,urn:lsid:marinespecies.org:taxname:273692
ASV12_FC_044_occ_5,2022-09-03,MaterialSample,Pholis ornata,49.27323,-123.13356,8,DNA sequence reads,106,DNA sequence reads,Pholis ornata,NA,NA,NA,NA,NA,NA,"(Girard, 1854)",Species,Animalia,Chordata,Teleostei,Perciformes,Pholidae,Pholis,urn:lsid:marinespecies.org:taxname:273692
ASV12_FC_045_occ_6,2022-09-03,MaterialSample,Pholis ornata,49.27626,-123.1373,45377,DNA sequence reads,208735,DNA sequence reads,Pholis ornata,NA,NA,NA,NA,NA,NA,"(Girard, 1854)",Species,Animalia,Chordata,Teleostei,Perciformes,Pholidae,Pholis,urn:lsid:marinespecies.org:taxname:273692
ASV12_FC_052_occ_15,2022-09-03,MaterialSample,Pholis ornata,49.279283,-123.141783,115,DNA sequence reads,189648,DNA sequence reads,Pholis ornata,NA,NA,NA,NA,NA,NA,"(Girard, 1854)",Species,Animalia,Chordata,Teleostei,Perciformes,Pholidae,Pholis,urn:lsid:marinespecies.org:taxname:273692
ASV12_FC_053_occ_7,2022-09-03,MaterialSample,Pholis ornata,49.279283,-123.141783,45,DNA sequence reads,198178,DNA sequence reads,Pholis ornata,NA,NA,NA,NA,NA,NA,"(Girard, 1854)",Species,Animalia,Chordata,Teleostei,Perciformes,Pholidae,Pholis,urn:lsid:marinespecies.org:taxname:273692
ASV12_FC_068_occ_4,2022-09-03,MaterialSample,Pholis ornata,49.281516,-123.15095,11,DNA sequence reads,88,DNA sequence reads,Pholis ornata,NA,NA,NA,NA,NA,NA,"(Girard, 1854)",Species,Animalia,Chordata,Teleostei,Perciformes,Pholidae,Pholis,urn:lsid:marinespecies.org:taxname:273692
ASV13_FC_013_occ_6,2022-09-03,MaterialSample,Platichthys stellatus,49.2744,-123.105416,7,DNA sequence reads,29501,DNA sequence reads,Platichthys stellatus,NA,NA,NA,NA,NA,NA,"(Pallas, 1787)",Species,Animalia,Chordata,Teleostei,Pleuronectiformes,Pleuronectidae,Platichthys,urn:lsid:marinespecies.org:taxname:154781
ASV13_FC_021_occ_8,2022-09-03,MaterialSample,Platichthys stellatus,49.272116,-123.1147,49038,DNA sequence reads,300824,DNA sequence reads,Platichthys stellatus,NA,NA,NA,NA,NA,NA,"(Pallas, 1787)",Species,Animalia,Chordata,Teleostei,Pleuronectiformes,Pleuronectidae,Platichthys,urn:lsid:marinespecies.org:taxname:154781
ASV13_FC_026_occ_8,2022-09-03,MaterialSample,Platichthys stellatus,49.2705,-123.12346,23796,DNA sequence reads,180198,DNA sequence reads,Platichthys stellatus,NA,NA,NA,NA,NA,NA,"(Pallas, 1787)",Species,Animalia,Chordata,Teleostei,Pleuronectiformes,Pleuronectidae,Platichthys,urn:lsid:marinespecies.org:taxname:154781
ASV13_FC_029_occ_8,2022-09-03,MaterialSample,Platichthys stellatus,49.2705,-123.12346,11,DNA sequence reads,116523,DNA sequence reads,Platichthys stellatus,NA,NA,NA,NA,NA,NA,"(Pallas, 1787)",Species,Animalia,Chordata,Teleostei,Pleuronectiformes,Pleuronectidae,Platichthys,urn:lsid:marinespecies.org:taxname:154781
ASV13_FC_037_occ_8,2022-09-03,MaterialSample,Platichthys stellatus,49.27025,-123.12925,42,DNA sequence reads,121469,DNA sequence reads,Platichthys stellatus,NA,NA,NA,NA,NA,NA,"(Pallas, 1787)",Species,Animalia,Chordata,Teleostei,Pleuronectiformes,Pleuronectidae,Platichthys,urn:lsid:marinespecies.org:taxname:154781
ASV13_FC_045_occ_7,2022-09-03,MaterialSample,Platichthys stellatus,49.27626,-123.1373,17,DNA sequence reads,208735,DNA sequence reads,Platichthys stellatus,NA,NA,NA,NA,NA,NA,"(Pallas, 1787)",Species,Animalia,Chordata,Teleostei,Pleuronectiformes,Pleuronectidae,Platichthys,urn:lsid:marinespecies.org:taxname:154781
ASV13_FC_050_occ_9,2022-09-03,MaterialSample,Platichthys stellatus,49.27626,-123.1373,75,DNA sequence reads,125270,DNA sequence reads,Platichthys stellatus,NA,NA,NA,NA,NA,NA,"(Pallas, 1787)",Species,Animalia,Chordata,Teleostei,Pleuronectiformes,Pleuronectidae,Platichthys,urn:lsid:marinespecies.org:taxname:154781
ASV13_FC_057_occ_9,2022-09-03,MaterialSample,Platichthys stellatus,49.283216,-123.14965,7694,DNA sequence reads,137850,DNA sequence reads,Platichthys stellatus,NA,NA,NA,NA,NA,NA,"(Pallas, 1787)",Species,Animalia,Chordata,Teleostei,Pleuronectiformes,Pleuronectidae,Platichthys,urn:lsid:marinespecies.org:taxname:154781
ASV13_FC_066_occ_7,2022-09-03,MaterialSample,Platichthys stellatus,49.281516,-123.15095,8052,DNA sequence reads,90583,DNA sequence reads,Platichthys stellatus,NA,NA,NA,NA,NA,NA,"(Pallas, 1787)",Species,Animalia,Chordata,Teleostei,Pleuronectiformes,Pleuronectidae,Platichthys,urn:lsid:marinespecies.org:taxname:154781
ASV13_FC_069_occ_6,2022-09-03,MaterialSample,Platichthys stellatus,49.281783,-123.1601,10,DNA sequence reads,129356,DNA sequence reads,Platichthys stellatus,NA,NA,NA,NA,NA,NA,"(Pallas, 1787)",Species,Animalia,Chordata,Teleostei,Pleuronectiformes,Pleuronectidae,Platichthys,urn:lsid:marinespecies.org:taxname:154781
ASV9_FC_010_occ_7,2022-09-03,MaterialSample,incertae sedis,49.2744,-123.105416,25016,DNA sequence reads,136308,DNA sequence reads,unknown,NA,NA,NA,NA,NA,NA,NA,NA,NA,NA,NA,NA,NA,NA,NA
ASV9_FC_018_occ_5,2022-09-03,MaterialSample,incertae sedis,49.273483,-123.11055,7,DNA sequence reads,28823,DNA sequence reads,unknown,NA,NA,NA,NA,NA,NA,NA,NA,NA,NA,NA,NA,NA,NA,NA
ASV9_FC_020_occ_6,2022-09-03,MaterialSample,incertae sedis,49.272116,-123.1147,50939,DNA sequence reads,206022,DNA sequence reads,unknown,NA,NA,NA,NA,NA,NA,NA,NA,NA,NA,NA,NA,NA,NA,NA
ASV9_FC_027_occ_9,2022-09-03,MaterialSample,incertae sedis,49.2705,-123.12346,23028,DNA sequence reads,136529,DNA sequence reads,unknown,NA,NA,NA,NA,NA,NA,NA,NA,NA,NA,NA,NA,NA,NA,NA
ASV9_FC_028_occ_6,2022-09-03,MaterialSample,incertae sedis,49.2705,-123.12346,9,DNA sequence reads,100866,DNA sequence reads,unknown,NA,NA,NA,NA,NA,NA,NA,NA,NA,NA,NA,NA,NA,NA,NA
ASV9_FC_036_occ_6,2022-09-03,MaterialSample,incertae sedis,49.27025,-123.12925,28,DNA sequence reads,168250,DNA sequence reads,unknown,NA,NA,NA,NA,NA,NA,NA,NA,NA,NA,NA,NA,NA,NA,NA
ASV9_FC_051_occ_10,2022-09-03,MaterialSample,incertae sedis,49.279283,-123.141783,40082,DNA sequence reads,185556,DNA sequence reads,unknown,NA,NA,NA,NA,NA,NA,NA,NA,NA,NA,NA,NA,NA,NA,NA
ASV9_FC_052_occ_16,2022-09-03,MaterialSample,incertae sedis,49.279283,-123.141783,19248,DNA sequence reads,189648,DNA sequence reads,unknown,NA,NA,NA,NA,NA,NA,NA,NA,NA,NA,NA,NA,NA,NA,NA
ASV9_FC_053_occ_8,2022-09-03,MaterialSample,incertae sedis,49.279283,-123.141783,48197,DNA sequence reads,198178,DNA sequence reads,unknown,NA,NA,NA,NA,NA,NA,NA,NA,NA,NA,NA,NA,NA,NA,NA
ASV9_FC_056_occ_10,2022-09-03,MaterialSample,incertae sedis,49.279283,-123.141783,37,DNA sequence reads,3549789,DNA sequence reads,unknown,NA,NA,NA,NA,NA,NA,NA,NA,NA,NA,NA,NA,NA,NA,NA
ASV9_FC_068_occ_5,2022-09-03,MaterialSample,incertae sedis,49.281516,-123.15095,6,DNA sequence reads,88,DNA sequence reads,unknown,NA,NA,NA,NA,NA,NA,NA,NA,NA,NA,NA,NA,NA,NA,NA
ASV72_FC_053_occ_9,2022-09-03,MaterialSample,incertae sedis,49.279283,-123.141783,368,DNA sequence reads,198178,DNA sequence reads,unknown,NA,NA,NA,NA,NA,NA,NA,NA,NA,NA,NA,NA,NA,NA,NA
ASV50_FC_066_occ_8,2022-09-03,MaterialSample,Ptychocheilus,49.281516,-123.15095,6846,DNA sequence reads,90583,DNA sequence reads,Ptychocheilus sp.,NA,NA,NA,NA,NA,NA,"Agassiz, 1855",Genus,Animalia,Chordata,Teleostei,Cypriniformes,Cyprinidae,Ptychocheilus,urn:lsid:marinespecies.org:taxname:270659
ASV15_FC_021_occ_9,2022-09-03,MaterialSample,Thunnus alalunga,49.272116,-123.1147,17,DNA sequence reads,300824,DNA sequence reads,Thunnus alalunga,NA,NA,NA,NA,NA,NA,"(Bonnaterre, 1788)",Species,Animalia,Chordata,Teleostei,Scombriformes,Scombridae,Thunnus,urn:lsid:marinespecies.org:taxname:127026
ASV15_FC_053_occ_10,2022-09-03,MaterialSample,Thunnus alalunga,49.279283,-123.141783,81,DNA sequence reads,198178,DNA sequence reads,Thunnus alalunga,NA,NA,NA,NA,NA,NA,"(Bonnaterre, 1788)",Species,Animalia,Chordata,Teleostei,Scombriformes,Scombridae,Thunnus,urn:lsid:marinespecies.org:taxname:127026
ASV15_FC_069_occ_7,2022-09-03,MaterialSample,Thunnus alalunga,49.281783,-123.1601,79761,DNA sequence reads,129356,DNA sequence reads,Thunnus alalunga,NA,NA,NA,NA,NA,NA,"(Bonnaterre, 1788)",Species,Animalia,Chordata,Teleostei,Scombriformes,Scombridae,Thunnus,urn:lsid:marinespecies.org:taxname:127026
