eventID,occurrenceID,basisOfRecord,scientificName,organismQuantity,organismQuantityType,sampleSizeValue,sampleSizeUnit,verbatimIdentification,samplingProtocol,associatedSequences,identificationRemarks,materialSampleID,scientificNameAuthorship,taxonRank,kingdom,phylum,class,order,family,genus,scientificNameID,occurrenceStatus,recordNumber,catalogNumber,subfamily,tribe,identifiedBy,lifeStage,organismRemarks,typeStatus,recordedBy
Hakai-FC-009,Hakai-FC-009-ASV11-occ,MaterialSample,Ammodytes personatus,11,DNA sequence reads,11,DNA sequence reads,Ammodytes personatus,Seawater was collected using a Niskin bottle; For each sample ~1L of seawater was passed through 0.22um sterivex filter,http://www.ncbi.nlm.nih.gov/bioproject/1049344,BLAST annotation (0.96) against NCBI nr database,FC-009,"Girard, 1856",Species,Animalia,Chordata,Teleostei,Perciformes,Ammodytidae,Ammodytes,urn:lsid:marinespecies.org:taxname:272967,present,NA,NA,NA,NA,NA,NA,NA,NA,NA
Hakai-FC-033,Hakai-FC-033-ASV11-occ,MaterialSample,Ammodytes personatus,22609,DNA sequence reads,22609,DNA sequence reads,Ammodytes personatus,Seawater was collected using a Niskin bottle; For each sample ~1L of seawater was passed through 0.22um sterivex filter,http://www.ncbi.nlm.nih.gov/bioproject/1049344,BLAST annotation (0.96) against NCBI nr database,FC-033,"Girard, 1856",Species,Animalia,Chordata,Teleostei,Perciformes,Ammodytidae,Ammodytes,urn:lsid:marinespecies.org:taxname:272967,present,NA,NA,NA,NA,NA,NA,NA,NA,NA
Hakai-FC-034,Hakai-FC-034-ASV11-occ,MaterialSample,Ammodytes personatus,3782,DNA sequence reads,3782,DNA sequence reads,Ammodytes personatus,Seawater was collected using a Niskin bottle; For each sample ~1L of seawater was passed through 0.22um sterivex filter,http://www.ncbi.nlm.nih.gov/bioproject/1049344,BLAST annotation (0.96) against NCBI nr database,FC-034,"Girard, 1856",Species,Animalia,Chordata,Teleostei,Perciformes,Ammodytidae,Ammodytes,urn:lsid:marinespecies.org:taxname:272967,present,NA,NA,NA,NA,NA,NA,NA,NA,NA
Hakai-FC-035,Hakai-FC-035-ASV11-occ,MaterialSample,Ammodytes personatus,16,DNA sequence reads,16,DNA sequence reads,Ammodytes personatus,Seawater was collected using a Niskin bottle; For each sample ~1L of seawater was passed through 0.22um sterivex filter,http://www.ncbi.nlm.nih.gov/bioproject/1049344,BLAST annotation (0.96) against NCBI nr database,FC-035,"Girard, 1856",Species,Animalia,Chordata,Teleostei,Perciformes,Ammodytidae,Ammodytes,urn:lsid:marinespecies.org:taxname:272967,present,NA,NA,NA,NA,NA,NA,NA,NA,NA
Hakai-FC-046,Hakai-FC-046-ASV11-occ,MaterialSample,Ammodytes personatus,18349,DNA sequence reads,18349,DNA sequence reads,Ammodytes personatus,Seawater was collected using a Niskin bottle; For each sample ~1L of seawater was passed through 0.22um sterivex filter,http://www.ncbi.nlm.nih.gov/bioproject/1049344,BLAST annotation (0.96) against NCBI nr database,FC-046,"Girard, 1856",Species,Animalia,Chordata,Teleostei,Perciformes,Ammodytidae,Ammodytes,urn:lsid:marinespecies.org:taxname:272967,present,NA,NA,NA,NA,NA,NA,NA,NA,NA
Hakai-FC-049,Hakai-FC-049-ASV11-occ,MaterialSample,Ammodytes personatus,24,DNA sequence reads,24,DNA sequence reads,Ammodytes personatus,Seawater was collected using a Niskin bottle; For each sample ~1L of seawater was passed through 0.22um sterivex filter,http://www.ncbi.nlm.nih.gov/bioproject/1049344,BLAST annotation (0.96) against NCBI nr database,FC-049,"Girard, 1856",Species,Animalia,Chordata,Teleostei,Perciformes,Ammodytidae,Ammodytes,urn:lsid:marinespecies.org:taxname:272967,present,NA,NA,NA,NA,NA,NA,NA,NA,NA
Hakai-FC-050,Hakai-FC-050-ASV11-occ,MaterialSample,Ammodytes personatus,7,DNA sequence reads,7,DNA sequence reads,Ammodytes personatus,Seawater was collected using a Niskin bottle; For each sample ~1L of seawater was passed through 0.22um sterivex filter,http://www.ncbi.nlm.nih.gov/bioproject/1049344,BLAST annotation (0.96) against NCBI nr database,FC-050,"Girard, 1856",Species,Animalia,Chordata,Teleostei,Perciformes,Ammodytidae,Ammodytes,urn:lsid:marinespecies.org:taxname:272967,present,NA,NA,NA,NA,NA,NA,NA,NA,NA
Hakai-FC-051,Hakai-FC-051-ASV11-occ,MaterialSample,Ammodytes personatus,36678,DNA sequence reads,36678,DNA sequence reads,Ammodytes personatus,Seawater was collected using a Niskin bottle; For each sample ~1L of seawater was passed through 0.22um sterivex filter,http://www.ncbi.nlm.nih.gov/bioproject/1049344,BLAST annotation (0.96) against NCBI nr database,FC-051,"Girard, 1856",Species,Animalia,Chordata,Teleostei,Perciformes,Ammodytidae,Ammodytes,urn:lsid:marinespecies.org:taxname:272967,present,NA,NA,NA,NA,NA,NA,NA,NA,NA
Hakai-FC-054,Hakai-FC-054-ASV11-occ,MaterialSample,Ammodytes personatus,12,DNA sequence reads,12,DNA sequence reads,Ammodytes personatus,Seawater was collected using a Niskin bottle; For each sample ~1L of seawater was passed through 0.22um sterivex filter,http://www.ncbi.nlm.nih.gov/bioproject/1049344,BLAST annotation (0.96) against NCBI nr database,FC-054,"Girard, 1856",Species,Animalia,Chordata,Teleostei,Perciformes,Ammodytidae,Ammodytes,urn:lsid:marinespecies.org:taxname:272967,present,NA,NA,NA,NA,NA,NA,NA,NA,NA
Hakai-FC-059,Hakai-FC-059-ASV11-occ,MaterialSample,Ammodytes personatus,34892,DNA sequence reads,34892,DNA sequence reads,Ammodytes personatus,Seawater was collected using a Niskin bottle; For each sample ~1L of seawater was passed through 0.22um sterivex filter,http://www.ncbi.nlm.nih.gov/bioproject/1049344,BLAST annotation (0.96) against NCBI nr database,FC-059,"Girard, 1856",Species,Animalia,Chordata,Teleostei,Perciformes,Ammodytidae,Ammodytes,urn:lsid:marinespecies.org:taxname:272967,present,NA,NA,NA,NA,NA,NA,NA,NA,NA
Hakai-FC-014,Hakai-FC-014-ASV22-occ,MaterialSample,Citharichthys stigmaeus,6,DNA sequence reads,6,DNA sequence reads,Citharichthys stigmaeus,Seawater was collected using a Niskin bottle; For each sample ~1L of seawater was passed through 0.22um sterivex filter,http://www.ncbi.nlm.nih.gov/bioproject/1049344,BLAST annotation (0.96) against NCBI nr database,FC-014,"Jordan & Gilbert, 1882",Species,Animalia,Chordata,Teleostei,Pleuronectiformes,Paralichthyidae,Citharichthys,urn:lsid:marinespecies.org:taxname:275696,present,NA,NA,NA,NA,NA,NA,NA,NA,NA
Hakai-FC-022,Hakai-FC-022-ASV22-occ,MaterialSample,Citharichthys stigmaeus,34856,DNA sequence reads,34856,DNA sequence reads,Citharichthys stigmaeus,Seawater was collected using a Niskin bottle; For each sample ~1L of seawater was passed through 0.22um sterivex filter,http://www.ncbi.nlm.nih.gov/bioproject/1049344,BLAST annotation (0.96) against NCBI nr database,FC-022,"Jordan & Gilbert, 1882",Species,Animalia,Chordata,Teleostei,Pleuronectiformes,Paralichthyidae,Citharichthys,urn:lsid:marinespecies.org:taxname:275696,present,NA,NA,NA,NA,NA,NA,NA,NA,NA
Hakai-FC-038,Hakai-FC-038-ASV22-occ,MaterialSample,Citharichthys stigmaeus,21,DNA sequence reads,21,DNA sequence reads,Citharichthys stigmaeus,Seawater was collected using a Niskin bottle; For each sample ~1L of seawater was passed through 0.22um sterivex filter,http://www.ncbi.nlm.nih.gov/bioproject/1049344,BLAST annotation (0.96) against NCBI nr database,FC-038,"Jordan & Gilbert, 1882",Species,Animalia,Chordata,Teleostei,Pleuronectiformes,Paralichthyidae,Citharichthys,urn:lsid:marinespecies.org:taxname:275696,present,NA,NA,NA,NA,NA,NA,NA,NA,NA
Hakai-FC-046,Hakai-FC-046-ASV22-occ,MaterialSample,Citharichthys stigmaeus,8,DNA sequence reads,8,DNA sequence reads,Citharichthys stigmaeus,Seawater was collected using a Niskin bottle; For each sample ~1L of seawater was passed through 0.22um sterivex filter,http://www.ncbi.nlm.nih.gov/bioproject/1049344,BLAST annotation (0.96) against NCBI nr database,FC-046,"Jordan & Gilbert, 1882",Species,Animalia,Chordata,Teleostei,Pleuronectiformes,Paralichthyidae,Citharichthys,urn:lsid:marinespecies.org:taxname:275696,present,NA,NA,NA,NA,NA,NA,NA,NA,NA
Hakai-FC-054,Hakai-FC-054-ASV22-occ,MaterialSample,Citharichthys stigmaeus,46,DNA sequence reads,46,DNA sequence reads,Citharichthys stigmaeus,Seawater was collected using a Niskin bottle; For each sample ~1L of seawater was passed through 0.22um sterivex filter,http://www.ncbi.nlm.nih.gov/bioproject/1049344,BLAST annotation (0.96) against NCBI nr database,FC-054,"Jordan & Gilbert, 1882",Species,Animalia,Chordata,Teleostei,Pleuronectiformes,Paralichthyidae,Citharichthys,urn:lsid:marinespecies.org:taxname:275696,present,NA,NA,NA,NA,NA,NA,NA,NA,NA
Hakai-FC-026,Hakai-FC-026-ASV34-occ,MaterialSample,Citharichthys stigmaeus,1668,DNA sequence reads,1668,DNA sequence reads,Citharichthys stigmaeus,Seawater was collected using a Niskin bottle; For each sample ~1L of seawater was passed through 0.22um sterivex filter,http://www.ncbi.nlm.nih.gov/bioproject/1049344,BLAST annotation (0.96) against NCBI nr database,FC-026,"Jordan & Gilbert, 1882",Species,Animalia,Chordata,Teleostei,Pleuronectiformes,Paralichthyidae,Citharichthys,urn:lsid:marinespecies.org:taxname:275696,present,NA,NA,NA,NA,NA,NA,NA,NA,NA
Hakai-FC-027,Hakai-FC-027-ASV34-occ,MaterialSample,Citharichthys stigmaeus,18067,DNA sequence reads,18067,DNA sequence reads,Citharichthys stigmaeus,Seawater was collected using a Niskin bottle; For each sample ~1L of seawater was passed through 0.22um sterivex filter,http://www.ncbi.nlm.nih.gov/bioproject/1049344,BLAST annotation (0.96) against NCBI nr database,FC-027,"Jordan & Gilbert, 1882",Species,Animalia,Chordata,Teleostei,Pleuronectiformes,Paralichthyidae,Citharichthys,urn:lsid:marinespecies.org:taxname:275696,present,NA,NA,NA,NA,NA,NA,NA,NA,NA
Hakai-FC-002,Hakai-FC-002-ASV6-occ,MaterialSample,Clupea pallasii,44751,DNA sequence reads,44751,DNA sequence reads,Clupea pallasii,Seawater was collected using a Niskin bottle; For each sample ~1L of seawater was passed through 0.22um sterivex filter,http://www.ncbi.nlm.nih.gov/bioproject/1049344,BLAST annotation (0.96) against NCBI nr database,FC-002,"Valenciennes, 1847",Species,Animalia,Chordata,Teleostei,Clupeiformes,Clupeidae,Clupea,urn:lsid:marinespecies.org:taxname:151159,present,NA,NA,NA,NA,NA,NA,NA,NA,NA
Hakai-FC-003,Hakai-FC-003-ASV6-occ,MaterialSample,Clupea pallasii,12,DNA sequence reads,12,DNA sequence reads,Clupea pallasii,Seawater was collected using a Niskin bottle; For each sample ~1L of seawater was passed through 0.22um sterivex filter,http://www.ncbi.nlm.nih.gov/bioproject/1049344,BLAST annotation (0.96) against NCBI nr database,FC-003,"Valenciennes, 1847",Species,Animalia,Chordata,Teleostei,Clupeiformes,Clupeidae,Clupea,urn:lsid:marinespecies.org:taxname:151159,present,NA,NA,NA,NA,NA,NA,NA,NA,NA
Hakai-FC-007,Hakai-FC-007-ASV6-occ,MaterialSample,Clupea pallasii,11,DNA sequence reads,11,DNA sequence reads,Clupea pallasii,Seawater was collected using a Niskin bottle; For each sample ~1L of seawater was passed through 0.22um sterivex filter,http://www.ncbi.nlm.nih.gov/bioproject/1049344,BLAST annotation (0.96) against NCBI nr database,FC-007,"Valenciennes, 1847",Species,Animalia,Chordata,Teleostei,Clupeiformes,Clupeidae,Clupea,urn:lsid:marinespecies.org:taxname:151159,present,NA,NA,NA,NA,NA,NA,NA,NA,NA
Hakai-FC-008,Hakai-FC-008-ASV6-occ,MaterialSample,Clupea pallasii,48924,DNA sequence reads,48924,DNA sequence reads,Clupea pallasii,Seawater was collected using a Niskin bottle; For each sample ~1L of seawater was passed through 0.22um sterivex filter,http://www.ncbi.nlm.nih.gov/bioproject/1049344,BLAST annotation (0.96) against NCBI nr database,FC-008,"Valenciennes, 1847",Species,Animalia,Chordata,Teleostei,Clupeiformes,Clupeidae,Clupea,urn:lsid:marinespecies.org:taxname:151159,present,NA,NA,NA,NA,NA,NA,NA,NA,NA
Hakai-FC-009,Hakai-FC-009-ASV6-occ,MaterialSample,Clupea pallasii,42,DNA sequence reads,42,DNA sequence reads,Clupea pallasii,Seawater was collected using a Niskin bottle; For each sample ~1L of seawater was passed through 0.22um sterivex filter,http://www.ncbi.nlm.nih.gov/bioproject/1049344,BLAST annotation (0.96) against NCBI nr database,FC-009,"Valenciennes, 1847",Species,Animalia,Chordata,Teleostei,Clupeiformes,Clupeidae,Clupea,urn:lsid:marinespecies.org:taxname:151159,present,NA,NA,NA,NA,NA,NA,NA,NA,NA
Hakai-FC-010,Hakai-FC-010-ASV6-occ,MaterialSample,Clupea pallasii,10383,DNA sequence reads,10383,DNA sequence reads,Clupea pallasii,Seawater was collected using a Niskin bottle; For each sample ~1L of seawater was passed through 0.22um sterivex filter,http://www.ncbi.nlm.nih.gov/bioproject/1049344,BLAST annotation (0.96) against NCBI nr database,FC-010,"Valenciennes, 1847",Species,Animalia,Chordata,Teleostei,Clupeiformes,Clupeidae,Clupea,urn:lsid:marinespecies.org:taxname:151159,present,NA,NA,NA,NA,NA,NA,NA,NA,NA
Hakai-FC-014,Hakai-FC-014-ASV6-occ,MaterialSample,Clupea pallasii,47371,DNA sequence reads,47371,DNA sequence reads,Clupea pallasii,Seawater was collected using a Niskin bottle; For each sample ~1L of seawater was passed through 0.22um sterivex filter,http://www.ncbi.nlm.nih.gov/bioproject/1049344,BLAST annotation (0.96) against NCBI nr database,FC-014,"Valenciennes, 1847",Species,Animalia,Chordata,Teleostei,Clupeiformes,Clupeidae,Clupea,urn:lsid:marinespecies.org:taxname:151159,present,NA,NA,NA,NA,NA,NA,NA,NA,NA
Hakai-FC-017,Hakai-FC-017-ASV6-occ,MaterialSample,Clupea pallasii,28,DNA sequence reads,28,DNA sequence reads,Clupea pallasii,Seawater was collected using a Niskin bottle; For each sample ~1L of seawater was passed through 0.22um sterivex filter,http://www.ncbi.nlm.nih.gov/bioproject/1049344,BLAST annotation (0.96) against NCBI nr database,FC-017,"Valenciennes, 1847",Species,Animalia,Chordata,Teleostei,Clupeiformes,Clupeidae,Clupea,urn:lsid:marinespecies.org:taxname:151159,present,NA,NA,NA,NA,NA,NA,NA,NA,NA
Hakai-FC-021,Hakai-FC-021-ASV6-occ,MaterialSample,Clupea pallasii,19167,DNA sequence reads,19167,DNA sequence reads,Clupea pallasii,Seawater was collected using a Niskin bottle; For each sample ~1L of seawater was passed through 0.22um sterivex filter,http://www.ncbi.nlm.nih.gov/bioproject/1049344,BLAST annotation (0.96) against NCBI nr database,FC-021,"Valenciennes, 1847",Species,Animalia,Chordata,Teleostei,Clupeiformes,Clupeidae,Clupea,urn:lsid:marinespecies.org:taxname:151159,present,NA,NA,NA,NA,NA,NA,NA,NA,NA
Hakai-FC-024,Hakai-FC-024-ASV6-occ,MaterialSample,Clupea pallasii,16,DNA sequence reads,16,DNA sequence reads,Clupea pallasii,Seawater was collected using a Niskin bottle; For each sample ~1L of seawater was passed through 0.22um sterivex filter,http://www.ncbi.nlm.nih.gov/bioproject/1049344,BLAST annotation (0.96) against NCBI nr database,FC-024,"Valenciennes, 1847",Species,Animalia,Chordata,Teleostei,Clupeiformes,Clupeidae,Clupea,urn:lsid:marinespecies.org:taxname:151159,present,NA,NA,NA,NA,NA,NA,NA,NA,NA
Hakai-FC-025,Hakai-FC-025-ASV6-occ,MaterialSample,Clupea pallasii,26,DNA sequence reads,26,DNA sequence reads,Clupea pallasii,Seawater was collected using a Niskin bottle; For each sample ~1L of seawater was passed through 0.22um sterivex filter,http://www.ncbi.nlm.nih.gov/bioproject/1049344,BLAST annotation (0.96) against NCBI nr database,FC-025,"Valenciennes, 1847",Species,Animalia,Chordata,Teleostei,Clupeiformes,Clupeidae,Clupea,urn:lsid:marinespecies.org:taxname:151159,present,NA,NA,NA,NA,NA,NA,NA,NA,NA
Hakai-FC-026,Hakai-FC-026-ASV6-occ,MaterialSample,Clupea pallasii,35573,DNA sequence reads,35573,DNA sequence reads,Clupea pallasii,Seawater was collected using a Niskin bottle; For each sample ~1L of seawater was passed through 0.22um sterivex filter,http://www.ncbi.nlm.nih.gov/bioproject/1049344,BLAST annotation (0.96) against NCBI nr database,FC-026,"Valenciennes, 1847",Species,Animalia,Chordata,Teleostei,Clupeiformes,Clupeidae,Clupea,urn:lsid:marinespecies.org:taxname:151159,present,NA,NA,NA,NA,NA,NA,NA,NA,NA
Hakai-FC-027,Hakai-FC-027-ASV6-occ,MaterialSample,Clupea pallasii,35178,DNA sequence reads,35178,DNA sequence reads,Clupea pallasii,Seawater was collected using a Niskin bottle; For each sample ~1L of seawater was passed through 0.22um sterivex filter,http://www.ncbi.nlm.nih.gov/bioproject/1049344,BLAST annotation (0.96) against NCBI nr database,FC-027,"Valenciennes, 1847",Species,Animalia,Chordata,Teleostei,Clupeiformes,Clupeidae,Clupea,urn:lsid:marinespecies.org:taxname:151159,present,NA,NA,NA,NA,NA,NA,NA,NA,NA
Hakai-FC-029,Hakai-FC-029-ASV6-occ,MaterialSample,Clupea pallasii,16,DNA sequence reads,16,DNA sequence reads,Clupea pallasii,Seawater was collected using a Niskin bottle; For each sample ~1L of seawater was passed through 0.22um sterivex filter,http://www.ncbi.nlm.nih.gov/bioproject/1049344,BLAST annotation (0.96) against NCBI nr database,FC-029,"Valenciennes, 1847",Species,Animalia,Chordata,Teleostei,Clupeiformes,Clupeidae,Clupea,urn:lsid:marinespecies.org:taxname:151159,present,NA,NA,NA,NA,NA,NA,NA,NA,NA
Hakai-FC-030,Hakai-FC-030-ASV6-occ,MaterialSample,Clupea pallasii,19,DNA sequence reads,19,DNA sequence reads,Clupea pallasii,Seawater was collected using a Niskin bottle; For each sample ~1L of seawater was passed through 0.22um sterivex filter,http://www.ncbi.nlm.nih.gov/bioproject/1049344,BLAST annotation (0.96) against NCBI nr database,FC-030,"Valenciennes, 1847",Species,Animalia,Chordata,Teleostei,Clupeiformes,Clupeidae,Clupea,urn:lsid:marinespecies.org:taxname:151159,present,NA,NA,NA,NA,NA,NA,NA,NA,NA
Hakai-FC-031,Hakai-FC-031-ASV6-occ,MaterialSample,Clupea pallasii,9,DNA sequence reads,9,DNA sequence reads,Clupea pallasii,Seawater was collected using a Niskin bottle; For each sample ~1L of seawater was passed through 0.22um sterivex filter,http://www.ncbi.nlm.nih.gov/bioproject/1049344,BLAST annotation (0.96) against NCBI nr database,FC-031,"Valenciennes, 1847",Species,Animalia,Chordata,Teleostei,Clupeiformes,Clupeidae,Clupea,urn:lsid:marinespecies.org:taxname:151159,present,NA,NA,NA,NA,NA,NA,NA,NA,NA
Hakai-FC-033,Hakai-FC-033-ASV6-occ,MaterialSample,Clupea pallasii,50406,DNA sequence reads,50406,DNA sequence reads,Clupea pallasii,Seawater was collected using a Niskin bottle; For each sample ~1L of seawater was passed through 0.22um sterivex filter,http://www.ncbi.nlm.nih.gov/bioproject/1049344,BLAST annotation (0.96) against NCBI nr database,FC-033,"Valenciennes, 1847",Species,Animalia,Chordata,Teleostei,Clupeiformes,Clupeidae,Clupea,urn:lsid:marinespecies.org:taxname:151159,present,NA,NA,NA,NA,NA,NA,NA,NA,NA
Hakai-FC-035,Hakai-FC-035-ASV6-occ,MaterialSample,Clupea pallasii,11,DNA sequence reads,11,DNA sequence reads,Clupea pallasii,Seawater was collected using a Niskin bottle; For each sample ~1L of seawater was passed through 0.22um sterivex filter,http://www.ncbi.nlm.nih.gov/bioproject/1049344,BLAST annotation (0.96) against NCBI nr database,FC-035,"Valenciennes, 1847",Species,Animalia,Chordata,Teleostei,Clupeiformes,Clupeidae,Clupea,urn:lsid:marinespecies.org:taxname:151159,present,NA,NA,NA,NA,NA,NA,NA,NA,NA
Hakai-FC-037,Hakai-FC-037-ASV6-occ,MaterialSample,Clupea pallasii,31,DNA sequence reads,31,DNA sequence reads,Clupea pallasii,Seawater was collected using a Niskin bottle; For each sample ~1L of seawater was passed through 0.22um sterivex filter,http://www.ncbi.nlm.nih.gov/bioproject/1049344,BLAST annotation (0.96) against NCBI nr database,FC-037,"Valenciennes, 1847",Species,Animalia,Chordata,Teleostei,Clupeiformes,Clupeidae,Clupea,urn:lsid:marinespecies.org:taxname:151159,present,NA,NA,NA,NA,NA,NA,NA,NA,NA
Hakai-FC-038,Hakai-FC-038-ASV6-occ,MaterialSample,Clupea pallasii,38,DNA sequence reads,38,DNA sequence reads,Clupea pallasii,Seawater was collected using a Niskin bottle; For each sample ~1L of seawater was passed through 0.22um sterivex filter,http://www.ncbi.nlm.nih.gov/bioproject/1049344,BLAST annotation (0.96) against NCBI nr database,FC-038,"Valenciennes, 1847",Species,Animalia,Chordata,Teleostei,Clupeiformes,Clupeidae,Clupea,urn:lsid:marinespecies.org:taxname:151159,present,NA,NA,NA,NA,NA,NA,NA,NA,NA
Hakai-FC-039,Hakai-FC-039-ASV6-occ,MaterialSample,Clupea pallasii,12,DNA sequence reads,12,DNA sequence reads,Clupea pallasii,Seawater was collected using a Niskin bottle; For each sample ~1L of seawater was passed through 0.22um sterivex filter,http://www.ncbi.nlm.nih.gov/bioproject/1049344,BLAST annotation (0.96) against NCBI nr database,FC-039,"Valenciennes, 1847",Species,Animalia,Chordata,Teleostei,Clupeiformes,Clupeidae,Clupea,urn:lsid:marinespecies.org:taxname:151159,present,NA,NA,NA,NA,NA,NA,NA,NA,NA
Hakai-FC-040,Hakai-FC-040-ASV6-occ,MaterialSample,Clupea pallasii,86277,DNA sequence reads,86277,DNA sequence reads,Clupea pallasii,Seawater was collected using a Niskin bottle; For each sample ~1L of seawater was passed through 0.22um sterivex filter,http://www.ncbi.nlm.nih.gov/bioproject/1049344,BLAST annotation (0.96) against NCBI nr database,FC-040,"Valenciennes, 1847",Species,Animalia,Chordata,Teleostei,Clupeiformes,Clupeidae,Clupea,urn:lsid:marinespecies.org:taxname:151159,present,NA,NA,NA,NA,NA,NA,NA,NA,NA
Hakai-FC-041,Hakai-FC-041-ASV6-occ,MaterialSample,Clupea pallasii,61,DNA sequence reads,61,DNA sequence reads,Clupea pallasii,Seawater was collected using a Niskin bottle; For each sample ~1L of seawater was passed through 0.22um sterivex filter,http://www.ncbi.nlm.nih.gov/bioproject/1049344,BLAST annotation (0.96) against NCBI nr database,FC-041,"Valenciennes, 1847",Species,Animalia,Chordata,Teleostei,Clupeiformes,Clupeidae,Clupea,urn:lsid:marinespecies.org:taxname:151159,present,NA,NA,NA,NA,NA,NA,NA,NA,NA
Hakai-FC-042,Hakai-FC-042-ASV6-occ,MaterialSample,Clupea pallasii,30,DNA sequence reads,30,DNA sequence reads,Clupea pallasii,Seawater was collected using a Niskin bottle; For each sample ~1L of seawater was passed through 0.22um sterivex filter,http://www.ncbi.nlm.nih.gov/bioproject/1049344,BLAST annotation (0.96) against NCBI nr database,FC-042,"Valenciennes, 1847",Species,Animalia,Chordata,Teleostei,Clupeiformes,Clupeidae,Clupea,urn:lsid:marinespecies.org:taxname:151159,present,NA,NA,NA,NA,NA,NA,NA,NA,NA
Hakai-FC-043,Hakai-FC-043-ASV6-occ,MaterialSample,Clupea pallasii,6,DNA sequence reads,6,DNA sequence reads,Clupea pallasii,Seawater was collected using a Niskin bottle; For each sample ~1L of seawater was passed through 0.22um sterivex filter,http://www.ncbi.nlm.nih.gov/bioproject/1049344,BLAST annotation (0.96) against NCBI nr database,FC-043,"Valenciennes, 1847",Species,Animalia,Chordata,Teleostei,Clupeiformes,Clupeidae,Clupea,urn:lsid:marinespecies.org:taxname:151159,present,NA,NA,NA,NA,NA,NA,NA,NA,NA
Hakai-FC-045,Hakai-FC-045-ASV6-occ,MaterialSample,Clupea pallasii,60645,DNA sequence reads,60645,DNA sequence reads,Clupea pallasii,Seawater was collected using a Niskin bottle; For each sample ~1L of seawater was passed through 0.22um sterivex filter,http://www.ncbi.nlm.nih.gov/bioproject/1049344,BLAST annotation (0.96) against NCBI nr database,FC-045,"Valenciennes, 1847",Species,Animalia,Chordata,Teleostei,Clupeiformes,Clupeidae,Clupea,urn:lsid:marinespecies.org:taxname:151159,present,NA,NA,NA,NA,NA,NA,NA,NA,NA
Hakai-FC-046,Hakai-FC-046-ASV6-occ,MaterialSample,Clupea pallasii,59948,DNA sequence reads,59948,DNA sequence reads,Clupea pallasii,Seawater was collected using a Niskin bottle; For each sample ~1L of seawater was passed through 0.22um sterivex filter,http://www.ncbi.nlm.nih.gov/bioproject/1049344,BLAST annotation (0.96) against NCBI nr database,FC-046,"Valenciennes, 1847",Species,Animalia,Chordata,Teleostei,Clupeiformes,Clupeidae,Clupea,urn:lsid:marinespecies.org:taxname:151159,present,NA,NA,NA,NA,NA,NA,NA,NA,NA
Hakai-FC-047,Hakai-FC-047-ASV6-occ,MaterialSample,Clupea pallasii,65589,DNA sequence reads,65589,DNA sequence reads,Clupea pallasii,Seawater was collected using a Niskin bottle; For each sample ~1L of seawater was passed through 0.22um sterivex filter,http://www.ncbi.nlm.nih.gov/bioproject/1049344,BLAST annotation (0.96) against NCBI nr database,FC-047,"Valenciennes, 1847",Species,Animalia,Chordata,Teleostei,Clupeiformes,Clupeidae,Clupea,urn:lsid:marinespecies.org:taxname:151159,present,NA,NA,NA,NA,NA,NA,NA,NA,NA
Hakai-FC-048,Hakai-FC-048-ASV6-occ,MaterialSample,Clupea pallasii,40,DNA sequence reads,40,DNA sequence reads,Clupea pallasii,Seawater was collected using a Niskin bottle; For each sample ~1L of seawater was passed through 0.22um sterivex filter,http://www.ncbi.nlm.nih.gov/bioproject/1049344,BLAST annotation (0.96) against NCBI nr database,FC-048,"Valenciennes, 1847",Species,Animalia,Chordata,Teleostei,Clupeiformes,Clupeidae,Clupea,urn:lsid:marinespecies.org:taxname:151159,present,NA,NA,NA,NA,NA,NA,NA,NA,NA
Hakai-FC-050,Hakai-FC-050-ASV6-occ,MaterialSample,Clupea pallasii,102,DNA sequence reads,102,DNA sequence reads,Clupea pallasii,Seawater was collected using a Niskin bottle; For each sample ~1L of seawater was passed through 0.22um sterivex filter,http://www.ncbi.nlm.nih.gov/bioproject/1049344,BLAST annotation (0.96) against NCBI nr database,FC-050,"Valenciennes, 1847",Species,Animalia,Chordata,Teleostei,Clupeiformes,Clupeidae,Clupea,urn:lsid:marinespecies.org:taxname:151159,present,NA,NA,NA,NA,NA,NA,NA,NA,NA
Hakai-FC-051,Hakai-FC-051-ASV6-occ,MaterialSample,Clupea pallasii,28,DNA sequence reads,28,DNA sequence reads,Clupea pallasii,Seawater was collected using a Niskin bottle; For each sample ~1L of seawater was passed through 0.22um sterivex filter,http://www.ncbi.nlm.nih.gov/bioproject/1049344,BLAST annotation (0.96) against NCBI nr database,FC-051,"Valenciennes, 1847",Species,Animalia,Chordata,Teleostei,Clupeiformes,Clupeidae,Clupea,urn:lsid:marinespecies.org:taxname:151159,present,NA,NA,NA,NA,NA,NA,NA,NA,NA
Hakai-FC-052,Hakai-FC-052-ASV6-occ,MaterialSample,Clupea pallasii,28834,DNA sequence reads,28834,DNA sequence reads,Clupea pallasii,Seawater was collected using a Niskin bottle; For each sample ~1L of seawater was passed through 0.22um sterivex filter,http://www.ncbi.nlm.nih.gov/bioproject/1049344,BLAST annotation (0.96) against NCBI nr database,FC-052,"Valenciennes, 1847",Species,Animalia,Chordata,Teleostei,Clupeiformes,Clupeidae,Clupea,urn:lsid:marinespecies.org:taxname:151159,present,NA,NA,NA,NA,NA,NA,NA,NA,NA
Hakai-FC-054,Hakai-FC-054-ASV6-occ,MaterialSample,Clupea pallasii,95,DNA sequence reads,95,DNA sequence reads,Clupea pallasii,Seawater was collected using a Niskin bottle; For each sample ~1L of seawater was passed through 0.22um sterivex filter,http://www.ncbi.nlm.nih.gov/bioproject/1049344,BLAST annotation (0.96) against NCBI nr database,FC-054,"Valenciennes, 1847",Species,Animalia,Chordata,Teleostei,Clupeiformes,Clupeidae,Clupea,urn:lsid:marinespecies.org:taxname:151159,present,NA,NA,NA,NA,NA,NA,NA,NA,NA
Hakai-FC-055,Hakai-FC-055-ASV6-occ,MaterialSample,Clupea pallasii,38,DNA sequence reads,38,DNA sequence reads,Clupea pallasii,Seawater was collected using a Niskin bottle; For each sample ~1L of seawater was passed through 0.22um sterivex filter,http://www.ncbi.nlm.nih.gov/bioproject/1049344,BLAST annotation (0.96) against NCBI nr database,FC-055,"Valenciennes, 1847",Species,Animalia,Chordata,Teleostei,Clupeiformes,Clupeidae,Clupea,urn:lsid:marinespecies.org:taxname:151159,present,NA,NA,NA,NA,NA,NA,NA,NA,NA
Hakai-FC-056,Hakai-FC-056-ASV6-occ,MaterialSample,Clupea pallasii,176,DNA sequence reads,176,DNA sequence reads,Clupea pallasii,Seawater was collected using a Niskin bottle; For each sample ~1L of seawater was passed through 0.22um sterivex filter,http://www.ncbi.nlm.nih.gov/bioproject/1049344,BLAST annotation (0.96) against NCBI nr database,FC-056,"Valenciennes, 1847",Species,Animalia,Chordata,Teleostei,Clupeiformes,Clupeidae,Clupea,urn:lsid:marinespecies.org:taxname:151159,present,NA,NA,NA,NA,NA,NA,NA,NA,NA
Hakai-FC-057,Hakai-FC-057-ASV6-occ,MaterialSample,Clupea pallasii,15298,DNA sequence reads,15298,DNA sequence reads,Clupea pallasii,Seawater was collected using a Niskin bottle; For each sample ~1L of seawater was passed through 0.22um sterivex filter,http://www.ncbi.nlm.nih.gov/bioproject/1049344,BLAST annotation (0.96) against NCBI nr database,FC-057,"Valenciennes, 1847",Species,Animalia,Chordata,Teleostei,Clupeiformes,Clupeidae,Clupea,urn:lsid:marinespecies.org:taxname:151159,present,NA,NA,NA,NA,NA,NA,NA,NA,NA
Hakai-FC-058,Hakai-FC-058-ASV6-occ,MaterialSample,Clupea pallasii,29037,DNA sequence reads,29037,DNA sequence reads,Clupea pallasii,Seawater was collected using a Niskin bottle; For each sample ~1L of seawater was passed through 0.22um sterivex filter,http://www.ncbi.nlm.nih.gov/bioproject/1049344,BLAST annotation (0.96) against NCBI nr database,FC-058,"Valenciennes, 1847",Species,Animalia,Chordata,Teleostei,Clupeiformes,Clupeidae,Clupea,urn:lsid:marinespecies.org:taxname:151159,present,NA,NA,NA,NA,NA,NA,NA,NA,NA
Hakai-FC-061,Hakai-FC-061-ASV6-occ,MaterialSample,Clupea pallasii,14,DNA sequence reads,14,DNA sequence reads,Clupea pallasii,Seawater was collected using a Niskin bottle; For each sample ~1L of seawater was passed through 0.22um sterivex filter,http://www.ncbi.nlm.nih.gov/bioproject/1049344,BLAST annotation (0.96) against NCBI nr database,FC-061,"Valenciennes, 1847",Species,Animalia,Chordata,Teleostei,Clupeiformes,Clupeidae,Clupea,urn:lsid:marinespecies.org:taxname:151159,present,NA,NA,NA,NA,NA,NA,NA,NA,NA
Hakai-FC-064,Hakai-FC-064-ASV6-occ,MaterialSample,Clupea pallasii,30,DNA sequence reads,30,DNA sequence reads,Clupea pallasii,Seawater was collected using a Niskin bottle; For each sample ~1L of seawater was passed through 0.22um sterivex filter,http://www.ncbi.nlm.nih.gov/bioproject/1049344,BLAST annotation (0.96) against NCBI nr database,FC-064,"Valenciennes, 1847",Species,Animalia,Chordata,Teleostei,Clupeiformes,Clupeidae,Clupea,urn:lsid:marinespecies.org:taxname:151159,present,NA,NA,NA,NA,NA,NA,NA,NA,NA
Hakai-FC-071,Hakai-FC-071-ASV6-occ,MaterialSample,Clupea pallasii,7,DNA sequence reads,7,DNA sequence reads,Clupea pallasii,Seawater was collected using a Niskin bottle; For each sample ~1L of seawater was passed through 0.22um sterivex filter,http://www.ncbi.nlm.nih.gov/bioproject/1049344,BLAST annotation (0.96) against NCBI nr database,FC-071,"Valenciennes, 1847",Species,Animalia,Chordata,Teleostei,Clupeiformes,Clupeidae,Clupea,urn:lsid:marinespecies.org:taxname:151159,present,NA,NA,NA,NA,NA,NA,NA,NA,NA
Hakai-FC-072,Hakai-FC-072-ASV6-occ,MaterialSample,Clupea pallasii,13,DNA sequence reads,13,DNA sequence reads,Clupea pallasii,Seawater was collected using a Niskin bottle; For each sample ~1L of seawater was passed through 0.22um sterivex filter,http://www.ncbi.nlm.nih.gov/bioproject/1049344,BLAST annotation (0.96) against NCBI nr database,FC-072,"Valenciennes, 1847",Species,Animalia,Chordata,Teleostei,Clupeiformes,Clupeidae,Clupea,urn:lsid:marinespecies.org:taxname:151159,present,NA,NA,NA,NA,NA,NA,NA,NA,NA
Hakai-FC-073,Hakai-FC-073-ASV6-occ,MaterialSample,Clupea pallasii,15663,DNA sequence reads,15663,DNA sequence reads,Clupea pallasii,Seawater was collected using a Niskin bottle; For each sample ~1L of seawater was passed through 0.22um sterivex filter,http://www.ncbi.nlm.nih.gov/bioproject/1049344,BLAST annotation (0.96) against NCBI nr database,FC-073,"Valenciennes, 1847",Species,Animalia,Chordata,Teleostei,Clupeiformes,Clupeidae,Clupea,urn:lsid:marinespecies.org:taxname:151159,present,NA,NA,NA,NA,NA,NA,NA,NA,NA
Hakai-FC-033,Hakai-FC-033-ASV10-occ,MaterialSample,Clupea pallasii,118099,DNA sequence reads,118099,DNA sequence reads,Clupea pallasii,Seawater was collected using a Niskin bottle; For each sample ~1L of seawater was passed through 0.22um sterivex filter,http://www.ncbi.nlm.nih.gov/bioproject/1049344,BLAST annotation (0.96) against NCBI nr database,FC-033,"Valenciennes, 1847",Species,Animalia,Chordata,Teleostei,Clupeiformes,Clupeidae,Clupea,urn:lsid:marinespecies.org:taxname:151159,present,NA,NA,NA,NA,NA,NA,NA,NA,NA
Hakai-FC-049,Hakai-FC-049-ASV10-occ,MaterialSample,Clupea pallasii,172,DNA sequence reads,172,DNA sequence reads,Clupea pallasii,Seawater was collected using a Niskin bottle; For each sample ~1L of seawater was passed through 0.22um sterivex filter,http://www.ncbi.nlm.nih.gov/bioproject/1049344,BLAST annotation (0.96) against NCBI nr database,FC-049,"Valenciennes, 1847",Species,Animalia,Chordata,Teleostei,Clupeiformes,Clupeidae,Clupea,urn:lsid:marinespecies.org:taxname:151159,present,NA,NA,NA,NA,NA,NA,NA,NA,NA
Hakai-FC-006,Hakai-FC-006-ASV18-occ,MaterialSample,Clupea pallasii,14,DNA sequence reads,14,DNA sequence reads,Clupea pallasii,Seawater was collected using a Niskin bottle; For each sample ~1L of seawater was passed through 0.22um sterivex filter,http://www.ncbi.nlm.nih.gov/bioproject/1049344,BLAST annotation (0.96) against NCBI nr database,FC-006,"Valenciennes, 1847",Species,Animalia,Chordata,Teleostei,Clupeiformes,Clupeidae,Clupea,urn:lsid:marinespecies.org:taxname:151159,present,NA,NA,NA,NA,NA,NA,NA,NA,NA
Hakai-FC-022,Hakai-FC-022-ASV18-occ,MaterialSample,Clupea pallasii,11,DNA sequence reads,11,DNA sequence reads,Clupea pallasii,Seawater was collected using a Niskin bottle; For each sample ~1L of seawater was passed through 0.22um sterivex filter,http://www.ncbi.nlm.nih.gov/bioproject/1049344,BLAST annotation (0.96) against NCBI nr database,FC-022,"Valenciennes, 1847",Species,Animalia,Chordata,Teleostei,Clupeiformes,Clupeidae,Clupea,urn:lsid:marinespecies.org:taxname:151159,present,NA,NA,NA,NA,NA,NA,NA,NA,NA
Hakai-FC-070,Hakai-FC-070-ASV18-occ,MaterialSample,Clupea pallasii,61870,DNA sequence reads,61870,DNA sequence reads,Clupea pallasii,Seawater was collected using a Niskin bottle; For each sample ~1L of seawater was passed through 0.22um sterivex filter,http://www.ncbi.nlm.nih.gov/bioproject/1049344,BLAST annotation (0.96) against NCBI nr database,FC-070,"Valenciennes, 1847",Species,Animalia,Chordata,Teleostei,Clupeiformes,Clupeidae,Clupea,urn:lsid:marinespecies.org:taxname:151159,present,NA,NA,NA,NA,NA,NA,NA,NA,NA
Hakai-FC-053,Hakai-FC-053-ASV21-occ,MaterialSample,Clupea pallasii,38718,DNA sequence reads,38718,DNA sequence reads,Clupea pallasii,Seawater was collected using a Niskin bottle; For each sample ~1L of seawater was passed through 0.22um sterivex filter,http://www.ncbi.nlm.nih.gov/bioproject/1049344,BLAST annotation (0.96) against NCBI nr database,FC-053,"Valenciennes, 1847",Species,Animalia,Chordata,Teleostei,Clupeiformes,Clupeidae,Clupea,urn:lsid:marinespecies.org:taxname:151159,present,NA,NA,NA,NA,NA,NA,NA,NA,NA
Hakai-FC-034,Hakai-FC-034-ASV25-occ,MaterialSample,Clupea pallasii,25911,DNA sequence reads,25911,DNA sequence reads,Clupea pallasii,Seawater was collected using a Niskin bottle; For each sample ~1L of seawater was passed through 0.22um sterivex filter,http://www.ncbi.nlm.nih.gov/bioproject/1049344,BLAST annotation (0.96) against NCBI nr database,FC-034,"Valenciennes, 1847",Species,Animalia,Chordata,Teleostei,Clupeiformes,Clupeidae,Clupea,urn:lsid:marinespecies.org:taxname:151159,present,NA,NA,NA,NA,NA,NA,NA,NA,NA
Hakai-FC-010,Hakai-FC-010-ASV29-occ,MaterialSample,Clupea pallasii,22456,DNA sequence reads,22456,DNA sequence reads,Clupea pallasii,Seawater was collected using a Niskin bottle; For each sample ~1L of seawater was passed through 0.22um sterivex filter,http://www.ncbi.nlm.nih.gov/bioproject/1049344,BLAST annotation (0.96) against NCBI nr database,FC-010,"Valenciennes, 1847",Species,Animalia,Chordata,Teleostei,Clupeiformes,Clupeidae,Clupea,urn:lsid:marinespecies.org:taxname:151159,present,NA,NA,NA,NA,NA,NA,NA,NA,NA
Hakai-FC-027,Hakai-FC-027-ASV51-occ,MaterialSample,Clupea pallasii,6775,DNA sequence reads,6775,DNA sequence reads,Clupea pallasii,Seawater was collected using a Niskin bottle; For each sample ~1L of seawater was passed through 0.22um sterivex filter,http://www.ncbi.nlm.nih.gov/bioproject/1049344,BLAST annotation (0.96) against NCBI nr database,FC-027,"Valenciennes, 1847",Species,Animalia,Chordata,Teleostei,Clupeiformes,Clupeidae,Clupea,urn:lsid:marinespecies.org:taxname:151159,present,NA,NA,NA,NA,NA,NA,NA,NA,NA
Hakai-FC-057,Hakai-FC-057-ASV53-occ,MaterialSample,Clupea pallasii,5721,DNA sequence reads,5721,DNA sequence reads,Clupea pallasii,Seawater was collected using a Niskin bottle; For each sample ~1L of seawater was passed through 0.22um sterivex filter,http://www.ncbi.nlm.nih.gov/bioproject/1049344,BLAST annotation (0.96) against NCBI nr database,FC-057,"Valenciennes, 1847",Species,Animalia,Chordata,Teleostei,Clupeiformes,Clupeidae,Clupea,urn:lsid:marinespecies.org:taxname:151159,present,NA,NA,NA,NA,NA,NA,NA,NA,NA
Hakai-FC-049,Hakai-FC-049-ASV54-occ,MaterialSample,Cottus,3,DNA sequence reads,3,DNA sequence reads,Cottus sp.,Seawater was collected using a Niskin bottle; For each sample ~1L of seawater was passed through 0.22um sterivex filter,http://www.ncbi.nlm.nih.gov/bioproject/1049344,BLAST annotation (0.96) against NCBI nr database,FC-049,"Linnaeus, 1758",Genus,Animalia,Chordata,Teleostei,Perciformes,Cottidae,Cottus,urn:lsid:marinespecies.org:taxname:126148,present,NA,NA,NA,NA,NA,NA,NA,NA,NA
Hakai-FC-057,Hakai-FC-057-ASV54-occ,MaterialSample,Cottus,4425,DNA sequence reads,4425,DNA sequence reads,Cottus sp.,Seawater was collected using a Niskin bottle; For each sample ~1L of seawater was passed through 0.22um sterivex filter,http://www.ncbi.nlm.nih.gov/bioproject/1049344,BLAST annotation (0.96) against NCBI nr database,FC-057,"Linnaeus, 1758",Genus,Animalia,Chordata,Teleostei,Perciformes,Cottidae,Cottus,urn:lsid:marinespecies.org:taxname:126148,present,NA,NA,NA,NA,NA,NA,NA,NA,NA
Hakai-FC-004,Hakai-FC-004-ASV3-occ,MaterialSample,Cymatogaster aggregata,446,DNA sequence reads,446,DNA sequence reads,Cymatogaster aggregata,Seawater was collected using a Niskin bottle; For each sample ~1L of seawater was passed through 0.22um sterivex filter,http://www.ncbi.nlm.nih.gov/bioproject/1049344,BLAST annotation (0.96) against NCBI nr database,FC-004,"Gibbons, 1854",Species,Animalia,Chordata,Teleostei,Ovalentaria incertae sedis,Embiotocidae,Cymatogaster,urn:lsid:marinespecies.org:taxname:280461,present,NA,NA,NA,NA,NA,NA,NA,NA,NA
Hakai-FC-005,Hakai-FC-005-ASV3-occ,MaterialSample,Cymatogaster aggregata,10,DNA sequence reads,10,DNA sequence reads,Cymatogaster aggregata,Seawater was collected using a Niskin bottle; For each sample ~1L of seawater was passed through 0.22um sterivex filter,http://www.ncbi.nlm.nih.gov/bioproject/1049344,BLAST annotation (0.96) against NCBI nr database,FC-005,"Gibbons, 1854",Species,Animalia,Chordata,Teleostei,Ovalentaria incertae sedis,Embiotocidae,Cymatogaster,urn:lsid:marinespecies.org:taxname:280461,present,NA,NA,NA,NA,NA,NA,NA,NA,NA
Hakai-FC-007,Hakai-FC-007-ASV3-occ,MaterialSample,Cymatogaster aggregata,15,DNA sequence reads,15,DNA sequence reads,Cymatogaster aggregata,Seawater was collected using a Niskin bottle; For each sample ~1L of seawater was passed through 0.22um sterivex filter,http://www.ncbi.nlm.nih.gov/bioproject/1049344,BLAST annotation (0.96) against NCBI nr database,FC-007,"Gibbons, 1854",Species,Animalia,Chordata,Teleostei,Ovalentaria incertae sedis,Embiotocidae,Cymatogaster,urn:lsid:marinespecies.org:taxname:280461,present,NA,NA,NA,NA,NA,NA,NA,NA,NA
Hakai-FC-008,Hakai-FC-008-ASV3-occ,MaterialSample,Cymatogaster aggregata,20798,DNA sequence reads,20798,DNA sequence reads,Cymatogaster aggregata,Seawater was collected using a Niskin bottle; For each sample ~1L of seawater was passed through 0.22um sterivex filter,http://www.ncbi.nlm.nih.gov/bioproject/1049344,BLAST annotation (0.96) against NCBI nr database,FC-008,"Gibbons, 1854",Species,Animalia,Chordata,Teleostei,Ovalentaria incertae sedis,Embiotocidae,Cymatogaster,urn:lsid:marinespecies.org:taxname:280461,present,NA,NA,NA,NA,NA,NA,NA,NA,NA
Hakai-FC-009,Hakai-FC-009-ASV3-occ,MaterialSample,Cymatogaster aggregata,34650,DNA sequence reads,34650,DNA sequence reads,Cymatogaster aggregata,Seawater was collected using a Niskin bottle; For each sample ~1L of seawater was passed through 0.22um sterivex filter,http://www.ncbi.nlm.nih.gov/bioproject/1049344,BLAST annotation (0.96) against NCBI nr database,FC-009,"Gibbons, 1854",Species,Animalia,Chordata,Teleostei,Ovalentaria incertae sedis,Embiotocidae,Cymatogaster,urn:lsid:marinespecies.org:taxname:280461,present,NA,NA,NA,NA,NA,NA,NA,NA,NA
Hakai-FC-010,Hakai-FC-010-ASV3-occ,MaterialSample,Cymatogaster aggregata,31047,DNA sequence reads,31047,DNA sequence reads,Cymatogaster aggregata,Seawater was collected using a Niskin bottle; For each sample ~1L of seawater was passed through 0.22um sterivex filter,http://www.ncbi.nlm.nih.gov/bioproject/1049344,BLAST annotation (0.96) against NCBI nr database,FC-010,"Gibbons, 1854",Species,Animalia,Chordata,Teleostei,Ovalentaria incertae sedis,Embiotocidae,Cymatogaster,urn:lsid:marinespecies.org:taxname:280461,present,NA,NA,NA,NA,NA,NA,NA,NA,NA
Hakai-FC-012,Hakai-FC-012-ASV3-occ,MaterialSample,Cymatogaster aggregata,10,DNA sequence reads,10,DNA sequence reads,Cymatogaster aggregata,Seawater was collected using a Niskin bottle; For each sample ~1L of seawater was passed through 0.22um sterivex filter,http://www.ncbi.nlm.nih.gov/bioproject/1049344,BLAST annotation (0.96) against NCBI nr database,FC-012,"Gibbons, 1854",Species,Animalia,Chordata,Teleostei,Ovalentaria incertae sedis,Embiotocidae,Cymatogaster,urn:lsid:marinespecies.org:taxname:280461,present,NA,NA,NA,NA,NA,NA,NA,NA,NA
Hakai-FC-013,Hakai-FC-013-ASV3-occ,MaterialSample,Cymatogaster aggregata,23,DNA sequence reads,23,DNA sequence reads,Cymatogaster aggregata,Seawater was collected using a Niskin bottle; For each sample ~1L of seawater was passed through 0.22um sterivex filter,http://www.ncbi.nlm.nih.gov/bioproject/1049344,BLAST annotation (0.96) against NCBI nr database,FC-013,"Gibbons, 1854",Species,Animalia,Chordata,Teleostei,Ovalentaria incertae sedis,Embiotocidae,Cymatogaster,urn:lsid:marinespecies.org:taxname:280461,present,NA,NA,NA,NA,NA,NA,NA,NA,NA
Hakai-FC-014,Hakai-FC-014-ASV3-occ,MaterialSample,Cymatogaster aggregata,16848,DNA sequence reads,16848,DNA sequence reads,Cymatogaster aggregata,Seawater was collected using a Niskin bottle; For each sample ~1L of seawater was passed through 0.22um sterivex filter,http://www.ncbi.nlm.nih.gov/bioproject/1049344,BLAST annotation (0.96) against NCBI nr database,FC-014,"Gibbons, 1854",Species,Animalia,Chordata,Teleostei,Ovalentaria incertae sedis,Embiotocidae,Cymatogaster,urn:lsid:marinespecies.org:taxname:280461,present,NA,NA,NA,NA,NA,NA,NA,NA,NA
Hakai-FC-015,Hakai-FC-015-ASV3-occ,MaterialSample,Cymatogaster aggregata,36459,DNA sequence reads,36459,DNA sequence reads,Cymatogaster aggregata,Seawater was collected using a Niskin bottle; For each sample ~1L of seawater was passed through 0.22um sterivex filter,http://www.ncbi.nlm.nih.gov/bioproject/1049344,BLAST annotation (0.96) against NCBI nr database,FC-015,"Gibbons, 1854",Species,Animalia,Chordata,Teleostei,Ovalentaria incertae sedis,Embiotocidae,Cymatogaster,urn:lsid:marinespecies.org:taxname:280461,present,NA,NA,NA,NA,NA,NA,NA,NA,NA
Hakai-FC-016,Hakai-FC-016-ASV3-occ,MaterialSample,Cymatogaster aggregata,110,DNA sequence reads,110,DNA sequence reads,Cymatogaster aggregata,Seawater was collected using a Niskin bottle; For each sample ~1L of seawater was passed through 0.22um sterivex filter,http://www.ncbi.nlm.nih.gov/bioproject/1049344,BLAST annotation (0.96) against NCBI nr database,FC-016,"Gibbons, 1854",Species,Animalia,Chordata,Teleostei,Ovalentaria incertae sedis,Embiotocidae,Cymatogaster,urn:lsid:marinespecies.org:taxname:280461,present,NA,NA,NA,NA,NA,NA,NA,NA,NA
Hakai-FC-021,Hakai-FC-021-ASV3-occ,MaterialSample,Cymatogaster aggregata,42194,DNA sequence reads,42194,DNA sequence reads,Cymatogaster aggregata,Seawater was collected using a Niskin bottle; For each sample ~1L of seawater was passed through 0.22um sterivex filter,http://www.ncbi.nlm.nih.gov/bioproject/1049344,BLAST annotation (0.96) against NCBI nr database,FC-021,"Gibbons, 1854",Species,Animalia,Chordata,Teleostei,Ovalentaria incertae sedis,Embiotocidae,Cymatogaster,urn:lsid:marinespecies.org:taxname:280461,present,NA,NA,NA,NA,NA,NA,NA,NA,NA
Hakai-FC-022,Hakai-FC-022-ASV3-occ,MaterialSample,Cymatogaster aggregata,14,DNA sequence reads,14,DNA sequence reads,Cymatogaster aggregata,Seawater was collected using a Niskin bottle; For each sample ~1L of seawater was passed through 0.22um sterivex filter,http://www.ncbi.nlm.nih.gov/bioproject/1049344,BLAST annotation (0.96) against NCBI nr database,FC-022,"Gibbons, 1854",Species,Animalia,Chordata,Teleostei,Ovalentaria incertae sedis,Embiotocidae,Cymatogaster,urn:lsid:marinespecies.org:taxname:280461,present,NA,NA,NA,NA,NA,NA,NA,NA,NA
Hakai-FC-023,Hakai-FC-023-ASV3-occ,MaterialSample,Cymatogaster aggregata,18,DNA sequence reads,18,DNA sequence reads,Cymatogaster aggregata,Seawater was collected using a Niskin bottle; For each sample ~1L of seawater was passed through 0.22um sterivex filter,http://www.ncbi.nlm.nih.gov/bioproject/1049344,BLAST annotation (0.96) against NCBI nr database,FC-023,"Gibbons, 1854",Species,Animalia,Chordata,Teleostei,Ovalentaria incertae sedis,Embiotocidae,Cymatogaster,urn:lsid:marinespecies.org:taxname:280461,present,NA,NA,NA,NA,NA,NA,NA,NA,NA
Hakai-FC-024,Hakai-FC-024-ASV3-occ,MaterialSample,Cymatogaster aggregata,51,DNA sequence reads,51,DNA sequence reads,Cymatogaster aggregata,Seawater was collected using a Niskin bottle; For each sample ~1L of seawater was passed through 0.22um sterivex filter,http://www.ncbi.nlm.nih.gov/bioproject/1049344,BLAST annotation (0.96) against NCBI nr database,FC-024,"Gibbons, 1854",Species,Animalia,Chordata,Teleostei,Ovalentaria incertae sedis,Embiotocidae,Cymatogaster,urn:lsid:marinespecies.org:taxname:280461,present,NA,NA,NA,NA,NA,NA,NA,NA,NA
Hakai-FC-025,Hakai-FC-025-ASV3-occ,MaterialSample,Cymatogaster aggregata,5,DNA sequence reads,5,DNA sequence reads,Cymatogaster aggregata,Seawater was collected using a Niskin bottle; For each sample ~1L of seawater was passed through 0.22um sterivex filter,http://www.ncbi.nlm.nih.gov/bioproject/1049344,BLAST annotation (0.96) against NCBI nr database,FC-025,"Gibbons, 1854",Species,Animalia,Chordata,Teleostei,Ovalentaria incertae sedis,Embiotocidae,Cymatogaster,urn:lsid:marinespecies.org:taxname:280461,present,NA,NA,NA,NA,NA,NA,NA,NA,NA
Hakai-FC-026,Hakai-FC-026-ASV3-occ,MaterialSample,Cymatogaster aggregata,42242,DNA sequence reads,42242,DNA sequence reads,Cymatogaster aggregata,Seawater was collected using a Niskin bottle; For each sample ~1L of seawater was passed through 0.22um sterivex filter,http://www.ncbi.nlm.nih.gov/bioproject/1049344,BLAST annotation (0.96) against NCBI nr database,FC-026,"Gibbons, 1854",Species,Animalia,Chordata,Teleostei,Ovalentaria incertae sedis,Embiotocidae,Cymatogaster,urn:lsid:marinespecies.org:taxname:280461,present,NA,NA,NA,NA,NA,NA,NA,NA,NA
Hakai-FC-028,Hakai-FC-028-ASV3-occ,MaterialSample,Cymatogaster aggregata,6,DNA sequence reads,6,DNA sequence reads,Cymatogaster aggregata,Seawater was collected using a Niskin bottle; For each sample ~1L of seawater was passed through 0.22um sterivex filter,http://www.ncbi.nlm.nih.gov/bioproject/1049344,BLAST annotation (0.96) against NCBI nr database,FC-028,"Gibbons, 1854",Species,Animalia,Chordata,Teleostei,Ovalentaria incertae sedis,Embiotocidae,Cymatogaster,urn:lsid:marinespecies.org:taxname:280461,present,NA,NA,NA,NA,NA,NA,NA,NA,NA
Hakai-FC-029,Hakai-FC-029-ASV3-occ,MaterialSample,Cymatogaster aggregata,28,DNA sequence reads,28,DNA sequence reads,Cymatogaster aggregata,Seawater was collected using a Niskin bottle; For each sample ~1L of seawater was passed through 0.22um sterivex filter,http://www.ncbi.nlm.nih.gov/bioproject/1049344,BLAST annotation (0.96) against NCBI nr database,FC-029,"Gibbons, 1854",Species,Animalia,Chordata,Teleostei,Ovalentaria incertae sedis,Embiotocidae,Cymatogaster,urn:lsid:marinespecies.org:taxname:280461,present,NA,NA,NA,NA,NA,NA,NA,NA,NA
Hakai-FC-030,Hakai-FC-030-ASV3-occ,MaterialSample,Cymatogaster aggregata,19,DNA sequence reads,19,DNA sequence reads,Cymatogaster aggregata,Seawater was collected using a Niskin bottle; For each sample ~1L of seawater was passed through 0.22um sterivex filter,http://www.ncbi.nlm.nih.gov/bioproject/1049344,BLAST annotation (0.96) against NCBI nr database,FC-030,"Gibbons, 1854",Species,Animalia,Chordata,Teleostei,Ovalentaria incertae sedis,Embiotocidae,Cymatogaster,urn:lsid:marinespecies.org:taxname:280461,present,NA,NA,NA,NA,NA,NA,NA,NA,NA
Hakai-FC-031,Hakai-FC-031-ASV3-occ,MaterialSample,Cymatogaster aggregata,12,DNA sequence reads,12,DNA sequence reads,Cymatogaster aggregata,Seawater was collected using a Niskin bottle; For each sample ~1L of seawater was passed through 0.22um sterivex filter,http://www.ncbi.nlm.nih.gov/bioproject/1049344,BLAST annotation (0.96) against NCBI nr database,FC-031,"Gibbons, 1854",Species,Animalia,Chordata,Teleostei,Ovalentaria incertae sedis,Embiotocidae,Cymatogaster,urn:lsid:marinespecies.org:taxname:280461,present,NA,NA,NA,NA,NA,NA,NA,NA,NA
Hakai-FC-033,Hakai-FC-033-ASV3-occ,MaterialSample,Cymatogaster aggregata,9,DNA sequence reads,9,DNA sequence reads,Cymatogaster aggregata,Seawater was collected using a Niskin bottle; For each sample ~1L of seawater was passed through 0.22um sterivex filter,http://www.ncbi.nlm.nih.gov/bioproject/1049344,BLAST annotation (0.96) against NCBI nr database,FC-033,"Gibbons, 1854",Species,Animalia,Chordata,Teleostei,Ovalentaria incertae sedis,Embiotocidae,Cymatogaster,urn:lsid:marinespecies.org:taxname:280461,present,NA,NA,NA,NA,NA,NA,NA,NA,NA
Hakai-FC-034,Hakai-FC-034-ASV3-occ,MaterialSample,Cymatogaster aggregata,23,DNA sequence reads,23,DNA sequence reads,Cymatogaster aggregata,Seawater was collected using a Niskin bottle; For each sample ~1L of seawater was passed through 0.22um sterivex filter,http://www.ncbi.nlm.nih.gov/bioproject/1049344,BLAST annotation (0.96) against NCBI nr database,FC-034,"Gibbons, 1854",Species,Animalia,Chordata,Teleostei,Ovalentaria incertae sedis,Embiotocidae,Cymatogaster,urn:lsid:marinespecies.org:taxname:280461,present,NA,NA,NA,NA,NA,NA,NA,NA,NA
Hakai-FC-037,Hakai-FC-037-ASV3-occ,MaterialSample,Cymatogaster aggregata,35,DNA sequence reads,35,DNA sequence reads,Cymatogaster aggregata,Seawater was collected using a Niskin bottle; For each sample ~1L of seawater was passed through 0.22um sterivex filter,http://www.ncbi.nlm.nih.gov/bioproject/1049344,BLAST annotation (0.96) against NCBI nr database,FC-037,"Gibbons, 1854",Species,Animalia,Chordata,Teleostei,Ovalentaria incertae sedis,Embiotocidae,Cymatogaster,urn:lsid:marinespecies.org:taxname:280461,present,NA,NA,NA,NA,NA,NA,NA,NA,NA
Hakai-FC-038,Hakai-FC-038-ASV3-occ,MaterialSample,Cymatogaster aggregata,29,DNA sequence reads,29,DNA sequence reads,Cymatogaster aggregata,Seawater was collected using a Niskin bottle; For each sample ~1L of seawater was passed through 0.22um sterivex filter,http://www.ncbi.nlm.nih.gov/bioproject/1049344,BLAST annotation (0.96) against NCBI nr database,FC-038,"Gibbons, 1854",Species,Animalia,Chordata,Teleostei,Ovalentaria incertae sedis,Embiotocidae,Cymatogaster,urn:lsid:marinespecies.org:taxname:280461,present,NA,NA,NA,NA,NA,NA,NA,NA,NA
Hakai-FC-039,Hakai-FC-039-ASV3-occ,MaterialSample,Cymatogaster aggregata,66181,DNA sequence reads,66181,DNA sequence reads,Cymatogaster aggregata,Seawater was collected using a Niskin bottle; For each sample ~1L of seawater was passed through 0.22um sterivex filter,http://www.ncbi.nlm.nih.gov/bioproject/1049344,BLAST annotation (0.96) against NCBI nr database,FC-039,"Gibbons, 1854",Species,Animalia,Chordata,Teleostei,Ovalentaria incertae sedis,Embiotocidae,Cymatogaster,urn:lsid:marinespecies.org:taxname:280461,present,NA,NA,NA,NA,NA,NA,NA,NA,NA
Hakai-FC-040,Hakai-FC-040-ASV3-occ,MaterialSample,Cymatogaster aggregata,101,DNA sequence reads,101,DNA sequence reads,Cymatogaster aggregata,Seawater was collected using a Niskin bottle; For each sample ~1L of seawater was passed through 0.22um sterivex filter,http://www.ncbi.nlm.nih.gov/bioproject/1049344,BLAST annotation (0.96) against NCBI nr database,FC-040,"Gibbons, 1854",Species,Animalia,Chordata,Teleostei,Ovalentaria incertae sedis,Embiotocidae,Cymatogaster,urn:lsid:marinespecies.org:taxname:280461,present,NA,NA,NA,NA,NA,NA,NA,NA,NA
Hakai-FC-041,Hakai-FC-041-ASV3-occ,MaterialSample,Cymatogaster aggregata,23,DNA sequence reads,23,DNA sequence reads,Cymatogaster aggregata,Seawater was collected using a Niskin bottle; For each sample ~1L of seawater was passed through 0.22um sterivex filter,http://www.ncbi.nlm.nih.gov/bioproject/1049344,BLAST annotation (0.96) against NCBI nr database,FC-041,"Gibbons, 1854",Species,Animalia,Chordata,Teleostei,Ovalentaria incertae sedis,Embiotocidae,Cymatogaster,urn:lsid:marinespecies.org:taxname:280461,present,NA,NA,NA,NA,NA,NA,NA,NA,NA
Hakai-FC-042,Hakai-FC-042-ASV3-occ,MaterialSample,Cymatogaster aggregata,20,DNA sequence reads,20,DNA sequence reads,Cymatogaster aggregata,Seawater was collected using a Niskin bottle; For each sample ~1L of seawater was passed through 0.22um sterivex filter,http://www.ncbi.nlm.nih.gov/bioproject/1049344,BLAST annotation (0.96) against NCBI nr database,FC-042,"Gibbons, 1854",Species,Animalia,Chordata,Teleostei,Ovalentaria incertae sedis,Embiotocidae,Cymatogaster,urn:lsid:marinespecies.org:taxname:280461,present,NA,NA,NA,NA,NA,NA,NA,NA,NA
Hakai-FC-044,Hakai-FC-044-ASV3-occ,MaterialSample,Cymatogaster aggregata,4,DNA sequence reads,4,DNA sequence reads,Cymatogaster aggregata,Seawater was collected using a Niskin bottle; For each sample ~1L of seawater was passed through 0.22um sterivex filter,http://www.ncbi.nlm.nih.gov/bioproject/1049344,BLAST annotation (0.96) against NCBI nr database,FC-044,"Gibbons, 1854",Species,Animalia,Chordata,Teleostei,Ovalentaria incertae sedis,Embiotocidae,Cymatogaster,urn:lsid:marinespecies.org:taxname:280461,present,NA,NA,NA,NA,NA,NA,NA,NA,NA
Hakai-FC-045,Hakai-FC-045-ASV3-occ,MaterialSample,Cymatogaster aggregata,46271,DNA sequence reads,46271,DNA sequence reads,Cymatogaster aggregata,Seawater was collected using a Niskin bottle; For each sample ~1L of seawater was passed through 0.22um sterivex filter,http://www.ncbi.nlm.nih.gov/bioproject/1049344,BLAST annotation (0.96) against NCBI nr database,FC-045,"Gibbons, 1854",Species,Animalia,Chordata,Teleostei,Ovalentaria incertae sedis,Embiotocidae,Cymatogaster,urn:lsid:marinespecies.org:taxname:280461,present,NA,NA,NA,NA,NA,NA,NA,NA,NA
Hakai-FC-046,Hakai-FC-046-ASV3-occ,MaterialSample,Cymatogaster aggregata,45059,DNA sequence reads,45059,DNA sequence reads,Cymatogaster aggregata,Seawater was collected using a Niskin bottle; For each sample ~1L of seawater was passed through 0.22um sterivex filter,http://www.ncbi.nlm.nih.gov/bioproject/1049344,BLAST annotation (0.96) against NCBI nr database,FC-046,"Gibbons, 1854",Species,Animalia,Chordata,Teleostei,Ovalentaria incertae sedis,Embiotocidae,Cymatogaster,urn:lsid:marinespecies.org:taxname:280461,present,NA,NA,NA,NA,NA,NA,NA,NA,NA
Hakai-FC-047,Hakai-FC-047-ASV3-occ,MaterialSample,Cymatogaster aggregata,24,DNA sequence reads,24,DNA sequence reads,Cymatogaster aggregata,Seawater was collected using a Niskin bottle; For each sample ~1L of seawater was passed through 0.22um sterivex filter,http://www.ncbi.nlm.nih.gov/bioproject/1049344,BLAST annotation (0.96) against NCBI nr database,FC-047,"Gibbons, 1854",Species,Animalia,Chordata,Teleostei,Ovalentaria incertae sedis,Embiotocidae,Cymatogaster,urn:lsid:marinespecies.org:taxname:280461,present,NA,NA,NA,NA,NA,NA,NA,NA,NA
Hakai-FC-048,Hakai-FC-048-ASV3-occ,MaterialSample,Cymatogaster aggregata,94,DNA sequence reads,94,DNA sequence reads,Cymatogaster aggregata,Seawater was collected using a Niskin bottle; For each sample ~1L of seawater was passed through 0.22um sterivex filter,http://www.ncbi.nlm.nih.gov/bioproject/1049344,BLAST annotation (0.96) against NCBI nr database,FC-048,"Gibbons, 1854",Species,Animalia,Chordata,Teleostei,Ovalentaria incertae sedis,Embiotocidae,Cymatogaster,urn:lsid:marinespecies.org:taxname:280461,present,NA,NA,NA,NA,NA,NA,NA,NA,NA
Hakai-FC-049,Hakai-FC-049-ASV3-occ,MaterialSample,Cymatogaster aggregata,96,DNA sequence reads,96,DNA sequence reads,Cymatogaster aggregata,Seawater was collected using a Niskin bottle; For each sample ~1L of seawater was passed through 0.22um sterivex filter,http://www.ncbi.nlm.nih.gov/bioproject/1049344,BLAST annotation (0.96) against NCBI nr database,FC-049,"Gibbons, 1854",Species,Animalia,Chordata,Teleostei,Ovalentaria incertae sedis,Embiotocidae,Cymatogaster,urn:lsid:marinespecies.org:taxname:280461,present,NA,NA,NA,NA,NA,NA,NA,NA,NA
Hakai-FC-050,Hakai-FC-050-ASV3-occ,MaterialSample,Cymatogaster aggregata,74627,DNA sequence reads,74627,DNA sequence reads,Cymatogaster aggregata,Seawater was collected using a Niskin bottle; For each sample ~1L of seawater was passed through 0.22um sterivex filter,http://www.ncbi.nlm.nih.gov/bioproject/1049344,BLAST annotation (0.96) against NCBI nr database,FC-050,"Gibbons, 1854",Species,Animalia,Chordata,Teleostei,Ovalentaria incertae sedis,Embiotocidae,Cymatogaster,urn:lsid:marinespecies.org:taxname:280461,present,NA,NA,NA,NA,NA,NA,NA,NA,NA
Hakai-FC-051,Hakai-FC-051-ASV3-occ,MaterialSample,Cymatogaster aggregata,13759,DNA sequence reads,13759,DNA sequence reads,Cymatogaster aggregata,Seawater was collected using a Niskin bottle; For each sample ~1L of seawater was passed through 0.22um sterivex filter,http://www.ncbi.nlm.nih.gov/bioproject/1049344,BLAST annotation (0.96) against NCBI nr database,FC-051,"Gibbons, 1854",Species,Animalia,Chordata,Teleostei,Ovalentaria incertae sedis,Embiotocidae,Cymatogaster,urn:lsid:marinespecies.org:taxname:280461,present,NA,NA,NA,NA,NA,NA,NA,NA,NA
Hakai-FC-052,Hakai-FC-052-ASV3-occ,MaterialSample,Cymatogaster aggregata,41831,DNA sequence reads,41831,DNA sequence reads,Cymatogaster aggregata,Seawater was collected using a Niskin bottle; For each sample ~1L of seawater was passed through 0.22um sterivex filter,http://www.ncbi.nlm.nih.gov/bioproject/1049344,BLAST annotation (0.96) against NCBI nr database,FC-052,"Gibbons, 1854",Species,Animalia,Chordata,Teleostei,Ovalentaria incertae sedis,Embiotocidae,Cymatogaster,urn:lsid:marinespecies.org:taxname:280461,present,NA,NA,NA,NA,NA,NA,NA,NA,NA
Hakai-FC-053,Hakai-FC-053-ASV3-occ,MaterialSample,Cymatogaster aggregata,42121,DNA sequence reads,42121,DNA sequence reads,Cymatogaster aggregata,Seawater was collected using a Niskin bottle; For each sample ~1L of seawater was passed through 0.22um sterivex filter,http://www.ncbi.nlm.nih.gov/bioproject/1049344,BLAST annotation (0.96) against NCBI nr database,FC-053,"Gibbons, 1854",Species,Animalia,Chordata,Teleostei,Ovalentaria incertae sedis,Embiotocidae,Cymatogaster,urn:lsid:marinespecies.org:taxname:280461,present,NA,NA,NA,NA,NA,NA,NA,NA,NA
Hakai-FC-054,Hakai-FC-054-ASV3-occ,MaterialSample,Cymatogaster aggregata,24830,DNA sequence reads,24830,DNA sequence reads,Cymatogaster aggregata,Seawater was collected using a Niskin bottle; For each sample ~1L of seawater was passed through 0.22um sterivex filter,http://www.ncbi.nlm.nih.gov/bioproject/1049344,BLAST annotation (0.96) against NCBI nr database,FC-054,"Gibbons, 1854",Species,Animalia,Chordata,Teleostei,Ovalentaria incertae sedis,Embiotocidae,Cymatogaster,urn:lsid:marinespecies.org:taxname:280461,present,NA,NA,NA,NA,NA,NA,NA,NA,NA
Hakai-FC-055,Hakai-FC-055-ASV3-occ,MaterialSample,Cymatogaster aggregata,26556,DNA sequence reads,26556,DNA sequence reads,Cymatogaster aggregata,Seawater was collected using a Niskin bottle; For each sample ~1L of seawater was passed through 0.22um sterivex filter,http://www.ncbi.nlm.nih.gov/bioproject/1049344,BLAST annotation (0.96) against NCBI nr database,FC-055,"Gibbons, 1854",Species,Animalia,Chordata,Teleostei,Ovalentaria incertae sedis,Embiotocidae,Cymatogaster,urn:lsid:marinespecies.org:taxname:280461,present,NA,NA,NA,NA,NA,NA,NA,NA,NA
Hakai-FC-056,Hakai-FC-056-ASV3-occ,MaterialSample,Cymatogaster aggregata,748717,DNA sequence reads,748717,DNA sequence reads,Cymatogaster aggregata,Seawater was collected using a Niskin bottle; For each sample ~1L of seawater was passed through 0.22um sterivex filter,http://www.ncbi.nlm.nih.gov/bioproject/1049344,BLAST annotation (0.96) against NCBI nr database,FC-056,"Gibbons, 1854",Species,Animalia,Chordata,Teleostei,Ovalentaria incertae sedis,Embiotocidae,Cymatogaster,urn:lsid:marinespecies.org:taxname:280461,present,NA,NA,NA,NA,NA,NA,NA,NA,NA
Hakai-FC-057,Hakai-FC-057-ASV3-occ,MaterialSample,Cymatogaster aggregata,13763,DNA sequence reads,13763,DNA sequence reads,Cymatogaster aggregata,Seawater was collected using a Niskin bottle; For each sample ~1L of seawater was passed through 0.22um sterivex filter,http://www.ncbi.nlm.nih.gov/bioproject/1049344,BLAST annotation (0.96) against NCBI nr database,FC-057,"Gibbons, 1854",Species,Animalia,Chordata,Teleostei,Ovalentaria incertae sedis,Embiotocidae,Cymatogaster,urn:lsid:marinespecies.org:taxname:280461,present,NA,NA,NA,NA,NA,NA,NA,NA,NA
Hakai-FC-058,Hakai-FC-058-ASV3-occ,MaterialSample,Cymatogaster aggregata,12,DNA sequence reads,12,DNA sequence reads,Cymatogaster aggregata,Seawater was collected using a Niskin bottle; For each sample ~1L of seawater was passed through 0.22um sterivex filter,http://www.ncbi.nlm.nih.gov/bioproject/1049344,BLAST annotation (0.96) against NCBI nr database,FC-058,"Gibbons, 1854",Species,Animalia,Chordata,Teleostei,Ovalentaria incertae sedis,Embiotocidae,Cymatogaster,urn:lsid:marinespecies.org:taxname:280461,present,NA,NA,NA,NA,NA,NA,NA,NA,NA
Hakai-FC-061,Hakai-FC-061-ASV3-occ,MaterialSample,Cymatogaster aggregata,13,DNA sequence reads,13,DNA sequence reads,Cymatogaster aggregata,Seawater was collected using a Niskin bottle; For each sample ~1L of seawater was passed through 0.22um sterivex filter,http://www.ncbi.nlm.nih.gov/bioproject/1049344,BLAST annotation (0.96) against NCBI nr database,FC-061,"Gibbons, 1854",Species,Animalia,Chordata,Teleostei,Ovalentaria incertae sedis,Embiotocidae,Cymatogaster,urn:lsid:marinespecies.org:taxname:280461,present,NA,NA,NA,NA,NA,NA,NA,NA,NA
Hakai-FC-063,Hakai-FC-063-ASV3-occ,MaterialSample,Cymatogaster aggregata,20,DNA sequence reads,20,DNA sequence reads,Cymatogaster aggregata,Seawater was collected using a Niskin bottle; For each sample ~1L of seawater was passed through 0.22um sterivex filter,http://www.ncbi.nlm.nih.gov/bioproject/1049344,BLAST annotation (0.96) against NCBI nr database,FC-063,"Gibbons, 1854",Species,Animalia,Chordata,Teleostei,Ovalentaria incertae sedis,Embiotocidae,Cymatogaster,urn:lsid:marinespecies.org:taxname:280461,present,NA,NA,NA,NA,NA,NA,NA,NA,NA
Hakai-FC-064,Hakai-FC-064-ASV3-occ,MaterialSample,Cymatogaster aggregata,55,DNA sequence reads,55,DNA sequence reads,Cymatogaster aggregata,Seawater was collected using a Niskin bottle; For each sample ~1L of seawater was passed through 0.22um sterivex filter,http://www.ncbi.nlm.nih.gov/bioproject/1049344,BLAST annotation (0.96) against NCBI nr database,FC-064,"Gibbons, 1854",Species,Animalia,Chordata,Teleostei,Ovalentaria incertae sedis,Embiotocidae,Cymatogaster,urn:lsid:marinespecies.org:taxname:280461,present,NA,NA,NA,NA,NA,NA,NA,NA,NA
Hakai-FC-066,Hakai-FC-066-ASV3-occ,MaterialSample,Cymatogaster aggregata,3992,DNA sequence reads,3992,DNA sequence reads,Cymatogaster aggregata,Seawater was collected using a Niskin bottle; For each sample ~1L of seawater was passed through 0.22um sterivex filter,http://www.ncbi.nlm.nih.gov/bioproject/1049344,BLAST annotation (0.96) against NCBI nr database,FC-066,"Gibbons, 1854",Species,Animalia,Chordata,Teleostei,Ovalentaria incertae sedis,Embiotocidae,Cymatogaster,urn:lsid:marinespecies.org:taxname:280461,present,NA,NA,NA,NA,NA,NA,NA,NA,NA
Hakai-FC-069,Hakai-FC-069-ASV3-occ,MaterialSample,Cymatogaster aggregata,24,DNA sequence reads,24,DNA sequence reads,Cymatogaster aggregata,Seawater was collected using a Niskin bottle; For each sample ~1L of seawater was passed through 0.22um sterivex filter,http://www.ncbi.nlm.nih.gov/bioproject/1049344,BLAST annotation (0.96) against NCBI nr database,FC-069,"Gibbons, 1854",Species,Animalia,Chordata,Teleostei,Ovalentaria incertae sedis,Embiotocidae,Cymatogaster,urn:lsid:marinespecies.org:taxname:280461,present,NA,NA,NA,NA,NA,NA,NA,NA,NA
Hakai-FC-072,Hakai-FC-072-ASV3-occ,MaterialSample,Cymatogaster aggregata,22,DNA sequence reads,22,DNA sequence reads,Cymatogaster aggregata,Seawater was collected using a Niskin bottle; For each sample ~1L of seawater was passed through 0.22um sterivex filter,http://www.ncbi.nlm.nih.gov/bioproject/1049344,BLAST annotation (0.96) against NCBI nr database,FC-072,"Gibbons, 1854",Species,Animalia,Chordata,Teleostei,Ovalentaria incertae sedis,Embiotocidae,Cymatogaster,urn:lsid:marinespecies.org:taxname:280461,present,NA,NA,NA,NA,NA,NA,NA,NA,NA
Hakai-FC-056,Hakai-FC-056-ASV7-occ,MaterialSample,Cymatogaster aggregata,448568,DNA sequence reads,448568,DNA sequence reads,Cymatogaster aggregata,Seawater was collected using a Niskin bottle; For each sample ~1L of seawater was passed through 0.22um sterivex filter,http://www.ncbi.nlm.nih.gov/bioproject/1049344,BLAST annotation (0.96) against NCBI nr database,FC-056,"Gibbons, 1854",Species,Animalia,Chordata,Teleostei,Ovalentaria incertae sedis,Embiotocidae,Cymatogaster,urn:lsid:marinespecies.org:taxname:280461,present,NA,NA,NA,NA,NA,NA,NA,NA,NA
Hakai-FC-046,Hakai-FC-046-ASV33-occ,MaterialSample,Cymatogaster aggregata,20378,DNA sequence reads,20378,DNA sequence reads,Cymatogaster aggregata,Seawater was collected using a Niskin bottle; For each sample ~1L of seawater was passed through 0.22um sterivex filter,http://www.ncbi.nlm.nih.gov/bioproject/1049344,BLAST annotation (0.96) against NCBI nr database,FC-046,"Gibbons, 1854",Species,Animalia,Chordata,Teleostei,Ovalentaria incertae sedis,Embiotocidae,Cymatogaster,urn:lsid:marinespecies.org:taxname:280461,present,NA,NA,NA,NA,NA,NA,NA,NA,NA
Hakai-FC-054,Hakai-FC-054-ASV45-occ,MaterialSample,Cymatogaster aggregata,11058,DNA sequence reads,11058,DNA sequence reads,Cymatogaster aggregata,Seawater was collected using a Niskin bottle; For each sample ~1L of seawater was passed through 0.22um sterivex filter,http://www.ncbi.nlm.nih.gov/bioproject/1049344,BLAST annotation (0.96) against NCBI nr database,FC-054,"Gibbons, 1854",Species,Animalia,Chordata,Teleostei,Ovalentaria incertae sedis,Embiotocidae,Cymatogaster,urn:lsid:marinespecies.org:taxname:280461,present,NA,NA,NA,NA,NA,NA,NA,NA,NA
Hakai-FC-052,Hakai-FC-052-ASV56-occ,MaterialSample,Cymatogaster aggregata,2535,DNA sequence reads,2535,DNA sequence reads,Cymatogaster aggregata,Seawater was collected using a Niskin bottle; For each sample ~1L of seawater was passed through 0.22um sterivex filter,http://www.ncbi.nlm.nih.gov/bioproject/1049344,BLAST annotation (0.96) against NCBI nr database,FC-052,"Gibbons, 1854",Species,Animalia,Chordata,Teleostei,Ovalentaria incertae sedis,Embiotocidae,Cymatogaster,urn:lsid:marinespecies.org:taxname:280461,present,NA,NA,NA,NA,NA,NA,NA,NA,NA
Hakai-FC-002,Hakai-FC-002-ASV1-occ,MaterialSample,Engraulis mordax,178,DNA sequence reads,178,DNA sequence reads,Engraulis mordax,Seawater was collected using a Niskin bottle; For each sample ~1L of seawater was passed through 0.22um sterivex filter,http://www.ncbi.nlm.nih.gov/bioproject/1049344,BLAST annotation (0.96) against NCBI nr database,FC-002,"Girard, 1854",Species,Animalia,Chordata,Teleostei,Clupeiformes,Engraulidae,Engraulis,urn:lsid:marinespecies.org:taxname:272286,present,NA,NA,NA,NA,NA,NA,NA,NA,NA
Hakai-FC-003,Hakai-FC-003-ASV1-occ,MaterialSample,Engraulis mordax,78253,DNA sequence reads,78253,DNA sequence reads,Engraulis mordax,Seawater was collected using a Niskin bottle; For each sample ~1L of seawater was passed through 0.22um sterivex filter,http://www.ncbi.nlm.nih.gov/bioproject/1049344,BLAST annotation (0.96) against NCBI nr database,FC-003,"Girard, 1854",Species,Animalia,Chordata,Teleostei,Clupeiformes,Engraulidae,Engraulis,urn:lsid:marinespecies.org:taxname:272286,present,NA,NA,NA,NA,NA,NA,NA,NA,NA
Hakai-FC-004,Hakai-FC-004-ASV1-occ,MaterialSample,Engraulis mordax,223,DNA sequence reads,223,DNA sequence reads,Engraulis mordax,Seawater was collected using a Niskin bottle; For each sample ~1L of seawater was passed through 0.22um sterivex filter,http://www.ncbi.nlm.nih.gov/bioproject/1049344,BLAST annotation (0.96) against NCBI nr database,FC-004,"Girard, 1854",Species,Animalia,Chordata,Teleostei,Clupeiformes,Engraulidae,Engraulis,urn:lsid:marinespecies.org:taxname:272286,present,NA,NA,NA,NA,NA,NA,NA,NA,NA
Hakai-FC-005,Hakai-FC-005-ASV1-occ,MaterialSample,Engraulis mordax,120694,DNA sequence reads,120694,DNA sequence reads,Engraulis mordax,Seawater was collected using a Niskin bottle; For each sample ~1L of seawater was passed through 0.22um sterivex filter,http://www.ncbi.nlm.nih.gov/bioproject/1049344,BLAST annotation (0.96) against NCBI nr database,FC-005,"Girard, 1854",Species,Animalia,Chordata,Teleostei,Clupeiformes,Engraulidae,Engraulis,urn:lsid:marinespecies.org:taxname:272286,present,NA,NA,NA,NA,NA,NA,NA,NA,NA
Hakai-FC-006,Hakai-FC-006-ASV1-occ,MaterialSample,Engraulis mordax,27958,DNA sequence reads,27958,DNA sequence reads,Engraulis mordax,Seawater was collected using a Niskin bottle; For each sample ~1L of seawater was passed through 0.22um sterivex filter,http://www.ncbi.nlm.nih.gov/bioproject/1049344,BLAST annotation (0.96) against NCBI nr database,FC-006,"Girard, 1854",Species,Animalia,Chordata,Teleostei,Clupeiformes,Engraulidae,Engraulis,urn:lsid:marinespecies.org:taxname:272286,present,NA,NA,NA,NA,NA,NA,NA,NA,NA
Hakai-FC-007,Hakai-FC-007-ASV1-occ,MaterialSample,Engraulis mordax,18751,DNA sequence reads,18751,DNA sequence reads,Engraulis mordax,Seawater was collected using a Niskin bottle; For each sample ~1L of seawater was passed through 0.22um sterivex filter,http://www.ncbi.nlm.nih.gov/bioproject/1049344,BLAST annotation (0.96) against NCBI nr database,FC-007,"Girard, 1854",Species,Animalia,Chordata,Teleostei,Clupeiformes,Engraulidae,Engraulis,urn:lsid:marinespecies.org:taxname:272286,present,NA,NA,NA,NA,NA,NA,NA,NA,NA
Hakai-FC-008,Hakai-FC-008-ASV1-occ,MaterialSample,Engraulis mordax,113,DNA sequence reads,113,DNA sequence reads,Engraulis mordax,Seawater was collected using a Niskin bottle; For each sample ~1L of seawater was passed through 0.22um sterivex filter,http://www.ncbi.nlm.nih.gov/bioproject/1049344,BLAST annotation (0.96) against NCBI nr database,FC-008,"Girard, 1854",Species,Animalia,Chordata,Teleostei,Clupeiformes,Engraulidae,Engraulis,urn:lsid:marinespecies.org:taxname:272286,present,NA,NA,NA,NA,NA,NA,NA,NA,NA
Hakai-FC-009,Hakai-FC-009-ASV1-occ,MaterialSample,Engraulis mordax,77879,DNA sequence reads,77879,DNA sequence reads,Engraulis mordax,Seawater was collected using a Niskin bottle; For each sample ~1L of seawater was passed through 0.22um sterivex filter,http://www.ncbi.nlm.nih.gov/bioproject/1049344,BLAST annotation (0.96) against NCBI nr database,FC-009,"Girard, 1854",Species,Animalia,Chordata,Teleostei,Clupeiformes,Engraulidae,Engraulis,urn:lsid:marinespecies.org:taxname:272286,present,NA,NA,NA,NA,NA,NA,NA,NA,NA
Hakai-FC-010,Hakai-FC-010-ASV1-occ,MaterialSample,Engraulis mordax,100,DNA sequence reads,100,DNA sequence reads,Engraulis mordax,Seawater was collected using a Niskin bottle; For each sample ~1L of seawater was passed through 0.22um sterivex filter,http://www.ncbi.nlm.nih.gov/bioproject/1049344,BLAST annotation (0.96) against NCBI nr database,FC-010,"Girard, 1854",Species,Animalia,Chordata,Teleostei,Clupeiformes,Engraulidae,Engraulis,urn:lsid:marinespecies.org:taxname:272286,present,NA,NA,NA,NA,NA,NA,NA,NA,NA
Hakai-FC-011,Hakai-FC-011-ASV1-occ,MaterialSample,Engraulis mordax,44359,DNA sequence reads,44359,DNA sequence reads,Engraulis mordax,Seawater was collected using a Niskin bottle; For each sample ~1L of seawater was passed through 0.22um sterivex filter,http://www.ncbi.nlm.nih.gov/bioproject/1049344,BLAST annotation (0.96) against NCBI nr database,FC-011,"Girard, 1854",Species,Animalia,Chordata,Teleostei,Clupeiformes,Engraulidae,Engraulis,urn:lsid:marinespecies.org:taxname:272286,present,NA,NA,NA,NA,NA,NA,NA,NA,NA
Hakai-FC-013,Hakai-FC-013-ASV1-occ,MaterialSample,Engraulis mordax,15953,DNA sequence reads,15953,DNA sequence reads,Engraulis mordax,Seawater was collected using a Niskin bottle; For each sample ~1L of seawater was passed through 0.22um sterivex filter,http://www.ncbi.nlm.nih.gov/bioproject/1049344,BLAST annotation (0.96) against NCBI nr database,FC-013,"Girard, 1854",Species,Animalia,Chordata,Teleostei,Clupeiformes,Engraulidae,Engraulis,urn:lsid:marinespecies.org:taxname:272286,present,NA,NA,NA,NA,NA,NA,NA,NA,NA
Hakai-FC-014,Hakai-FC-014-ASV1-occ,MaterialSample,Engraulis mordax,29190,DNA sequence reads,29190,DNA sequence reads,Engraulis mordax,Seawater was collected using a Niskin bottle; For each sample ~1L of seawater was passed through 0.22um sterivex filter,http://www.ncbi.nlm.nih.gov/bioproject/1049344,BLAST annotation (0.96) against NCBI nr database,FC-014,"Girard, 1854",Species,Animalia,Chordata,Teleostei,Clupeiformes,Engraulidae,Engraulis,urn:lsid:marinespecies.org:taxname:272286,present,NA,NA,NA,NA,NA,NA,NA,NA,NA
Hakai-FC-015,Hakai-FC-015-ASV1-occ,MaterialSample,Engraulis mordax,4777,DNA sequence reads,4777,DNA sequence reads,Engraulis mordax,Seawater was collected using a Niskin bottle; For each sample ~1L of seawater was passed through 0.22um sterivex filter,http://www.ncbi.nlm.nih.gov/bioproject/1049344,BLAST annotation (0.96) against NCBI nr database,FC-015,"Girard, 1854",Species,Animalia,Chordata,Teleostei,Clupeiformes,Engraulidae,Engraulis,urn:lsid:marinespecies.org:taxname:272286,present,NA,NA,NA,NA,NA,NA,NA,NA,NA
Hakai-FC-016,Hakai-FC-016-ASV1-occ,MaterialSample,Engraulis mordax,152,DNA sequence reads,152,DNA sequence reads,Engraulis mordax,Seawater was collected using a Niskin bottle; For each sample ~1L of seawater was passed through 0.22um sterivex filter,http://www.ncbi.nlm.nih.gov/bioproject/1049344,BLAST annotation (0.96) against NCBI nr database,FC-016,"Girard, 1854",Species,Animalia,Chordata,Teleostei,Clupeiformes,Engraulidae,Engraulis,urn:lsid:marinespecies.org:taxname:272286,present,NA,NA,NA,NA,NA,NA,NA,NA,NA
Hakai-FC-017,Hakai-FC-017-ASV1-occ,MaterialSample,Engraulis mordax,17317,DNA sequence reads,17317,DNA sequence reads,Engraulis mordax,Seawater was collected using a Niskin bottle; For each sample ~1L of seawater was passed through 0.22um sterivex filter,http://www.ncbi.nlm.nih.gov/bioproject/1049344,BLAST annotation (0.96) against NCBI nr database,FC-017,"Girard, 1854",Species,Animalia,Chordata,Teleostei,Clupeiformes,Engraulidae,Engraulis,urn:lsid:marinespecies.org:taxname:272286,present,NA,NA,NA,NA,NA,NA,NA,NA,NA
Hakai-FC-018,Hakai-FC-018-ASV1-occ,MaterialSample,Engraulis mordax,27900,DNA sequence reads,27900,DNA sequence reads,Engraulis mordax,Seawater was collected using a Niskin bottle; For each sample ~1L of seawater was passed through 0.22um sterivex filter,http://www.ncbi.nlm.nih.gov/bioproject/1049344,BLAST annotation (0.96) against NCBI nr database,FC-018,"Girard, 1854",Species,Animalia,Chordata,Teleostei,Clupeiformes,Engraulidae,Engraulis,urn:lsid:marinespecies.org:taxname:272286,present,NA,NA,NA,NA,NA,NA,NA,NA,NA
Hakai-FC-019,Hakai-FC-019-ASV1-occ,MaterialSample,Engraulis mordax,35931,DNA sequence reads,35931,DNA sequence reads,Engraulis mordax,Seawater was collected using a Niskin bottle; For each sample ~1L of seawater was passed through 0.22um sterivex filter,http://www.ncbi.nlm.nih.gov/bioproject/1049344,BLAST annotation (0.96) against NCBI nr database,FC-019,"Girard, 1854",Species,Animalia,Chordata,Teleostei,Clupeiformes,Engraulidae,Engraulis,urn:lsid:marinespecies.org:taxname:272286,present,NA,NA,NA,NA,NA,NA,NA,NA,NA
Hakai-FC-020,Hakai-FC-020-ASV1-occ,MaterialSample,Engraulis mordax,54190,DNA sequence reads,54190,DNA sequence reads,Engraulis mordax,Seawater was collected using a Niskin bottle; For each sample ~1L of seawater was passed through 0.22um sterivex filter,http://www.ncbi.nlm.nih.gov/bioproject/1049344,BLAST annotation (0.96) against NCBI nr database,FC-020,"Girard, 1854",Species,Animalia,Chordata,Teleostei,Clupeiformes,Engraulidae,Engraulis,urn:lsid:marinespecies.org:taxname:272286,present,NA,NA,NA,NA,NA,NA,NA,NA,NA
Hakai-FC-021,Hakai-FC-021-ASV1-occ,MaterialSample,Engraulis mordax,97295,DNA sequence reads,97295,DNA sequence reads,Engraulis mordax,Seawater was collected using a Niskin bottle; For each sample ~1L of seawater was passed through 0.22um sterivex filter,http://www.ncbi.nlm.nih.gov/bioproject/1049344,BLAST annotation (0.96) against NCBI nr database,FC-021,"Girard, 1854",Species,Animalia,Chordata,Teleostei,Clupeiformes,Engraulidae,Engraulis,urn:lsid:marinespecies.org:taxname:272286,present,NA,NA,NA,NA,NA,NA,NA,NA,NA
Hakai-FC-022,Hakai-FC-022-ASV1-occ,MaterialSample,Engraulis mordax,84312,DNA sequence reads,84312,DNA sequence reads,Engraulis mordax,Seawater was collected using a Niskin bottle; For each sample ~1L of seawater was passed through 0.22um sterivex filter,http://www.ncbi.nlm.nih.gov/bioproject/1049344,BLAST annotation (0.96) against NCBI nr database,FC-022,"Girard, 1854",Species,Animalia,Chordata,Teleostei,Clupeiformes,Engraulidae,Engraulis,urn:lsid:marinespecies.org:taxname:272286,present,NA,NA,NA,NA,NA,NA,NA,NA,NA
Hakai-FC-024,Hakai-FC-024-ASV1-occ,MaterialSample,Engraulis mordax,81,DNA sequence reads,81,DNA sequence reads,Engraulis mordax,Seawater was collected using a Niskin bottle; For each sample ~1L of seawater was passed through 0.22um sterivex filter,http://www.ncbi.nlm.nih.gov/bioproject/1049344,BLAST annotation (0.96) against NCBI nr database,FC-024,"Girard, 1854",Species,Animalia,Chordata,Teleostei,Clupeiformes,Engraulidae,Engraulis,urn:lsid:marinespecies.org:taxname:272286,present,NA,NA,NA,NA,NA,NA,NA,NA,NA
Hakai-FC-027,Hakai-FC-027-ASV1-occ,MaterialSample,Engraulis mordax,18537,DNA sequence reads,18537,DNA sequence reads,Engraulis mordax,Seawater was collected using a Niskin bottle; For each sample ~1L of seawater was passed through 0.22um sterivex filter,http://www.ncbi.nlm.nih.gov/bioproject/1049344,BLAST annotation (0.96) against NCBI nr database,FC-027,"Girard, 1854",Species,Animalia,Chordata,Teleostei,Clupeiformes,Engraulidae,Engraulis,urn:lsid:marinespecies.org:taxname:272286,present,NA,NA,NA,NA,NA,NA,NA,NA,NA
Hakai-FC-028,Hakai-FC-028-ASV1-occ,MaterialSample,Engraulis mordax,35,DNA sequence reads,35,DNA sequence reads,Engraulis mordax,Seawater was collected using a Niskin bottle; For each sample ~1L of seawater was passed through 0.22um sterivex filter,http://www.ncbi.nlm.nih.gov/bioproject/1049344,BLAST annotation (0.96) against NCBI nr database,FC-028,"Girard, 1854",Species,Animalia,Chordata,Teleostei,Clupeiformes,Engraulidae,Engraulis,urn:lsid:marinespecies.org:taxname:272286,present,NA,NA,NA,NA,NA,NA,NA,NA,NA
Hakai-FC-029,Hakai-FC-029-ASV1-occ,MaterialSample,Engraulis mordax,34038,DNA sequence reads,34038,DNA sequence reads,Engraulis mordax,Seawater was collected using a Niskin bottle; For each sample ~1L of seawater was passed through 0.22um sterivex filter,http://www.ncbi.nlm.nih.gov/bioproject/1049344,BLAST annotation (0.96) against NCBI nr database,FC-029,"Girard, 1854",Species,Animalia,Chordata,Teleostei,Clupeiformes,Engraulidae,Engraulis,urn:lsid:marinespecies.org:taxname:272286,present,NA,NA,NA,NA,NA,NA,NA,NA,NA
Hakai-FC-030,Hakai-FC-030-ASV1-occ,MaterialSample,Engraulis mordax,73,DNA sequence reads,73,DNA sequence reads,Engraulis mordax,Seawater was collected using a Niskin bottle; For each sample ~1L of seawater was passed through 0.22um sterivex filter,http://www.ncbi.nlm.nih.gov/bioproject/1049344,BLAST annotation (0.96) against NCBI nr database,FC-030,"Girard, 1854",Species,Animalia,Chordata,Teleostei,Clupeiformes,Engraulidae,Engraulis,urn:lsid:marinespecies.org:taxname:272286,present,NA,NA,NA,NA,NA,NA,NA,NA,NA
Hakai-FC-031,Hakai-FC-031-ASV1-occ,MaterialSample,Engraulis mordax,40651,DNA sequence reads,40651,DNA sequence reads,Engraulis mordax,Seawater was collected using a Niskin bottle; For each sample ~1L of seawater was passed through 0.22um sterivex filter,http://www.ncbi.nlm.nih.gov/bioproject/1049344,BLAST annotation (0.96) against NCBI nr database,FC-031,"Girard, 1854",Species,Animalia,Chordata,Teleostei,Clupeiformes,Engraulidae,Engraulis,urn:lsid:marinespecies.org:taxname:272286,present,NA,NA,NA,NA,NA,NA,NA,NA,NA
Hakai-FC-033,Hakai-FC-033-ASV1-occ,MaterialSample,Engraulis mordax,54397,DNA sequence reads,54397,DNA sequence reads,Engraulis mordax,Seawater was collected using a Niskin bottle; For each sample ~1L of seawater was passed through 0.22um sterivex filter,http://www.ncbi.nlm.nih.gov/bioproject/1049344,BLAST annotation (0.96) against NCBI nr database,FC-033,"Girard, 1854",Species,Animalia,Chordata,Teleostei,Clupeiformes,Engraulidae,Engraulis,urn:lsid:marinespecies.org:taxname:272286,present,NA,NA,NA,NA,NA,NA,NA,NA,NA
Hakai-FC-034,Hakai-FC-034-ASV1-occ,MaterialSample,Engraulis mordax,91722,DNA sequence reads,91722,DNA sequence reads,Engraulis mordax,Seawater was collected using a Niskin bottle; For each sample ~1L of seawater was passed through 0.22um sterivex filter,http://www.ncbi.nlm.nih.gov/bioproject/1049344,BLAST annotation (0.96) against NCBI nr database,FC-034,"Girard, 1854",Species,Animalia,Chordata,Teleostei,Clupeiformes,Engraulidae,Engraulis,urn:lsid:marinespecies.org:taxname:272286,present,NA,NA,NA,NA,NA,NA,NA,NA,NA
Hakai-FC-035,Hakai-FC-035-ASV1-occ,MaterialSample,Engraulis mordax,145,DNA sequence reads,145,DNA sequence reads,Engraulis mordax,Seawater was collected using a Niskin bottle; For each sample ~1L of seawater was passed through 0.22um sterivex filter,http://www.ncbi.nlm.nih.gov/bioproject/1049344,BLAST annotation (0.96) against NCBI nr database,FC-035,"Girard, 1854",Species,Animalia,Chordata,Teleostei,Clupeiformes,Engraulidae,Engraulis,urn:lsid:marinespecies.org:taxname:272286,present,NA,NA,NA,NA,NA,NA,NA,NA,NA
Hakai-FC-037,Hakai-FC-037-ASV1-occ,MaterialSample,Engraulis mordax,73049,DNA sequence reads,73049,DNA sequence reads,Engraulis mordax,Seawater was collected using a Niskin bottle; For each sample ~1L of seawater was passed through 0.22um sterivex filter,http://www.ncbi.nlm.nih.gov/bioproject/1049344,BLAST annotation (0.96) against NCBI nr database,FC-037,"Girard, 1854",Species,Animalia,Chordata,Teleostei,Clupeiformes,Engraulidae,Engraulis,urn:lsid:marinespecies.org:taxname:272286,present,NA,NA,NA,NA,NA,NA,NA,NA,NA
Hakai-FC-038,Hakai-FC-038-ASV1-occ,MaterialSample,Engraulis mordax,155,DNA sequence reads,155,DNA sequence reads,Engraulis mordax,Seawater was collected using a Niskin bottle; For each sample ~1L of seawater was passed through 0.22um sterivex filter,http://www.ncbi.nlm.nih.gov/bioproject/1049344,BLAST annotation (0.96) against NCBI nr database,FC-038,"Girard, 1854",Species,Animalia,Chordata,Teleostei,Clupeiformes,Engraulidae,Engraulis,urn:lsid:marinespecies.org:taxname:272286,present,NA,NA,NA,NA,NA,NA,NA,NA,NA
Hakai-FC-040,Hakai-FC-040-ASV1-occ,MaterialSample,Engraulis mordax,115447,DNA sequence reads,115447,DNA sequence reads,Engraulis mordax,Seawater was collected using a Niskin bottle; For each sample ~1L of seawater was passed through 0.22um sterivex filter,http://www.ncbi.nlm.nih.gov/bioproject/1049344,BLAST annotation (0.96) against NCBI nr database,FC-040,"Girard, 1854",Species,Animalia,Chordata,Teleostei,Clupeiformes,Engraulidae,Engraulis,urn:lsid:marinespecies.org:taxname:272286,present,NA,NA,NA,NA,NA,NA,NA,NA,NA
Hakai-FC-041,Hakai-FC-041-ASV1-occ,MaterialSample,Engraulis mordax,47929,DNA sequence reads,47929,DNA sequence reads,Engraulis mordax,Seawater was collected using a Niskin bottle; For each sample ~1L of seawater was passed through 0.22um sterivex filter,http://www.ncbi.nlm.nih.gov/bioproject/1049344,BLAST annotation (0.96) against NCBI nr database,FC-041,"Girard, 1854",Species,Animalia,Chordata,Teleostei,Clupeiformes,Engraulidae,Engraulis,urn:lsid:marinespecies.org:taxname:272286,present,NA,NA,NA,NA,NA,NA,NA,NA,NA
Hakai-FC-042,Hakai-FC-042-ASV1-occ,MaterialSample,Engraulis mordax,127,DNA sequence reads,127,DNA sequence reads,Engraulis mordax,Seawater was collected using a Niskin bottle; For each sample ~1L of seawater was passed through 0.22um sterivex filter,http://www.ncbi.nlm.nih.gov/bioproject/1049344,BLAST annotation (0.96) against NCBI nr database,FC-042,"Girard, 1854",Species,Animalia,Chordata,Teleostei,Clupeiformes,Engraulidae,Engraulis,urn:lsid:marinespecies.org:taxname:272286,present,NA,NA,NA,NA,NA,NA,NA,NA,NA
Hakai-FC-043,Hakai-FC-043-ASV1-occ,MaterialSample,Engraulis mordax,28142,DNA sequence reads,28142,DNA sequence reads,Engraulis mordax,Seawater was collected using a Niskin bottle; For each sample ~1L of seawater was passed through 0.22um sterivex filter,http://www.ncbi.nlm.nih.gov/bioproject/1049344,BLAST annotation (0.96) against NCBI nr database,FC-043,"Girard, 1854",Species,Animalia,Chordata,Teleostei,Clupeiformes,Engraulidae,Engraulis,urn:lsid:marinespecies.org:taxname:272286,present,NA,NA,NA,NA,NA,NA,NA,NA,NA
Hakai-FC-044,Hakai-FC-044-ASV1-occ,MaterialSample,Engraulis mordax,32,DNA sequence reads,32,DNA sequence reads,Engraulis mordax,Seawater was collected using a Niskin bottle; For each sample ~1L of seawater was passed through 0.22um sterivex filter,http://www.ncbi.nlm.nih.gov/bioproject/1049344,BLAST annotation (0.96) against NCBI nr database,FC-044,"Girard, 1854",Species,Animalia,Chordata,Teleostei,Clupeiformes,Engraulidae,Engraulis,urn:lsid:marinespecies.org:taxname:272286,present,NA,NA,NA,NA,NA,NA,NA,NA,NA
Hakai-FC-045,Hakai-FC-045-ASV1-occ,MaterialSample,Engraulis mordax,54871,DNA sequence reads,54871,DNA sequence reads,Engraulis mordax,Seawater was collected using a Niskin bottle; For each sample ~1L of seawater was passed through 0.22um sterivex filter,http://www.ncbi.nlm.nih.gov/bioproject/1049344,BLAST annotation (0.96) against NCBI nr database,FC-045,"Girard, 1854",Species,Animalia,Chordata,Teleostei,Clupeiformes,Engraulidae,Engraulis,urn:lsid:marinespecies.org:taxname:272286,present,NA,NA,NA,NA,NA,NA,NA,NA,NA
Hakai-FC-046,Hakai-FC-046-ASV1-occ,MaterialSample,Engraulis mordax,98983,DNA sequence reads,98983,DNA sequence reads,Engraulis mordax,Seawater was collected using a Niskin bottle; For each sample ~1L of seawater was passed through 0.22um sterivex filter,http://www.ncbi.nlm.nih.gov/bioproject/1049344,BLAST annotation (0.96) against NCBI nr database,FC-046,"Girard, 1854",Species,Animalia,Chordata,Teleostei,Clupeiformes,Engraulidae,Engraulis,urn:lsid:marinespecies.org:taxname:272286,present,NA,NA,NA,NA,NA,NA,NA,NA,NA
Hakai-FC-047,Hakai-FC-047-ASV1-occ,MaterialSample,Engraulis mordax,41524,DNA sequence reads,41524,DNA sequence reads,Engraulis mordax,Seawater was collected using a Niskin bottle; For each sample ~1L of seawater was passed through 0.22um sterivex filter,http://www.ncbi.nlm.nih.gov/bioproject/1049344,BLAST annotation (0.96) against NCBI nr database,FC-047,"Girard, 1854",Species,Animalia,Chordata,Teleostei,Clupeiformes,Engraulidae,Engraulis,urn:lsid:marinespecies.org:taxname:272286,present,NA,NA,NA,NA,NA,NA,NA,NA,NA
Hakai-FC-048,Hakai-FC-048-ASV1-occ,MaterialSample,Engraulis mordax,126,DNA sequence reads,126,DNA sequence reads,Engraulis mordax,Seawater was collected using a Niskin bottle; For each sample ~1L of seawater was passed through 0.22um sterivex filter,http://www.ncbi.nlm.nih.gov/bioproject/1049344,BLAST annotation (0.96) against NCBI nr database,FC-048,"Girard, 1854",Species,Animalia,Chordata,Teleostei,Clupeiformes,Engraulidae,Engraulis,urn:lsid:marinespecies.org:taxname:272286,present,NA,NA,NA,NA,NA,NA,NA,NA,NA
Hakai-FC-049,Hakai-FC-049-ASV1-occ,MaterialSample,Engraulis mordax,188163,DNA sequence reads,188163,DNA sequence reads,Engraulis mordax,Seawater was collected using a Niskin bottle; For each sample ~1L of seawater was passed through 0.22um sterivex filter,http://www.ncbi.nlm.nih.gov/bioproject/1049344,BLAST annotation (0.96) against NCBI nr database,FC-049,"Girard, 1854",Species,Animalia,Chordata,Teleostei,Clupeiformes,Engraulidae,Engraulis,urn:lsid:marinespecies.org:taxname:272286,present,NA,NA,NA,NA,NA,NA,NA,NA,NA
Hakai-FC-050,Hakai-FC-050-ASV1-occ,MaterialSample,Engraulis mordax,48431,DNA sequence reads,48431,DNA sequence reads,Engraulis mordax,Seawater was collected using a Niskin bottle; For each sample ~1L of seawater was passed through 0.22um sterivex filter,http://www.ncbi.nlm.nih.gov/bioproject/1049344,BLAST annotation (0.96) against NCBI nr database,FC-050,"Girard, 1854",Species,Animalia,Chordata,Teleostei,Clupeiformes,Engraulidae,Engraulis,urn:lsid:marinespecies.org:taxname:272286,present,NA,NA,NA,NA,NA,NA,NA,NA,NA
Hakai-FC-051,Hakai-FC-051-ASV1-occ,MaterialSample,Engraulis mordax,92192,DNA sequence reads,92192,DNA sequence reads,Engraulis mordax,Seawater was collected using a Niskin bottle; For each sample ~1L of seawater was passed through 0.22um sterivex filter,http://www.ncbi.nlm.nih.gov/bioproject/1049344,BLAST annotation (0.96) against NCBI nr database,FC-051,"Girard, 1854",Species,Animalia,Chordata,Teleostei,Clupeiformes,Engraulidae,Engraulis,urn:lsid:marinespecies.org:taxname:272286,present,NA,NA,NA,NA,NA,NA,NA,NA,NA
Hakai-FC-052,Hakai-FC-052-ASV1-occ,MaterialSample,Engraulis mordax,55125,DNA sequence reads,55125,DNA sequence reads,Engraulis mordax,Seawater was collected using a Niskin bottle; For each sample ~1L of seawater was passed through 0.22um sterivex filter,http://www.ncbi.nlm.nih.gov/bioproject/1049344,BLAST annotation (0.96) against NCBI nr database,FC-052,"Girard, 1854",Species,Animalia,Chordata,Teleostei,Clupeiformes,Engraulidae,Engraulis,urn:lsid:marinespecies.org:taxname:272286,present,NA,NA,NA,NA,NA,NA,NA,NA,NA
Hakai-FC-053,Hakai-FC-053-ASV1-occ,MaterialSample,Engraulis mordax,45672,DNA sequence reads,45672,DNA sequence reads,Engraulis mordax,Seawater was collected using a Niskin bottle; For each sample ~1L of seawater was passed through 0.22um sterivex filter,http://www.ncbi.nlm.nih.gov/bioproject/1049344,BLAST annotation (0.96) against NCBI nr database,FC-053,"Girard, 1854",Species,Animalia,Chordata,Teleostei,Clupeiformes,Engraulidae,Engraulis,urn:lsid:marinespecies.org:taxname:272286,present,NA,NA,NA,NA,NA,NA,NA,NA,NA
Hakai-FC-054,Hakai-FC-054-ASV1-occ,MaterialSample,Engraulis mordax,450,DNA sequence reads,450,DNA sequence reads,Engraulis mordax,Seawater was collected using a Niskin bottle; For each sample ~1L of seawater was passed through 0.22um sterivex filter,http://www.ncbi.nlm.nih.gov/bioproject/1049344,BLAST annotation (0.96) against NCBI nr database,FC-054,"Girard, 1854",Species,Animalia,Chordata,Teleostei,Clupeiformes,Engraulidae,Engraulis,urn:lsid:marinespecies.org:taxname:272286,present,NA,NA,NA,NA,NA,NA,NA,NA,NA
Hakai-FC-055,Hakai-FC-055-ASV1-occ,MaterialSample,Engraulis mordax,12583,DNA sequence reads,12583,DNA sequence reads,Engraulis mordax,Seawater was collected using a Niskin bottle; For each sample ~1L of seawater was passed through 0.22um sterivex filter,http://www.ncbi.nlm.nih.gov/bioproject/1049344,BLAST annotation (0.96) against NCBI nr database,FC-055,"Girard, 1854",Species,Animalia,Chordata,Teleostei,Clupeiformes,Engraulidae,Engraulis,urn:lsid:marinespecies.org:taxname:272286,present,NA,NA,NA,NA,NA,NA,NA,NA,NA
Hakai-FC-056,Hakai-FC-056-ASV1-occ,MaterialSample,Engraulis mordax,620981,DNA sequence reads,620981,DNA sequence reads,Engraulis mordax,Seawater was collected using a Niskin bottle; For each sample ~1L of seawater was passed through 0.22um sterivex filter,http://www.ncbi.nlm.nih.gov/bioproject/1049344,BLAST annotation (0.96) against NCBI nr database,FC-056,"Girard, 1854",Species,Animalia,Chordata,Teleostei,Clupeiformes,Engraulidae,Engraulis,urn:lsid:marinespecies.org:taxname:272286,present,NA,NA,NA,NA,NA,NA,NA,NA,NA
Hakai-FC-057,Hakai-FC-057-ASV1-occ,MaterialSample,Engraulis mordax,72521,DNA sequence reads,72521,DNA sequence reads,Engraulis mordax,Seawater was collected using a Niskin bottle; For each sample ~1L of seawater was passed through 0.22um sterivex filter,http://www.ncbi.nlm.nih.gov/bioproject/1049344,BLAST annotation (0.96) against NCBI nr database,FC-057,"Girard, 1854",Species,Animalia,Chordata,Teleostei,Clupeiformes,Engraulidae,Engraulis,urn:lsid:marinespecies.org:taxname:272286,present,NA,NA,NA,NA,NA,NA,NA,NA,NA
Hakai-FC-059,Hakai-FC-059-ASV1-occ,MaterialSample,Engraulis mordax,42349,DNA sequence reads,42349,DNA sequence reads,Engraulis mordax,Seawater was collected using a Niskin bottle; For each sample ~1L of seawater was passed through 0.22um sterivex filter,http://www.ncbi.nlm.nih.gov/bioproject/1049344,BLAST annotation (0.96) against NCBI nr database,FC-059,"Girard, 1854",Species,Animalia,Chordata,Teleostei,Clupeiformes,Engraulidae,Engraulis,urn:lsid:marinespecies.org:taxname:272286,present,NA,NA,NA,NA,NA,NA,NA,NA,NA
Hakai-FC-060,Hakai-FC-060-ASV1-occ,MaterialSample,Engraulis mordax,54,DNA sequence reads,54,DNA sequence reads,Engraulis mordax,Seawater was collected using a Niskin bottle; For each sample ~1L of seawater was passed through 0.22um sterivex filter,http://www.ncbi.nlm.nih.gov/bioproject/1049344,BLAST annotation (0.96) against NCBI nr database,FC-060,"Girard, 1854",Species,Animalia,Chordata,Teleostei,Clupeiformes,Engraulidae,Engraulis,urn:lsid:marinespecies.org:taxname:272286,present,NA,NA,NA,NA,NA,NA,NA,NA,NA
Hakai-FC-061,Hakai-FC-061-ASV1-occ,MaterialSample,Engraulis mordax,57411,DNA sequence reads,57411,DNA sequence reads,Engraulis mordax,Seawater was collected using a Niskin bottle; For each sample ~1L of seawater was passed through 0.22um sterivex filter,http://www.ncbi.nlm.nih.gov/bioproject/1049344,BLAST annotation (0.96) against NCBI nr database,FC-061,"Girard, 1854",Species,Animalia,Chordata,Teleostei,Clupeiformes,Engraulidae,Engraulis,urn:lsid:marinespecies.org:taxname:272286,present,NA,NA,NA,NA,NA,NA,NA,NA,NA
Hakai-FC-062,Hakai-FC-062-ASV1-occ,MaterialSample,Engraulis mordax,69608,DNA sequence reads,69608,DNA sequence reads,Engraulis mordax,Seawater was collected using a Niskin bottle; For each sample ~1L of seawater was passed through 0.22um sterivex filter,http://www.ncbi.nlm.nih.gov/bioproject/1049344,BLAST annotation (0.96) against NCBI nr database,FC-062,"Girard, 1854",Species,Animalia,Chordata,Teleostei,Clupeiformes,Engraulidae,Engraulis,urn:lsid:marinespecies.org:taxname:272286,present,NA,NA,NA,NA,NA,NA,NA,NA,NA
Hakai-FC-063,Hakai-FC-063-ASV1-occ,MaterialSample,Engraulis mordax,51207,DNA sequence reads,51207,DNA sequence reads,Engraulis mordax,Seawater was collected using a Niskin bottle; For each sample ~1L of seawater was passed through 0.22um sterivex filter,http://www.ncbi.nlm.nih.gov/bioproject/1049344,BLAST annotation (0.96) against NCBI nr database,FC-063,"Girard, 1854",Species,Animalia,Chordata,Teleostei,Clupeiformes,Engraulidae,Engraulis,urn:lsid:marinespecies.org:taxname:272286,present,NA,NA,NA,NA,NA,NA,NA,NA,NA
Hakai-FC-064,Hakai-FC-064-ASV1-occ,MaterialSample,Engraulis mordax,159,DNA sequence reads,159,DNA sequence reads,Engraulis mordax,Seawater was collected using a Niskin bottle; For each sample ~1L of seawater was passed through 0.22um sterivex filter,http://www.ncbi.nlm.nih.gov/bioproject/1049344,BLAST annotation (0.96) against NCBI nr database,FC-064,"Girard, 1854",Species,Animalia,Chordata,Teleostei,Clupeiformes,Engraulidae,Engraulis,urn:lsid:marinespecies.org:taxname:272286,present,NA,NA,NA,NA,NA,NA,NA,NA,NA
Hakai-FC-065,Hakai-FC-065-ASV1-occ,MaterialSample,Engraulis mordax,84,DNA sequence reads,84,DNA sequence reads,Engraulis mordax,Seawater was collected using a Niskin bottle; For each sample ~1L of seawater was passed through 0.22um sterivex filter,http://www.ncbi.nlm.nih.gov/bioproject/1049344,BLAST annotation (0.96) against NCBI nr database,FC-065,"Girard, 1854",Species,Animalia,Chordata,Teleostei,Clupeiformes,Engraulidae,Engraulis,urn:lsid:marinespecies.org:taxname:272286,present,NA,NA,NA,NA,NA,NA,NA,NA,NA
Hakai-FC-066,Hakai-FC-066-ASV1-occ,MaterialSample,Engraulis mordax,59417,DNA sequence reads,59417,DNA sequence reads,Engraulis mordax,Seawater was collected using a Niskin bottle; For each sample ~1L of seawater was passed through 0.22um sterivex filter,http://www.ncbi.nlm.nih.gov/bioproject/1049344,BLAST annotation (0.96) against NCBI nr database,FC-066,"Girard, 1854",Species,Animalia,Chordata,Teleostei,Clupeiformes,Engraulidae,Engraulis,urn:lsid:marinespecies.org:taxname:272286,present,NA,NA,NA,NA,NA,NA,NA,NA,NA
Hakai-FC-067,Hakai-FC-067-ASV1-occ,MaterialSample,Engraulis mordax,22516,DNA sequence reads,22516,DNA sequence reads,Engraulis mordax,Seawater was collected using a Niskin bottle; For each sample ~1L of seawater was passed through 0.22um sterivex filter,http://www.ncbi.nlm.nih.gov/bioproject/1049344,BLAST annotation (0.96) against NCBI nr database,FC-067,"Girard, 1854",Species,Animalia,Chordata,Teleostei,Clupeiformes,Engraulidae,Engraulis,urn:lsid:marinespecies.org:taxname:272286,present,NA,NA,NA,NA,NA,NA,NA,NA,NA
Hakai-FC-068,Hakai-FC-068-ASV1-occ,MaterialSample,Engraulis mordax,38,DNA sequence reads,38,DNA sequence reads,Engraulis mordax,Seawater was collected using a Niskin bottle; For each sample ~1L of seawater was passed through 0.22um sterivex filter,http://www.ncbi.nlm.nih.gov/bioproject/1049344,BLAST annotation (0.96) against NCBI nr database,FC-068,"Girard, 1854",Species,Animalia,Chordata,Teleostei,Clupeiformes,Engraulidae,Engraulis,urn:lsid:marinespecies.org:taxname:272286,present,NA,NA,NA,NA,NA,NA,NA,NA,NA
Hakai-FC-069,Hakai-FC-069-ASV1-occ,MaterialSample,Engraulis mordax,48105,DNA sequence reads,48105,DNA sequence reads,Engraulis mordax,Seawater was collected using a Niskin bottle; For each sample ~1L of seawater was passed through 0.22um sterivex filter,http://www.ncbi.nlm.nih.gov/bioproject/1049344,BLAST annotation (0.96) against NCBI nr database,FC-069,"Girard, 1854",Species,Animalia,Chordata,Teleostei,Clupeiformes,Engraulidae,Engraulis,urn:lsid:marinespecies.org:taxname:272286,present,NA,NA,NA,NA,NA,NA,NA,NA,NA
Hakai-FC-070,Hakai-FC-070-ASV1-occ,MaterialSample,Engraulis mordax,115493,DNA sequence reads,115493,DNA sequence reads,Engraulis mordax,Seawater was collected using a Niskin bottle; For each sample ~1L of seawater was passed through 0.22um sterivex filter,http://www.ncbi.nlm.nih.gov/bioproject/1049344,BLAST annotation (0.96) against NCBI nr database,FC-070,"Girard, 1854",Species,Animalia,Chordata,Teleostei,Clupeiformes,Engraulidae,Engraulis,urn:lsid:marinespecies.org:taxname:272286,present,NA,NA,NA,NA,NA,NA,NA,NA,NA
Hakai-FC-071,Hakai-FC-071-ASV1-occ,MaterialSample,Engraulis mordax,49,DNA sequence reads,49,DNA sequence reads,Engraulis mordax,Seawater was collected using a Niskin bottle; For each sample ~1L of seawater was passed through 0.22um sterivex filter,http://www.ncbi.nlm.nih.gov/bioproject/1049344,BLAST annotation (0.96) against NCBI nr database,FC-071,"Girard, 1854",Species,Animalia,Chordata,Teleostei,Clupeiformes,Engraulidae,Engraulis,urn:lsid:marinespecies.org:taxname:272286,present,NA,NA,NA,NA,NA,NA,NA,NA,NA
Hakai-FC-072,Hakai-FC-072-ASV1-occ,MaterialSample,Engraulis mordax,36092,DNA sequence reads,36092,DNA sequence reads,Engraulis mordax,Seawater was collected using a Niskin bottle; For each sample ~1L of seawater was passed through 0.22um sterivex filter,http://www.ncbi.nlm.nih.gov/bioproject/1049344,BLAST annotation (0.96) against NCBI nr database,FC-072,"Girard, 1854",Species,Animalia,Chordata,Teleostei,Clupeiformes,Engraulidae,Engraulis,urn:lsid:marinespecies.org:taxname:272286,present,NA,NA,NA,NA,NA,NA,NA,NA,NA
Hakai-FC-073,Hakai-FC-073-ASV1-occ,MaterialSample,Engraulis mordax,18101,DNA sequence reads,18101,DNA sequence reads,Engraulis mordax,Seawater was collected using a Niskin bottle; For each sample ~1L of seawater was passed through 0.22um sterivex filter,http://www.ncbi.nlm.nih.gov/bioproject/1049344,BLAST annotation (0.96) against NCBI nr database,FC-073,"Girard, 1854",Species,Animalia,Chordata,Teleostei,Clupeiformes,Engraulidae,Engraulis,urn:lsid:marinespecies.org:taxname:272286,present,NA,NA,NA,NA,NA,NA,NA,NA,NA
Hakai-FC-074,Hakai-FC-074-ASV1-occ,MaterialSample,Engraulis mordax,76848,DNA sequence reads,76848,DNA sequence reads,Engraulis mordax,Seawater was collected using a Niskin bottle; For each sample ~1L of seawater was passed through 0.22um sterivex filter,http://www.ncbi.nlm.nih.gov/bioproject/1049344,BLAST annotation (0.96) against NCBI nr database,FC-074,"Girard, 1854",Species,Animalia,Chordata,Teleostei,Clupeiformes,Engraulidae,Engraulis,urn:lsid:marinespecies.org:taxname:272286,present,NA,NA,NA,NA,NA,NA,NA,NA,NA
Hakai-FC-012,Hakai-FC-012-ASV8-occ,MaterialSample,Engraulis mordax,65403,DNA sequence reads,65403,DNA sequence reads,Engraulis mordax,Seawater was collected using a Niskin bottle; For each sample ~1L of seawater was passed through 0.22um sterivex filter,http://www.ncbi.nlm.nih.gov/bioproject/1049344,BLAST annotation (0.96) against NCBI nr database,FC-012,"Girard, 1854",Species,Animalia,Chordata,Teleostei,Clupeiformes,Engraulidae,Engraulis,urn:lsid:marinespecies.org:taxname:272286,present,NA,NA,NA,NA,NA,NA,NA,NA,NA
Hakai-FC-039,Hakai-FC-039-ASV8-occ,MaterialSample,Engraulis mordax,119122,DNA sequence reads,119122,DNA sequence reads,Engraulis mordax,Seawater was collected using a Niskin bottle; For each sample ~1L of seawater was passed through 0.22um sterivex filter,http://www.ncbi.nlm.nih.gov/bioproject/1049344,BLAST annotation (0.96) against NCBI nr database,FC-039,"Girard, 1854",Species,Animalia,Chordata,Teleostei,Clupeiformes,Engraulidae,Engraulis,urn:lsid:marinespecies.org:taxname:272286,present,NA,NA,NA,NA,NA,NA,NA,NA,NA
Hakai-FC-058,Hakai-FC-058-ASV8-occ,MaterialSample,Engraulis mordax,79454,DNA sequence reads,79454,DNA sequence reads,Engraulis mordax,Seawater was collected using a Niskin bottle; For each sample ~1L of seawater was passed through 0.22um sterivex filter,http://www.ncbi.nlm.nih.gov/bioproject/1049344,BLAST annotation (0.96) against NCBI nr database,FC-058,"Girard, 1854",Species,Animalia,Chordata,Teleostei,Clupeiformes,Engraulidae,Engraulis,urn:lsid:marinespecies.org:taxname:272286,present,NA,NA,NA,NA,NA,NA,NA,NA,NA
Hakai-FC-003,Hakai-FC-003-ASV14-occ,MaterialSample,Engraulis mordax,2008,DNA sequence reads,2008,DNA sequence reads,Engraulis mordax,Seawater was collected using a Niskin bottle; For each sample ~1L of seawater was passed through 0.22um sterivex filter,http://www.ncbi.nlm.nih.gov/bioproject/1049344,BLAST annotation (0.96) against NCBI nr database,FC-003,"Girard, 1854",Species,Animalia,Chordata,Teleostei,Clupeiformes,Engraulidae,Engraulis,urn:lsid:marinespecies.org:taxname:272286,present,NA,NA,NA,NA,NA,NA,NA,NA,NA
Hakai-FC-005,Hakai-FC-005-ASV14-occ,MaterialSample,Engraulis mordax,3348,DNA sequence reads,3348,DNA sequence reads,Engraulis mordax,Seawater was collected using a Niskin bottle; For each sample ~1L of seawater was passed through 0.22um sterivex filter,http://www.ncbi.nlm.nih.gov/bioproject/1049344,BLAST annotation (0.96) against NCBI nr database,FC-005,"Girard, 1854",Species,Animalia,Chordata,Teleostei,Clupeiformes,Engraulidae,Engraulis,urn:lsid:marinespecies.org:taxname:272286,present,NA,NA,NA,NA,NA,NA,NA,NA,NA
Hakai-FC-006,Hakai-FC-006-ASV14-occ,MaterialSample,Engraulis mordax,817,DNA sequence reads,817,DNA sequence reads,Engraulis mordax,Seawater was collected using a Niskin bottle; For each sample ~1L of seawater was passed through 0.22um sterivex filter,http://www.ncbi.nlm.nih.gov/bioproject/1049344,BLAST annotation (0.96) against NCBI nr database,FC-006,"Girard, 1854",Species,Animalia,Chordata,Teleostei,Clupeiformes,Engraulidae,Engraulis,urn:lsid:marinespecies.org:taxname:272286,present,NA,NA,NA,NA,NA,NA,NA,NA,NA
Hakai-FC-007,Hakai-FC-007-ASV14-occ,MaterialSample,Engraulis mordax,501,DNA sequence reads,501,DNA sequence reads,Engraulis mordax,Seawater was collected using a Niskin bottle; For each sample ~1L of seawater was passed through 0.22um sterivex filter,http://www.ncbi.nlm.nih.gov/bioproject/1049344,BLAST annotation (0.96) against NCBI nr database,FC-007,"Girard, 1854",Species,Animalia,Chordata,Teleostei,Clupeiformes,Engraulidae,Engraulis,urn:lsid:marinespecies.org:taxname:272286,present,NA,NA,NA,NA,NA,NA,NA,NA,NA
Hakai-FC-009,Hakai-FC-009-ASV14-occ,MaterialSample,Engraulis mordax,2159,DNA sequence reads,2159,DNA sequence reads,Engraulis mordax,Seawater was collected using a Niskin bottle; For each sample ~1L of seawater was passed through 0.22um sterivex filter,http://www.ncbi.nlm.nih.gov/bioproject/1049344,BLAST annotation (0.96) against NCBI nr database,FC-009,"Girard, 1854",Species,Animalia,Chordata,Teleostei,Clupeiformes,Engraulidae,Engraulis,urn:lsid:marinespecies.org:taxname:272286,present,NA,NA,NA,NA,NA,NA,NA,NA,NA
Hakai-FC-011,Hakai-FC-011-ASV14-occ,MaterialSample,Engraulis mordax,1254,DNA sequence reads,1254,DNA sequence reads,Engraulis mordax,Seawater was collected using a Niskin bottle; For each sample ~1L of seawater was passed through 0.22um sterivex filter,http://www.ncbi.nlm.nih.gov/bioproject/1049344,BLAST annotation (0.96) against NCBI nr database,FC-011,"Girard, 1854",Species,Animalia,Chordata,Teleostei,Clupeiformes,Engraulidae,Engraulis,urn:lsid:marinespecies.org:taxname:272286,present,NA,NA,NA,NA,NA,NA,NA,NA,NA
Hakai-FC-013,Hakai-FC-013-ASV14-occ,MaterialSample,Engraulis mordax,470,DNA sequence reads,470,DNA sequence reads,Engraulis mordax,Seawater was collected using a Niskin bottle; For each sample ~1L of seawater was passed through 0.22um sterivex filter,http://www.ncbi.nlm.nih.gov/bioproject/1049344,BLAST annotation (0.96) against NCBI nr database,FC-013,"Girard, 1854",Species,Animalia,Chordata,Teleostei,Clupeiformes,Engraulidae,Engraulis,urn:lsid:marinespecies.org:taxname:272286,present,NA,NA,NA,NA,NA,NA,NA,NA,NA
Hakai-FC-014,Hakai-FC-014-ASV14-occ,MaterialSample,Engraulis mordax,869,DNA sequence reads,869,DNA sequence reads,Engraulis mordax,Seawater was collected using a Niskin bottle; For each sample ~1L of seawater was passed through 0.22um sterivex filter,http://www.ncbi.nlm.nih.gov/bioproject/1049344,BLAST annotation (0.96) against NCBI nr database,FC-014,"Girard, 1854",Species,Animalia,Chordata,Teleostei,Clupeiformes,Engraulidae,Engraulis,urn:lsid:marinespecies.org:taxname:272286,present,NA,NA,NA,NA,NA,NA,NA,NA,NA
Hakai-FC-015,Hakai-FC-015-ASV14-occ,MaterialSample,Engraulis mordax,145,DNA sequence reads,145,DNA sequence reads,Engraulis mordax,Seawater was collected using a Niskin bottle; For each sample ~1L of seawater was passed through 0.22um sterivex filter,http://www.ncbi.nlm.nih.gov/bioproject/1049344,BLAST annotation (0.96) against NCBI nr database,FC-015,"Girard, 1854",Species,Animalia,Chordata,Teleostei,Clupeiformes,Engraulidae,Engraulis,urn:lsid:marinespecies.org:taxname:272286,present,NA,NA,NA,NA,NA,NA,NA,NA,NA
Hakai-FC-017,Hakai-FC-017-ASV14-occ,MaterialSample,Engraulis mordax,516,DNA sequence reads,516,DNA sequence reads,Engraulis mordax,Seawater was collected using a Niskin bottle; For each sample ~1L of seawater was passed through 0.22um sterivex filter,http://www.ncbi.nlm.nih.gov/bioproject/1049344,BLAST annotation (0.96) against NCBI nr database,FC-017,"Girard, 1854",Species,Animalia,Chordata,Teleostei,Clupeiformes,Engraulidae,Engraulis,urn:lsid:marinespecies.org:taxname:272286,present,NA,NA,NA,NA,NA,NA,NA,NA,NA
Hakai-FC-018,Hakai-FC-018-ASV14-occ,MaterialSample,Engraulis mordax,852,DNA sequence reads,852,DNA sequence reads,Engraulis mordax,Seawater was collected using a Niskin bottle; For each sample ~1L of seawater was passed through 0.22um sterivex filter,http://www.ncbi.nlm.nih.gov/bioproject/1049344,BLAST annotation (0.96) against NCBI nr database,FC-018,"Girard, 1854",Species,Animalia,Chordata,Teleostei,Clupeiformes,Engraulidae,Engraulis,urn:lsid:marinespecies.org:taxname:272286,present,NA,NA,NA,NA,NA,NA,NA,NA,NA
Hakai-FC-019,Hakai-FC-019-ASV14-occ,MaterialSample,Engraulis mordax,1068,DNA sequence reads,1068,DNA sequence reads,Engraulis mordax,Seawater was collected using a Niskin bottle; For each sample ~1L of seawater was passed through 0.22um sterivex filter,http://www.ncbi.nlm.nih.gov/bioproject/1049344,BLAST annotation (0.96) against NCBI nr database,FC-019,"Girard, 1854",Species,Animalia,Chordata,Teleostei,Clupeiformes,Engraulidae,Engraulis,urn:lsid:marinespecies.org:taxname:272286,present,NA,NA,NA,NA,NA,NA,NA,NA,NA
Hakai-FC-020,Hakai-FC-020-ASV14-occ,MaterialSample,Engraulis mordax,1558,DNA sequence reads,1558,DNA sequence reads,Engraulis mordax,Seawater was collected using a Niskin bottle; For each sample ~1L of seawater was passed through 0.22um sterivex filter,http://www.ncbi.nlm.nih.gov/bioproject/1049344,BLAST annotation (0.96) against NCBI nr database,FC-020,"Girard, 1854",Species,Animalia,Chordata,Teleostei,Clupeiformes,Engraulidae,Engraulis,urn:lsid:marinespecies.org:taxname:272286,present,NA,NA,NA,NA,NA,NA,NA,NA,NA
Hakai-FC-021,Hakai-FC-021-ASV14-occ,MaterialSample,Engraulis mordax,2850,DNA sequence reads,2850,DNA sequence reads,Engraulis mordax,Seawater was collected using a Niskin bottle; For each sample ~1L of seawater was passed through 0.22um sterivex filter,http://www.ncbi.nlm.nih.gov/bioproject/1049344,BLAST annotation (0.96) against NCBI nr database,FC-021,"Girard, 1854",Species,Animalia,Chordata,Teleostei,Clupeiformes,Engraulidae,Engraulis,urn:lsid:marinespecies.org:taxname:272286,present,NA,NA,NA,NA,NA,NA,NA,NA,NA
Hakai-FC-022,Hakai-FC-022-ASV14-occ,MaterialSample,Engraulis mordax,2466,DNA sequence reads,2466,DNA sequence reads,Engraulis mordax,Seawater was collected using a Niskin bottle; For each sample ~1L of seawater was passed through 0.22um sterivex filter,http://www.ncbi.nlm.nih.gov/bioproject/1049344,BLAST annotation (0.96) against NCBI nr database,FC-022,"Girard, 1854",Species,Animalia,Chordata,Teleostei,Clupeiformes,Engraulidae,Engraulis,urn:lsid:marinespecies.org:taxname:272286,present,NA,NA,NA,NA,NA,NA,NA,NA,NA
Hakai-FC-027,Hakai-FC-027-ASV14-occ,MaterialSample,Engraulis mordax,473,DNA sequence reads,473,DNA sequence reads,Engraulis mordax,Seawater was collected using a Niskin bottle; For each sample ~1L of seawater was passed through 0.22um sterivex filter,http://www.ncbi.nlm.nih.gov/bioproject/1049344,BLAST annotation (0.96) against NCBI nr database,FC-027,"Girard, 1854",Species,Animalia,Chordata,Teleostei,Clupeiformes,Engraulidae,Engraulis,urn:lsid:marinespecies.org:taxname:272286,present,NA,NA,NA,NA,NA,NA,NA,NA,NA
Hakai-FC-029,Hakai-FC-029-ASV14-occ,MaterialSample,Engraulis mordax,1025,DNA sequence reads,1025,DNA sequence reads,Engraulis mordax,Seawater was collected using a Niskin bottle; For each sample ~1L of seawater was passed through 0.22um sterivex filter,http://www.ncbi.nlm.nih.gov/bioproject/1049344,BLAST annotation (0.96) against NCBI nr database,FC-029,"Girard, 1854",Species,Animalia,Chordata,Teleostei,Clupeiformes,Engraulidae,Engraulis,urn:lsid:marinespecies.org:taxname:272286,present,NA,NA,NA,NA,NA,NA,NA,NA,NA
Hakai-FC-031,Hakai-FC-031-ASV14-occ,MaterialSample,Engraulis mordax,1076,DNA sequence reads,1076,DNA sequence reads,Engraulis mordax,Seawater was collected using a Niskin bottle; For each sample ~1L of seawater was passed through 0.22um sterivex filter,http://www.ncbi.nlm.nih.gov/bioproject/1049344,BLAST annotation (0.96) against NCBI nr database,FC-031,"Girard, 1854",Species,Animalia,Chordata,Teleostei,Clupeiformes,Engraulidae,Engraulis,urn:lsid:marinespecies.org:taxname:272286,present,NA,NA,NA,NA,NA,NA,NA,NA,NA
Hakai-FC-033,Hakai-FC-033-ASV14-occ,MaterialSample,Engraulis mordax,1550,DNA sequence reads,1550,DNA sequence reads,Engraulis mordax,Seawater was collected using a Niskin bottle; For each sample ~1L of seawater was passed through 0.22um sterivex filter,http://www.ncbi.nlm.nih.gov/bioproject/1049344,BLAST annotation (0.96) against NCBI nr database,FC-033,"Girard, 1854",Species,Animalia,Chordata,Teleostei,Clupeiformes,Engraulidae,Engraulis,urn:lsid:marinespecies.org:taxname:272286,present,NA,NA,NA,NA,NA,NA,NA,NA,NA
Hakai-FC-034,Hakai-FC-034-ASV14-occ,MaterialSample,Engraulis mordax,2660,DNA sequence reads,2660,DNA sequence reads,Engraulis mordax,Seawater was collected using a Niskin bottle; For each sample ~1L of seawater was passed through 0.22um sterivex filter,http://www.ncbi.nlm.nih.gov/bioproject/1049344,BLAST annotation (0.96) against NCBI nr database,FC-034,"Girard, 1854",Species,Animalia,Chordata,Teleostei,Clupeiformes,Engraulidae,Engraulis,urn:lsid:marinespecies.org:taxname:272286,present,NA,NA,NA,NA,NA,NA,NA,NA,NA
Hakai-FC-037,Hakai-FC-037-ASV14-occ,MaterialSample,Engraulis mordax,2139,DNA sequence reads,2139,DNA sequence reads,Engraulis mordax,Seawater was collected using a Niskin bottle; For each sample ~1L of seawater was passed through 0.22um sterivex filter,http://www.ncbi.nlm.nih.gov/bioproject/1049344,BLAST annotation (0.96) against NCBI nr database,FC-037,"Girard, 1854",Species,Animalia,Chordata,Teleostei,Clupeiformes,Engraulidae,Engraulis,urn:lsid:marinespecies.org:taxname:272286,present,NA,NA,NA,NA,NA,NA,NA,NA,NA
Hakai-FC-040,Hakai-FC-040-ASV14-occ,MaterialSample,Engraulis mordax,3216,DNA sequence reads,3216,DNA sequence reads,Engraulis mordax,Seawater was collected using a Niskin bottle; For each sample ~1L of seawater was passed through 0.22um sterivex filter,http://www.ncbi.nlm.nih.gov/bioproject/1049344,BLAST annotation (0.96) against NCBI nr database,FC-040,"Girard, 1854",Species,Animalia,Chordata,Teleostei,Clupeiformes,Engraulidae,Engraulis,urn:lsid:marinespecies.org:taxname:272286,present,NA,NA,NA,NA,NA,NA,NA,NA,NA
Hakai-FC-041,Hakai-FC-041-ASV14-occ,MaterialSample,Engraulis mordax,1343,DNA sequence reads,1343,DNA sequence reads,Engraulis mordax,Seawater was collected using a Niskin bottle; For each sample ~1L of seawater was passed through 0.22um sterivex filter,http://www.ncbi.nlm.nih.gov/bioproject/1049344,BLAST annotation (0.96) against NCBI nr database,FC-041,"Girard, 1854",Species,Animalia,Chordata,Teleostei,Clupeiformes,Engraulidae,Engraulis,urn:lsid:marinespecies.org:taxname:272286,present,NA,NA,NA,NA,NA,NA,NA,NA,NA
Hakai-FC-043,Hakai-FC-043-ASV14-occ,MaterialSample,Engraulis mordax,808,DNA sequence reads,808,DNA sequence reads,Engraulis mordax,Seawater was collected using a Niskin bottle; For each sample ~1L of seawater was passed through 0.22um sterivex filter,http://www.ncbi.nlm.nih.gov/bioproject/1049344,BLAST annotation (0.96) against NCBI nr database,FC-043,"Girard, 1854",Species,Animalia,Chordata,Teleostei,Clupeiformes,Engraulidae,Engraulis,urn:lsid:marinespecies.org:taxname:272286,present,NA,NA,NA,NA,NA,NA,NA,NA,NA
Hakai-FC-045,Hakai-FC-045-ASV14-occ,MaterialSample,Engraulis mordax,1504,DNA sequence reads,1504,DNA sequence reads,Engraulis mordax,Seawater was collected using a Niskin bottle; For each sample ~1L of seawater was passed through 0.22um sterivex filter,http://www.ncbi.nlm.nih.gov/bioproject/1049344,BLAST annotation (0.96) against NCBI nr database,FC-045,"Girard, 1854",Species,Animalia,Chordata,Teleostei,Clupeiformes,Engraulidae,Engraulis,urn:lsid:marinespecies.org:taxname:272286,present,NA,NA,NA,NA,NA,NA,NA,NA,NA
Hakai-FC-046,Hakai-FC-046-ASV14-occ,MaterialSample,Engraulis mordax,2710,DNA sequence reads,2710,DNA sequence reads,Engraulis mordax,Seawater was collected using a Niskin bottle; For each sample ~1L of seawater was passed through 0.22um sterivex filter,http://www.ncbi.nlm.nih.gov/bioproject/1049344,BLAST annotation (0.96) against NCBI nr database,FC-046,"Girard, 1854",Species,Animalia,Chordata,Teleostei,Clupeiformes,Engraulidae,Engraulis,urn:lsid:marinespecies.org:taxname:272286,present,NA,NA,NA,NA,NA,NA,NA,NA,NA
Hakai-FC-047,Hakai-FC-047-ASV14-occ,MaterialSample,Engraulis mordax,1120,DNA sequence reads,1120,DNA sequence reads,Engraulis mordax,Seawater was collected using a Niskin bottle; For each sample ~1L of seawater was passed through 0.22um sterivex filter,http://www.ncbi.nlm.nih.gov/bioproject/1049344,BLAST annotation (0.96) against NCBI nr database,FC-047,"Girard, 1854",Species,Animalia,Chordata,Teleostei,Clupeiformes,Engraulidae,Engraulis,urn:lsid:marinespecies.org:taxname:272286,present,NA,NA,NA,NA,NA,NA,NA,NA,NA
Hakai-FC-049,Hakai-FC-049-ASV14-occ,MaterialSample,Engraulis mordax,4964,DNA sequence reads,4964,DNA sequence reads,Engraulis mordax,Seawater was collected using a Niskin bottle; For each sample ~1L of seawater was passed through 0.22um sterivex filter,http://www.ncbi.nlm.nih.gov/bioproject/1049344,BLAST annotation (0.96) against NCBI nr database,FC-049,"Girard, 1854",Species,Animalia,Chordata,Teleostei,Clupeiformes,Engraulidae,Engraulis,urn:lsid:marinespecies.org:taxname:272286,present,NA,NA,NA,NA,NA,NA,NA,NA,NA
Hakai-FC-050,Hakai-FC-050-ASV14-occ,MaterialSample,Engraulis mordax,1233,DNA sequence reads,1233,DNA sequence reads,Engraulis mordax,Seawater was collected using a Niskin bottle; For each sample ~1L of seawater was passed through 0.22um sterivex filter,http://www.ncbi.nlm.nih.gov/bioproject/1049344,BLAST annotation (0.96) against NCBI nr database,FC-050,"Girard, 1854",Species,Animalia,Chordata,Teleostei,Clupeiformes,Engraulidae,Engraulis,urn:lsid:marinespecies.org:taxname:272286,present,NA,NA,NA,NA,NA,NA,NA,NA,NA
Hakai-FC-051,Hakai-FC-051-ASV14-occ,MaterialSample,Engraulis mordax,2353,DNA sequence reads,2353,DNA sequence reads,Engraulis mordax,Seawater was collected using a Niskin bottle; For each sample ~1L of seawater was passed through 0.22um sterivex filter,http://www.ncbi.nlm.nih.gov/bioproject/1049344,BLAST annotation (0.96) against NCBI nr database,FC-051,"Girard, 1854",Species,Animalia,Chordata,Teleostei,Clupeiformes,Engraulidae,Engraulis,urn:lsid:marinespecies.org:taxname:272286,present,NA,NA,NA,NA,NA,NA,NA,NA,NA
Hakai-FC-052,Hakai-FC-052-ASV14-occ,MaterialSample,Engraulis mordax,1539,DNA sequence reads,1539,DNA sequence reads,Engraulis mordax,Seawater was collected using a Niskin bottle; For each sample ~1L of seawater was passed through 0.22um sterivex filter,http://www.ncbi.nlm.nih.gov/bioproject/1049344,BLAST annotation (0.96) against NCBI nr database,FC-052,"Girard, 1854",Species,Animalia,Chordata,Teleostei,Clupeiformes,Engraulidae,Engraulis,urn:lsid:marinespecies.org:taxname:272286,present,NA,NA,NA,NA,NA,NA,NA,NA,NA
Hakai-FC-053,Hakai-FC-053-ASV14-occ,MaterialSample,Engraulis mordax,1298,DNA sequence reads,1298,DNA sequence reads,Engraulis mordax,Seawater was collected using a Niskin bottle; For each sample ~1L of seawater was passed through 0.22um sterivex filter,http://www.ncbi.nlm.nih.gov/bioproject/1049344,BLAST annotation (0.96) against NCBI nr database,FC-053,"Girard, 1854",Species,Animalia,Chordata,Teleostei,Clupeiformes,Engraulidae,Engraulis,urn:lsid:marinespecies.org:taxname:272286,present,NA,NA,NA,NA,NA,NA,NA,NA,NA
Hakai-FC-055,Hakai-FC-055-ASV14-occ,MaterialSample,Engraulis mordax,368,DNA sequence reads,368,DNA sequence reads,Engraulis mordax,Seawater was collected using a Niskin bottle; For each sample ~1L of seawater was passed through 0.22um sterivex filter,http://www.ncbi.nlm.nih.gov/bioproject/1049344,BLAST annotation (0.96) against NCBI nr database,FC-055,"Girard, 1854",Species,Animalia,Chordata,Teleostei,Clupeiformes,Engraulidae,Engraulis,urn:lsid:marinespecies.org:taxname:272286,present,NA,NA,NA,NA,NA,NA,NA,NA,NA
Hakai-FC-056,Hakai-FC-056-ASV14-occ,MaterialSample,Engraulis mordax,16767,DNA sequence reads,16767,DNA sequence reads,Engraulis mordax,Seawater was collected using a Niskin bottle; For each sample ~1L of seawater was passed through 0.22um sterivex filter,http://www.ncbi.nlm.nih.gov/bioproject/1049344,BLAST annotation (0.96) against NCBI nr database,FC-056,"Girard, 1854",Species,Animalia,Chordata,Teleostei,Clupeiformes,Engraulidae,Engraulis,urn:lsid:marinespecies.org:taxname:272286,present,NA,NA,NA,NA,NA,NA,NA,NA,NA
Hakai-FC-057,Hakai-FC-057-ASV14-occ,MaterialSample,Engraulis mordax,1961,DNA sequence reads,1961,DNA sequence reads,Engraulis mordax,Seawater was collected using a Niskin bottle; For each sample ~1L of seawater was passed through 0.22um sterivex filter,http://www.ncbi.nlm.nih.gov/bioproject/1049344,BLAST annotation (0.96) against NCBI nr database,FC-057,"Girard, 1854",Species,Animalia,Chordata,Teleostei,Clupeiformes,Engraulidae,Engraulis,urn:lsid:marinespecies.org:taxname:272286,present,NA,NA,NA,NA,NA,NA,NA,NA,NA
Hakai-FC-059,Hakai-FC-059-ASV14-occ,MaterialSample,Engraulis mordax,1127,DNA sequence reads,1127,DNA sequence reads,Engraulis mordax,Seawater was collected using a Niskin bottle; For each sample ~1L of seawater was passed through 0.22um sterivex filter,http://www.ncbi.nlm.nih.gov/bioproject/1049344,BLAST annotation (0.96) against NCBI nr database,FC-059,"Girard, 1854",Species,Animalia,Chordata,Teleostei,Clupeiformes,Engraulidae,Engraulis,urn:lsid:marinespecies.org:taxname:272286,present,NA,NA,NA,NA,NA,NA,NA,NA,NA
Hakai-FC-061,Hakai-FC-061-ASV14-occ,MaterialSample,Engraulis mordax,1594,DNA sequence reads,1594,DNA sequence reads,Engraulis mordax,Seawater was collected using a Niskin bottle; For each sample ~1L of seawater was passed through 0.22um sterivex filter,http://www.ncbi.nlm.nih.gov/bioproject/1049344,BLAST annotation (0.96) against NCBI nr database,FC-061,"Girard, 1854",Species,Animalia,Chordata,Teleostei,Clupeiformes,Engraulidae,Engraulis,urn:lsid:marinespecies.org:taxname:272286,present,NA,NA,NA,NA,NA,NA,NA,NA,NA
Hakai-FC-062,Hakai-FC-062-ASV14-occ,MaterialSample,Engraulis mordax,1971,DNA sequence reads,1971,DNA sequence reads,Engraulis mordax,Seawater was collected using a Niskin bottle; For each sample ~1L of seawater was passed through 0.22um sterivex filter,http://www.ncbi.nlm.nih.gov/bioproject/1049344,BLAST annotation (0.96) against NCBI nr database,FC-062,"Girard, 1854",Species,Animalia,Chordata,Teleostei,Clupeiformes,Engraulidae,Engraulis,urn:lsid:marinespecies.org:taxname:272286,present,NA,NA,NA,NA,NA,NA,NA,NA,NA
Hakai-FC-063,Hakai-FC-063-ASV14-occ,MaterialSample,Engraulis mordax,1407,DNA sequence reads,1407,DNA sequence reads,Engraulis mordax,Seawater was collected using a Niskin bottle; For each sample ~1L of seawater was passed through 0.22um sterivex filter,http://www.ncbi.nlm.nih.gov/bioproject/1049344,BLAST annotation (0.96) against NCBI nr database,FC-063,"Girard, 1854",Species,Animalia,Chordata,Teleostei,Clupeiformes,Engraulidae,Engraulis,urn:lsid:marinespecies.org:taxname:272286,present,NA,NA,NA,NA,NA,NA,NA,NA,NA
Hakai-FC-066,Hakai-FC-066-ASV14-occ,MaterialSample,Engraulis mordax,1483,DNA sequence reads,1483,DNA sequence reads,Engraulis mordax,Seawater was collected using a Niskin bottle; For each sample ~1L of seawater was passed through 0.22um sterivex filter,http://www.ncbi.nlm.nih.gov/bioproject/1049344,BLAST annotation (0.96) against NCBI nr database,FC-066,"Girard, 1854",Species,Animalia,Chordata,Teleostei,Clupeiformes,Engraulidae,Engraulis,urn:lsid:marinespecies.org:taxname:272286,present,NA,NA,NA,NA,NA,NA,NA,NA,NA
Hakai-FC-067,Hakai-FC-067-ASV14-occ,MaterialSample,Engraulis mordax,650,DNA sequence reads,650,DNA sequence reads,Engraulis mordax,Seawater was collected using a Niskin bottle; For each sample ~1L of seawater was passed through 0.22um sterivex filter,http://www.ncbi.nlm.nih.gov/bioproject/1049344,BLAST annotation (0.96) against NCBI nr database,FC-067,"Girard, 1854",Species,Animalia,Chordata,Teleostei,Clupeiformes,Engraulidae,Engraulis,urn:lsid:marinespecies.org:taxname:272286,present,NA,NA,NA,NA,NA,NA,NA,NA,NA
Hakai-FC-069,Hakai-FC-069-ASV14-occ,MaterialSample,Engraulis mordax,1424,DNA sequence reads,1424,DNA sequence reads,Engraulis mordax,Seawater was collected using a Niskin bottle; For each sample ~1L of seawater was passed through 0.22um sterivex filter,http://www.ncbi.nlm.nih.gov/bioproject/1049344,BLAST annotation (0.96) against NCBI nr database,FC-069,"Girard, 1854",Species,Animalia,Chordata,Teleostei,Clupeiformes,Engraulidae,Engraulis,urn:lsid:marinespecies.org:taxname:272286,present,NA,NA,NA,NA,NA,NA,NA,NA,NA
Hakai-FC-070,Hakai-FC-070-ASV14-occ,MaterialSample,Engraulis mordax,3173,DNA sequence reads,3173,DNA sequence reads,Engraulis mordax,Seawater was collected using a Niskin bottle; For each sample ~1L of seawater was passed through 0.22um sterivex filter,http://www.ncbi.nlm.nih.gov/bioproject/1049344,BLAST annotation (0.96) against NCBI nr database,FC-070,"Girard, 1854",Species,Animalia,Chordata,Teleostei,Clupeiformes,Engraulidae,Engraulis,urn:lsid:marinespecies.org:taxname:272286,present,NA,NA,NA,NA,NA,NA,NA,NA,NA
Hakai-FC-072,Hakai-FC-072-ASV14-occ,MaterialSample,Engraulis mordax,940,DNA sequence reads,940,DNA sequence reads,Engraulis mordax,Seawater was collected using a Niskin bottle; For each sample ~1L of seawater was passed through 0.22um sterivex filter,http://www.ncbi.nlm.nih.gov/bioproject/1049344,BLAST annotation (0.96) against NCBI nr database,FC-072,"Girard, 1854",Species,Animalia,Chordata,Teleostei,Clupeiformes,Engraulidae,Engraulis,urn:lsid:marinespecies.org:taxname:272286,present,NA,NA,NA,NA,NA,NA,NA,NA,NA
Hakai-FC-073,Hakai-FC-073-ASV14-occ,MaterialSample,Engraulis mordax,543,DNA sequence reads,543,DNA sequence reads,Engraulis mordax,Seawater was collected using a Niskin bottle; For each sample ~1L of seawater was passed through 0.22um sterivex filter,http://www.ncbi.nlm.nih.gov/bioproject/1049344,BLAST annotation (0.96) against NCBI nr database,FC-073,"Girard, 1854",Species,Animalia,Chordata,Teleostei,Clupeiformes,Engraulidae,Engraulis,urn:lsid:marinespecies.org:taxname:272286,present,NA,NA,NA,NA,NA,NA,NA,NA,NA
Hakai-FC-074,Hakai-FC-074-ASV14-occ,MaterialSample,Engraulis mordax,2087,DNA sequence reads,2087,DNA sequence reads,Engraulis mordax,Seawater was collected using a Niskin bottle; For each sample ~1L of seawater was passed through 0.22um sterivex filter,http://www.ncbi.nlm.nih.gov/bioproject/1049344,BLAST annotation (0.96) against NCBI nr database,FC-074,"Girard, 1854",Species,Animalia,Chordata,Teleostei,Clupeiformes,Engraulidae,Engraulis,urn:lsid:marinespecies.org:taxname:272286,present,NA,NA,NA,NA,NA,NA,NA,NA,NA
Hakai-FC-003,Hakai-FC-003-ASV19-occ,MaterialSample,Engraulis mordax,51444,DNA sequence reads,51444,DNA sequence reads,Engraulis mordax,Seawater was collected using a Niskin bottle; For each sample ~1L of seawater was passed through 0.22um sterivex filter,http://www.ncbi.nlm.nih.gov/bioproject/1049344,BLAST annotation (0.96) against NCBI nr database,FC-003,"Girard, 1854",Species,Animalia,Chordata,Teleostei,Clupeiformes,Engraulidae,Engraulis,urn:lsid:marinespecies.org:taxname:272286,present,NA,NA,NA,NA,NA,NA,NA,NA,NA
Hakai-FC-059,Hakai-FC-059-ASV20-occ,MaterialSample,Engraulis mordax,39330,DNA sequence reads,39330,DNA sequence reads,Engraulis mordax,Seawater was collected using a Niskin bottle; For each sample ~1L of seawater was passed through 0.22um sterivex filter,http://www.ncbi.nlm.nih.gov/bioproject/1049344,BLAST annotation (0.96) against NCBI nr database,FC-059,"Girard, 1854",Species,Animalia,Chordata,Teleostei,Clupeiformes,Engraulidae,Engraulis,urn:lsid:marinespecies.org:taxname:272286,present,NA,NA,NA,NA,NA,NA,NA,NA,NA
Hakai-FC-061,Hakai-FC-061-ASV24-occ,MaterialSample,Engraulis mordax,28036,DNA sequence reads,28036,DNA sequence reads,Engraulis mordax,Seawater was collected using a Niskin bottle; For each sample ~1L of seawater was passed through 0.22um sterivex filter,http://www.ncbi.nlm.nih.gov/bioproject/1049344,BLAST annotation (0.96) against NCBI nr database,FC-061,"Girard, 1854",Species,Animalia,Chordata,Teleostei,Clupeiformes,Engraulidae,Engraulis,urn:lsid:marinespecies.org:taxname:272286,present,NA,NA,NA,NA,NA,NA,NA,NA,NA
Hakai-FC-026,Hakai-FC-026-ASV31-occ,MaterialSample,Engraulis mordax,21103,DNA sequence reads,21103,DNA sequence reads,Engraulis mordax,Seawater was collected using a Niskin bottle; For each sample ~1L of seawater was passed through 0.22um sterivex filter,http://www.ncbi.nlm.nih.gov/bioproject/1049344,BLAST annotation (0.96) against NCBI nr database,FC-026,"Girard, 1854",Species,Animalia,Chordata,Teleostei,Clupeiformes,Engraulidae,Engraulis,urn:lsid:marinespecies.org:taxname:272286,present,NA,NA,NA,NA,NA,NA,NA,NA,NA
Hakai-FC-041,Hakai-FC-041-ASV36-occ,MaterialSample,Engraulis mordax,18220,DNA sequence reads,18220,DNA sequence reads,Engraulis mordax,Seawater was collected using a Niskin bottle; For each sample ~1L of seawater was passed through 0.22um sterivex filter,http://www.ncbi.nlm.nih.gov/bioproject/1049344,BLAST annotation (0.96) against NCBI nr database,FC-041,"Girard, 1854",Species,Animalia,Chordata,Teleostei,Clupeiformes,Engraulidae,Engraulis,urn:lsid:marinespecies.org:taxname:272286,present,NA,NA,NA,NA,NA,NA,NA,NA,NA
Hakai-FC-006,Hakai-FC-006-ASV39-occ,MaterialSample,Engraulis mordax,17032,DNA sequence reads,17032,DNA sequence reads,Engraulis mordax,Seawater was collected using a Niskin bottle; For each sample ~1L of seawater was passed through 0.22um sterivex filter,http://www.ncbi.nlm.nih.gov/bioproject/1049344,BLAST annotation (0.96) against NCBI nr database,FC-006,"Girard, 1854",Species,Animalia,Chordata,Teleostei,Clupeiformes,Engraulidae,Engraulis,urn:lsid:marinespecies.org:taxname:272286,present,NA,NA,NA,NA,NA,NA,NA,NA,NA
Hakai-FC-027,Hakai-FC-027-ASV40-occ,MaterialSample,Engraulis mordax,15485,DNA sequence reads,15485,DNA sequence reads,Engraulis mordax,Seawater was collected using a Niskin bottle; For each sample ~1L of seawater was passed through 0.22um sterivex filter,http://www.ncbi.nlm.nih.gov/bioproject/1049344,BLAST annotation (0.96) against NCBI nr database,FC-027,"Girard, 1854",Species,Animalia,Chordata,Teleostei,Clupeiformes,Engraulidae,Engraulis,urn:lsid:marinespecies.org:taxname:272286,present,NA,NA,NA,NA,NA,NA,NA,NA,NA
Hakai-FC-052,Hakai-FC-052-ASV55-occ,MaterialSample,Engraulis mordax,2928,DNA sequence reads,2928,DNA sequence reads,Engraulis mordax,Seawater was collected using a Niskin bottle; For each sample ~1L of seawater was passed through 0.22um sterivex filter,http://www.ncbi.nlm.nih.gov/bioproject/1049344,BLAST annotation (0.96) against NCBI nr database,FC-052,"Girard, 1854",Species,Animalia,Chordata,Teleostei,Clupeiformes,Engraulidae,Engraulis,urn:lsid:marinespecies.org:taxname:272286,present,NA,NA,NA,NA,NA,NA,NA,NA,NA
Hakai-FC-042,Hakai-FC-042-ASV58-occ,MaterialSample,Engraulis mordax,1590,DNA sequence reads,1590,DNA sequence reads,Engraulis mordax,Seawater was collected using a Niskin bottle; For each sample ~1L of seawater was passed through 0.22um sterivex filter,http://www.ncbi.nlm.nih.gov/bioproject/1049344,BLAST annotation (0.96) against NCBI nr database,FC-042,"Girard, 1854",Species,Animalia,Chordata,Teleostei,Clupeiformes,Engraulidae,Engraulis,urn:lsid:marinespecies.org:taxname:272286,present,NA,NA,NA,NA,NA,NA,NA,NA,NA
Hakai-FC-052,Hakai-FC-052-ASV59-occ,MaterialSample,Engraulis mordax,1454,DNA sequence reads,1454,DNA sequence reads,Engraulis mordax,Seawater was collected using a Niskin bottle; For each sample ~1L of seawater was passed through 0.22um sterivex filter,http://www.ncbi.nlm.nih.gov/bioproject/1049344,BLAST annotation (0.96) against NCBI nr database,FC-052,"Girard, 1854",Species,Animalia,Chordata,Teleostei,Clupeiformes,Engraulidae,Engraulis,urn:lsid:marinespecies.org:taxname:272286,present,NA,NA,NA,NA,NA,NA,NA,NA,NA
Hakai-FC-052,Hakai-FC-052-ASV62-occ,MaterialSample,Engraulis mordax,1275,DNA sequence reads,1275,DNA sequence reads,Engraulis mordax,Seawater was collected using a Niskin bottle; For each sample ~1L of seawater was passed through 0.22um sterivex filter,http://www.ncbi.nlm.nih.gov/bioproject/1049344,BLAST annotation (0.96) against NCBI nr database,FC-052,"Girard, 1854",Species,Animalia,Chordata,Teleostei,Clupeiformes,Engraulidae,Engraulis,urn:lsid:marinespecies.org:taxname:272286,present,NA,NA,NA,NA,NA,NA,NA,NA,NA
Hakai-FC-004,Hakai-FC-004-ASV74-occ,MaterialSample,Engraulis mordax,365,DNA sequence reads,365,DNA sequence reads,Engraulis mordax,Seawater was collected using a Niskin bottle; For each sample ~1L of seawater was passed through 0.22um sterivex filter,http://www.ncbi.nlm.nih.gov/bioproject/1049344,BLAST annotation (0.96) against NCBI nr database,FC-004,"Girard, 1854",Species,Animalia,Chordata,Teleostei,Clupeiformes,Engraulidae,Engraulis,urn:lsid:marinespecies.org:taxname:272286,present,NA,NA,NA,NA,NA,NA,NA,NA,NA
Hakai-FC-012,Hakai-FC-012-ASV87-occ,MaterialSample,Engraulis mordax,39,DNA sequence reads,39,DNA sequence reads,Engraulis mordax,Seawater was collected using a Niskin bottle; For each sample ~1L of seawater was passed through 0.22um sterivex filter,http://www.ncbi.nlm.nih.gov/bioproject/1049344,BLAST annotation (0.96) against NCBI nr database,FC-012,"Girard, 1854",Species,Animalia,Chordata,Teleostei,Clupeiformes,Engraulidae,Engraulis,urn:lsid:marinespecies.org:taxname:272286,present,NA,NA,NA,NA,NA,NA,NA,NA,NA
Hakai-FC-039,Hakai-FC-039-ASV87-occ,MaterialSample,Engraulis mordax,103,DNA sequence reads,103,DNA sequence reads,Engraulis mordax,Seawater was collected using a Niskin bottle; For each sample ~1L of seawater was passed through 0.22um sterivex filter,http://www.ncbi.nlm.nih.gov/bioproject/1049344,BLAST annotation (0.96) against NCBI nr database,FC-039,"Girard, 1854",Species,Animalia,Chordata,Teleostei,Clupeiformes,Engraulidae,Engraulis,urn:lsid:marinespecies.org:taxname:272286,present,NA,NA,NA,NA,NA,NA,NA,NA,NA
Hakai-FC-058,Hakai-FC-058-ASV87-occ,MaterialSample,Engraulis mordax,92,DNA sequence reads,92,DNA sequence reads,Engraulis mordax,Seawater was collected using a Niskin bottle; For each sample ~1L of seawater was passed through 0.22um sterivex filter,http://www.ncbi.nlm.nih.gov/bioproject/1049344,BLAST annotation (0.96) against NCBI nr database,FC-058,"Girard, 1854",Species,Animalia,Chordata,Teleostei,Clupeiformes,Engraulidae,Engraulis,urn:lsid:marinespecies.org:taxname:272286,present,NA,NA,NA,NA,NA,NA,NA,NA,NA
Hakai-FC-026,Hakai-FC-026-ASV91-occ,MaterialSample,Engraulis mordax,212,DNA sequence reads,212,DNA sequence reads,Engraulis mordax,Seawater was collected using a Niskin bottle; For each sample ~1L of seawater was passed through 0.22um sterivex filter,http://www.ncbi.nlm.nih.gov/bioproject/1049344,BLAST annotation (0.96) against NCBI nr database,FC-026,"Girard, 1854",Species,Animalia,Chordata,Teleostei,Clupeiformes,Engraulidae,Engraulis,urn:lsid:marinespecies.org:taxname:272286,present,NA,NA,NA,NA,NA,NA,NA,NA,NA
Hakai-FC-052,Hakai-FC-052-ASV35-occ,MaterialSample,Enophrys bison,19598,DNA sequence reads,19598,DNA sequence reads,Enophrys bison,Seawater was collected using a Niskin bottle; For each sample ~1L of seawater was passed through 0.22um sterivex filter,http://www.ncbi.nlm.nih.gov/bioproject/1049344,BLAST annotation (0.96) against NCBI nr database,FC-052,"(Girard, 1854)",Species,Animalia,Chordata,Teleostei,Perciformes,Cottidae,Enophrys,urn:lsid:marinespecies.org:taxname:275355,present,NA,NA,NA,NA,NA,NA,NA,NA,NA
Hakai-FC-002,Hakai-FC-002-ASV5-occ,MaterialSample,Gasterosteus aculeatus,22,DNA sequence reads,22,DNA sequence reads,Gasterosteus aculeatus,Seawater was collected using a Niskin bottle; For each sample ~1L of seawater was passed through 0.22um sterivex filter,http://www.ncbi.nlm.nih.gov/bioproject/1049344,BLAST annotation (0.96) against NCBI nr database,FC-002,"Linnaeus, 1758",Species,Animalia,Chordata,Teleostei,Perciformes,Gasterosteidae,Gasterosteus,urn:lsid:marinespecies.org:taxname:126505,present,NA,NA,NA,NA,NA,NA,NA,NA,NA
Hakai-FC-004,Hakai-FC-004-ASV5-occ,MaterialSample,Gasterosteus aculeatus,25,DNA sequence reads,25,DNA sequence reads,Gasterosteus aculeatus,Seawater was collected using a Niskin bottle; For each sample ~1L of seawater was passed through 0.22um sterivex filter,http://www.ncbi.nlm.nih.gov/bioproject/1049344,BLAST annotation (0.96) against NCBI nr database,FC-004,"Linnaeus, 1758",Species,Animalia,Chordata,Teleostei,Perciformes,Gasterosteidae,Gasterosteus,urn:lsid:marinespecies.org:taxname:126505,present,NA,NA,NA,NA,NA,NA,NA,NA,NA
Hakai-FC-006,Hakai-FC-006-ASV5-occ,MaterialSample,Gasterosteus aculeatus,21,DNA sequence reads,21,DNA sequence reads,Gasterosteus aculeatus,Seawater was collected using a Niskin bottle; For each sample ~1L of seawater was passed through 0.22um sterivex filter,http://www.ncbi.nlm.nih.gov/bioproject/1049344,BLAST annotation (0.96) against NCBI nr database,FC-006,"Linnaeus, 1758",Species,Animalia,Chordata,Teleostei,Perciformes,Gasterosteidae,Gasterosteus,urn:lsid:marinespecies.org:taxname:126505,present,NA,NA,NA,NA,NA,NA,NA,NA,NA
Hakai-FC-007,Hakai-FC-007-ASV5-occ,MaterialSample,Gasterosteus aculeatus,33782,DNA sequence reads,33782,DNA sequence reads,Gasterosteus aculeatus,Seawater was collected using a Niskin bottle; For each sample ~1L of seawater was passed through 0.22um sterivex filter,http://www.ncbi.nlm.nih.gov/bioproject/1049344,BLAST annotation (0.96) against NCBI nr database,FC-007,"Linnaeus, 1758",Species,Animalia,Chordata,Teleostei,Perciformes,Gasterosteidae,Gasterosteus,urn:lsid:marinespecies.org:taxname:126505,present,NA,NA,NA,NA,NA,NA,NA,NA,NA
Hakai-FC-008,Hakai-FC-008-ASV5-occ,MaterialSample,Gasterosteus aculeatus,10,DNA sequence reads,10,DNA sequence reads,Gasterosteus aculeatus,Seawater was collected using a Niskin bottle; For each sample ~1L of seawater was passed through 0.22um sterivex filter,http://www.ncbi.nlm.nih.gov/bioproject/1049344,BLAST annotation (0.96) against NCBI nr database,FC-008,"Linnaeus, 1758",Species,Animalia,Chordata,Teleostei,Perciformes,Gasterosteidae,Gasterosteus,urn:lsid:marinespecies.org:taxname:126505,present,NA,NA,NA,NA,NA,NA,NA,NA,NA
Hakai-FC-010,Hakai-FC-010-ASV5-occ,MaterialSample,Gasterosteus aculeatus,12958,DNA sequence reads,12958,DNA sequence reads,Gasterosteus aculeatus,Seawater was collected using a Niskin bottle; For each sample ~1L of seawater was passed through 0.22um sterivex filter,http://www.ncbi.nlm.nih.gov/bioproject/1049344,BLAST annotation (0.96) against NCBI nr database,FC-010,"Linnaeus, 1758",Species,Animalia,Chordata,Teleostei,Perciformes,Gasterosteidae,Gasterosteus,urn:lsid:marinespecies.org:taxname:126505,present,NA,NA,NA,NA,NA,NA,NA,NA,NA
Hakai-FC-012,Hakai-FC-012-ASV5-occ,MaterialSample,Gasterosteus aculeatus,32,DNA sequence reads,32,DNA sequence reads,Gasterosteus aculeatus,Seawater was collected using a Niskin bottle; For each sample ~1L of seawater was passed through 0.22um sterivex filter,http://www.ncbi.nlm.nih.gov/bioproject/1049344,BLAST annotation (0.96) against NCBI nr database,FC-012,"Linnaeus, 1758",Species,Animalia,Chordata,Teleostei,Perciformes,Gasterosteidae,Gasterosteus,urn:lsid:marinespecies.org:taxname:126505,present,NA,NA,NA,NA,NA,NA,NA,NA,NA
Hakai-FC-014,Hakai-FC-014-ASV5-occ,MaterialSample,Gasterosteus aculeatus,24,DNA sequence reads,24,DNA sequence reads,Gasterosteus aculeatus,Seawater was collected using a Niskin bottle; For each sample ~1L of seawater was passed through 0.22um sterivex filter,http://www.ncbi.nlm.nih.gov/bioproject/1049344,BLAST annotation (0.96) against NCBI nr database,FC-014,"Linnaeus, 1758",Species,Animalia,Chordata,Teleostei,Perciformes,Gasterosteidae,Gasterosteus,urn:lsid:marinespecies.org:taxname:126505,present,NA,NA,NA,NA,NA,NA,NA,NA,NA
Hakai-FC-016,Hakai-FC-016-ASV5-occ,MaterialSample,Gasterosteus aculeatus,35483,DNA sequence reads,35483,DNA sequence reads,Gasterosteus aculeatus,Seawater was collected using a Niskin bottle; For each sample ~1L of seawater was passed through 0.22um sterivex filter,http://www.ncbi.nlm.nih.gov/bioproject/1049344,BLAST annotation (0.96) against NCBI nr database,FC-016,"Linnaeus, 1758",Species,Animalia,Chordata,Teleostei,Perciformes,Gasterosteidae,Gasterosteus,urn:lsid:marinespecies.org:taxname:126505,present,NA,NA,NA,NA,NA,NA,NA,NA,NA
Hakai-FC-017,Hakai-FC-017-ASV5-occ,MaterialSample,Gasterosteus aculeatus,18137,DNA sequence reads,18137,DNA sequence reads,Gasterosteus aculeatus,Seawater was collected using a Niskin bottle; For each sample ~1L of seawater was passed through 0.22um sterivex filter,http://www.ncbi.nlm.nih.gov/bioproject/1049344,BLAST annotation (0.96) against NCBI nr database,FC-017,"Linnaeus, 1758",Species,Animalia,Chordata,Teleostei,Perciformes,Gasterosteidae,Gasterosteus,urn:lsid:marinespecies.org:taxname:126505,present,NA,NA,NA,NA,NA,NA,NA,NA,NA
Hakai-FC-018,Hakai-FC-018-ASV5-occ,MaterialSample,Gasterosteus aculeatus,42,DNA sequence reads,42,DNA sequence reads,Gasterosteus aculeatus,Seawater was collected using a Niskin bottle; For each sample ~1L of seawater was passed through 0.22um sterivex filter,http://www.ncbi.nlm.nih.gov/bioproject/1049344,BLAST annotation (0.96) against NCBI nr database,FC-018,"Linnaeus, 1758",Species,Animalia,Chordata,Teleostei,Perciformes,Gasterosteidae,Gasterosteus,urn:lsid:marinespecies.org:taxname:126505,present,NA,NA,NA,NA,NA,NA,NA,NA,NA
Hakai-FC-019,Hakai-FC-019-ASV5-occ,MaterialSample,Gasterosteus aculeatus,14742,DNA sequence reads,14742,DNA sequence reads,Gasterosteus aculeatus,Seawater was collected using a Niskin bottle; For each sample ~1L of seawater was passed through 0.22um sterivex filter,http://www.ncbi.nlm.nih.gov/bioproject/1049344,BLAST annotation (0.96) against NCBI nr database,FC-019,"Linnaeus, 1758",Species,Animalia,Chordata,Teleostei,Perciformes,Gasterosteidae,Gasterosteus,urn:lsid:marinespecies.org:taxname:126505,present,NA,NA,NA,NA,NA,NA,NA,NA,NA
Hakai-FC-020,Hakai-FC-020-ASV5-occ,MaterialSample,Gasterosteus aculeatus,43,DNA sequence reads,43,DNA sequence reads,Gasterosteus aculeatus,Seawater was collected using a Niskin bottle; For each sample ~1L of seawater was passed through 0.22um sterivex filter,http://www.ncbi.nlm.nih.gov/bioproject/1049344,BLAST annotation (0.96) against NCBI nr database,FC-020,"Linnaeus, 1758",Species,Animalia,Chordata,Teleostei,Perciformes,Gasterosteidae,Gasterosteus,urn:lsid:marinespecies.org:taxname:126505,present,NA,NA,NA,NA,NA,NA,NA,NA,NA
Hakai-FC-021,Hakai-FC-021-ASV5-occ,MaterialSample,Gasterosteus aculeatus,54477,DNA sequence reads,54477,DNA sequence reads,Gasterosteus aculeatus,Seawater was collected using a Niskin bottle; For each sample ~1L of seawater was passed through 0.22um sterivex filter,http://www.ncbi.nlm.nih.gov/bioproject/1049344,BLAST annotation (0.96) against NCBI nr database,FC-021,"Linnaeus, 1758",Species,Animalia,Chordata,Teleostei,Perciformes,Gasterosteidae,Gasterosteus,urn:lsid:marinespecies.org:taxname:126505,present,NA,NA,NA,NA,NA,NA,NA,NA,NA
Hakai-FC-022,Hakai-FC-022-ASV5-occ,MaterialSample,Gasterosteus aculeatus,30,DNA sequence reads,30,DNA sequence reads,Gasterosteus aculeatus,Seawater was collected using a Niskin bottle; For each sample ~1L of seawater was passed through 0.22um sterivex filter,http://www.ncbi.nlm.nih.gov/bioproject/1049344,BLAST annotation (0.96) against NCBI nr database,FC-022,"Linnaeus, 1758",Species,Animalia,Chordata,Teleostei,Perciformes,Gasterosteidae,Gasterosteus,urn:lsid:marinespecies.org:taxname:126505,present,NA,NA,NA,NA,NA,NA,NA,NA,NA
Hakai-FC-024,Hakai-FC-024-ASV5-occ,MaterialSample,Gasterosteus aculeatus,16,DNA sequence reads,16,DNA sequence reads,Gasterosteus aculeatus,Seawater was collected using a Niskin bottle; For each sample ~1L of seawater was passed through 0.22um sterivex filter,http://www.ncbi.nlm.nih.gov/bioproject/1049344,BLAST annotation (0.96) against NCBI nr database,FC-024,"Linnaeus, 1758",Species,Animalia,Chordata,Teleostei,Perciformes,Gasterosteidae,Gasterosteus,urn:lsid:marinespecies.org:taxname:126505,present,NA,NA,NA,NA,NA,NA,NA,NA,NA
Hakai-FC-025,Hakai-FC-025-ASV5-occ,MaterialSample,Gasterosteus aculeatus,15,DNA sequence reads,15,DNA sequence reads,Gasterosteus aculeatus,Seawater was collected using a Niskin bottle; For each sample ~1L of seawater was passed through 0.22um sterivex filter,http://www.ncbi.nlm.nih.gov/bioproject/1049344,BLAST annotation (0.96) against NCBI nr database,FC-025,"Linnaeus, 1758",Species,Animalia,Chordata,Teleostei,Perciformes,Gasterosteidae,Gasterosteus,urn:lsid:marinespecies.org:taxname:126505,present,NA,NA,NA,NA,NA,NA,NA,NA,NA
Hakai-FC-026,Hakai-FC-026-ASV5-occ,MaterialSample,Gasterosteus aculeatus,54,DNA sequence reads,54,DNA sequence reads,Gasterosteus aculeatus,Seawater was collected using a Niskin bottle; For each sample ~1L of seawater was passed through 0.22um sterivex filter,http://www.ncbi.nlm.nih.gov/bioproject/1049344,BLAST annotation (0.96) against NCBI nr database,FC-026,"Linnaeus, 1758",Species,Animalia,Chordata,Teleostei,Perciformes,Gasterosteidae,Gasterosteus,urn:lsid:marinespecies.org:taxname:126505,present,NA,NA,NA,NA,NA,NA,NA,NA,NA
Hakai-FC-027,Hakai-FC-027-ASV5-occ,MaterialSample,Gasterosteus aculeatus,19,DNA sequence reads,19,DNA sequence reads,Gasterosteus aculeatus,Seawater was collected using a Niskin bottle; For each sample ~1L of seawater was passed through 0.22um sterivex filter,http://www.ncbi.nlm.nih.gov/bioproject/1049344,BLAST annotation (0.96) against NCBI nr database,FC-027,"Linnaeus, 1758",Species,Animalia,Chordata,Teleostei,Perciformes,Gasterosteidae,Gasterosteus,urn:lsid:marinespecies.org:taxname:126505,present,NA,NA,NA,NA,NA,NA,NA,NA,NA
Hakai-FC-028,Hakai-FC-028-ASV5-occ,MaterialSample,Gasterosteus aculeatus,69,DNA sequence reads,69,DNA sequence reads,Gasterosteus aculeatus,Seawater was collected using a Niskin bottle; For each sample ~1L of seawater was passed through 0.22um sterivex filter,http://www.ncbi.nlm.nih.gov/bioproject/1049344,BLAST annotation (0.96) against NCBI nr database,FC-028,"Linnaeus, 1758",Species,Animalia,Chordata,Teleostei,Perciformes,Gasterosteidae,Gasterosteus,urn:lsid:marinespecies.org:taxname:126505,present,NA,NA,NA,NA,NA,NA,NA,NA,NA
Hakai-FC-029,Hakai-FC-029-ASV5-occ,MaterialSample,Gasterosteus aculeatus,81201,DNA sequence reads,81201,DNA sequence reads,Gasterosteus aculeatus,Seawater was collected using a Niskin bottle; For each sample ~1L of seawater was passed through 0.22um sterivex filter,http://www.ncbi.nlm.nih.gov/bioproject/1049344,BLAST annotation (0.96) against NCBI nr database,FC-029,"Linnaeus, 1758",Species,Animalia,Chordata,Teleostei,Perciformes,Gasterosteidae,Gasterosteus,urn:lsid:marinespecies.org:taxname:126505,present,NA,NA,NA,NA,NA,NA,NA,NA,NA
Hakai-FC-030,Hakai-FC-030-ASV5-occ,MaterialSample,Gasterosteus aculeatus,84611,DNA sequence reads,84611,DNA sequence reads,Gasterosteus aculeatus,Seawater was collected using a Niskin bottle; For each sample ~1L of seawater was passed through 0.22um sterivex filter,http://www.ncbi.nlm.nih.gov/bioproject/1049344,BLAST annotation (0.96) against NCBI nr database,FC-030,"Linnaeus, 1758",Species,Animalia,Chordata,Teleostei,Perciformes,Gasterosteidae,Gasterosteus,urn:lsid:marinespecies.org:taxname:126505,present,NA,NA,NA,NA,NA,NA,NA,NA,NA
Hakai-FC-031,Hakai-FC-031-ASV5-occ,MaterialSample,Gasterosteus aculeatus,22800,DNA sequence reads,22800,DNA sequence reads,Gasterosteus aculeatus,Seawater was collected using a Niskin bottle; For each sample ~1L of seawater was passed through 0.22um sterivex filter,http://www.ncbi.nlm.nih.gov/bioproject/1049344,BLAST annotation (0.96) against NCBI nr database,FC-031,"Linnaeus, 1758",Species,Animalia,Chordata,Teleostei,Perciformes,Gasterosteidae,Gasterosteus,urn:lsid:marinespecies.org:taxname:126505,present,NA,NA,NA,NA,NA,NA,NA,NA,NA
Hakai-FC-033,Hakai-FC-033-ASV5-occ,MaterialSample,Gasterosteus aculeatus,21,DNA sequence reads,21,DNA sequence reads,Gasterosteus aculeatus,Seawater was collected using a Niskin bottle; For each sample ~1L of seawater was passed through 0.22um sterivex filter,http://www.ncbi.nlm.nih.gov/bioproject/1049344,BLAST annotation (0.96) against NCBI nr database,FC-033,"Linnaeus, 1758",Species,Animalia,Chordata,Teleostei,Perciformes,Gasterosteidae,Gasterosteus,urn:lsid:marinespecies.org:taxname:126505,present,NA,NA,NA,NA,NA,NA,NA,NA,NA
Hakai-FC-034,Hakai-FC-034-ASV5-occ,MaterialSample,Gasterosteus aculeatus,83,DNA sequence reads,83,DNA sequence reads,Gasterosteus aculeatus,Seawater was collected using a Niskin bottle; For each sample ~1L of seawater was passed through 0.22um sterivex filter,http://www.ncbi.nlm.nih.gov/bioproject/1049344,BLAST annotation (0.96) against NCBI nr database,FC-034,"Linnaeus, 1758",Species,Animalia,Chordata,Teleostei,Perciformes,Gasterosteidae,Gasterosteus,urn:lsid:marinespecies.org:taxname:126505,present,NA,NA,NA,NA,NA,NA,NA,NA,NA
Hakai-FC-035,Hakai-FC-035-ASV5-occ,MaterialSample,Gasterosteus aculeatus,33,DNA sequence reads,33,DNA sequence reads,Gasterosteus aculeatus,Seawater was collected using a Niskin bottle; For each sample ~1L of seawater was passed through 0.22um sterivex filter,http://www.ncbi.nlm.nih.gov/bioproject/1049344,BLAST annotation (0.96) against NCBI nr database,FC-035,"Linnaeus, 1758",Species,Animalia,Chordata,Teleostei,Perciformes,Gasterosteidae,Gasterosteus,urn:lsid:marinespecies.org:taxname:126505,present,NA,NA,NA,NA,NA,NA,NA,NA,NA
Hakai-FC-036,Hakai-FC-036-ASV5-occ,MaterialSample,Gasterosteus aculeatus,145538,DNA sequence reads,145538,DNA sequence reads,Gasterosteus aculeatus,Seawater was collected using a Niskin bottle; For each sample ~1L of seawater was passed through 0.22um sterivex filter,http://www.ncbi.nlm.nih.gov/bioproject/1049344,BLAST annotation (0.96) against NCBI nr database,FC-036,"Linnaeus, 1758",Species,Animalia,Chordata,Teleostei,Perciformes,Gasterosteidae,Gasterosteus,urn:lsid:marinespecies.org:taxname:126505,present,NA,NA,NA,NA,NA,NA,NA,NA,NA
Hakai-FC-037,Hakai-FC-037-ASV5-occ,MaterialSample,Gasterosteus aculeatus,46040,DNA sequence reads,46040,DNA sequence reads,Gasterosteus aculeatus,Seawater was collected using a Niskin bottle; For each sample ~1L of seawater was passed through 0.22um sterivex filter,http://www.ncbi.nlm.nih.gov/bioproject/1049344,BLAST annotation (0.96) against NCBI nr database,FC-037,"Linnaeus, 1758",Species,Animalia,Chordata,Teleostei,Perciformes,Gasterosteidae,Gasterosteus,urn:lsid:marinespecies.org:taxname:126505,present,NA,NA,NA,NA,NA,NA,NA,NA,NA
Hakai-FC-038,Hakai-FC-038-ASV5-occ,MaterialSample,Gasterosteus aculeatus,77158,DNA sequence reads,77158,DNA sequence reads,Gasterosteus aculeatus,Seawater was collected using a Niskin bottle; For each sample ~1L of seawater was passed through 0.22um sterivex filter,http://www.ncbi.nlm.nih.gov/bioproject/1049344,BLAST annotation (0.96) against NCBI nr database,FC-038,"Linnaeus, 1758",Species,Animalia,Chordata,Teleostei,Perciformes,Gasterosteidae,Gasterosteus,urn:lsid:marinespecies.org:taxname:126505,present,NA,NA,NA,NA,NA,NA,NA,NA,NA
Hakai-FC-039,Hakai-FC-039-ASV5-occ,MaterialSample,Gasterosteus aculeatus,24,DNA sequence reads,24,DNA sequence reads,Gasterosteus aculeatus,Seawater was collected using a Niskin bottle; For each sample ~1L of seawater was passed through 0.22um sterivex filter,http://www.ncbi.nlm.nih.gov/bioproject/1049344,BLAST annotation (0.96) against NCBI nr database,FC-039,"Linnaeus, 1758",Species,Animalia,Chordata,Teleostei,Perciformes,Gasterosteidae,Gasterosteus,urn:lsid:marinespecies.org:taxname:126505,present,NA,NA,NA,NA,NA,NA,NA,NA,NA
Hakai-FC-040,Hakai-FC-040-ASV5-occ,MaterialSample,Gasterosteus aculeatus,32,DNA sequence reads,32,DNA sequence reads,Gasterosteus aculeatus,Seawater was collected using a Niskin bottle; For each sample ~1L of seawater was passed through 0.22um sterivex filter,http://www.ncbi.nlm.nih.gov/bioproject/1049344,BLAST annotation (0.96) against NCBI nr database,FC-040,"Linnaeus, 1758",Species,Animalia,Chordata,Teleostei,Perciformes,Gasterosteidae,Gasterosteus,urn:lsid:marinespecies.org:taxname:126505,present,NA,NA,NA,NA,NA,NA,NA,NA,NA
Hakai-FC-042,Hakai-FC-042-ASV5-occ,MaterialSample,Gasterosteus aculeatus,44522,DNA sequence reads,44522,DNA sequence reads,Gasterosteus aculeatus,Seawater was collected using a Niskin bottle; For each sample ~1L of seawater was passed through 0.22um sterivex filter,http://www.ncbi.nlm.nih.gov/bioproject/1049344,BLAST annotation (0.96) against NCBI nr database,FC-042,"Linnaeus, 1758",Species,Animalia,Chordata,Teleostei,Perciformes,Gasterosteidae,Gasterosteus,urn:lsid:marinespecies.org:taxname:126505,present,NA,NA,NA,NA,NA,NA,NA,NA,NA
Hakai-FC-043,Hakai-FC-043-ASV5-occ,MaterialSample,Gasterosteus aculeatus,23751,DNA sequence reads,23751,DNA sequence reads,Gasterosteus aculeatus,Seawater was collected using a Niskin bottle; For each sample ~1L of seawater was passed through 0.22um sterivex filter,http://www.ncbi.nlm.nih.gov/bioproject/1049344,BLAST annotation (0.96) against NCBI nr database,FC-043,"Linnaeus, 1758",Species,Animalia,Chordata,Teleostei,Perciformes,Gasterosteidae,Gasterosteus,urn:lsid:marinespecies.org:taxname:126505,present,NA,NA,NA,NA,NA,NA,NA,NA,NA
Hakai-FC-044,Hakai-FC-044-ASV5-occ,MaterialSample,Gasterosteus aculeatus,51,DNA sequence reads,51,DNA sequence reads,Gasterosteus aculeatus,Seawater was collected using a Niskin bottle; For each sample ~1L of seawater was passed through 0.22um sterivex filter,http://www.ncbi.nlm.nih.gov/bioproject/1049344,BLAST annotation (0.96) against NCBI nr database,FC-044,"Linnaeus, 1758",Species,Animalia,Chordata,Teleostei,Perciformes,Gasterosteidae,Gasterosteus,urn:lsid:marinespecies.org:taxname:126505,present,NA,NA,NA,NA,NA,NA,NA,NA,NA
Hakai-FC-045,Hakai-FC-045-ASV5-occ,MaterialSample,Gasterosteus aculeatus,50,DNA sequence reads,50,DNA sequence reads,Gasterosteus aculeatus,Seawater was collected using a Niskin bottle; For each sample ~1L of seawater was passed through 0.22um sterivex filter,http://www.ncbi.nlm.nih.gov/bioproject/1049344,BLAST annotation (0.96) against NCBI nr database,FC-045,"Linnaeus, 1758",Species,Animalia,Chordata,Teleostei,Perciformes,Gasterosteidae,Gasterosteus,urn:lsid:marinespecies.org:taxname:126505,present,NA,NA,NA,NA,NA,NA,NA,NA,NA
Hakai-FC-046,Hakai-FC-046-ASV5-occ,MaterialSample,Gasterosteus aculeatus,30,DNA sequence reads,30,DNA sequence reads,Gasterosteus aculeatus,Seawater was collected using a Niskin bottle; For each sample ~1L of seawater was passed through 0.22um sterivex filter,http://www.ncbi.nlm.nih.gov/bioproject/1049344,BLAST annotation (0.96) against NCBI nr database,FC-046,"Linnaeus, 1758",Species,Animalia,Chordata,Teleostei,Perciformes,Gasterosteidae,Gasterosteus,urn:lsid:marinespecies.org:taxname:126505,present,NA,NA,NA,NA,NA,NA,NA,NA,NA
Hakai-FC-048,Hakai-FC-048-ASV5-occ,MaterialSample,Gasterosteus aculeatus,24372,DNA sequence reads,24372,DNA sequence reads,Gasterosteus aculeatus,Seawater was collected using a Niskin bottle; For each sample ~1L of seawater was passed through 0.22um sterivex filter,http://www.ncbi.nlm.nih.gov/bioproject/1049344,BLAST annotation (0.96) against NCBI nr database,FC-048,"Linnaeus, 1758",Species,Animalia,Chordata,Teleostei,Perciformes,Gasterosteidae,Gasterosteus,urn:lsid:marinespecies.org:taxname:126505,present,NA,NA,NA,NA,NA,NA,NA,NA,NA
Hakai-FC-049,Hakai-FC-049-ASV5-occ,MaterialSample,Gasterosteus aculeatus,40,DNA sequence reads,40,DNA sequence reads,Gasterosteus aculeatus,Seawater was collected using a Niskin bottle; For each sample ~1L of seawater was passed through 0.22um sterivex filter,http://www.ncbi.nlm.nih.gov/bioproject/1049344,BLAST annotation (0.96) against NCBI nr database,FC-049,"Linnaeus, 1758",Species,Animalia,Chordata,Teleostei,Perciformes,Gasterosteidae,Gasterosteus,urn:lsid:marinespecies.org:taxname:126505,present,NA,NA,NA,NA,NA,NA,NA,NA,NA
Hakai-FC-050,Hakai-FC-050-ASV5-occ,MaterialSample,Gasterosteus aculeatus,228,DNA sequence reads,228,DNA sequence reads,Gasterosteus aculeatus,Seawater was collected using a Niskin bottle; For each sample ~1L of seawater was passed through 0.22um sterivex filter,http://www.ncbi.nlm.nih.gov/bioproject/1049344,BLAST annotation (0.96) against NCBI nr database,FC-050,"Linnaeus, 1758",Species,Animalia,Chordata,Teleostei,Perciformes,Gasterosteidae,Gasterosteus,urn:lsid:marinespecies.org:taxname:126505,present,NA,NA,NA,NA,NA,NA,NA,NA,NA
Hakai-FC-051,Hakai-FC-051-ASV5-occ,MaterialSample,Gasterosteus aculeatus,46,DNA sequence reads,46,DNA sequence reads,Gasterosteus aculeatus,Seawater was collected using a Niskin bottle; For each sample ~1L of seawater was passed through 0.22um sterivex filter,http://www.ncbi.nlm.nih.gov/bioproject/1049344,BLAST annotation (0.96) against NCBI nr database,FC-051,"Linnaeus, 1758",Species,Animalia,Chordata,Teleostei,Perciformes,Gasterosteidae,Gasterosteus,urn:lsid:marinespecies.org:taxname:126505,present,NA,NA,NA,NA,NA,NA,NA,NA,NA
Hakai-FC-052,Hakai-FC-052-ASV5-occ,MaterialSample,Gasterosteus aculeatus,323,DNA sequence reads,323,DNA sequence reads,Gasterosteus aculeatus,Seawater was collected using a Niskin bottle; For each sample ~1L of seawater was passed through 0.22um sterivex filter,http://www.ncbi.nlm.nih.gov/bioproject/1049344,BLAST annotation (0.96) against NCBI nr database,FC-052,"Linnaeus, 1758",Species,Animalia,Chordata,Teleostei,Perciformes,Gasterosteidae,Gasterosteus,urn:lsid:marinespecies.org:taxname:126505,present,NA,NA,NA,NA,NA,NA,NA,NA,NA
Hakai-FC-053,Hakai-FC-053-ASV5-occ,MaterialSample,Gasterosteus aculeatus,293,DNA sequence reads,293,DNA sequence reads,Gasterosteus aculeatus,Seawater was collected using a Niskin bottle; For each sample ~1L of seawater was passed through 0.22um sterivex filter,http://www.ncbi.nlm.nih.gov/bioproject/1049344,BLAST annotation (0.96) against NCBI nr database,FC-053,"Linnaeus, 1758",Species,Animalia,Chordata,Teleostei,Perciformes,Gasterosteidae,Gasterosteus,urn:lsid:marinespecies.org:taxname:126505,present,NA,NA,NA,NA,NA,NA,NA,NA,NA
Hakai-FC-054,Hakai-FC-054-ASV5-occ,MaterialSample,Gasterosteus aculeatus,236,DNA sequence reads,236,DNA sequence reads,Gasterosteus aculeatus,Seawater was collected using a Niskin bottle; For each sample ~1L of seawater was passed through 0.22um sterivex filter,http://www.ncbi.nlm.nih.gov/bioproject/1049344,BLAST annotation (0.96) against NCBI nr database,FC-054,"Linnaeus, 1758",Species,Animalia,Chordata,Teleostei,Perciformes,Gasterosteidae,Gasterosteus,urn:lsid:marinespecies.org:taxname:126505,present,NA,NA,NA,NA,NA,NA,NA,NA,NA
Hakai-FC-055,Hakai-FC-055-ASV5-occ,MaterialSample,Gasterosteus aculeatus,31282,DNA sequence reads,31282,DNA sequence reads,Gasterosteus aculeatus,Seawater was collected using a Niskin bottle; For each sample ~1L of seawater was passed through 0.22um sterivex filter,http://www.ncbi.nlm.nih.gov/bioproject/1049344,BLAST annotation (0.96) against NCBI nr database,FC-055,"Linnaeus, 1758",Species,Animalia,Chordata,Teleostei,Perciformes,Gasterosteidae,Gasterosteus,urn:lsid:marinespecies.org:taxname:126505,present,NA,NA,NA,NA,NA,NA,NA,NA,NA
Hakai-FC-056,Hakai-FC-056-ASV5-occ,MaterialSample,Gasterosteus aculeatus,248,DNA sequence reads,248,DNA sequence reads,Gasterosteus aculeatus,Seawater was collected using a Niskin bottle; For each sample ~1L of seawater was passed through 0.22um sterivex filter,http://www.ncbi.nlm.nih.gov/bioproject/1049344,BLAST annotation (0.96) against NCBI nr database,FC-056,"Linnaeus, 1758",Species,Animalia,Chordata,Teleostei,Perciformes,Gasterosteidae,Gasterosteus,urn:lsid:marinespecies.org:taxname:126505,present,NA,NA,NA,NA,NA,NA,NA,NA,NA
Hakai-FC-058,Hakai-FC-058-ASV5-occ,MaterialSample,Gasterosteus aculeatus,28,DNA sequence reads,28,DNA sequence reads,Gasterosteus aculeatus,Seawater was collected using a Niskin bottle; For each sample ~1L of seawater was passed through 0.22um sterivex filter,http://www.ncbi.nlm.nih.gov/bioproject/1049344,BLAST annotation (0.96) against NCBI nr database,FC-058,"Linnaeus, 1758",Species,Animalia,Chordata,Teleostei,Perciformes,Gasterosteidae,Gasterosteus,urn:lsid:marinespecies.org:taxname:126505,present,NA,NA,NA,NA,NA,NA,NA,NA,NA
Hakai-FC-061,Hakai-FC-061-ASV5-occ,MaterialSample,Gasterosteus aculeatus,15,DNA sequence reads,15,DNA sequence reads,Gasterosteus aculeatus,Seawater was collected using a Niskin bottle; For each sample ~1L of seawater was passed through 0.22um sterivex filter,http://www.ncbi.nlm.nih.gov/bioproject/1049344,BLAST annotation (0.96) against NCBI nr database,FC-061,"Linnaeus, 1758",Species,Animalia,Chordata,Teleostei,Perciformes,Gasterosteidae,Gasterosteus,urn:lsid:marinespecies.org:taxname:126505,present,NA,NA,NA,NA,NA,NA,NA,NA,NA
Hakai-FC-062,Hakai-FC-062-ASV5-occ,MaterialSample,Gasterosteus aculeatus,27,DNA sequence reads,27,DNA sequence reads,Gasterosteus aculeatus,Seawater was collected using a Niskin bottle; For each sample ~1L of seawater was passed through 0.22um sterivex filter,http://www.ncbi.nlm.nih.gov/bioproject/1049344,BLAST annotation (0.96) against NCBI nr database,FC-062,"Linnaeus, 1758",Species,Animalia,Chordata,Teleostei,Perciformes,Gasterosteidae,Gasterosteus,urn:lsid:marinespecies.org:taxname:126505,present,NA,NA,NA,NA,NA,NA,NA,NA,NA
Hakai-FC-066,Hakai-FC-066-ASV5-occ,MaterialSample,Gasterosteus aculeatus,12,DNA sequence reads,12,DNA sequence reads,Gasterosteus aculeatus,Seawater was collected using a Niskin bottle; For each sample ~1L of seawater was passed through 0.22um sterivex filter,http://www.ncbi.nlm.nih.gov/bioproject/1049344,BLAST annotation (0.96) against NCBI nr database,FC-066,"Linnaeus, 1758",Species,Animalia,Chordata,Teleostei,Perciformes,Gasterosteidae,Gasterosteus,urn:lsid:marinespecies.org:taxname:126505,present,NA,NA,NA,NA,NA,NA,NA,NA,NA
Hakai-FC-067,Hakai-FC-067-ASV5-occ,MaterialSample,Gasterosteus aculeatus,6,DNA sequence reads,6,DNA sequence reads,Gasterosteus aculeatus,Seawater was collected using a Niskin bottle; For each sample ~1L of seawater was passed through 0.22um sterivex filter,http://www.ncbi.nlm.nih.gov/bioproject/1049344,BLAST annotation (0.96) against NCBI nr database,FC-067,"Linnaeus, 1758",Species,Animalia,Chordata,Teleostei,Perciformes,Gasterosteidae,Gasterosteus,urn:lsid:marinespecies.org:taxname:126505,present,NA,NA,NA,NA,NA,NA,NA,NA,NA
Hakai-FC-068,Hakai-FC-068-ASV5-occ,MaterialSample,Gasterosteus aculeatus,24,DNA sequence reads,24,DNA sequence reads,Gasterosteus aculeatus,Seawater was collected using a Niskin bottle; For each sample ~1L of seawater was passed through 0.22um sterivex filter,http://www.ncbi.nlm.nih.gov/bioproject/1049344,BLAST annotation (0.96) against NCBI nr database,FC-068,"Linnaeus, 1758",Species,Animalia,Chordata,Teleostei,Perciformes,Gasterosteidae,Gasterosteus,urn:lsid:marinespecies.org:taxname:126505,present,NA,NA,NA,NA,NA,NA,NA,NA,NA
Hakai-FC-069,Hakai-FC-069-ASV5-occ,MaterialSample,Gasterosteus aculeatus,23,DNA sequence reads,23,DNA sequence reads,Gasterosteus aculeatus,Seawater was collected using a Niskin bottle; For each sample ~1L of seawater was passed through 0.22um sterivex filter,http://www.ncbi.nlm.nih.gov/bioproject/1049344,BLAST annotation (0.96) against NCBI nr database,FC-069,"Linnaeus, 1758",Species,Animalia,Chordata,Teleostei,Perciformes,Gasterosteidae,Gasterosteus,urn:lsid:marinespecies.org:taxname:126505,present,NA,NA,NA,NA,NA,NA,NA,NA,NA
Hakai-FC-070,Hakai-FC-070-ASV5-occ,MaterialSample,Gasterosteus aculeatus,8,DNA sequence reads,8,DNA sequence reads,Gasterosteus aculeatus,Seawater was collected using a Niskin bottle; For each sample ~1L of seawater was passed through 0.22um sterivex filter,http://www.ncbi.nlm.nih.gov/bioproject/1049344,BLAST annotation (0.96) against NCBI nr database,FC-070,"Linnaeus, 1758",Species,Animalia,Chordata,Teleostei,Perciformes,Gasterosteidae,Gasterosteus,urn:lsid:marinespecies.org:taxname:126505,present,NA,NA,NA,NA,NA,NA,NA,NA,NA
Hakai-FC-074,Hakai-FC-074-ASV5-occ,MaterialSample,Gasterosteus aculeatus,63303,DNA sequence reads,63303,DNA sequence reads,Gasterosteus aculeatus,Seawater was collected using a Niskin bottle; For each sample ~1L of seawater was passed through 0.22um sterivex filter,http://www.ncbi.nlm.nih.gov/bioproject/1049344,BLAST annotation (0.96) against NCBI nr database,FC-074,"Linnaeus, 1758",Species,Animalia,Chordata,Teleostei,Perciformes,Gasterosteidae,Gasterosteus,urn:lsid:marinespecies.org:taxname:126505,present,NA,NA,NA,NA,NA,NA,NA,NA,NA
Hakai-FC-036,Hakai-FC-036-ASV30-occ,MaterialSample,Gasterosteus aculeatus,22263,DNA sequence reads,22263,DNA sequence reads,Gasterosteus aculeatus,Seawater was collected using a Niskin bottle; For each sample ~1L of seawater was passed through 0.22um sterivex filter,http://www.ncbi.nlm.nih.gov/bioproject/1049344,BLAST annotation (0.96) against NCBI nr database,FC-036,"Linnaeus, 1758",Species,Animalia,Chordata,Teleostei,Perciformes,Gasterosteidae,Gasterosteus,urn:lsid:marinespecies.org:taxname:126505,present,NA,NA,NA,NA,NA,NA,NA,NA,NA
Hakai-FC-042,Hakai-FC-042-ASV37-occ,MaterialSample,Gasterosteus aculeatus,17783,DNA sequence reads,17783,DNA sequence reads,Gasterosteus aculeatus,Seawater was collected using a Niskin bottle; For each sample ~1L of seawater was passed through 0.22um sterivex filter,http://www.ncbi.nlm.nih.gov/bioproject/1049344,BLAST annotation (0.96) against NCBI nr database,FC-042,"Linnaeus, 1758",Species,Animalia,Chordata,Teleostei,Perciformes,Gasterosteidae,Gasterosteus,urn:lsid:marinespecies.org:taxname:126505,present,NA,NA,NA,NA,NA,NA,NA,NA,NA
Hakai-FC-030,Hakai-FC-030-ASV38-occ,MaterialSample,Gasterosteus aculeatus,17691,DNA sequence reads,17691,DNA sequence reads,Gasterosteus aculeatus,Seawater was collected using a Niskin bottle; For each sample ~1L of seawater was passed through 0.22um sterivex filter,http://www.ncbi.nlm.nih.gov/bioproject/1049344,BLAST annotation (0.96) against NCBI nr database,FC-030,"Linnaeus, 1758",Species,Animalia,Chordata,Teleostei,Perciformes,Gasterosteidae,Gasterosteus,urn:lsid:marinespecies.org:taxname:126505,present,NA,NA,NA,NA,NA,NA,NA,NA,NA
Hakai-FC-013,Hakai-FC-013-ASV43-occ,MaterialSample,Gasterosteus aculeatus,13029,DNA sequence reads,13029,DNA sequence reads,Gasterosteus aculeatus,Seawater was collected using a Niskin bottle; For each sample ~1L of seawater was passed through 0.22um sterivex filter,http://www.ncbi.nlm.nih.gov/bioproject/1049344,BLAST annotation (0.96) against NCBI nr database,FC-013,"Linnaeus, 1758",Species,Animalia,Chordata,Teleostei,Perciformes,Gasterosteidae,Gasterosteus,urn:lsid:marinespecies.org:taxname:126505,present,NA,NA,NA,NA,NA,NA,NA,NA,NA
Hakai-FC-007,Hakai-FC-007-ASV57-occ,MaterialSample,Gasterosteus aculeatus,92,DNA sequence reads,92,DNA sequence reads,Gasterosteus aculeatus,Seawater was collected using a Niskin bottle; For each sample ~1L of seawater was passed through 0.22um sterivex filter,http://www.ncbi.nlm.nih.gov/bioproject/1049344,BLAST annotation (0.96) against NCBI nr database,FC-007,"Linnaeus, 1758",Species,Animalia,Chordata,Teleostei,Perciformes,Gasterosteidae,Gasterosteus,urn:lsid:marinespecies.org:taxname:126505,present,NA,NA,NA,NA,NA,NA,NA,NA,NA
Hakai-FC-016,Hakai-FC-016-ASV57-occ,MaterialSample,Gasterosteus aculeatus,57,DNA sequence reads,57,DNA sequence reads,Gasterosteus aculeatus,Seawater was collected using a Niskin bottle; For each sample ~1L of seawater was passed through 0.22um sterivex filter,http://www.ncbi.nlm.nih.gov/bioproject/1049344,BLAST annotation (0.96) against NCBI nr database,FC-016,"Linnaeus, 1758",Species,Animalia,Chordata,Teleostei,Perciformes,Gasterosteidae,Gasterosteus,urn:lsid:marinespecies.org:taxname:126505,present,NA,NA,NA,NA,NA,NA,NA,NA,NA
Hakai-FC-021,Hakai-FC-021-ASV57-occ,MaterialSample,Gasterosteus aculeatus,133,DNA sequence reads,133,DNA sequence reads,Gasterosteus aculeatus,Seawater was collected using a Niskin bottle; For each sample ~1L of seawater was passed through 0.22um sterivex filter,http://www.ncbi.nlm.nih.gov/bioproject/1049344,BLAST annotation (0.96) against NCBI nr database,FC-021,"Linnaeus, 1758",Species,Animalia,Chordata,Teleostei,Perciformes,Gasterosteidae,Gasterosteus,urn:lsid:marinespecies.org:taxname:126505,present,NA,NA,NA,NA,NA,NA,NA,NA,NA
Hakai-FC-029,Hakai-FC-029-ASV57-occ,MaterialSample,Gasterosteus aculeatus,188,DNA sequence reads,188,DNA sequence reads,Gasterosteus aculeatus,Seawater was collected using a Niskin bottle; For each sample ~1L of seawater was passed through 0.22um sterivex filter,http://www.ncbi.nlm.nih.gov/bioproject/1049344,BLAST annotation (0.96) against NCBI nr database,FC-029,"Linnaeus, 1758",Species,Animalia,Chordata,Teleostei,Perciformes,Gasterosteidae,Gasterosteus,urn:lsid:marinespecies.org:taxname:126505,present,NA,NA,NA,NA,NA,NA,NA,NA,NA
Hakai-FC-030,Hakai-FC-030-ASV57-occ,MaterialSample,Gasterosteus aculeatus,261,DNA sequence reads,261,DNA sequence reads,Gasterosteus aculeatus,Seawater was collected using a Niskin bottle; For each sample ~1L of seawater was passed through 0.22um sterivex filter,http://www.ncbi.nlm.nih.gov/bioproject/1049344,BLAST annotation (0.96) against NCBI nr database,FC-030,"Linnaeus, 1758",Species,Animalia,Chordata,Teleostei,Perciformes,Gasterosteidae,Gasterosteus,urn:lsid:marinespecies.org:taxname:126505,present,NA,NA,NA,NA,NA,NA,NA,NA,NA
Hakai-FC-031,Hakai-FC-031-ASV57-occ,MaterialSample,Gasterosteus aculeatus,50,DNA sequence reads,50,DNA sequence reads,Gasterosteus aculeatus,Seawater was collected using a Niskin bottle; For each sample ~1L of seawater was passed through 0.22um sterivex filter,http://www.ncbi.nlm.nih.gov/bioproject/1049344,BLAST annotation (0.96) against NCBI nr database,FC-031,"Linnaeus, 1758",Species,Animalia,Chordata,Teleostei,Perciformes,Gasterosteidae,Gasterosteus,urn:lsid:marinespecies.org:taxname:126505,present,NA,NA,NA,NA,NA,NA,NA,NA,NA
Hakai-FC-036,Hakai-FC-036-ASV57-occ,MaterialSample,Gasterosteus aculeatus,345,DNA sequence reads,345,DNA sequence reads,Gasterosteus aculeatus,Seawater was collected using a Niskin bottle; For each sample ~1L of seawater was passed through 0.22um sterivex filter,http://www.ncbi.nlm.nih.gov/bioproject/1049344,BLAST annotation (0.96) against NCBI nr database,FC-036,"Linnaeus, 1758",Species,Animalia,Chordata,Teleostei,Perciformes,Gasterosteidae,Gasterosteus,urn:lsid:marinespecies.org:taxname:126505,present,NA,NA,NA,NA,NA,NA,NA,NA,NA
Hakai-FC-037,Hakai-FC-037-ASV57-occ,MaterialSample,Gasterosteus aculeatus,111,DNA sequence reads,111,DNA sequence reads,Gasterosteus aculeatus,Seawater was collected using a Niskin bottle; For each sample ~1L of seawater was passed through 0.22um sterivex filter,http://www.ncbi.nlm.nih.gov/bioproject/1049344,BLAST annotation (0.96) against NCBI nr database,FC-037,"Linnaeus, 1758",Species,Animalia,Chordata,Teleostei,Perciformes,Gasterosteidae,Gasterosteus,urn:lsid:marinespecies.org:taxname:126505,present,NA,NA,NA,NA,NA,NA,NA,NA,NA
Hakai-FC-038,Hakai-FC-038-ASV57-occ,MaterialSample,Gasterosteus aculeatus,161,DNA sequence reads,161,DNA sequence reads,Gasterosteus aculeatus,Seawater was collected using a Niskin bottle; For each sample ~1L of seawater was passed through 0.22um sterivex filter,http://www.ncbi.nlm.nih.gov/bioproject/1049344,BLAST annotation (0.96) against NCBI nr database,FC-038,"Linnaeus, 1758",Species,Animalia,Chordata,Teleostei,Perciformes,Gasterosteidae,Gasterosteus,urn:lsid:marinespecies.org:taxname:126505,present,NA,NA,NA,NA,NA,NA,NA,NA,NA
Hakai-FC-042,Hakai-FC-042-ASV57-occ,MaterialSample,Gasterosteus aculeatus,101,DNA sequence reads,101,DNA sequence reads,Gasterosteus aculeatus,Seawater was collected using a Niskin bottle; For each sample ~1L of seawater was passed through 0.22um sterivex filter,http://www.ncbi.nlm.nih.gov/bioproject/1049344,BLAST annotation (0.96) against NCBI nr database,FC-042,"Linnaeus, 1758",Species,Animalia,Chordata,Teleostei,Perciformes,Gasterosteidae,Gasterosteus,urn:lsid:marinespecies.org:taxname:126505,present,NA,NA,NA,NA,NA,NA,NA,NA,NA
Hakai-FC-043,Hakai-FC-043-ASV57-occ,MaterialSample,Gasterosteus aculeatus,53,DNA sequence reads,53,DNA sequence reads,Gasterosteus aculeatus,Seawater was collected using a Niskin bottle; For each sample ~1L of seawater was passed through 0.22um sterivex filter,http://www.ncbi.nlm.nih.gov/bioproject/1049344,BLAST annotation (0.96) against NCBI nr database,FC-043,"Linnaeus, 1758",Species,Animalia,Chordata,Teleostei,Perciformes,Gasterosteidae,Gasterosteus,urn:lsid:marinespecies.org:taxname:126505,present,NA,NA,NA,NA,NA,NA,NA,NA,NA
Hakai-FC-055,Hakai-FC-055-ASV57-occ,MaterialSample,Gasterosteus aculeatus,76,DNA sequence reads,76,DNA sequence reads,Gasterosteus aculeatus,Seawater was collected using a Niskin bottle; For each sample ~1L of seawater was passed through 0.22um sterivex filter,http://www.ncbi.nlm.nih.gov/bioproject/1049344,BLAST annotation (0.96) against NCBI nr database,FC-055,"Linnaeus, 1758",Species,Animalia,Chordata,Teleostei,Perciformes,Gasterosteidae,Gasterosteus,urn:lsid:marinespecies.org:taxname:126505,present,NA,NA,NA,NA,NA,NA,NA,NA,NA
Hakai-FC-074,Hakai-FC-074-ASV57-occ,MaterialSample,Gasterosteus aculeatus,164,DNA sequence reads,164,DNA sequence reads,Gasterosteus aculeatus,Seawater was collected using a Niskin bottle; For each sample ~1L of seawater was passed through 0.22um sterivex filter,http://www.ncbi.nlm.nih.gov/bioproject/1049344,BLAST annotation (0.96) against NCBI nr database,FC-074,"Linnaeus, 1758",Species,Animalia,Chordata,Teleostei,Perciformes,Gasterosteidae,Gasterosteus,urn:lsid:marinespecies.org:taxname:126505,present,NA,NA,NA,NA,NA,NA,NA,NA,NA
Hakai-FC-052,Hakai-FC-052-ASV77-occ,MaterialSample,Gasterosteus aculeatus,330,DNA sequence reads,330,DNA sequence reads,Gasterosteus aculeatus,Seawater was collected using a Niskin bottle; For each sample ~1L of seawater was passed through 0.22um sterivex filter,http://www.ncbi.nlm.nih.gov/bioproject/1049344,BLAST annotation (0.96) against NCBI nr database,FC-052,"Linnaeus, 1758",Species,Animalia,Chordata,Teleostei,Perciformes,Gasterosteidae,Gasterosteus,urn:lsid:marinespecies.org:taxname:126505,present,NA,NA,NA,NA,NA,NA,NA,NA,NA
Hakai-FC-052,Hakai-FC-052-ASV48-occ,MaterialSample,Hexagrammos agrammus,10229,DNA sequence reads,10229,DNA sequence reads,Hexagrammos agrammus,Seawater was collected using a Niskin bottle; For each sample ~1L of seawater was passed through 0.22um sterivex filter,http://www.ncbi.nlm.nih.gov/bioproject/1049344,BLAST annotation (0.96) against NCBI nr database,FC-052,"(Temminck & Schlegel, 1843)",Species,Animalia,Chordata,Teleostei,Perciformes,Hexagrammidae,Hexagrammos,urn:lsid:marinespecies.org:taxname:279410,present,NA,NA,NA,NA,NA,NA,NA,NA,NA
Hakai-FC-035,Hakai-FC-035-ASV26-occ,MaterialSample,Hexanchus griseus,25486,DNA sequence reads,25486,DNA sequence reads,Hexanchus griseus,Seawater was collected using a Niskin bottle; For each sample ~1L of seawater was passed through 0.22um sterivex filter,http://www.ncbi.nlm.nih.gov/bioproject/1049344,BLAST annotation (0.96) against NCBI nr database,FC-035,"(Bonnaterre, 1788)",Species,Animalia,Chordata,Elasmobranchii,Hexanchiformes,Hexanchidae,Hexanchus,urn:lsid:marinespecies.org:taxname:105833,present,NA,NA,NA,NA,NA,NA,NA,NA,NA
Hakai-FC-043,Hakai-FC-043-ASV26-occ,MaterialSample,Hexanchus griseus,8,DNA sequence reads,8,DNA sequence reads,Hexanchus griseus,Seawater was collected using a Niskin bottle; For each sample ~1L of seawater was passed through 0.22um sterivex filter,http://www.ncbi.nlm.nih.gov/bioproject/1049344,BLAST annotation (0.96) against NCBI nr database,FC-043,"(Bonnaterre, 1788)",Species,Animalia,Chordata,Elasmobranchii,Hexanchiformes,Hexanchidae,Hexanchus,urn:lsid:marinespecies.org:taxname:105833,present,NA,NA,NA,NA,NA,NA,NA,NA,NA
Hakai-FC-051,Hakai-FC-051-ASV26-occ,MaterialSample,Hexanchus griseus,38,DNA sequence reads,38,DNA sequence reads,Hexanchus griseus,Seawater was collected using a Niskin bottle; For each sample ~1L of seawater was passed through 0.22um sterivex filter,http://www.ncbi.nlm.nih.gov/bioproject/1049344,BLAST annotation (0.96) against NCBI nr database,FC-051,"(Bonnaterre, 1788)",Species,Animalia,Chordata,Elasmobranchii,Hexanchiformes,Hexanchidae,Hexanchus,urn:lsid:marinespecies.org:taxname:105833,present,NA,NA,NA,NA,NA,NA,NA,NA,NA
Hakai-FC-028,Hakai-FC-028-ASV27-occ,MaterialSample,Lepidogobius lepidus,23793,DNA sequence reads,23793,DNA sequence reads,Lepidogobius lepidus,Seawater was collected using a Niskin bottle; For each sample ~1L of seawater was passed through 0.22um sterivex filter,http://www.ncbi.nlm.nih.gov/bioproject/1049344,BLAST annotation (0.96) against NCBI nr database,FC-028,"(Girard, 1858)",Species,Animalia,Chordata,Teleostei,Gobiiformes,Gobiidae,Lepidogobius,urn:lsid:marinespecies.org:taxname:281292,present,NA,NA,NA,NA,NA,NA,NA,NA,NA
Hakai-FC-052,Hakai-FC-052-ASV27-occ,MaterialSample,Lepidogobius lepidus,30,DNA sequence reads,30,DNA sequence reads,Lepidogobius lepidus,Seawater was collected using a Niskin bottle; For each sample ~1L of seawater was passed through 0.22um sterivex filter,http://www.ncbi.nlm.nih.gov/bioproject/1049344,BLAST annotation (0.96) against NCBI nr database,FC-052,"(Girard, 1858)",Species,Animalia,Chordata,Teleostei,Gobiiformes,Gobiidae,Lepidogobius,urn:lsid:marinespecies.org:taxname:281292,present,NA,NA,NA,NA,NA,NA,NA,NA,NA
Hakai-FC-016,Hakai-FC-016-ASV16-occ,MaterialSample,Lumpenus sagitta,14,DNA sequence reads,14,DNA sequence reads,Lumpenus sagitta,Seawater was collected using a Niskin bottle; For each sample ~1L of seawater was passed through 0.22um sterivex filter,http://www.ncbi.nlm.nih.gov/bioproject/1049344,BLAST annotation (0.96) against NCBI nr database,FC-016,"Wilimovsky, 1956",Species,Animalia,Chordata,Teleostei,Perciformes,Lumpenidae,Lumpenus,urn:lsid:marinespecies.org:taxname:254579,present,NA,NA,NA,NA,NA,NA,NA,NA,NA
Hakai-FC-033,Hakai-FC-033-ASV16-occ,MaterialSample,Lumpenus sagitta,27040,DNA sequence reads,27040,DNA sequence reads,Lumpenus sagitta,Seawater was collected using a Niskin bottle; For each sample ~1L of seawater was passed through 0.22um sterivex filter,http://www.ncbi.nlm.nih.gov/bioproject/1049344,BLAST annotation (0.96) against NCBI nr database,FC-033,"Wilimovsky, 1956",Species,Animalia,Chordata,Teleostei,Perciformes,Lumpenidae,Lumpenus,urn:lsid:marinespecies.org:taxname:254579,present,NA,NA,NA,NA,NA,NA,NA,NA,NA
Hakai-FC-040,Hakai-FC-040-ASV16-occ,MaterialSample,Lumpenus sagitta,50615,DNA sequence reads,50615,DNA sequence reads,Lumpenus sagitta,Seawater was collected using a Niskin bottle; For each sample ~1L of seawater was passed through 0.22um sterivex filter,http://www.ncbi.nlm.nih.gov/bioproject/1049344,BLAST annotation (0.96) against NCBI nr database,FC-040,"Wilimovsky, 1956",Species,Animalia,Chordata,Teleostei,Perciformes,Lumpenidae,Lumpenus,urn:lsid:marinespecies.org:taxname:254579,present,NA,NA,NA,NA,NA,NA,NA,NA,NA
Hakai-FC-048,Hakai-FC-048-ASV16-occ,MaterialSample,Lumpenus sagitta,11,DNA sequence reads,11,DNA sequence reads,Lumpenus sagitta,Seawater was collected using a Niskin bottle; For each sample ~1L of seawater was passed through 0.22um sterivex filter,http://www.ncbi.nlm.nih.gov/bioproject/1049344,BLAST annotation (0.96) against NCBI nr database,FC-048,"Wilimovsky, 1956",Species,Animalia,Chordata,Teleostei,Perciformes,Lumpenidae,Lumpenus,urn:lsid:marinespecies.org:taxname:254579,present,NA,NA,NA,NA,NA,NA,NA,NA,NA
Hakai-FC-049,Hakai-FC-049-ASV16-occ,MaterialSample,Lumpenus sagitta,54,DNA sequence reads,54,DNA sequence reads,Lumpenus sagitta,Seawater was collected using a Niskin bottle; For each sample ~1L of seawater was passed through 0.22um sterivex filter,http://www.ncbi.nlm.nih.gov/bioproject/1049344,BLAST annotation (0.96) against NCBI nr database,FC-049,"Wilimovsky, 1956",Species,Animalia,Chordata,Teleostei,Perciformes,Lumpenidae,Lumpenus,urn:lsid:marinespecies.org:taxname:254579,present,NA,NA,NA,NA,NA,NA,NA,NA,NA
Hakai-FC-056,Hakai-FC-056-ASV16-occ,MaterialSample,Lumpenus sagitta,146,DNA sequence reads,146,DNA sequence reads,Lumpenus sagitta,Seawater was collected using a Niskin bottle; For each sample ~1L of seawater was passed through 0.22um sterivex filter,http://www.ncbi.nlm.nih.gov/bioproject/1049344,BLAST annotation (0.96) against NCBI nr database,FC-056,"Wilimovsky, 1956",Species,Animalia,Chordata,Teleostei,Perciformes,Lumpenidae,Lumpenus,urn:lsid:marinespecies.org:taxname:254579,present,NA,NA,NA,NA,NA,NA,NA,NA,NA
Hakai-FC-064,Hakai-FC-064-ASV16-occ,MaterialSample,Lumpenus sagitta,10,DNA sequence reads,10,DNA sequence reads,Lumpenus sagitta,Seawater was collected using a Niskin bottle; For each sample ~1L of seawater was passed through 0.22um sterivex filter,http://www.ncbi.nlm.nih.gov/bioproject/1049344,BLAST annotation (0.96) against NCBI nr database,FC-064,"Wilimovsky, 1956",Species,Animalia,Chordata,Teleostei,Perciformes,Lumpenidae,Lumpenus,urn:lsid:marinespecies.org:taxname:254579,present,NA,NA,NA,NA,NA,NA,NA,NA,NA
Hakai-FC-072,Hakai-FC-072-ASV16-occ,MaterialSample,Lumpenus sagitta,5,DNA sequence reads,5,DNA sequence reads,Lumpenus sagitta,Seawater was collected using a Niskin bottle; For each sample ~1L of seawater was passed through 0.22um sterivex filter,http://www.ncbi.nlm.nih.gov/bioproject/1049344,BLAST annotation (0.96) against NCBI nr database,FC-072,"Wilimovsky, 1956",Species,Animalia,Chordata,Teleostei,Perciformes,Lumpenidae,Lumpenus,urn:lsid:marinespecies.org:taxname:254579,present,NA,NA,NA,NA,NA,NA,NA,NA,NA
Hakai-FC-057,Hakai-FC-057-ASV65-occ,MaterialSample,Merluccius productus,719,DNA sequence reads,719,DNA sequence reads,Merluccius productus,Seawater was collected using a Niskin bottle; For each sample ~1L of seawater was passed through 0.22um sterivex filter,http://www.ncbi.nlm.nih.gov/bioproject/1049344,BLAST annotation (0.96) against NCBI nr database,FC-057,"(Ayres, 1855)",Species,Animalia,Chordata,Teleostei,Gadiformes,Merlucciidae,Merluccius,urn:lsid:marinespecies.org:taxname:272458,present,NA,NA,NA,NA,NA,NA,NA,NA,NA
Hakai-FC-016,Hakai-FC-016-ASV4-occ,MaterialSample,Oncorhynchus kisutch,75,DNA sequence reads,75,DNA sequence reads,Oncorhynchus kisutch,Seawater was collected using a Niskin bottle; For each sample ~1L of seawater was passed through 0.22um sterivex filter,http://www.ncbi.nlm.nih.gov/bioproject/1049344,BLAST annotation (0.96) against NCBI nr database,FC-016,"(Walbaum, 1792)",Species,Animalia,Chordata,Teleostei,Salmoniformes,Salmonidae,Oncorhynchus,urn:lsid:marinespecies.org:taxname:127184,present,NA,NA,NA,NA,NA,NA,NA,NA,NA
Hakai-FC-040,Hakai-FC-040-ASV4-occ,MaterialSample,Oncorhynchus kisutch,50,DNA sequence reads,50,DNA sequence reads,Oncorhynchus kisutch,Seawater was collected using a Niskin bottle; For each sample ~1L of seawater was passed through 0.22um sterivex filter,http://www.ncbi.nlm.nih.gov/bioproject/1049344,BLAST annotation (0.96) against NCBI nr database,FC-040,"(Walbaum, 1792)",Species,Animalia,Chordata,Teleostei,Salmoniformes,Salmonidae,Oncorhynchus,urn:lsid:marinespecies.org:taxname:127184,present,NA,NA,NA,NA,NA,NA,NA,NA,NA
Hakai-FC-050,Hakai-FC-050-ASV4-occ,MaterialSample,Oncorhynchus kisutch,71,DNA sequence reads,71,DNA sequence reads,Oncorhynchus kisutch,Seawater was collected using a Niskin bottle; For each sample ~1L of seawater was passed through 0.22um sterivex filter,http://www.ncbi.nlm.nih.gov/bioproject/1049344,BLAST annotation (0.96) against NCBI nr database,FC-050,"(Walbaum, 1792)",Species,Animalia,Chordata,Teleostei,Salmoniformes,Salmonidae,Oncorhynchus,urn:lsid:marinespecies.org:taxname:127184,present,NA,NA,NA,NA,NA,NA,NA,NA,NA
Hakai-FC-056,Hakai-FC-056-ASV4-occ,MaterialSample,Oncorhynchus kisutch,916189,DNA sequence reads,916189,DNA sequence reads,Oncorhynchus kisutch,Seawater was collected using a Niskin bottle; For each sample ~1L of seawater was passed through 0.22um sterivex filter,http://www.ncbi.nlm.nih.gov/bioproject/1049344,BLAST annotation (0.96) against NCBI nr database,FC-056,"(Walbaum, 1792)",Species,Animalia,Chordata,Teleostei,Salmoniformes,Salmonidae,Oncorhynchus,urn:lsid:marinespecies.org:taxname:127184,present,NA,NA,NA,NA,NA,NA,NA,NA,NA
Hakai-FC-011,Hakai-FC-011-ASV17-occ,MaterialSample,Oncorhynchus nerka,44602,DNA sequence reads,44602,DNA sequence reads,Oncorhynchus nerka,Seawater was collected using a Niskin bottle; For each sample ~1L of seawater was passed through 0.22um sterivex filter,http://www.ncbi.nlm.nih.gov/bioproject/1049344,BLAST annotation (0.96) against NCBI nr database,FC-011,"(Walbaum, 1792)",Species,Animalia,Chordata,Teleostei,Salmoniformes,Salmonidae,Oncorhynchus,urn:lsid:marinespecies.org:taxname:254569,present,NA,NA,NA,NA,NA,NA,NA,NA,NA
Hakai-FC-027,Hakai-FC-027-ASV17-occ,MaterialSample,Oncorhynchus nerka,18967,DNA sequence reads,18967,DNA sequence reads,Oncorhynchus nerka,Seawater was collected using a Niskin bottle; For each sample ~1L of seawater was passed through 0.22um sterivex filter,http://www.ncbi.nlm.nih.gov/bioproject/1049344,BLAST annotation (0.96) against NCBI nr database,FC-027,"(Walbaum, 1792)",Species,Animalia,Chordata,Teleostei,Salmoniformes,Salmonidae,Oncorhynchus,urn:lsid:marinespecies.org:taxname:254569,present,NA,NA,NA,NA,NA,NA,NA,NA,NA
Hakai-FC-051,Hakai-FC-051-ASV17-occ,MaterialSample,Oncorhynchus nerka,106,DNA sequence reads,106,DNA sequence reads,Oncorhynchus nerka,Seawater was collected using a Niskin bottle; For each sample ~1L of seawater was passed through 0.22um sterivex filter,http://www.ncbi.nlm.nih.gov/bioproject/1049344,BLAST annotation (0.96) against NCBI nr database,FC-051,"(Walbaum, 1792)",Species,Animalia,Chordata,Teleostei,Salmoniformes,Salmonidae,Oncorhynchus,urn:lsid:marinespecies.org:taxname:254569,present,NA,NA,NA,NA,NA,NA,NA,NA,NA
Hakai-FC-004,Hakai-FC-004-ASV28-occ,MaterialSample,Oncorhynchus nerka,33,DNA sequence reads,33,DNA sequence reads,Oncorhynchus nerka,Seawater was collected using a Niskin bottle; For each sample ~1L of seawater was passed through 0.22um sterivex filter,http://www.ncbi.nlm.nih.gov/bioproject/1049344,BLAST annotation (0.96) against NCBI nr database,FC-004,"(Walbaum, 1792)",Species,Animalia,Chordata,Teleostei,Salmoniformes,Salmonidae,Oncorhynchus,urn:lsid:marinespecies.org:taxname:254569,present,NA,NA,NA,NA,NA,NA,NA,NA,NA
Hakai-FC-061,Hakai-FC-061-ASV28-occ,MaterialSample,Oncorhynchus nerka,21405,DNA sequence reads,21405,DNA sequence reads,Oncorhynchus nerka,Seawater was collected using a Niskin bottle; For each sample ~1L of seawater was passed through 0.22um sterivex filter,http://www.ncbi.nlm.nih.gov/bioproject/1049344,BLAST annotation (0.96) against NCBI nr database,FC-061,"(Walbaum, 1792)",Species,Animalia,Chordata,Teleostei,Salmoniformes,Salmonidae,Oncorhynchus,urn:lsid:marinespecies.org:taxname:254569,present,NA,NA,NA,NA,NA,NA,NA,NA,NA
Hakai-FC-066,Hakai-FC-066-ASV28-occ,MaterialSample,Oncorhynchus nerka,1301,DNA sequence reads,1301,DNA sequence reads,Oncorhynchus nerka,Seawater was collected using a Niskin bottle; For each sample ~1L of seawater was passed through 0.22um sterivex filter,http://www.ncbi.nlm.nih.gov/bioproject/1049344,BLAST annotation (0.96) against NCBI nr database,FC-066,"(Walbaum, 1792)",Species,Animalia,Chordata,Teleostei,Salmoniformes,Salmonidae,Oncorhynchus,urn:lsid:marinespecies.org:taxname:254569,present,NA,NA,NA,NA,NA,NA,NA,NA,NA
Hakai-FC-055,Hakai-FC-055-ASV49-occ,MaterialSample,Oncorhynchus nerka,7504,DNA sequence reads,7504,DNA sequence reads,Oncorhynchus nerka,Seawater was collected using a Niskin bottle; For each sample ~1L of seawater was passed through 0.22um sterivex filter,http://www.ncbi.nlm.nih.gov/bioproject/1049344,BLAST annotation (0.96) against NCBI nr database,FC-055,"(Walbaum, 1792)",Species,Animalia,Chordata,Teleostei,Salmoniformes,Salmonidae,Oncorhynchus,urn:lsid:marinespecies.org:taxname:254569,present,NA,NA,NA,NA,NA,NA,NA,NA,NA
Hakai-FC-002,Hakai-FC-002-ASV2-occ,MaterialSample,Oncorhynchus tshawytscha,20,DNA sequence reads,20,DNA sequence reads,Oncorhynchus tshawytscha,Seawater was collected using a Niskin bottle; For each sample ~1L of seawater was passed through 0.22um sterivex filter,http://www.ncbi.nlm.nih.gov/bioproject/1049344,BLAST annotation (0.96) against NCBI nr database,FC-002,"(Walbaum, 1792)",Species,Animalia,Chordata,Teleostei,Salmoniformes,Salmonidae,Oncorhynchus,urn:lsid:marinespecies.org:taxname:158075,present,NA,NA,NA,NA,NA,NA,NA,NA,NA
Hakai-FC-003,Hakai-FC-003-ASV2-occ,MaterialSample,Oncorhynchus tshawytscha,19,DNA sequence reads,19,DNA sequence reads,Oncorhynchus tshawytscha,Seawater was collected using a Niskin bottle; For each sample ~1L of seawater was passed through 0.22um sterivex filter,http://www.ncbi.nlm.nih.gov/bioproject/1049344,BLAST annotation (0.96) against NCBI nr database,FC-003,"(Walbaum, 1792)",Species,Animalia,Chordata,Teleostei,Salmoniformes,Salmonidae,Oncorhynchus,urn:lsid:marinespecies.org:taxname:158075,present,NA,NA,NA,NA,NA,NA,NA,NA,NA
Hakai-FC-006,Hakai-FC-006-ASV2-occ,MaterialSample,Oncorhynchus tshawytscha,16,DNA sequence reads,16,DNA sequence reads,Oncorhynchus tshawytscha,Seawater was collected using a Niskin bottle; For each sample ~1L of seawater was passed through 0.22um sterivex filter,http://www.ncbi.nlm.nih.gov/bioproject/1049344,BLAST annotation (0.96) against NCBI nr database,FC-006,"(Walbaum, 1792)",Species,Animalia,Chordata,Teleostei,Salmoniformes,Salmonidae,Oncorhynchus,urn:lsid:marinespecies.org:taxname:158075,present,NA,NA,NA,NA,NA,NA,NA,NA,NA
Hakai-FC-008,Hakai-FC-008-ASV2-occ,MaterialSample,Oncorhynchus tshawytscha,42624,DNA sequence reads,42624,DNA sequence reads,Oncorhynchus tshawytscha,Seawater was collected using a Niskin bottle; For each sample ~1L of seawater was passed through 0.22um sterivex filter,http://www.ncbi.nlm.nih.gov/bioproject/1049344,BLAST annotation (0.96) against NCBI nr database,FC-008,"(Walbaum, 1792)",Species,Animalia,Chordata,Teleostei,Salmoniformes,Salmonidae,Oncorhynchus,urn:lsid:marinespecies.org:taxname:158075,present,NA,NA,NA,NA,NA,NA,NA,NA,NA
Hakai-FC-010,Hakai-FC-010-ASV2-occ,MaterialSample,Oncorhynchus tshawytscha,34348,DNA sequence reads,34348,DNA sequence reads,Oncorhynchus tshawytscha,Seawater was collected using a Niskin bottle; For each sample ~1L of seawater was passed through 0.22um sterivex filter,http://www.ncbi.nlm.nih.gov/bioproject/1049344,BLAST annotation (0.96) against NCBI nr database,FC-010,"(Walbaum, 1792)",Species,Animalia,Chordata,Teleostei,Salmoniformes,Salmonidae,Oncorhynchus,urn:lsid:marinespecies.org:taxname:158075,present,NA,NA,NA,NA,NA,NA,NA,NA,NA
Hakai-FC-012,Hakai-FC-012-ASV2-occ,MaterialSample,Oncorhynchus tshawytscha,22,DNA sequence reads,22,DNA sequence reads,Oncorhynchus tshawytscha,Seawater was collected using a Niskin bottle; For each sample ~1L of seawater was passed through 0.22um sterivex filter,http://www.ncbi.nlm.nih.gov/bioproject/1049344,BLAST annotation (0.96) against NCBI nr database,FC-012,"(Walbaum, 1792)",Species,Animalia,Chordata,Teleostei,Salmoniformes,Salmonidae,Oncorhynchus,urn:lsid:marinespecies.org:taxname:158075,present,NA,NA,NA,NA,NA,NA,NA,NA,NA
Hakai-FC-013,Hakai-FC-013-ASV2-occ,MaterialSample,Oncorhynchus tshawytscha,19,DNA sequence reads,19,DNA sequence reads,Oncorhynchus tshawytscha,Seawater was collected using a Niskin bottle; For each sample ~1L of seawater was passed through 0.22um sterivex filter,http://www.ncbi.nlm.nih.gov/bioproject/1049344,BLAST annotation (0.96) against NCBI nr database,FC-013,"(Walbaum, 1792)",Species,Animalia,Chordata,Teleostei,Salmoniformes,Salmonidae,Oncorhynchus,urn:lsid:marinespecies.org:taxname:158075,present,NA,NA,NA,NA,NA,NA,NA,NA,NA
Hakai-FC-014,Hakai-FC-014-ASV2-occ,MaterialSample,Oncorhynchus tshawytscha,21938,DNA sequence reads,21938,DNA sequence reads,Oncorhynchus tshawytscha,Seawater was collected using a Niskin bottle; For each sample ~1L of seawater was passed through 0.22um sterivex filter,http://www.ncbi.nlm.nih.gov/bioproject/1049344,BLAST annotation (0.96) against NCBI nr database,FC-014,"(Walbaum, 1792)",Species,Animalia,Chordata,Teleostei,Salmoniformes,Salmonidae,Oncorhynchus,urn:lsid:marinespecies.org:taxname:158075,present,NA,NA,NA,NA,NA,NA,NA,NA,NA
Hakai-FC-016,Hakai-FC-016-ASV2-occ,MaterialSample,Oncorhynchus tshawytscha,68766,DNA sequence reads,68766,DNA sequence reads,Oncorhynchus tshawytscha,Seawater was collected using a Niskin bottle; For each sample ~1L of seawater was passed through 0.22um sterivex filter,http://www.ncbi.nlm.nih.gov/bioproject/1049344,BLAST annotation (0.96) against NCBI nr database,FC-016,"(Walbaum, 1792)",Species,Animalia,Chordata,Teleostei,Salmoniformes,Salmonidae,Oncorhynchus,urn:lsid:marinespecies.org:taxname:158075,present,NA,NA,NA,NA,NA,NA,NA,NA,NA
Hakai-FC-018,Hakai-FC-018-ASV2-occ,MaterialSample,Oncorhynchus tshawytscha,22,DNA sequence reads,22,DNA sequence reads,Oncorhynchus tshawytscha,Seawater was collected using a Niskin bottle; For each sample ~1L of seawater was passed through 0.22um sterivex filter,http://www.ncbi.nlm.nih.gov/bioproject/1049344,BLAST annotation (0.96) against NCBI nr database,FC-018,"(Walbaum, 1792)",Species,Animalia,Chordata,Teleostei,Salmoniformes,Salmonidae,Oncorhynchus,urn:lsid:marinespecies.org:taxname:158075,present,NA,NA,NA,NA,NA,NA,NA,NA,NA
Hakai-FC-019,Hakai-FC-019-ASV2-occ,MaterialSample,Oncorhynchus tshawytscha,42,DNA sequence reads,42,DNA sequence reads,Oncorhynchus tshawytscha,Seawater was collected using a Niskin bottle; For each sample ~1L of seawater was passed through 0.22um sterivex filter,http://www.ncbi.nlm.nih.gov/bioproject/1049344,BLAST annotation (0.96) against NCBI nr database,FC-019,"(Walbaum, 1792)",Species,Animalia,Chordata,Teleostei,Salmoniformes,Salmonidae,Oncorhynchus,urn:lsid:marinespecies.org:taxname:158075,present,NA,NA,NA,NA,NA,NA,NA,NA,NA
Hakai-FC-020,Hakai-FC-020-ASV2-occ,MaterialSample,Oncorhynchus tshawytscha,49495,DNA sequence reads,49495,DNA sequence reads,Oncorhynchus tshawytscha,Seawater was collected using a Niskin bottle; For each sample ~1L of seawater was passed through 0.22um sterivex filter,http://www.ncbi.nlm.nih.gov/bioproject/1049344,BLAST annotation (0.96) against NCBI nr database,FC-020,"(Walbaum, 1792)",Species,Animalia,Chordata,Teleostei,Salmoniformes,Salmonidae,Oncorhynchus,urn:lsid:marinespecies.org:taxname:158075,present,NA,NA,NA,NA,NA,NA,NA,NA,NA
Hakai-FC-021,Hakai-FC-021-ASV2-occ,MaterialSample,Oncorhynchus tshawytscha,35653,DNA sequence reads,35653,DNA sequence reads,Oncorhynchus tshawytscha,Seawater was collected using a Niskin bottle; For each sample ~1L of seawater was passed through 0.22um sterivex filter,http://www.ncbi.nlm.nih.gov/bioproject/1049344,BLAST annotation (0.96) against NCBI nr database,FC-021,"(Walbaum, 1792)",Species,Animalia,Chordata,Teleostei,Salmoniformes,Salmonidae,Oncorhynchus,urn:lsid:marinespecies.org:taxname:158075,present,NA,NA,NA,NA,NA,NA,NA,NA,NA
Hakai-FC-022,Hakai-FC-022-ASV2-occ,MaterialSample,Oncorhynchus tshawytscha,75244,DNA sequence reads,75244,DNA sequence reads,Oncorhynchus tshawytscha,Seawater was collected using a Niskin bottle; For each sample ~1L of seawater was passed through 0.22um sterivex filter,http://www.ncbi.nlm.nih.gov/bioproject/1049344,BLAST annotation (0.96) against NCBI nr database,FC-022,"(Walbaum, 1792)",Species,Animalia,Chordata,Teleostei,Salmoniformes,Salmonidae,Oncorhynchus,urn:lsid:marinespecies.org:taxname:158075,present,NA,NA,NA,NA,NA,NA,NA,NA,NA
Hakai-FC-023,Hakai-FC-023-ASV2-occ,MaterialSample,Oncorhynchus tshawytscha,6,DNA sequence reads,6,DNA sequence reads,Oncorhynchus tshawytscha,Seawater was collected using a Niskin bottle; For each sample ~1L of seawater was passed through 0.22um sterivex filter,http://www.ncbi.nlm.nih.gov/bioproject/1049344,BLAST annotation (0.96) against NCBI nr database,FC-023,"(Walbaum, 1792)",Species,Animalia,Chordata,Teleostei,Salmoniformes,Salmonidae,Oncorhynchus,urn:lsid:marinespecies.org:taxname:158075,present,NA,NA,NA,NA,NA,NA,NA,NA,NA
Hakai-FC-024,Hakai-FC-024-ASV2-occ,MaterialSample,Oncorhynchus tshawytscha,79,DNA sequence reads,79,DNA sequence reads,Oncorhynchus tshawytscha,Seawater was collected using a Niskin bottle; For each sample ~1L of seawater was passed through 0.22um sterivex filter,http://www.ncbi.nlm.nih.gov/bioproject/1049344,BLAST annotation (0.96) against NCBI nr database,FC-024,"(Walbaum, 1792)",Species,Animalia,Chordata,Teleostei,Salmoniformes,Salmonidae,Oncorhynchus,urn:lsid:marinespecies.org:taxname:158075,present,NA,NA,NA,NA,NA,NA,NA,NA,NA
Hakai-FC-026,Hakai-FC-026-ASV2-occ,MaterialSample,Oncorhynchus tshawytscha,55550,DNA sequence reads,55550,DNA sequence reads,Oncorhynchus tshawytscha,Seawater was collected using a Niskin bottle; For each sample ~1L of seawater was passed through 0.22um sterivex filter,http://www.ncbi.nlm.nih.gov/bioproject/1049344,BLAST annotation (0.96) against NCBI nr database,FC-026,"(Walbaum, 1792)",Species,Animalia,Chordata,Teleostei,Salmoniformes,Salmonidae,Oncorhynchus,urn:lsid:marinespecies.org:taxname:158075,present,NA,NA,NA,NA,NA,NA,NA,NA,NA
Hakai-FC-028,Hakai-FC-028-ASV2-occ,MaterialSample,Oncorhynchus tshawytscha,76954,DNA sequence reads,76954,DNA sequence reads,Oncorhynchus tshawytscha,Seawater was collected using a Niskin bottle; For each sample ~1L of seawater was passed through 0.22um sterivex filter,http://www.ncbi.nlm.nih.gov/bioproject/1049344,BLAST annotation (0.96) against NCBI nr database,FC-028,"(Walbaum, 1792)",Species,Animalia,Chordata,Teleostei,Salmoniformes,Salmonidae,Oncorhynchus,urn:lsid:marinespecies.org:taxname:158075,present,NA,NA,NA,NA,NA,NA,NA,NA,NA
Hakai-FC-029,Hakai-FC-029-ASV2-occ,MaterialSample,Oncorhynchus tshawytscha,16,DNA sequence reads,16,DNA sequence reads,Oncorhynchus tshawytscha,Seawater was collected using a Niskin bottle; For each sample ~1L of seawater was passed through 0.22um sterivex filter,http://www.ncbi.nlm.nih.gov/bioproject/1049344,BLAST annotation (0.96) against NCBI nr database,FC-029,"(Walbaum, 1792)",Species,Animalia,Chordata,Teleostei,Salmoniformes,Salmonidae,Oncorhynchus,urn:lsid:marinespecies.org:taxname:158075,present,NA,NA,NA,NA,NA,NA,NA,NA,NA
Hakai-FC-030,Hakai-FC-030-ASV2-occ,MaterialSample,Oncorhynchus tshawytscha,25,DNA sequence reads,25,DNA sequence reads,Oncorhynchus tshawytscha,Seawater was collected using a Niskin bottle; For each sample ~1L of seawater was passed through 0.22um sterivex filter,http://www.ncbi.nlm.nih.gov/bioproject/1049344,BLAST annotation (0.96) against NCBI nr database,FC-030,"(Walbaum, 1792)",Species,Animalia,Chordata,Teleostei,Salmoniformes,Salmonidae,Oncorhynchus,urn:lsid:marinespecies.org:taxname:158075,present,NA,NA,NA,NA,NA,NA,NA,NA,NA
Hakai-FC-033,Hakai-FC-033-ASV2-occ,MaterialSample,Oncorhynchus tshawytscha,5,DNA sequence reads,5,DNA sequence reads,Oncorhynchus tshawytscha,Seawater was collected using a Niskin bottle; For each sample ~1L of seawater was passed through 0.22um sterivex filter,http://www.ncbi.nlm.nih.gov/bioproject/1049344,BLAST annotation (0.96) against NCBI nr database,FC-033,"(Walbaum, 1792)",Species,Animalia,Chordata,Teleostei,Salmoniformes,Salmonidae,Oncorhynchus,urn:lsid:marinespecies.org:taxname:158075,present,NA,NA,NA,NA,NA,NA,NA,NA,NA
Hakai-FC-034,Hakai-FC-034-ASV2-occ,MaterialSample,Oncorhynchus tshawytscha,34065,DNA sequence reads,34065,DNA sequence reads,Oncorhynchus tshawytscha,Seawater was collected using a Niskin bottle; For each sample ~1L of seawater was passed through 0.22um sterivex filter,http://www.ncbi.nlm.nih.gov/bioproject/1049344,BLAST annotation (0.96) against NCBI nr database,FC-034,"(Walbaum, 1792)",Species,Animalia,Chordata,Teleostei,Salmoniformes,Salmonidae,Oncorhynchus,urn:lsid:marinespecies.org:taxname:158075,present,NA,NA,NA,NA,NA,NA,NA,NA,NA
Hakai-FC-035,Hakai-FC-035-ASV2-occ,MaterialSample,Oncorhynchus tshawytscha,147566,DNA sequence reads,147566,DNA sequence reads,Oncorhynchus tshawytscha,Seawater was collected using a Niskin bottle; For each sample ~1L of seawater was passed through 0.22um sterivex filter,http://www.ncbi.nlm.nih.gov/bioproject/1049344,BLAST annotation (0.96) against NCBI nr database,FC-035,"(Walbaum, 1792)",Species,Animalia,Chordata,Teleostei,Salmoniformes,Salmonidae,Oncorhynchus,urn:lsid:marinespecies.org:taxname:158075,present,NA,NA,NA,NA,NA,NA,NA,NA,NA
Hakai-FC-036,Hakai-FC-036-ASV2-occ,MaterialSample,Oncorhynchus tshawytscha,46,DNA sequence reads,46,DNA sequence reads,Oncorhynchus tshawytscha,Seawater was collected using a Niskin bottle; For each sample ~1L of seawater was passed through 0.22um sterivex filter,http://www.ncbi.nlm.nih.gov/bioproject/1049344,BLAST annotation (0.96) against NCBI nr database,FC-036,"(Walbaum, 1792)",Species,Animalia,Chordata,Teleostei,Salmoniformes,Salmonidae,Oncorhynchus,urn:lsid:marinespecies.org:taxname:158075,present,NA,NA,NA,NA,NA,NA,NA,NA,NA
Hakai-FC-037,Hakai-FC-037-ASV2-occ,MaterialSample,Oncorhynchus tshawytscha,22,DNA sequence reads,22,DNA sequence reads,Oncorhynchus tshawytscha,Seawater was collected using a Niskin bottle; For each sample ~1L of seawater was passed through 0.22um sterivex filter,http://www.ncbi.nlm.nih.gov/bioproject/1049344,BLAST annotation (0.96) against NCBI nr database,FC-037,"(Walbaum, 1792)",Species,Animalia,Chordata,Teleostei,Salmoniformes,Salmonidae,Oncorhynchus,urn:lsid:marinespecies.org:taxname:158075,present,NA,NA,NA,NA,NA,NA,NA,NA,NA
Hakai-FC-038,Hakai-FC-038-ASV2-occ,MaterialSample,Oncorhynchus tshawytscha,39008,DNA sequence reads,39008,DNA sequence reads,Oncorhynchus tshawytscha,Seawater was collected using a Niskin bottle; For each sample ~1L of seawater was passed through 0.22um sterivex filter,http://www.ncbi.nlm.nih.gov/bioproject/1049344,BLAST annotation (0.96) against NCBI nr database,FC-038,"(Walbaum, 1792)",Species,Animalia,Chordata,Teleostei,Salmoniformes,Salmonidae,Oncorhynchus,urn:lsid:marinespecies.org:taxname:158075,present,NA,NA,NA,NA,NA,NA,NA,NA,NA
Hakai-FC-040,Hakai-FC-040-ASV2-occ,MaterialSample,Oncorhynchus tshawytscha,156,DNA sequence reads,156,DNA sequence reads,Oncorhynchus tshawytscha,Seawater was collected using a Niskin bottle; For each sample ~1L of seawater was passed through 0.22um sterivex filter,http://www.ncbi.nlm.nih.gov/bioproject/1049344,BLAST annotation (0.96) against NCBI nr database,FC-040,"(Walbaum, 1792)",Species,Animalia,Chordata,Teleostei,Salmoniformes,Salmonidae,Oncorhynchus,urn:lsid:marinespecies.org:taxname:158075,present,NA,NA,NA,NA,NA,NA,NA,NA,NA
Hakai-FC-042,Hakai-FC-042-ASV2-occ,MaterialSample,Oncorhynchus tshawytscha,24,DNA sequence reads,24,DNA sequence reads,Oncorhynchus tshawytscha,Seawater was collected using a Niskin bottle; For each sample ~1L of seawater was passed through 0.22um sterivex filter,http://www.ncbi.nlm.nih.gov/bioproject/1049344,BLAST annotation (0.96) against NCBI nr database,FC-042,"(Walbaum, 1792)",Species,Animalia,Chordata,Teleostei,Salmoniformes,Salmonidae,Oncorhynchus,urn:lsid:marinespecies.org:taxname:158075,present,NA,NA,NA,NA,NA,NA,NA,NA,NA
Hakai-FC-043,Hakai-FC-043-ASV2-occ,MaterialSample,Oncorhynchus tshawytscha,24,DNA sequence reads,24,DNA sequence reads,Oncorhynchus tshawytscha,Seawater was collected using a Niskin bottle; For each sample ~1L of seawater was passed through 0.22um sterivex filter,http://www.ncbi.nlm.nih.gov/bioproject/1049344,BLAST annotation (0.96) against NCBI nr database,FC-043,"(Walbaum, 1792)",Species,Animalia,Chordata,Teleostei,Salmoniformes,Salmonidae,Oncorhynchus,urn:lsid:marinespecies.org:taxname:158075,present,NA,NA,NA,NA,NA,NA,NA,NA,NA
Hakai-FC-044,Hakai-FC-044-ASV2-occ,MaterialSample,Oncorhynchus tshawytscha,11,DNA sequence reads,11,DNA sequence reads,Oncorhynchus tshawytscha,Seawater was collected using a Niskin bottle; For each sample ~1L of seawater was passed through 0.22um sterivex filter,http://www.ncbi.nlm.nih.gov/bioproject/1049344,BLAST annotation (0.96) against NCBI nr database,FC-044,"(Walbaum, 1792)",Species,Animalia,Chordata,Teleostei,Salmoniformes,Salmonidae,Oncorhynchus,urn:lsid:marinespecies.org:taxname:158075,present,NA,NA,NA,NA,NA,NA,NA,NA,NA
Hakai-FC-046,Hakai-FC-046-ASV2-occ,MaterialSample,Oncorhynchus tshawytscha,12655,DNA sequence reads,12655,DNA sequence reads,Oncorhynchus tshawytscha,Seawater was collected using a Niskin bottle; For each sample ~1L of seawater was passed through 0.22um sterivex filter,http://www.ncbi.nlm.nih.gov/bioproject/1049344,BLAST annotation (0.96) against NCBI nr database,FC-046,"(Walbaum, 1792)",Species,Animalia,Chordata,Teleostei,Salmoniformes,Salmonidae,Oncorhynchus,urn:lsid:marinespecies.org:taxname:158075,present,NA,NA,NA,NA,NA,NA,NA,NA,NA
Hakai-FC-048,Hakai-FC-048-ASV2-occ,MaterialSample,Oncorhynchus tshawytscha,25541,DNA sequence reads,25541,DNA sequence reads,Oncorhynchus tshawytscha,Seawater was collected using a Niskin bottle; For each sample ~1L of seawater was passed through 0.22um sterivex filter,http://www.ncbi.nlm.nih.gov/bioproject/1049344,BLAST annotation (0.96) against NCBI nr database,FC-048,"(Walbaum, 1792)",Species,Animalia,Chordata,Teleostei,Salmoniformes,Salmonidae,Oncorhynchus,urn:lsid:marinespecies.org:taxname:158075,present,NA,NA,NA,NA,NA,NA,NA,NA,NA
Hakai-FC-050,Hakai-FC-050-ASV2-occ,MaterialSample,Oncorhynchus tshawytscha,496,DNA sequence reads,496,DNA sequence reads,Oncorhynchus tshawytscha,Seawater was collected using a Niskin bottle; For each sample ~1L of seawater was passed through 0.22um sterivex filter,http://www.ncbi.nlm.nih.gov/bioproject/1049344,BLAST annotation (0.96) against NCBI nr database,FC-050,"(Walbaum, 1792)",Species,Animalia,Chordata,Teleostei,Salmoniformes,Salmonidae,Oncorhynchus,urn:lsid:marinespecies.org:taxname:158075,present,NA,NA,NA,NA,NA,NA,NA,NA,NA
Hakai-FC-051,Hakai-FC-051-ASV2-occ,MaterialSample,Oncorhynchus tshawytscha,274,DNA sequence reads,274,DNA sequence reads,Oncorhynchus tshawytscha,Seawater was collected using a Niskin bottle; For each sample ~1L of seawater was passed through 0.22um sterivex filter,http://www.ncbi.nlm.nih.gov/bioproject/1049344,BLAST annotation (0.96) against NCBI nr database,FC-051,"(Walbaum, 1792)",Species,Animalia,Chordata,Teleostei,Salmoniformes,Salmonidae,Oncorhynchus,urn:lsid:marinespecies.org:taxname:158075,present,NA,NA,NA,NA,NA,NA,NA,NA,NA
Hakai-FC-052,Hakai-FC-052-ASV2-occ,MaterialSample,Oncorhynchus tshawytscha,4254,DNA sequence reads,4254,DNA sequence reads,Oncorhynchus tshawytscha,Seawater was collected using a Niskin bottle; For each sample ~1L of seawater was passed through 0.22um sterivex filter,http://www.ncbi.nlm.nih.gov/bioproject/1049344,BLAST annotation (0.96) against NCBI nr database,FC-052,"(Walbaum, 1792)",Species,Animalia,Chordata,Teleostei,Salmoniformes,Salmonidae,Oncorhynchus,urn:lsid:marinespecies.org:taxname:158075,present,NA,NA,NA,NA,NA,NA,NA,NA,NA
Hakai-FC-053,Hakai-FC-053-ASV2-occ,MaterialSample,Oncorhynchus tshawytscha,21385,DNA sequence reads,21385,DNA sequence reads,Oncorhynchus tshawytscha,Seawater was collected using a Niskin bottle; For each sample ~1L of seawater was passed through 0.22um sterivex filter,http://www.ncbi.nlm.nih.gov/bioproject/1049344,BLAST annotation (0.96) against NCBI nr database,FC-053,"(Walbaum, 1792)",Species,Animalia,Chordata,Teleostei,Salmoniformes,Salmonidae,Oncorhynchus,urn:lsid:marinespecies.org:taxname:158075,present,NA,NA,NA,NA,NA,NA,NA,NA,NA
Hakai-FC-054,Hakai-FC-054-ASV2-occ,MaterialSample,Oncorhynchus tshawytscha,226,DNA sequence reads,226,DNA sequence reads,Oncorhynchus tshawytscha,Seawater was collected using a Niskin bottle; For each sample ~1L of seawater was passed through 0.22um sterivex filter,http://www.ncbi.nlm.nih.gov/bioproject/1049344,BLAST annotation (0.96) against NCBI nr database,FC-054,"(Walbaum, 1792)",Species,Animalia,Chordata,Teleostei,Salmoniformes,Salmonidae,Oncorhynchus,urn:lsid:marinespecies.org:taxname:158075,present,NA,NA,NA,NA,NA,NA,NA,NA,NA
Hakai-FC-055,Hakai-FC-055-ASV2-occ,MaterialSample,Oncorhynchus tshawytscha,33107,DNA sequence reads,33107,DNA sequence reads,Oncorhynchus tshawytscha,Seawater was collected using a Niskin bottle; For each sample ~1L of seawater was passed through 0.22um sterivex filter,http://www.ncbi.nlm.nih.gov/bioproject/1049344,BLAST annotation (0.96) against NCBI nr database,FC-055,"(Walbaum, 1792)",Species,Animalia,Chordata,Teleostei,Salmoniformes,Salmonidae,Oncorhynchus,urn:lsid:marinespecies.org:taxname:158075,present,NA,NA,NA,NA,NA,NA,NA,NA,NA
Hakai-FC-056,Hakai-FC-056-ASV2-occ,MaterialSample,Oncorhynchus tshawytscha,797960,DNA sequence reads,797960,DNA sequence reads,Oncorhynchus tshawytscha,Seawater was collected using a Niskin bottle; For each sample ~1L of seawater was passed through 0.22um sterivex filter,http://www.ncbi.nlm.nih.gov/bioproject/1049344,BLAST annotation (0.96) against NCBI nr database,FC-056,"(Walbaum, 1792)",Species,Animalia,Chordata,Teleostei,Salmoniformes,Salmonidae,Oncorhynchus,urn:lsid:marinespecies.org:taxname:158075,present,NA,NA,NA,NA,NA,NA,NA,NA,NA
Hakai-FC-057,Hakai-FC-057-ASV2-occ,MaterialSample,Oncorhynchus tshawytscha,15748,DNA sequence reads,15748,DNA sequence reads,Oncorhynchus tshawytscha,Seawater was collected using a Niskin bottle; For each sample ~1L of seawater was passed through 0.22um sterivex filter,http://www.ncbi.nlm.nih.gov/bioproject/1049344,BLAST annotation (0.96) against NCBI nr database,FC-057,"(Walbaum, 1792)",Species,Animalia,Chordata,Teleostei,Salmoniformes,Salmonidae,Oncorhynchus,urn:lsid:marinespecies.org:taxname:158075,present,NA,NA,NA,NA,NA,NA,NA,NA,NA
Hakai-FC-058,Hakai-FC-058-ASV2-occ,MaterialSample,Oncorhynchus tshawytscha,71818,DNA sequence reads,71818,DNA sequence reads,Oncorhynchus tshawytscha,Seawater was collected using a Niskin bottle; For each sample ~1L of seawater was passed through 0.22um sterivex filter,http://www.ncbi.nlm.nih.gov/bioproject/1049344,BLAST annotation (0.96) against NCBI nr database,FC-058,"(Walbaum, 1792)",Species,Animalia,Chordata,Teleostei,Salmoniformes,Salmonidae,Oncorhynchus,urn:lsid:marinespecies.org:taxname:158075,present,NA,NA,NA,NA,NA,NA,NA,NA,NA
Hakai-FC-059,Hakai-FC-059-ASV2-occ,MaterialSample,Oncorhynchus tshawytscha,33,DNA sequence reads,33,DNA sequence reads,Oncorhynchus tshawytscha,Seawater was collected using a Niskin bottle; For each sample ~1L of seawater was passed through 0.22um sterivex filter,http://www.ncbi.nlm.nih.gov/bioproject/1049344,BLAST annotation (0.96) against NCBI nr database,FC-059,"(Walbaum, 1792)",Species,Animalia,Chordata,Teleostei,Salmoniformes,Salmonidae,Oncorhynchus,urn:lsid:marinespecies.org:taxname:158075,present,NA,NA,NA,NA,NA,NA,NA,NA,NA
Hakai-FC-060,Hakai-FC-060-ASV2-occ,MaterialSample,Oncorhynchus tshawytscha,15,DNA sequence reads,15,DNA sequence reads,Oncorhynchus tshawytscha,Seawater was collected using a Niskin bottle; For each sample ~1L of seawater was passed through 0.22um sterivex filter,http://www.ncbi.nlm.nih.gov/bioproject/1049344,BLAST annotation (0.96) against NCBI nr database,FC-060,"(Walbaum, 1792)",Species,Animalia,Chordata,Teleostei,Salmoniformes,Salmonidae,Oncorhynchus,urn:lsid:marinespecies.org:taxname:158075,present,NA,NA,NA,NA,NA,NA,NA,NA,NA
Hakai-FC-062,Hakai-FC-062-ASV2-occ,MaterialSample,Oncorhynchus tshawytscha,29,DNA sequence reads,29,DNA sequence reads,Oncorhynchus tshawytscha,Seawater was collected using a Niskin bottle; For each sample ~1L of seawater was passed through 0.22um sterivex filter,http://www.ncbi.nlm.nih.gov/bioproject/1049344,BLAST annotation (0.96) against NCBI nr database,FC-062,"(Walbaum, 1792)",Species,Animalia,Chordata,Teleostei,Salmoniformes,Salmonidae,Oncorhynchus,urn:lsid:marinespecies.org:taxname:158075,present,NA,NA,NA,NA,NA,NA,NA,NA,NA
Hakai-FC-064,Hakai-FC-064-ASV2-occ,MaterialSample,Oncorhynchus tshawytscha,30576,DNA sequence reads,30576,DNA sequence reads,Oncorhynchus tshawytscha,Seawater was collected using a Niskin bottle; For each sample ~1L of seawater was passed through 0.22um sterivex filter,http://www.ncbi.nlm.nih.gov/bioproject/1049344,BLAST annotation (0.96) against NCBI nr database,FC-064,"(Walbaum, 1792)",Species,Animalia,Chordata,Teleostei,Salmoniformes,Salmonidae,Oncorhynchus,urn:lsid:marinespecies.org:taxname:158075,present,NA,NA,NA,NA,NA,NA,NA,NA,NA
Hakai-FC-066,Hakai-FC-066-ASV2-occ,MaterialSample,Oncorhynchus tshawytscha,9480,DNA sequence reads,9480,DNA sequence reads,Oncorhynchus tshawytscha,Seawater was collected using a Niskin bottle; For each sample ~1L of seawater was passed through 0.22um sterivex filter,http://www.ncbi.nlm.nih.gov/bioproject/1049344,BLAST annotation (0.96) against NCBI nr database,FC-066,"(Walbaum, 1792)",Species,Animalia,Chordata,Teleostei,Salmoniformes,Salmonidae,Oncorhynchus,urn:lsid:marinespecies.org:taxname:158075,present,NA,NA,NA,NA,NA,NA,NA,NA,NA
Hakai-FC-067,Hakai-FC-067-ASV2-occ,MaterialSample,Oncorhynchus tshawytscha,10,DNA sequence reads,10,DNA sequence reads,Oncorhynchus tshawytscha,Seawater was collected using a Niskin bottle; For each sample ~1L of seawater was passed through 0.22um sterivex filter,http://www.ncbi.nlm.nih.gov/bioproject/1049344,BLAST annotation (0.96) against NCBI nr database,FC-067,"(Walbaum, 1792)",Species,Animalia,Chordata,Teleostei,Salmoniformes,Salmonidae,Oncorhynchus,urn:lsid:marinespecies.org:taxname:158075,present,NA,NA,NA,NA,NA,NA,NA,NA,NA
Hakai-FC-068,Hakai-FC-068-ASV2-occ,MaterialSample,Oncorhynchus tshawytscha,9,DNA sequence reads,9,DNA sequence reads,Oncorhynchus tshawytscha,Seawater was collected using a Niskin bottle; For each sample ~1L of seawater was passed through 0.22um sterivex filter,http://www.ncbi.nlm.nih.gov/bioproject/1049344,BLAST annotation (0.96) against NCBI nr database,FC-068,"(Walbaum, 1792)",Species,Animalia,Chordata,Teleostei,Salmoniformes,Salmonidae,Oncorhynchus,urn:lsid:marinespecies.org:taxname:158075,present,NA,NA,NA,NA,NA,NA,NA,NA,NA
Hakai-FC-069,Hakai-FC-069-ASV2-occ,MaterialSample,Oncorhynchus tshawytscha,9,DNA sequence reads,9,DNA sequence reads,Oncorhynchus tshawytscha,Seawater was collected using a Niskin bottle; For each sample ~1L of seawater was passed through 0.22um sterivex filter,http://www.ncbi.nlm.nih.gov/bioproject/1049344,BLAST annotation (0.96) against NCBI nr database,FC-069,"(Walbaum, 1792)",Species,Animalia,Chordata,Teleostei,Salmoniformes,Salmonidae,Oncorhynchus,urn:lsid:marinespecies.org:taxname:158075,present,NA,NA,NA,NA,NA,NA,NA,NA,NA
Hakai-FC-072,Hakai-FC-072-ASV2-occ,MaterialSample,Oncorhynchus tshawytscha,25,DNA sequence reads,25,DNA sequence reads,Oncorhynchus tshawytscha,Seawater was collected using a Niskin bottle; For each sample ~1L of seawater was passed through 0.22um sterivex filter,http://www.ncbi.nlm.nih.gov/bioproject/1049344,BLAST annotation (0.96) against NCBI nr database,FC-072,"(Walbaum, 1792)",Species,Animalia,Chordata,Teleostei,Salmoniformes,Salmonidae,Oncorhynchus,urn:lsid:marinespecies.org:taxname:158075,present,NA,NA,NA,NA,NA,NA,NA,NA,NA
Hakai-FC-055,Hakai-FC-055-ASV47-occ,MaterialSample,Oncorhynchus tshawytscha,10843,DNA sequence reads,10843,DNA sequence reads,Oncorhynchus tshawytscha,Seawater was collected using a Niskin bottle; For each sample ~1L of seawater was passed through 0.22um sterivex filter,http://www.ncbi.nlm.nih.gov/bioproject/1049344,BLAST annotation (0.96) against NCBI nr database,FC-055,"(Walbaum, 1792)",Species,Animalia,Chordata,Teleostei,Salmoniformes,Salmonidae,Oncorhynchus,urn:lsid:marinespecies.org:taxname:158075,present,NA,NA,NA,NA,NA,NA,NA,NA,NA
Hakai-FC-014,Hakai-FC-014-ASV52-occ,MaterialSample,Oncorhynchus tshawytscha,6126,DNA sequence reads,6126,DNA sequence reads,Oncorhynchus tshawytscha,Seawater was collected using a Niskin bottle; For each sample ~1L of seawater was passed through 0.22um sterivex filter,http://www.ncbi.nlm.nih.gov/bioproject/1049344,BLAST annotation (0.96) against NCBI nr database,FC-014,"(Walbaum, 1792)",Species,Animalia,Chordata,Teleostei,Salmoniformes,Salmonidae,Oncorhynchus,urn:lsid:marinespecies.org:taxname:158075,present,NA,NA,NA,NA,NA,NA,NA,NA,NA
Hakai-FC-058,Hakai-FC-058-ASV80-occ,MaterialSample,Oncorhynchus tshawytscha,299,DNA sequence reads,299,DNA sequence reads,Oncorhynchus tshawytscha,Seawater was collected using a Niskin bottle; For each sample ~1L of seawater was passed through 0.22um sterivex filter,http://www.ncbi.nlm.nih.gov/bioproject/1049344,BLAST annotation (0.96) against NCBI nr database,FC-058,"(Walbaum, 1792)",Species,Animalia,Chordata,Teleostei,Salmoniformes,Salmonidae,Oncorhynchus,urn:lsid:marinespecies.org:taxname:158075,present,NA,NA,NA,NA,NA,NA,NA,NA,NA
Hakai-FC-004,Hakai-FC-004-ASV12-occ,MaterialSample,Pholis ornata,6,DNA sequence reads,6,DNA sequence reads,Pholis ornata,Seawater was collected using a Niskin bottle; For each sample ~1L of seawater was passed through 0.22um sterivex filter,http://www.ncbi.nlm.nih.gov/bioproject/1049344,BLAST annotation (0.96) against NCBI nr database,FC-004,"(Girard, 1854)",Species,Animalia,Chordata,Teleostei,Perciformes,Pholidae,Pholis,urn:lsid:marinespecies.org:taxname:273692,present,NA,NA,NA,NA,NA,NA,NA,NA,NA
Hakai-FC-020,Hakai-FC-020-ASV12-occ,MaterialSample,Pholis ornata,49797,DNA sequence reads,49797,DNA sequence reads,Pholis ornata,Seawater was collected using a Niskin bottle; For each sample ~1L of seawater was passed through 0.22um sterivex filter,http://www.ncbi.nlm.nih.gov/bioproject/1049344,BLAST annotation (0.96) against NCBI nr database,FC-020,"(Girard, 1854)",Species,Animalia,Chordata,Teleostei,Perciformes,Pholidae,Pholis,urn:lsid:marinespecies.org:taxname:273692,present,NA,NA,NA,NA,NA,NA,NA,NA,NA
Hakai-FC-036,Hakai-FC-036-ASV12-occ,MaterialSample,Pholis ornata,30,DNA sequence reads,30,DNA sequence reads,Pholis ornata,Seawater was collected using a Niskin bottle; For each sample ~1L of seawater was passed through 0.22um sterivex filter,http://www.ncbi.nlm.nih.gov/bioproject/1049344,BLAST annotation (0.96) against NCBI nr database,FC-036,"(Girard, 1854)",Species,Animalia,Chordata,Teleostei,Perciformes,Pholidae,Pholis,urn:lsid:marinespecies.org:taxname:273692,present,NA,NA,NA,NA,NA,NA,NA,NA,NA
Hakai-FC-044,Hakai-FC-044-ASV12-occ,MaterialSample,Pholis ornata,8,DNA sequence reads,8,DNA sequence reads,Pholis ornata,Seawater was collected using a Niskin bottle; For each sample ~1L of seawater was passed through 0.22um sterivex filter,http://www.ncbi.nlm.nih.gov/bioproject/1049344,BLAST annotation (0.96) against NCBI nr database,FC-044,"(Girard, 1854)",Species,Animalia,Chordata,Teleostei,Perciformes,Pholidae,Pholis,urn:lsid:marinespecies.org:taxname:273692,present,NA,NA,NA,NA,NA,NA,NA,NA,NA
Hakai-FC-045,Hakai-FC-045-ASV12-occ,MaterialSample,Pholis ornata,45377,DNA sequence reads,45377,DNA sequence reads,Pholis ornata,Seawater was collected using a Niskin bottle; For each sample ~1L of seawater was passed through 0.22um sterivex filter,http://www.ncbi.nlm.nih.gov/bioproject/1049344,BLAST annotation (0.96) against NCBI nr database,FC-045,"(Girard, 1854)",Species,Animalia,Chordata,Teleostei,Perciformes,Pholidae,Pholis,urn:lsid:marinespecies.org:taxname:273692,present,NA,NA,NA,NA,NA,NA,NA,NA,NA
Hakai-FC-052,Hakai-FC-052-ASV12-occ,MaterialSample,Pholis ornata,115,DNA sequence reads,115,DNA sequence reads,Pholis ornata,Seawater was collected using a Niskin bottle; For each sample ~1L of seawater was passed through 0.22um sterivex filter,http://www.ncbi.nlm.nih.gov/bioproject/1049344,BLAST annotation (0.96) against NCBI nr database,FC-052,"(Girard, 1854)",Species,Animalia,Chordata,Teleostei,Perciformes,Pholidae,Pholis,urn:lsid:marinespecies.org:taxname:273692,present,NA,NA,NA,NA,NA,NA,NA,NA,NA
Hakai-FC-053,Hakai-FC-053-ASV12-occ,MaterialSample,Pholis ornata,45,DNA sequence reads,45,DNA sequence reads,Pholis ornata,Seawater was collected using a Niskin bottle; For each sample ~1L of seawater was passed through 0.22um sterivex filter,http://www.ncbi.nlm.nih.gov/bioproject/1049344,BLAST annotation (0.96) against NCBI nr database,FC-053,"(Girard, 1854)",Species,Animalia,Chordata,Teleostei,Perciformes,Pholidae,Pholis,urn:lsid:marinespecies.org:taxname:273692,present,NA,NA,NA,NA,NA,NA,NA,NA,NA
Hakai-FC-068,Hakai-FC-068-ASV12-occ,MaterialSample,Pholis ornata,11,DNA sequence reads,11,DNA sequence reads,Pholis ornata,Seawater was collected using a Niskin bottle; For each sample ~1L of seawater was passed through 0.22um sterivex filter,http://www.ncbi.nlm.nih.gov/bioproject/1049344,BLAST annotation (0.96) against NCBI nr database,FC-068,"(Girard, 1854)",Species,Animalia,Chordata,Teleostei,Perciformes,Pholidae,Pholis,urn:lsid:marinespecies.org:taxname:273692,present,NA,NA,NA,NA,NA,NA,NA,NA,NA
Hakai-FC-013,Hakai-FC-013-ASV13-occ,MaterialSample,Platichthys stellatus,7,DNA sequence reads,7,DNA sequence reads,Platichthys stellatus,Seawater was collected using a Niskin bottle; For each sample ~1L of seawater was passed through 0.22um sterivex filter,http://www.ncbi.nlm.nih.gov/bioproject/1049344,BLAST annotation (0.96) against NCBI nr database,FC-013,"(Pallas, 1787)",Species,Animalia,Chordata,Teleostei,Pleuronectiformes,Pleuronectidae,Platichthys,urn:lsid:marinespecies.org:taxname:154781,present,NA,NA,NA,NA,NA,NA,NA,NA,NA
Hakai-FC-021,Hakai-FC-021-ASV13-occ,MaterialSample,Platichthys stellatus,49038,DNA sequence reads,49038,DNA sequence reads,Platichthys stellatus,Seawater was collected using a Niskin bottle; For each sample ~1L of seawater was passed through 0.22um sterivex filter,http://www.ncbi.nlm.nih.gov/bioproject/1049344,BLAST annotation (0.96) against NCBI nr database,FC-021,"(Pallas, 1787)",Species,Animalia,Chordata,Teleostei,Pleuronectiformes,Pleuronectidae,Platichthys,urn:lsid:marinespecies.org:taxname:154781,present,NA,NA,NA,NA,NA,NA,NA,NA,NA
Hakai-FC-026,Hakai-FC-026-ASV13-occ,MaterialSample,Platichthys stellatus,23796,DNA sequence reads,23796,DNA sequence reads,Platichthys stellatus,Seawater was collected using a Niskin bottle; For each sample ~1L of seawater was passed through 0.22um sterivex filter,http://www.ncbi.nlm.nih.gov/bioproject/1049344,BLAST annotation (0.96) against NCBI nr database,FC-026,"(Pallas, 1787)",Species,Animalia,Chordata,Teleostei,Pleuronectiformes,Pleuronectidae,Platichthys,urn:lsid:marinespecies.org:taxname:154781,present,NA,NA,NA,NA,NA,NA,NA,NA,NA
Hakai-FC-029,Hakai-FC-029-ASV13-occ,MaterialSample,Platichthys stellatus,11,DNA sequence reads,11,DNA sequence reads,Platichthys stellatus,Seawater was collected using a Niskin bottle; For each sample ~1L of seawater was passed through 0.22um sterivex filter,http://www.ncbi.nlm.nih.gov/bioproject/1049344,BLAST annotation (0.96) against NCBI nr database,FC-029,"(Pallas, 1787)",Species,Animalia,Chordata,Teleostei,Pleuronectiformes,Pleuronectidae,Platichthys,urn:lsid:marinespecies.org:taxname:154781,present,NA,NA,NA,NA,NA,NA,NA,NA,NA
Hakai-FC-037,Hakai-FC-037-ASV13-occ,MaterialSample,Platichthys stellatus,42,DNA sequence reads,42,DNA sequence reads,Platichthys stellatus,Seawater was collected using a Niskin bottle; For each sample ~1L of seawater was passed through 0.22um sterivex filter,http://www.ncbi.nlm.nih.gov/bioproject/1049344,BLAST annotation (0.96) against NCBI nr database,FC-037,"(Pallas, 1787)",Species,Animalia,Chordata,Teleostei,Pleuronectiformes,Pleuronectidae,Platichthys,urn:lsid:marinespecies.org:taxname:154781,present,NA,NA,NA,NA,NA,NA,NA,NA,NA
Hakai-FC-045,Hakai-FC-045-ASV13-occ,MaterialSample,Platichthys stellatus,17,DNA sequence reads,17,DNA sequence reads,Platichthys stellatus,Seawater was collected using a Niskin bottle; For each sample ~1L of seawater was passed through 0.22um sterivex filter,http://www.ncbi.nlm.nih.gov/bioproject/1049344,BLAST annotation (0.96) against NCBI nr database,FC-045,"(Pallas, 1787)",Species,Animalia,Chordata,Teleostei,Pleuronectiformes,Pleuronectidae,Platichthys,urn:lsid:marinespecies.org:taxname:154781,present,NA,NA,NA,NA,NA,NA,NA,NA,NA
Hakai-FC-050,Hakai-FC-050-ASV13-occ,MaterialSample,Platichthys stellatus,75,DNA sequence reads,75,DNA sequence reads,Platichthys stellatus,Seawater was collected using a Niskin bottle; For each sample ~1L of seawater was passed through 0.22um sterivex filter,http://www.ncbi.nlm.nih.gov/bioproject/1049344,BLAST annotation (0.96) against NCBI nr database,FC-050,"(Pallas, 1787)",Species,Animalia,Chordata,Teleostei,Pleuronectiformes,Pleuronectidae,Platichthys,urn:lsid:marinespecies.org:taxname:154781,present,NA,NA,NA,NA,NA,NA,NA,NA,NA
Hakai-FC-057,Hakai-FC-057-ASV13-occ,MaterialSample,Platichthys stellatus,7694,DNA sequence reads,7694,DNA sequence reads,Platichthys stellatus,Seawater was collected using a Niskin bottle; For each sample ~1L of seawater was passed through 0.22um sterivex filter,http://www.ncbi.nlm.nih.gov/bioproject/1049344,BLAST annotation (0.96) against NCBI nr database,FC-057,"(Pallas, 1787)",Species,Animalia,Chordata,Teleostei,Pleuronectiformes,Pleuronectidae,Platichthys,urn:lsid:marinespecies.org:taxname:154781,present,NA,NA,NA,NA,NA,NA,NA,NA,NA
Hakai-FC-066,Hakai-FC-066-ASV13-occ,MaterialSample,Platichthys stellatus,8052,DNA sequence reads,8052,DNA sequence reads,Platichthys stellatus,Seawater was collected using a Niskin bottle; For each sample ~1L of seawater was passed through 0.22um sterivex filter,http://www.ncbi.nlm.nih.gov/bioproject/1049344,BLAST annotation (0.96) against NCBI nr database,FC-066,"(Pallas, 1787)",Species,Animalia,Chordata,Teleostei,Pleuronectiformes,Pleuronectidae,Platichthys,urn:lsid:marinespecies.org:taxname:154781,present,NA,NA,NA,NA,NA,NA,NA,NA,NA
Hakai-FC-069,Hakai-FC-069-ASV13-occ,MaterialSample,Platichthys stellatus,10,DNA sequence reads,10,DNA sequence reads,Platichthys stellatus,Seawater was collected using a Niskin bottle; For each sample ~1L of seawater was passed through 0.22um sterivex filter,http://www.ncbi.nlm.nih.gov/bioproject/1049344,BLAST annotation (0.96) against NCBI nr database,FC-069,"(Pallas, 1787)",Species,Animalia,Chordata,Teleostei,Pleuronectiformes,Pleuronectidae,Platichthys,urn:lsid:marinespecies.org:taxname:154781,present,NA,NA,NA,NA,NA,NA,NA,NA,NA
Hakai-FC-010,Hakai-FC-010-ASV9-occ,MaterialSample,Pleuronectidae,25016,DNA sequence reads,25016,DNA sequence reads,NA,Seawater was collected using a Niskin bottle; For each sample ~1L of seawater was passed through 0.22um sterivex filter,http://www.ncbi.nlm.nih.gov/bioproject/1049344,BLAST annotation (0.96) against NCBI nr database,FC-010,"Rafinesque, 1815",Family,Animalia,Chordata,Teleostei,Pleuronectiformes,Pleuronectidae,NA,urn:lsid:marinespecies.org:taxname:125579,present,NA,NA,NA,NA,NA,NA,NA,NA,NA
Hakai-FC-018,Hakai-FC-018-ASV9-occ,MaterialSample,Pleuronectidae,7,DNA sequence reads,7,DNA sequence reads,NA,Seawater was collected using a Niskin bottle; For each sample ~1L of seawater was passed through 0.22um sterivex filter,http://www.ncbi.nlm.nih.gov/bioproject/1049344,BLAST annotation (0.96) against NCBI nr database,FC-018,"Rafinesque, 1815",Family,Animalia,Chordata,Teleostei,Pleuronectiformes,Pleuronectidae,NA,urn:lsid:marinespecies.org:taxname:125579,present,NA,NA,NA,NA,NA,NA,NA,NA,NA
Hakai-FC-020,Hakai-FC-020-ASV9-occ,MaterialSample,Pleuronectidae,50939,DNA sequence reads,50939,DNA sequence reads,NA,Seawater was collected using a Niskin bottle; For each sample ~1L of seawater was passed through 0.22um sterivex filter,http://www.ncbi.nlm.nih.gov/bioproject/1049344,BLAST annotation (0.96) against NCBI nr database,FC-020,"Rafinesque, 1815",Family,Animalia,Chordata,Teleostei,Pleuronectiformes,Pleuronectidae,NA,urn:lsid:marinespecies.org:taxname:125579,present,NA,NA,NA,NA,NA,NA,NA,NA,NA
Hakai-FC-027,Hakai-FC-027-ASV9-occ,MaterialSample,Pleuronectidae,23028,DNA sequence reads,23028,DNA sequence reads,NA,Seawater was collected using a Niskin bottle; For each sample ~1L of seawater was passed through 0.22um sterivex filter,http://www.ncbi.nlm.nih.gov/bioproject/1049344,BLAST annotation (0.96) against NCBI nr database,FC-027,"Rafinesque, 1815",Family,Animalia,Chordata,Teleostei,Pleuronectiformes,Pleuronectidae,NA,urn:lsid:marinespecies.org:taxname:125579,present,NA,NA,NA,NA,NA,NA,NA,NA,NA
Hakai-FC-028,Hakai-FC-028-ASV9-occ,MaterialSample,Pleuronectidae,9,DNA sequence reads,9,DNA sequence reads,NA,Seawater was collected using a Niskin bottle; For each sample ~1L of seawater was passed through 0.22um sterivex filter,http://www.ncbi.nlm.nih.gov/bioproject/1049344,BLAST annotation (0.96) against NCBI nr database,FC-028,"Rafinesque, 1815",Family,Animalia,Chordata,Teleostei,Pleuronectiformes,Pleuronectidae,NA,urn:lsid:marinespecies.org:taxname:125579,present,NA,NA,NA,NA,NA,NA,NA,NA,NA
Hakai-FC-036,Hakai-FC-036-ASV9-occ,MaterialSample,Pleuronectidae,28,DNA sequence reads,28,DNA sequence reads,NA,Seawater was collected using a Niskin bottle; For each sample ~1L of seawater was passed through 0.22um sterivex filter,http://www.ncbi.nlm.nih.gov/bioproject/1049344,BLAST annotation (0.96) against NCBI nr database,FC-036,"Rafinesque, 1815",Family,Animalia,Chordata,Teleostei,Pleuronectiformes,Pleuronectidae,NA,urn:lsid:marinespecies.org:taxname:125579,present,NA,NA,NA,NA,NA,NA,NA,NA,NA
Hakai-FC-051,Hakai-FC-051-ASV9-occ,MaterialSample,Pleuronectidae,40082,DNA sequence reads,40082,DNA sequence reads,NA,Seawater was collected using a Niskin bottle; For each sample ~1L of seawater was passed through 0.22um sterivex filter,http://www.ncbi.nlm.nih.gov/bioproject/1049344,BLAST annotation (0.96) against NCBI nr database,FC-051,"Rafinesque, 1815",Family,Animalia,Chordata,Teleostei,Pleuronectiformes,Pleuronectidae,NA,urn:lsid:marinespecies.org:taxname:125579,present,NA,NA,NA,NA,NA,NA,NA,NA,NA
Hakai-FC-052,Hakai-FC-052-ASV9-occ,MaterialSample,Pleuronectidae,19248,DNA sequence reads,19248,DNA sequence reads,NA,Seawater was collected using a Niskin bottle; For each sample ~1L of seawater was passed through 0.22um sterivex filter,http://www.ncbi.nlm.nih.gov/bioproject/1049344,BLAST annotation (0.96) against NCBI nr database,FC-052,"Rafinesque, 1815",Family,Animalia,Chordata,Teleostei,Pleuronectiformes,Pleuronectidae,NA,urn:lsid:marinespecies.org:taxname:125579,present,NA,NA,NA,NA,NA,NA,NA,NA,NA
Hakai-FC-053,Hakai-FC-053-ASV9-occ,MaterialSample,Pleuronectidae,48197,DNA sequence reads,48197,DNA sequence reads,NA,Seawater was collected using a Niskin bottle; For each sample ~1L of seawater was passed through 0.22um sterivex filter,http://www.ncbi.nlm.nih.gov/bioproject/1049344,BLAST annotation (0.96) against NCBI nr database,FC-053,"Rafinesque, 1815",Family,Animalia,Chordata,Teleostei,Pleuronectiformes,Pleuronectidae,NA,urn:lsid:marinespecies.org:taxname:125579,present,NA,NA,NA,NA,NA,NA,NA,NA,NA
Hakai-FC-056,Hakai-FC-056-ASV9-occ,MaterialSample,Pleuronectidae,37,DNA sequence reads,37,DNA sequence reads,NA,Seawater was collected using a Niskin bottle; For each sample ~1L of seawater was passed through 0.22um sterivex filter,http://www.ncbi.nlm.nih.gov/bioproject/1049344,BLAST annotation (0.96) against NCBI nr database,FC-056,"Rafinesque, 1815",Family,Animalia,Chordata,Teleostei,Pleuronectiformes,Pleuronectidae,NA,urn:lsid:marinespecies.org:taxname:125579,present,NA,NA,NA,NA,NA,NA,NA,NA,NA
Hakai-FC-068,Hakai-FC-068-ASV9-occ,MaterialSample,Pleuronectidae,6,DNA sequence reads,6,DNA sequence reads,NA,Seawater was collected using a Niskin bottle; For each sample ~1L of seawater was passed through 0.22um sterivex filter,http://www.ncbi.nlm.nih.gov/bioproject/1049344,BLAST annotation (0.96) against NCBI nr database,FC-068,"Rafinesque, 1815",Family,Animalia,Chordata,Teleostei,Pleuronectiformes,Pleuronectidae,NA,urn:lsid:marinespecies.org:taxname:125579,present,NA,NA,NA,NA,NA,NA,NA,NA,NA
Hakai-FC-053,Hakai-FC-053-ASV72-occ,MaterialSample,Pleuronectidae,368,DNA sequence reads,368,DNA sequence reads,NA,Seawater was collected using a Niskin bottle; For each sample ~1L of seawater was passed through 0.22um sterivex filter,http://www.ncbi.nlm.nih.gov/bioproject/1049344,BLAST annotation (0.96) against NCBI nr database,FC-053,"Rafinesque, 1815",Family,Animalia,Chordata,Teleostei,Pleuronectiformes,Pleuronectidae,NA,urn:lsid:marinespecies.org:taxname:125579,present,NA,NA,NA,NA,NA,NA,NA,NA,NA
Hakai-FC-066,Hakai-FC-066-ASV50-occ,MaterialSample,Ptychocheilus,6846,DNA sequence reads,6846,DNA sequence reads,Ptychocheilus sp.,Seawater was collected using a Niskin bottle; For each sample ~1L of seawater was passed through 0.22um sterivex filter,http://www.ncbi.nlm.nih.gov/bioproject/1049344,BLAST annotation (0.96) against NCBI nr database,FC-066,"Agassiz, 1855",Genus,Animalia,Chordata,Teleostei,Cypriniformes,Cyprinidae,Ptychocheilus,urn:lsid:marinespecies.org:taxname:270659,present,NA,NA,NA,NA,NA,NA,NA,NA,NA
Hakai-FC-021,Hakai-FC-021-ASV15-occ,MaterialSample,Thunnus alalunga,17,DNA sequence reads,17,DNA sequence reads,Thunnus alalunga,Seawater was collected using a Niskin bottle; For each sample ~1L of seawater was passed through 0.22um sterivex filter,http://www.ncbi.nlm.nih.gov/bioproject/1049344,BLAST annotation (0.96) against NCBI nr database,FC-021,"(Bonnaterre, 1788)",Species,Animalia,Chordata,Teleostei,Scombriformes,Scombridae,Thunnus,urn:lsid:marinespecies.org:taxname:127026,present,NA,NA,NA,NA,NA,NA,NA,NA,NA
Hakai-FC-053,Hakai-FC-053-ASV15-occ,MaterialSample,Thunnus alalunga,81,DNA sequence reads,81,DNA sequence reads,Thunnus alalunga,Seawater was collected using a Niskin bottle; For each sample ~1L of seawater was passed through 0.22um sterivex filter,http://www.ncbi.nlm.nih.gov/bioproject/1049344,BLAST annotation (0.96) against NCBI nr database,FC-053,"(Bonnaterre, 1788)",Species,Animalia,Chordata,Teleostei,Scombriformes,Scombridae,Thunnus,urn:lsid:marinespecies.org:taxname:127026,present,NA,NA,NA,NA,NA,NA,NA,NA,NA
Hakai-FC-069,Hakai-FC-069-ASV15-occ,MaterialSample,Thunnus alalunga,79761,DNA sequence reads,79761,DNA sequence reads,Thunnus alalunga,Seawater was collected using a Niskin bottle; For each sample ~1L of seawater was passed through 0.22um sterivex filter,http://www.ncbi.nlm.nih.gov/bioproject/1049344,BLAST annotation (0.96) against NCBI nr database,FC-069,"(Bonnaterre, 1788)",Species,Animalia,Chordata,Teleostei,Scombriformes,Scombridae,Thunnus,urn:lsid:marinespecies.org:taxname:127026,present,NA,NA,NA,NA,NA,NA,NA,NA,NA
FCBB29-001,FCBB29-001-16653733,MaterialSample,Metacarcinus magister,NA,NA,NA,NA,NA,NA,NA,BOLD ID Engine: top hits,BHAK7055-22,"Dana, 1852",Species,Animalia,Arthropoda,Malacostraca,Decapoda,Cancridae,Metacarcinus,urn:lsid:marinespecies.org:taxname:440388,present,BHAK-12005-FCBB,BHAK-12005-FCBB,Cancrinae,NA,Hakai Institute,juvenile,NA,NA,"Matt Whalen, Kyle Hall"
FCBB29-002,FCBB29-002-16653734,MaterialSample,Metacarcinus magister,NA,NA,NA,NA,NA,NA,NA,BOLD ID Engine: top hits,BHAK7056-22,"Dana, 1852",Species,Animalia,Arthropoda,Malacostraca,Decapoda,Cancridae,Metacarcinus,urn:lsid:marinespecies.org:taxname:440388,present,BHAK-12006-FCBB,BHAK-12006-FCBB,Cancrinae,NA,Hakai Institute,juvenile,NA,NA,"Matt Whalen, Kyle Hall"
FCBB29-003,FCBB29-003-16653737,MaterialSample,Monocorophium insidiosum,NA,NA,NA,NA,NA,NA,NA,BOLD ID Engine: top hits,BHAK7059-22,"Crawford, 1937",Species,Animalia,Arthropoda,Malacostraca,Amphipoda,Corophiidae,Monocorophium,urn:lsid:marinespecies.org:taxname:148592,present,BHAK-12009-FCBB,BHAK-12009-FCBB,Corophiinae,Corophiini,Hakai Institute,NA,NA,E-Vouchered:DNA/Tissue+Photo,"Matt Whalen, Kyle Hall"
FCBB29-004,FCBB29-004-16653742,MaterialSample,Gnorimosphaeroma oregonense,NA,NA,NA,NA,NA,NA,NA,BOLD ID Engine: top hits,BHAK7064-22,NA,Species,Animalia,Arthropoda,Malacostraca,Isopoda,Sphaeromatidae,Gnorimosphaeroma,urn:lsid:marinespecies.org:taxname:1264222,present,BHAK-12015-FCBB,BHAK-12015-FCBB,NA,NA,Hakai Institute,NA,NA,NA,"Matt Whalen, Kyle Hall"
FCBB29-005,FCBB29-005-16653743,MaterialSample,Gnorimosphaeroma oregonense,NA,NA,NA,NA,NA,NA,NA,BOLD ID Engine: top hits,BHAK7065-22,NA,Species,Animalia,Arthropoda,Malacostraca,Isopoda,Sphaeromatidae,Gnorimosphaeroma,urn:lsid:marinespecies.org:taxname:1264222,present,BHAK-12016-FCBB,BHAK-12016-FCBB,NA,NA,Hakai Institute,NA,NA,NA,"Matt Whalen, Kyle Hall"
FCBB29-006,FCBB29-006-16653746,MaterialSample,Alitta,NA,NA,NA,NA,NA,NA,NA,BOLD ID Engine: top hits,BHAK7068-22,NA,Genus,Animalia,Annelida,Polychaeta,Phyllodocida,Nereididae,Alitta,urn:lsid:marinespecies.org:taxname:196580,present,BHAK-12018-FCBB,BHAK-12018-FCBB,Nereidinae,NA,Hakai Institute,NA,NA,NA,"Matt Whalen, Kyle Hall"
FCBB29-007,FCBB29-007-16653747,MaterialSample,Hediste diadroma,NA,NA,NA,NA,NA,NA,NA,BOLD ID Engine: top hits,BHAK7069-22,NA,Species,Animalia,Annelida,Polychaeta,Phyllodocida,Nereididae,Hediste,urn:lsid:marinespecies.org:taxname:328292,present,BHAK-12019-FCBB,BHAK-12019-FCBB,Nereidinae,NA,Hakai Institute,NA,NA,NA,"Matt Whalen, Kyle Hall"
FCBB37-001,FCBB37-001-16653748,MaterialSample,Axinopsida serricata,NA,NA,NA,NA,NA,NA,NA,Morphology,BHAK7070-22,"Carpenter, 1864",Species,Animalia,Mollusca,Bivalvia,Lucinida,Thyasiridae,Axinopsida,urn:lsid:marinespecies.org:taxname:246819,present,BHAK-12028-FCBB,BHAK-12028-FCBB,NA,NA,Matt Whalen,NA,NA,NA,"Matt Lemay, Colleen Kellogg, Karen Cram, Suzie Christoffel"
FCBB37-002,FCBB37-002-16653749,MaterialSample,Parvilucina tenuisculpta,NA,NA,NA,NA,NA,NA,NA,Morphology,BHAK7071-22,"Carpenter, 1864",Species,Animalia,Mollusca,Bivalvia,Lucinida,Lucinidae,Parvilucina,urn:lsid:marinespecies.org:taxname:464250,present,BHAK-12029-FCBB,BHAK-12029-FCBB,Lucininae,NA,Matt Whalen,NA,NA,NA,"Matt Lemay, Colleen Kellogg, Karen Cram, Suzie Christoffel"
FCBB35-001,FCBB35-001-16653750,MaterialSample,Cumella vulgaris,NA,NA,NA,NA,NA,NA,NA,Morphology,BHAK7072-22,NA,Species,Animalia,Arthropoda,Malacostraca,Cumacea,Nannastacidae,Cumella,urn:lsid:marinespecies.org:taxname:182534,present,BHAK-12025-FCBB,BHAK-12025-FCBB,NA,NA,Philip Hoover,NA,NA,NA,"Matt Lemay, Gillian Sadlier-Brown, Karen Cram, Suzie Christoffel"
FCBB35-002,FCBB35-002-16653751,MaterialSample,Cumella vulgaris,NA,NA,NA,NA,NA,NA,NA,Morphology,BHAK7073-22,NA,Species,Animalia,Arthropoda,Malacostraca,Cumacea,Nannastacidae,Cumella,urn:lsid:marinespecies.org:taxname:182534,present,BHAK-12026-FCBB,BHAK-12026-FCBB,NA,NA,Philip Hoover,NA,NA,NA,"Matt Lemay, Gillian Sadlier-Brown, Karen Cram, Suzie Christoffel"
FCBB35-003,FCBB35-003-16653752,MaterialSample,Cumella vulgaris,NA,NA,NA,NA,NA,NA,NA,Morphology,BHAK7074-22,NA,Species,Animalia,Arthropoda,Malacostraca,Cumacea,Nannastacidae,Cumella,urn:lsid:marinespecies.org:taxname:182534,present,BHAK-12027-FCBB,BHAK-12027-FCBB,NA,NA,Philip Hoover,NA,NA,E-Vouchered:DNA/Tissue+Photo,"Matt Lemay, Gillian Sadlier-Brown, Karen Cram, Suzie Christoffel"
FCBB29-008,FCBB29-008-16653761,MaterialSample,Gnorimosphaeroma oregonense,NA,NA,NA,NA,NA,NA,NA,BOLD ID Engine: top hits,BHAK7083-22,NA,Species,Animalia,Arthropoda,Malacostraca,Isopoda,Sphaeromatidae,Gnorimosphaeroma,urn:lsid:marinespecies.org:taxname:1264222,present,BHAK-12039-FCBB,BHAK-12039-FCBB,NA,NA,Hakai Institute,NA,NA,NA,"Matt Whalen, Kyle Hall"
FCBB29-009,FCBB29-009-16653764,MaterialSample,Amphibalanus improvisus,NA,NA,NA,NA,NA,NA,NA,BOLD ID Engine: top hits,BHAK7086-22,"Darwin,1854",Species,Animalia,Arthropoda,Thecostraca,Balanomorpha,Balanidae,Amphibalanus,urn:lsid:marinespecies.org:taxname:421139,present,BHAK-12042-FCBB,BHAK-12042-FCBB,Amphibalaninae,NA,Hakai Institute,NA,NA,NA,"Matt Whalen, Kyle Hall"
FCBB29-010,FCBB29-010-16653765,MaterialSample,Amphibalanus improvisus,NA,NA,NA,NA,NA,NA,NA,BOLD ID Engine: top hits,BHAK7087-22,"Darwin,1854",Species,Animalia,Arthropoda,Thecostraca,Balanomorpha,Balanidae,Amphibalanus,urn:lsid:marinespecies.org:taxname:421139,present,BHAK-12043-FCBB,BHAK-12043-FCBB,Amphibalaninae,NA,Hakai Institute,NA,NA,NA,"Matt Whalen, Kyle Hall"
FCBB29-011,FCBB29-011-16653767,MaterialSample,Mytilus trossulus,NA,NA,NA,NA,NA,NA,NA,BOLD ID Engine: top hits,BHAK7089-22,"Gould, 1850",Species,Animalia,Mollusca,Bivalvia,Mytilida,Mytilidae,Mytilus,urn:lsid:marinespecies.org:taxname:140482,present,BHAK-12020-FCBB,BHAK-12020-FCBB,Mytilinae,NA,Hakai Institute,NA,NA,NA,"Matt Whalen, Kyle Hall"
FCBB29-012,FCBB29-012-16653768,MaterialSample,Mytilus trossulus,NA,NA,NA,NA,NA,NA,NA,BOLD ID Engine: top hits,BHAK7090-22,"Gould, 1850",Species,Animalia,Mollusca,Bivalvia,Mytilida,Mytilidae,Mytilus,urn:lsid:marinespecies.org:taxname:140482,present,BHAK-12021-FCBB,BHAK-12021-FCBB,Mytilinae,NA,Hakai Institute,NA,NA,NA,"Matt Whalen, Kyle Hall"
FCBB29-013,FCBB29-013-16653769,MaterialSample,Mytilus trossulus,NA,NA,NA,NA,NA,NA,NA,BOLD ID Engine: top hits,BHAK7091-22,"Gould, 1850",Species,Animalia,Mollusca,Bivalvia,Mytilida,Mytilidae,Mytilus,urn:lsid:marinespecies.org:taxname:140482,present,BHAK-12022-FCBB,BHAK-12022-FCBB,Mytilinae,NA,Hakai Institute,NA,NA,NA,"Matt Whalen, Kyle Hall"
FCBB34-001,FCBB34-001-16653774,MaterialSample,Phyllodocidae,NA,NA,NA,NA,NA,NA,NA,Morphology,BHAK7096-22,NA,Genus,Animalia,Annelida,Polychaeta,Phyllodocida,Phyllodocidae,NA,urn:lsid:marinespecies.org:taxname:196580,present,BHAK-12046-FCBB,BHAK-12046-FCBB,NA,NA,Biologica Environmental Services Taxonomist,NA,NA,NA,"Matt Lemay, Gillian Sadlier-Brown, Karen Cram, Suzie Christoffel"
FCBB34-002,FCBB34-002-16653775,MaterialSample,Phyllodocidae,NA,NA,NA,NA,NA,NA,NA,Morphology,BHAK7097-22,NA,Genus,Animalia,Annelida,Polychaeta,Phyllodocida,Phyllodocidae,NA,urn:lsid:marinespecies.org:taxname:196580,present,BHAK-12047-FCBB,BHAK-12047-FCBB,NA,NA,Biologica Environmental Services Taxonomist,NA,NA,NA,"Matt Lemay, Gillian Sadlier-Brown, Karen Cram, Suzie Christoffel"
FCBB34-003,FCBB34-003-16653777,MaterialSample,Capitella capitata,NA,NA,NA,NA,NA,NA,NA,Morphology,BHAK7099-22,"Fabricius, 1780",Species,Animalia,Annelida,Polychaeta,NA,Capitellidae,Capitella,urn:lsid:marinespecies.org:taxname:129876,present,BHAK-12049-FCBB,BHAK-12049-FCBB,NA,NA,Biologica Environmental Services Taxonomist,NA,Capitella capitata complex,NA,"Matt Lemay, Gillian Sadlier-Brown, Karen Cram, Suzie Christoffel"
FCBB35-004,FCBB35-004-16653788,MaterialSample,Axinopsida serricata,NA,NA,NA,NA,NA,NA,NA,Morphology,BHAK7110-22,"Carpenter, 1864",Species,Animalia,Mollusca,Bivalvia,Lucinida,Thyasiridae,Axinopsida,urn:lsid:marinespecies.org:taxname:246819,present,BHAK-12060-FCBB,BHAK-12060-FCBB,NA,NA,Biologica Environmental Services Taxonomist,NA,NA,NA,"Matt Lemay, Gillian Sadlier-Brown, Karen Cram, Suzie Christoffel"
FCBB35-005,FCBB35-005-16653789,MaterialSample,Macoma nasuta,NA,NA,NA,NA,NA,NA,NA,BOLD ID Engine: top hits,BHAK7111-22,"Conrad, 1837",Species,Animalia,Mollusca,Bivalvia,Cardiida,Tellinidae,Macoma,urn:lsid:marinespecies.org:taxname:582761,present,BHAK-12061-FCBB,BHAK-12061-FCBB,Macominae,NA,Hakai Institute,NA,"Macominae indet. (damaged). The more intact left valve looks like M. nasuta, but it could be one of several other species",NA,"Matt Lemay, Gillian Sadlier-Brown, Karen Cram, Suzie Christoffel"
FCBB34-004,FCBB34-004-16653790,MaterialSample,Phyllodocida,NA,NA,NA,NA,NA,NA,NA,Morphology,BHAK7112-22,NA,Genus,Animalia,Annelida,Polychaeta,Phyllodocida,NA,NA,urn:lsid:marinespecies.org:taxname:196580,present,BHAK-12062-FCBB,BHAK-12062-FCBB,NA,NA,Biologica Environmental Services Taxonomist,NA,NA,NA,"Matt Lemay, Gillian Sadlier-Brown, Karen Cram, Suzie Christoffel"
FCBB34-005,FCBB34-005-16653791,MaterialSample,Capitella capitata,NA,NA,NA,NA,NA,NA,NA,Morphology,BHAK7113-22,"Fabricius, 1780",Species,Animalia,Annelida,Polychaeta,NA,Capitellidae,Capitella,urn:lsid:marinespecies.org:taxname:129876,present,BHAK-12063-FCBB,BHAK-12063-FCBB,NA,NA,Biologica Environmental Services Taxonomist,NA,Capitella capitata complex,NA,"Matt Lemay, Gillian Sadlier-Brown, Karen Cram, Suzie Christoffel"
FCBB34-006,FCBB34-006-16653792,MaterialSample,Capitella capitata,NA,NA,NA,NA,NA,NA,NA,BOLD ID Engine: top hits,BHAK7114-22,"Fabricius, 1780",Species,Animalia,Annelida,Polychaeta,NA,Capitellidae,Capitella,urn:lsid:marinespecies.org:taxname:129876,present,BHAK-12064-FCBB,BHAK-12064-FCBB,NA,NA,Hakai Institute,NA,NA,NA,"Matt Lemay, Gillian Sadlier-Brown, Karen Cram, Suzie Christoffel"
FCBB34-007,FCBB34-007-16653793,MaterialSample,Capitella capitata,NA,NA,NA,NA,NA,NA,NA,Morphology,BHAK7115-22,"Fabricius, 1780",Species,Animalia,Annelida,Polychaeta,NA,Capitellidae,Capitella,urn:lsid:marinespecies.org:taxname:129876,present,BHAK-12065-FCBB,BHAK-12065-FCBB,NA,NA,Biologica Environmental Services Taxonomist,NA,Capitella capitata complex,NA,"Matt Lemay, Gillian Sadlier-Brown, Karen Cram, Suzie Christoffel"
FCBB36-001,FCBB36-001-16653795,MaterialSample,Galathowenia oculata,NA,NA,NA,NA,NA,NA,NA,Morphology,BHAK7117-22,"Zachs, 1923",Species,Animalia,Annelida,Polychaeta,NA,Oweniidae,Galathowenia,urn:lsid:marinespecies.org:taxname:146950,present,BHAK-12074-FCBB,BHAK-12074-FCBB,NA,NA,Biologica Environmental Services Taxonomist,NA,NA,NA,"Matt Lemay, Colleen Kellogg, Karen Cram, Suzie Christoffel"
FCBB36-002,FCBB36-002-16653799,MaterialSample,Aphelochaeta glandaria,NA,NA,NA,NA,NA,NA,NA,Morphology,BHAK7121-22,NA,Species,Animalia,Annelida,Polychaeta,Terebellida,Cirratulidae,Aphelochaeta,urn:lsid:marinespecies.org:taxname:326478,present,BHAK-12079-FCBB,BHAK-12079-FCBB,NA,NA,Biologica Environmental Services Taxonomist,NA,"Aphelochaeta glandaria complex, yellow",NA,"Matt Lemay, Colleen Kellogg, Karen Cram, Suzie Christoffel"
FCBB36-003,FCBB36-003-16653800,MaterialSample,Aphelochaeta glandaria,NA,NA,NA,NA,NA,NA,NA,BOLD ID Engine: top hits,BHAK7122-22,NA,Species,Animalia,Annelida,Polychaeta,Terebellida,Cirratulidae,Aphelochaeta,urn:lsid:marinespecies.org:taxname:326478,present,BHAK-12080-FCBB,BHAK-12080-FCBB,NA,NA,Hakai Institute,NA,"Aphelochaeta sp., probably A. glandaria complex, yellow",NA,"Matt Lemay, Colleen Kellogg, Karen Cram, Suzie Christoffel"
FCBB36-004,FCBB36-004-16653801,MaterialSample,Aphelochaeta glandaria,NA,NA,NA,NA,NA,NA,NA,BOLD ID Engine: top hits,BHAK7123-22,NA,Species,Animalia,Annelida,Polychaeta,Terebellida,Cirratulidae,Aphelochaeta,urn:lsid:marinespecies.org:taxname:326478,present,BHAK-12081-FCBB,BHAK-12081-FCBB,NA,NA,Hakai Institute,NA,"Aphelochaeta sp., probably A. glandaria complex, yellow",NA,"Matt Lemay, Colleen Kellogg, Karen Cram, Suzie Christoffel"
FCBB36-005,FCBB36-005-16653802,MaterialSample,Heteromastus filobranchus,NA,NA,NA,NA,NA,NA,NA,Morphology,BHAK7124-22,NA,Species,Animalia,Annelida,Polychaeta,NA,Capitellidae,Heteromastus,urn:lsid:marinespecies.org:taxname:328370,present,BHAK-12082-FCBB,BHAK-12082-FCBB,NA,NA,Biologica Environmental Services Taxonomist,NA,first 5 setigers with capillary chaete with branches on posterior segments,NA,"Matt Lemay, Colleen Kellogg, Karen Cram, Suzie Christoffel"
FCBB36-006,FCBB36-006-16653808,MaterialSample,Sternaspis affinis,NA,NA,NA,NA,NA,NA,NA,Morphology,BHAK7130-22,NA,Species,Animalia,Annelida,Polychaeta,Terebellida,Sternaspidae,Sternaspis,urn:lsid:marinespecies.org:taxname:338196,present,BHAK-12088-FCBB,BHAK-12088-FCBB,NA,NA,Biologica Environmental Services Taxonomist,NA,NA,NA,"Matt Lemay, Colleen Kellogg, Karen Cram, Suzie Christoffel"
FCBB36-007,FCBB36-007-16653809,MaterialSample,Heteromastus filobranchus,NA,NA,NA,NA,NA,NA,NA,Morphology,BHAK7131-22,NA,Species,Animalia,Annelida,Polychaeta,NA,Capitellidae,Heteromastus,urn:lsid:marinespecies.org:taxname:328370,present,BHAK-12089-FCBB,BHAK-12089-FCBB,NA,NA,Biologica Environmental Services Taxonomist,NA,NA,NA,"Matt Lemay, Colleen Kellogg, Karen Cram, Suzie Christoffel"
FCBB36-008,FCBB36-008-16653810,MaterialSample,Heteromastus filobranchus,NA,NA,NA,NA,NA,NA,NA,Morphology,BHAK7132-22,NA,Species,Animalia,Annelida,Polychaeta,NA,Capitellidae,Heteromastus,urn:lsid:marinespecies.org:taxname:328370,present,BHAK-12090-FCBB,BHAK-12090-FCBB,NA,NA,Biologica Environmental Services Taxonomist,NA,NA,NA,"Matt Lemay, Colleen Kellogg, Karen Cram, Suzie Christoffel"
FCBB36-009,FCBB36-009-16653812,MaterialSample,Aphelochaeta,NA,NA,NA,NA,NA,NA,NA,Morphology,BHAK7134-22,NA,Genus,Animalia,Annelida,Polychaeta,Terebellida,Cirratulidae,Aphelochaeta,urn:lsid:marinespecies.org:taxname:196580,present,BHAK-12067-FCBB,BHAK-12067-FCBB,NA,NA,Biologica Environmental Services Taxonomist,NA,NA,NA,"Matt Lemay, Colleen Kellogg, Karen Cram, Suzie Christoffel"
FCBB36-010,FCBB36-010-16653813,MaterialSample,Aphelochaeta,NA,NA,NA,NA,NA,NA,NA,Morphology,BHAK7135-22,NA,Genus,Animalia,Annelida,Polychaeta,Terebellida,Cirratulidae,Aphelochaeta,urn:lsid:marinespecies.org:taxname:196580,present,BHAK-12068-FCBB,BHAK-12068-FCBB,NA,NA,Biologica Environmental Services Taxonomist,NA,"only with capillary chaetes, either A. sp N6 (Ruff) similar to A. tigrina of California, or A. monilaris",NA,"Matt Lemay, Colleen Kellogg, Karen Cram, Suzie Christoffel"
FCBB36-011,FCBB36-011-16653814,MaterialSample,Aphelochaeta,NA,NA,NA,NA,NA,NA,NA,Morphology,BHAK7136-22,NA,Genus,Animalia,Annelida,Polychaeta,Terebellida,Cirratulidae,Aphelochaeta,urn:lsid:marinespecies.org:taxname:196580,present,BHAK-12069-FCBB,BHAK-12069-FCBB,NA,NA,Biologica Environmental Services Taxonomist,NA,"either A. sp N6 (Ruff) similar to A. tigrina of California, or A. monilaris",NA,"Matt Lemay, Colleen Kellogg, Karen Cram, Suzie Christoffel"
FCBB36-012,FCBB36-012-16653816,MaterialSample,Aphelochaeta glandaria,NA,NA,NA,NA,NA,NA,NA,BOLD ID Engine: top hits,BHAK7138-22,NA,Species,Animalia,Annelida,Polychaeta,Terebellida,Cirratulidae,Aphelochaeta,urn:lsid:marinespecies.org:taxname:326478,present,BHAK-12071-FCBB,BHAK-12071-FCBB,NA,NA,Hakai Institute,NA,"either A. sp N6 (Ruff) similar to A. tigrina of California, or A. monilaris",NA,"Matt Lemay, Colleen Kellogg, Karen Cram, Suzie Christoffel"
FCBB36-013,FCBB36-013-16653817,MaterialSample,Aphelochaeta glandaria,NA,NA,NA,NA,NA,NA,NA,BOLD ID Engine: top hits,BHAK7139-22,NA,Species,Animalia,Annelida,Polychaeta,Terebellida,Cirratulidae,Aphelochaeta,urn:lsid:marinespecies.org:taxname:326478,present,BHAK-12072-FCBB,BHAK-12072-FCBB,NA,NA,Hakai Institute,NA,probably A. glandaria complex,NA,"Matt Lemay, Colleen Kellogg, Karen Cram, Suzie Christoffel"
FCBB37-003,FCBB37-003-16653818,MaterialSample,Terebellides horikoshii,NA,NA,NA,NA,NA,NA,NA,Morphology,BHAK7140-22,NA,Species,Animalia,Annelida,Polychaeta,Terebellida,Trichobranchidae,Terebellides,urn:lsid:marinespecies.org:taxname:332508,present,BHAK-12096-FCBB,BHAK-12096-FCBB,Trichobranchinae,NA,Biologica Environmental Services Taxonomist,NA,"single middorsal branchiae, about 35 abdominal setigers, the largest lappet on segment 5",NA,"Matt Lemay, Colleen Kellogg, Karen Cram, Suzie Christoffel"
FCBB37-004,FCBB37-004-16653820,MaterialSample,Terebellides horikoshii,NA,NA,NA,NA,NA,NA,NA,Morphology,BHAK7142-22,NA,Species,Animalia,Annelida,Polychaeta,Terebellida,Trichobranchidae,Terebellides,urn:lsid:marinespecies.org:taxname:332508,present,BHAK-12098-FCBB,BHAK-12098-FCBB,Trichobranchinae,NA,Biologica Environmental Services Taxonomist,NA,"single middorsal branchiae, about 35 abdominal setigers, the largest lappet on segment 6",NA,"Matt Lemay, Colleen Kellogg, Karen Cram, Suzie Christoffel"
FCBB37-005,FCBB37-005-16653821,MaterialSample,Pholoe,NA,NA,NA,NA,NA,NA,NA,BOLD ID Engine: top hits,BHAK7143-22,NA,Genus,Animalia,Annelida,Polychaeta,Phyllodocida,Pholoidae,Pholoe,urn:lsid:marinespecies.org:taxname:196580,present,BHAK-12099-FCBB,BHAK-12099-FCBB,Pholoinae,NA,Hakai Institute,NA,Pholoe sp. N-1 (Ruff),NA,"Matt Lemay, Colleen Kellogg, Karen Cram, Suzie Christoffel"
FCBB37-006,FCBB37-006-16653822,MaterialSample,Aphelochaeta,NA,NA,NA,NA,NA,NA,NA,Morphology,BHAK7144-22,NA,Genus,Animalia,Annelida,Polychaeta,Terebellida,Cirratulidae,Aphelochaeta,urn:lsid:marinespecies.org:taxname:196580,present,BHAK-12100-FCBB,BHAK-12100-FCBB,NA,NA,Biologica Environmental Services Taxonomist,NA,"could not confirm, but possibly A. sp N6 (Ruff) similar to A. tigrina of California",NA,"Matt Lemay, Colleen Kellogg, Karen Cram, Suzie Christoffel"
FCBB37-007,FCBB37-007-16653823,MaterialSample,Heteromastus filobranchus,NA,NA,NA,NA,NA,NA,NA,Morphology,BHAK7145-22,NA,Species,Animalia,Annelida,Polychaeta,NA,Capitellidae,Heteromastus,urn:lsid:marinespecies.org:taxname:328370,present,BHAK-12101-FCBB,BHAK-12101-FCBB,NA,NA,Biologica Environmental Services Taxonomist,NA,NA,NA,"Matt Lemay, Colleen Kellogg, Karen Cram, Suzie Christoffel"
FCBB37-008,FCBB37-008-16653825,MaterialSample,Galathowenia oculata,NA,NA,NA,NA,NA,NA,NA,Morphology,BHAK7147-22,"Zachs, 1923",Species,Animalia,Annelida,Polychaeta,NA,Oweniidae,Galathowenia,urn:lsid:marinespecies.org:taxname:146950,present,BHAK-12103-FCBB,BHAK-12103-FCBB,NA,NA,Biologica Environmental Services Taxonomist,NA,NA,NA,"Matt Lemay, Colleen Kellogg, Karen Cram, Suzie Christoffel"
FCBB37-009,FCBB37-009-16653826,MaterialSample,Galathowenia oculata,NA,NA,NA,NA,NA,NA,NA,Morphology,BHAK7148-22,"Zachs, 1923",Species,Animalia,Annelida,Polychaeta,NA,Oweniidae,Galathowenia,urn:lsid:marinespecies.org:taxname:146950,present,BHAK-12104-FCBB,BHAK-12104-FCBB,NA,NA,Biologica Environmental Services Taxonomist,NA,NA,NA,"Matt Lemay, Colleen Kellogg, Karen Cram, Suzie Christoffel"
FCBB37-010,FCBB37-010-16653827,MaterialSample,Aphelochaeta glandaria,NA,NA,NA,NA,NA,NA,NA,BOLD ID Engine: top hits,BHAK7149-22,NA,Species,Animalia,Annelida,Polychaeta,Terebellida,Cirratulidae,Aphelochaeta,urn:lsid:marinespecies.org:taxname:326478,present,BHAK-12105-FCBB,BHAK-12105-FCBB,NA,NA,Hakai Institute,NA,Scoletoma tetraura complex was S. luti,NA,"Matt Lemay, Colleen Kellogg, Karen Cram, Suzie Christoffel"
FCBB37-011,FCBB37-011-16653830,MaterialSample,Thysanocardia nigra,NA,NA,NA,NA,NA,NA,NA,Morphology,BHAK7152-22,"Ikeda, 1904",Species,Animalia,Annelida,Sipuncula,Golfingiida,Golfingiidae,Thysanocardia,urn:lsid:marinespecies.org:taxname:266470,present,BHAK-12108-FCBB,BHAK-12108-FCBB,NA,NA,Biologica Environmental Services Taxonomist,NA,NA,NA,"Matt Lemay, Colleen Kellogg, Karen Cram, Suzie Christoffel"
FCBB37-012,FCBB37-012-16653832,MaterialSample,Terebellides horikoshii,NA,NA,NA,NA,NA,NA,NA,Morphology,BHAK7154-22,NA,Species,Animalia,Annelida,Polychaeta,Terebellida,Trichobranchidae,Terebellides,urn:lsid:marinespecies.org:taxname:332508,present,BHAK-12110-FCBB,BHAK-12110-FCBB,Trichobranchinae,NA,Biologica Environmental Services Taxonomist,NA,"single middorsal branchiae, about 35 abdominal setigers, the largest lappet on segment 7",NA,"Matt Lemay, Colleen Kellogg, Karen Cram, Suzie Christoffel"
FCBB37-013,FCBB37-013-16653833,MaterialSample,Galathowenia oculata,NA,NA,NA,NA,NA,NA,NA,Morphology,BHAK7155-22,"Zachs, 1923",Species,Animalia,Annelida,Polychaeta,NA,Oweniidae,Galathowenia,urn:lsid:marinespecies.org:taxname:146950,present,BHAK-12111-FCBB,BHAK-12111-FCBB,NA,NA,Biologica Environmental Services Taxonomist,NA,NA,NA,"Matt Lemay, Colleen Kellogg, Karen Cram, Suzie Christoffel"
FCBB37-014,FCBB37-014-16653834,MaterialSample,Galathowenia oculata,NA,NA,NA,NA,NA,NA,NA,Morphology,BHAK7156-22,"Zachs, 1923",Species,Animalia,Annelida,Polychaeta,NA,Oweniidae,Galathowenia,urn:lsid:marinespecies.org:taxname:146950,present,BHAK-12112-FCBB,BHAK-12112-FCBB,NA,NA,Biologica Environmental Services Taxonomist,NA,NA,NA,"Matt Lemay, Colleen Kellogg, Karen Cram, Suzie Christoffel"
FCBB37-015,FCBB37-015-16653835,MaterialSample,Heteromastus filobranchus,NA,NA,NA,NA,NA,NA,NA,Morphology,BHAK7157-22,NA,Species,Animalia,Annelida,Polychaeta,NA,Capitellidae,Heteromastus,urn:lsid:marinespecies.org:taxname:328370,present,BHAK-12113-FCBB,BHAK-12113-FCBB,NA,NA,Biologica Environmental Services Taxonomist,NA,NA,NA,"Matt Lemay, Colleen Kellogg, Karen Cram, Suzie Christoffel"
FCBB37-016,FCBB37-016-16653836,MaterialSample,Heteromastus filobranchus,NA,NA,NA,NA,NA,NA,NA,Morphology,BHAK7158-22,NA,Species,Animalia,Annelida,Polychaeta,NA,Capitellidae,Heteromastus,urn:lsid:marinespecies.org:taxname:328370,present,BHAK-12114-FCBB,BHAK-12114-FCBB,NA,NA,Biologica Environmental Services Taxonomist,NA,NA,NA,"Matt Lemay, Colleen Kellogg, Karen Cram, Suzie Christoffel"
FCBB37-017,FCBB37-017-16653838,MaterialSample,Sternaspis affinis,NA,NA,NA,NA,NA,NA,NA,Morphology,BHAK7160-22,NA,Species,Animalia,Annelida,Polychaeta,Terebellida,Sternaspidae,Sternaspis,urn:lsid:marinespecies.org:taxname:338196,present,BHAK-12116-FCBB,BHAK-12116-FCBB,NA,NA,Biologica Environmental Services Taxonomist,NA,NA,NA,"Matt Lemay, Colleen Kellogg, Karen Cram, Suzie Christoffel"
FCBB37-018,FCBB37-018-16653839,MaterialSample,Sternaspis affinis,NA,NA,NA,NA,NA,NA,NA,Morphology,BHAK7161-22,NA,Species,Animalia,Annelida,Polychaeta,Terebellida,Sternaspidae,Sternaspis,urn:lsid:marinespecies.org:taxname:338196,present,BHAK-12117-FCBB,BHAK-12117-FCBB,NA,NA,Biologica Environmental Services Taxonomist,NA,NA,NA,"Matt Lemay, Colleen Kellogg, Karen Cram, Suzie Christoffel"
FCBB37-019,FCBB37-019-16653840,MaterialSample,Heteromastus filobranchus,NA,NA,NA,NA,NA,NA,NA,Morphology,BHAK7162-22,NA,Species,Animalia,Annelida,Polychaeta,NA,Capitellidae,Heteromastus,urn:lsid:marinespecies.org:taxname:328370,present,BHAK-12144-FCBB,BHAK-12144-FCBB,NA,NA,Biologica Environmental Services Taxonomist,NA,NA,NA,"Matt Lemay, Colleen Kellogg, Karen Cram, Suzie Christoffel"
FCBB39-001,FCBB39-001-16653841,MaterialSample,Glycera americana,NA,NA,NA,NA,NA,NA,NA,Morphology,BHAK7163-22,"Leidy, 1855",Species,Animalia,Annelida,Polychaeta,Phyllodocida,Glyceridae,Glycera,urn:lsid:marinespecies.org:taxname:157388,present,BHAK-12145-FCBB,BHAK-12145-FCBB,NA,NA,Biologica Environmental Services Taxonomist,NA,"Glycera americana, G. pacifica is typically Western Pacific distribution, but more analysis needed",NA,"Matt Lemay, Heather Earle, Karen Cram, Suzie Christoffel"
FCBB39-002,FCBB39-002-16653842,MaterialSample,Glycera americana,NA,NA,NA,NA,NA,NA,NA,Morphology,BHAK7164-22,"Leidy, 1855",Species,Animalia,Annelida,Polychaeta,Phyllodocida,Glyceridae,Glycera,urn:lsid:marinespecies.org:taxname:157388,present,BHAK-12146-FCBB,BHAK-12146-FCBB,NA,NA,Biologica Environmental Services Taxonomist,NA,"Glycera americana, G. pacifica is typically Western Pacific distribution, but more analysis needed",NA,"Matt Lemay, Heather Earle, Karen Cram, Suzie Christoffel"
FCBB39-003,FCBB39-003-16653843,MaterialSample,Pholoe,NA,NA,NA,NA,NA,NA,NA,BOLD ID Engine: top hits,BHAK7165-22,NA,Genus,Animalia,Annelida,Polychaeta,Phyllodocida,Pholoidae,Pholoe,urn:lsid:marinespecies.org:taxname:196580,present,BHAK-12147-FCBB,BHAK-12147-FCBB,Pholoinae,NA,Hakai Institute,NA,Pholoe sp. N-1 (Ruff),NA,"Matt Lemay, Heather Earle, Karen Cram, Suzie Christoffel"
FCBB39-004,FCBB39-004-16653846,MaterialSample,Spiophanes berkeleyorum,NA,NA,NA,NA,NA,NA,NA,Morphology,BHAK7168-22,"Pettibone, 1962",Species,Animalia,Annelida,Polychaeta,Spionida,Spionidae,Spiophanes,urn:lsid:marinespecies.org:taxname:334829,present,BHAK-12151-FCBB,BHAK-12151-FCBB,NA,NA,Biologica Environmental Services Taxonomist,NA,NA,NA,"Matt Lemay, Heather Earle, Karen Cram, Suzie Christoffel"
FCBB39-005,FCBB39-005-16653848,MaterialSample,Axinopsida serricata,NA,NA,NA,NA,NA,NA,NA,BOLD ID Engine: top hits,BHAK7170-22,"Carpenter, 1864",Species,Animalia,Mollusca,Bivalvia,Lucinida,Thyasiridae,Axinopsida,urn:lsid:marinespecies.org:taxname:246819,present,BHAK-12153-FCBB,BHAK-12153-FCBB,NA,NA,Hakai Institute,NA,NA,NA,"Matt Lemay, Heather Earle, Karen Cram, Suzie Christoffel"
FCBB39-006,FCBB39-006-16653849,MaterialSample,Axinopsida serricata,NA,NA,NA,NA,NA,NA,NA,BOLD ID Engine: top hits,BHAK7171-22,"Carpenter, 1864",Species,Animalia,Mollusca,Bivalvia,Lucinida,Thyasiridae,Axinopsida,urn:lsid:marinespecies.org:taxname:246819,present,BHAK-12154-FCBB,BHAK-12154-FCBB,NA,NA,Hakai Institute,NA,NA,NA,"Matt Lemay, Heather Earle, Karen Cram, Suzie Christoffel"
FCBB39-007,FCBB39-007-16653851,MaterialSample,Spiophanes berkeleyorum,NA,NA,NA,NA,NA,NA,NA,Morphology,BHAK7173-22,"Pettibone, 1962",Species,Animalia,Annelida,Polychaeta,Spionida,Spionidae,Spiophanes,urn:lsid:marinespecies.org:taxname:334829,present,BHAK-12156-FCBB,BHAK-12156-FCBB,NA,NA,Biologica Environmental Services Taxonomist,NA,NA,NA,"Matt Lemay, Heather Earle, Karen Cram, Suzie Christoffel"
FCBB39-008,FCBB39-008-16653852,MaterialSample,Scalibregma californicum,NA,NA,NA,NA,NA,NA,NA,Morphology,BHAK7174-22,"Blake in Blake, Hilbig & Scott, 2000",Species,Animalia,Annelida,Polychaeta,NA,Scalibregmatidae,Scalibregma,urn:lsid:marinespecies.org:taxname:331210,present,BHAK-12157-FCBB,BHAK-12157-FCBB,NA,NA,Biologica Environmental Services Taxonomist,NA,"seems to have spine on set 1, S. inflatum is northern europe species",NA,"Matt Lemay, Heather Earle, Karen Cram, Suzie Christoffel"
FCBB39-009,FCBB39-009-16653854,MaterialSample,Capitella capitata,NA,NA,NA,NA,NA,NA,NA,Morphology,BHAK7176-22,"Fabricius, 1780",Species,Animalia,Annelida,Polychaeta,NA,Capitellidae,Capitella,urn:lsid:marinespecies.org:taxname:129876,present,BHAK-12159-FCBB,BHAK-12159-FCBB,NA,NA,Biologica Environmental Services Taxonomist,NA,Capitella capitata complex,NA,"Matt Lemay, Heather Earle, Karen Cram, Suzie Christoffel"
FCBB39-010,FCBB39-010-16653855,MaterialSample,Eteone,NA,NA,NA,NA,NA,NA,NA,BOLD ID Engine: top hits,BHAK7177-22,NA,Genus,Animalia,Annelida,Polychaeta,Phyllodocida,Phyllodocidae,Eteone,urn:lsid:marinespecies.org:taxname:196580,present,BHAK-12160-FCBB,BHAK-12160-FCBB,Eteoninae,NA,Hakai Institute,NA,Eteone longa complex,NA,"Matt Lemay, Heather Earle, Karen Cram, Suzie Christoffel"
FCBB39-011,FCBB39-011-16653856,MaterialSample,Leitoscoloplos pugettensis,NA,NA,NA,NA,NA,NA,NA,Morphology,BHAK7178-22,NA,Species,Animalia,Annelida,Polychaeta,Polychaeta_incertae_sedis,Orbiniidae,Leitoscoloplos,urn:lsid:marinespecies.org:taxname:254746,present,BHAK-12161-FCBB,BHAK-12161-FCBB,Orbiniinae,NA,Biologica Environmental Services Taxonomist,NA,NA,NA,"Matt Lemay, Heather Earle, Karen Cram, Suzie Christoffel"
FCBB38-001,FCBB38-001-16653859,MaterialSample,Nereis vexillosa,NA,NA,NA,NA,NA,NA,NA,Morphology,BHAK7181-22,"Grube, 1851",Species,Animalia,Annelida,Polychaeta,Phyllodocida,Nereididae,Nereis,urn:lsid:marinespecies.org:taxname:329765,present,BHAK-12166-FCBB,BHAK-12166-FCBB,Nereidinae,NA,Biologica Environmental Services Taxonomist,NA,NA,NA,"Matt Whalen, Alyssa Gehman, Kate Henderson, Faye Manning, Kelly Fretwell, Noriko Okamoto"
FCBB38-002,FCBB38-002-16653860,MaterialSample,Harmothoe imbricata,NA,NA,NA,NA,NA,NA,NA,Morphology,BHAK7182-22,"Linnaeus, 1767",Species,Animalia,Annelida,Polychaeta,Phyllodocida,Polynoidae,Harmothoe,urn:lsid:marinespecies.org:taxname:130769,present,BHAK-12167-FCBB,BHAK-12167-FCBB,Polynoinae,NA,Biologica Environmental Services Taxonomist,NA,NA,NA,"Matt Whalen, Alyssa Gehman, Kate Henderson, Faye Manning, Kelly Fretwell, Noriko Okamoto"
FCBB39-012,FCBB39-012-16653863,MaterialSample,Axinopsida serricata,NA,NA,NA,NA,NA,NA,NA,BOLD ID Engine: top hits,BHAK7185-22,"Carpenter, 1864",Species,Animalia,Mollusca,Bivalvia,Lucinida,Thyasiridae,Axinopsida,urn:lsid:marinespecies.org:taxname:246819,present,BHAK-12170-FCBB,BHAK-12170-FCBB,NA,NA,Hakai Institute,NA,NA,NA,"Matt Lemay, Heather Earle, Karen Cram, Suzie Christoffel"
FCBB39-013,FCBB39-013-16653864,MaterialSample,Axinopsida serricata,NA,NA,NA,NA,NA,NA,NA,BOLD ID Engine: top hits,BHAK7186-22,"Carpenter, 1864",Species,Animalia,Mollusca,Bivalvia,Lucinida,Thyasiridae,Axinopsida,urn:lsid:marinespecies.org:taxname:246819,present,BHAK-12171-FCBB,BHAK-12171-FCBB,NA,NA,Hakai Institute,NA,NA,NA,"Matt Lemay, Heather Earle, Karen Cram, Suzie Christoffel"
FCBB39-014,FCBB39-014-16653866,MaterialSample,Heteromastus filobranchus,NA,NA,NA,NA,NA,NA,NA,BOLD ID Engine: top hits,BHAK7188-22,NA,Species,Animalia,Annelida,Polychaeta,NA,Capitellidae,Heteromastus,urn:lsid:marinespecies.org:taxname:328370,present,BHAK-12211-FCBB,BHAK-12211-FCBB,NA,NA,Hakai Institute,NA,no posterior but probably H. filobranchus,NA,"Matt Lemay, Heather Earle, Karen Cram, Suzie Christoffel"
FCBB39-015,FCBB39-015-16653867,MaterialSample,Pholoe,NA,NA,NA,NA,NA,NA,NA,BOLD ID Engine: top hits,BHAK7189-22,NA,Genus,Animalia,Annelida,Polychaeta,Phyllodocida,Pholoidae,Pholoe,urn:lsid:marinespecies.org:taxname:196580,present,BHAK-12212-FCBB,BHAK-12212-FCBB,Pholoinae,NA,Hakai Institute,NA,Pholoe sp. N-1 (Ruff),NA,"Matt Lemay, Heather Earle, Karen Cram, Suzie Christoffel"
FCBB41-001,FCBB41-001-16653868,MaterialSample,Praxillella gracilis,NA,NA,NA,NA,NA,NA,NA,Morphology,BHAK7190-22,"M. Sars, 1861",Species,Animalia,Annelida,Polychaeta,NA,Maldanidae,Praxillella,urn:lsid:marinespecies.org:taxname:130324,present,BHAK-12213-FCBB,BHAK-12213-FCBB,Euclymeninae,NA,Biologica Environmental Services Taxonomist,NA,NA,NA,"Matt Lemay, Heather Earle, Karen Cram, Suzie Christoffel"
FCBB41-002,FCBB41-002-16653869,MaterialSample,Leitoscoloplos pugettensis,NA,NA,NA,NA,NA,NA,NA,BOLD ID Engine: top hits,BHAK7191-22,NA,Species,Animalia,Annelida,Polychaeta,Polychaeta_incertae_sedis,Orbiniidae,Leitoscoloplos,urn:lsid:marinespecies.org:taxname:254746,present,BHAK-12214-FCBB,BHAK-12214-FCBB,Orbiniinae,NA,Hakai Institute,NA,"fragment, probably Leitoscoloplos puggentensis",NA,"Matt Lemay, Heather Earle, Karen Cram, Suzie Christoffel"
FCBB41-003,FCBB41-003-16653870,MaterialSample,Leitoscoloplos pugettensis,NA,NA,NA,NA,NA,NA,NA,Morphology,BHAK7192-22,NA,Species,Animalia,Annelida,Polychaeta,Polychaeta_incertae_sedis,Orbiniidae,Leitoscoloplos,urn:lsid:marinespecies.org:taxname:254746,present,BHAK-12215-FCBB,BHAK-12215-FCBB,Orbiniinae,NA,Biologica Environmental Services Taxonomist,NA,NA,NA,"Matt Lemay, Heather Earle, Karen Cram, Suzie Christoffel"
FCBB41-004,FCBB41-004-16653871,MaterialSample,Leitoscoloplos pugettensis,NA,NA,NA,NA,NA,NA,NA,Morphology,BHAK7193-22,NA,Species,Animalia,Annelida,Polychaeta,Polychaeta_incertae_sedis,Orbiniidae,Leitoscoloplos,urn:lsid:marinespecies.org:taxname:254746,present,BHAK-12216-FCBB,BHAK-12216-FCBB,Orbiniinae,NA,Biologica Environmental Services Taxonomist,NA,NA,NA,"Matt Lemay, Heather Earle, Karen Cram, Suzie Christoffel"
FCBB41-005,FCBB41-005-16653872,MaterialSample,Leitoscoloplos pugettensis,NA,NA,NA,NA,NA,NA,NA,Morphology,BHAK7194-22,NA,Species,Animalia,Annelida,Polychaeta,Polychaeta_incertae_sedis,Orbiniidae,Leitoscoloplos,urn:lsid:marinespecies.org:taxname:254746,present,BHAK-12217-FCBB,BHAK-12217-FCBB,Orbiniinae,NA,Biologica Environmental Services Taxonomist,NA,NA,NA,"Matt Lemay, Heather Earle, Karen Cram, Suzie Christoffel"
FCBB41-006,FCBB41-006-16653873,MaterialSample,Ampharete,NA,NA,NA,NA,NA,NA,NA,BOLD ID Engine: top hits,BHAK7195-22,NA,Genus,Animalia,Annelida,Polychaeta,Terebellida,Ampharetidae,Ampharete,urn:lsid:marinespecies.org:taxname:196580,present,BHAK-12218-FCBB,BHAK-12218-FCBB,Ampharetinae,Ampharetini,Hakai Institute,NA,damaged,NA,"Matt Lemay, Heather Earle, Karen Cram, Suzie Christoffel"
FCBB41-007,FCBB41-007-16653874,MaterialSample,Praxillella gracilis,NA,NA,NA,NA,NA,NA,NA,Morphology,BHAK7196-22,"M. Sars, 1861",Species,Animalia,Annelida,Polychaeta,NA,Maldanidae,Praxillella,urn:lsid:marinespecies.org:taxname:130324,present,BHAK-12219-FCBB,BHAK-12219-FCBB,Euclymeninae,NA,Biologica Environmental Services Taxonomist,NA,NA,NA,"Matt Lemay, Heather Earle, Karen Cram, Suzie Christoffel"
FCBB41-008,FCBB41-008-16653875,MaterialSample,Cistenides brevicoma,NA,NA,NA,NA,NA,NA,NA,Morphology,BHAK7197-22,NA,Species,Animalia,Annelida,Polychaeta,Terebellida,Pectinariidae,Cistenides,urn:lsid:marinespecies.org:taxname:332704,present,BHAK-12220-FCBB,BHAK-12220-FCBB,NA,NA,Biologica Environmental Services Taxonomist,NA,previously ID'd as C. granulata of Northern Europe,NA,"Matt Lemay, Heather Earle, Karen Cram, Suzie Christoffel"
FCBB41-009,FCBB41-009-16653876,MaterialSample,Praxillella gracilis,NA,NA,NA,NA,NA,NA,NA,Morphology,BHAK7198-22,"M. Sars, 1861",Species,Animalia,Annelida,Polychaeta,NA,Maldanidae,Praxillella,urn:lsid:marinespecies.org:taxname:130324,present,BHAK-12221-FCBB,BHAK-12221-FCBB,Euclymeninae,NA,Biologica Environmental Services Taxonomist,NA,NA,NA,"Matt Lemay, Heather Earle, Karen Cram, Suzie Christoffel"
FCBB41-010,FCBB41-010-16653877,MaterialSample,Eteone longa,NA,NA,NA,NA,NA,NA,NA,Morphology,BHAK7199-22,"Fabricius, 1780",Species,Animalia,Annelida,Polychaeta,Phyllodocida,Phyllodocidae,Eteone,urn:lsid:marinespecies.org:taxname:130616,present,BHAK-12222-FCBB,BHAK-12222-FCBB,Eteoninae,NA,Biologica Environmental Services Taxonomist,NA,Eteone longa complex,NA,"Matt Lemay, Heather Earle, Karen Cram, Suzie Christoffel"
FCBB41-011,FCBB41-011-16653878,MaterialSample,Lumbrineris californiensis,NA,NA,NA,NA,NA,NA,NA,Morphology,BHAK7200-22,NA,Species,Animalia,Annelida,Polychaeta,Eunicida,Lumbrineridae,Lumbrineris,urn:lsid:marinespecies.org:taxname:328927,present,BHAK-12223-FCBB,BHAK-12223-FCBB,NA,NA,Biologica Environmental Services Taxonomist,NA,NA,NA,"Matt Lemay, Heather Earle, Karen Cram, Suzie Christoffel"
FCBB41-012,FCBB41-012-16653879,MaterialSample,Barantolla americana,NA,NA,NA,NA,NA,NA,NA,BOLD ID Engine: top hits,BHAK7201-22,NA,Species,Animalia,Annelida,Polychaeta,NA,Capitellidae,Barantolla,urn:lsid:marinespecies.org:taxname:254727,present,BHAK-12224-FCBB,BHAK-12224-FCBB,NA,NA,Hakai Institute,NA,Barantolla sp. nr. americana,NA,"Matt Lemay, Heather Earle, Karen Cram, Suzie Christoffel"
FCBB41-013,FCBB41-013-16653880,MaterialSample,Mediomastus,NA,NA,NA,NA,NA,NA,NA,Morphology,BHAK7202-22,NA,Genus,Animalia,Annelida,Polychaeta,NA,Capitellidae,Mediomastus,urn:lsid:marinespecies.org:taxname:196580,present,BHAK-12225-FCBB,BHAK-12225-FCBB,NA,NA,Biologica Environmental Services Taxonomist,NA,probably M. californiensis,NA,"Matt Lemay, Heather Earle, Karen Cram, Suzie Christoffel"
FCBB41-014,FCBB41-014-16653881,MaterialSample,Glycera nana,NA,NA,NA,NA,NA,NA,NA,Morphology,BHAK7203-22,"Johnson, 1901",Species,Animalia,Annelida,Polychaeta,Phyllodocida,Glyceridae,Glycera,urn:lsid:marinespecies.org:taxname:328132,present,BHAK-12226-FCBB,BHAK-12226-FCBB,NA,NA,Biologica Environmental Services Taxonomist,NA,NA,NA,"Matt Lemay, Heather Earle, Karen Cram, Suzie Christoffel"
FCBB41-015,FCBB41-015-16653883,MaterialSample,Scalibregma californicum,NA,NA,NA,NA,NA,NA,NA,Morphology,BHAK7205-22,"Blake in Blake, Hilbig & Scott, 2000",Species,Animalia,Annelida,Polychaeta,NA,Scalibregmatidae,Scalibregma,urn:lsid:marinespecies.org:taxname:331210,present,BHAK-12228-FCBB,BHAK-12228-FCBB,NA,NA,Biologica Environmental Services Taxonomist,NA,"seems to have spine on set 1, S. inflatum is northern europe species",NA,"Matt Lemay, Heather Earle, Karen Cram, Suzie Christoffel"
FCBB38-003,FCBB38-003-16653884,MaterialSample,Pagurus hirsutiusculus,NA,NA,NA,NA,NA,NA,NA,BOLD ID Engine: top hits,BHAK7206-22,"Dana, 1851",Species,Animalia,Arthropoda,Malacostraca,Decapoda,Paguridae,Pagurus,urn:lsid:marinespecies.org:taxname:366699,present,BHAK-12181-FCBB,BHAK-12181-FCBB,NA,NA,Hakai Institute,NA,NA,NA,"Matt Whalen, Alyssa Gehman, Kate Henderson, Faye Manning, Kelly Fretwell, Noriko Okamoto"
FCBB38-004,FCBB38-004-16653885,MaterialSample,Pagurus hirsutiusculus,NA,NA,NA,NA,NA,NA,NA,BOLD ID Engine: top hits,BHAK7207-22,"Dana, 1851",Species,Animalia,Arthropoda,Malacostraca,Decapoda,Paguridae,Pagurus,urn:lsid:marinespecies.org:taxname:366699,present,BHAK-12182-FCBB,BHAK-12182-FCBB,NA,NA,Hakai Institute,NA,NA,NA,"Matt Whalen, Alyssa Gehman, Kate Henderson, Faye Manning, Kelly Fretwell, Noriko Okamoto"
FCBB38-005,FCBB38-005-16653886,MaterialSample,Pagurus hirsutiusculus,NA,NA,NA,NA,NA,NA,NA,BOLD ID Engine: top hits,BHAK7208-22,"Dana, 1851",Species,Animalia,Arthropoda,Malacostraca,Decapoda,Paguridae,Pagurus,urn:lsid:marinespecies.org:taxname:366699,present,BHAK-12183-FCBB,BHAK-12183-FCBB,NA,NA,Hakai Institute,NA,NA,NA,"Matt Whalen, Alyssa Gehman, Kate Henderson, Faye Manning, Kelly Fretwell, Noriko Okamoto"
FCBB38-006,FCBB38-006-16653888,MaterialSample,Arthropoda,NA,NA,NA,NA,NA,NA,NA,Morphology,BHAK7210-22,NA,Genus,Animalia,Arthropoda,NA,NA,NA,NA,urn:lsid:marinespecies.org:taxname:196580,present,BHAK-12185-FCBB,BHAK-12185-FCBB,NA,NA,Faye Manning,NA,NA,NA,"Matt Whalen, Alyssa Gehman, Kate Henderson, Faye Manning, Kelly Fretwell, Noriko Okamoto"
FCBB38-007,FCBB38-007-16653889,MaterialSample,Arthropoda,NA,NA,NA,NA,NA,NA,NA,Morphology,BHAK7211-22,NA,Genus,Animalia,Arthropoda,NA,NA,NA,NA,urn:lsid:marinespecies.org:taxname:196580,present,BHAK-12186-FCBB,BHAK-12186-FCBB,NA,NA,Faye Manning,NA,NA,NA,"Matt Whalen, Alyssa Gehman, Kate Henderson, Faye Manning, Kelly Fretwell, Noriko Okamoto"
FCBB38-008,FCBB38-008-16653893,MaterialSample,Balanus glandula,NA,NA,NA,NA,NA,NA,NA,BOLD ID Engine: top hits,BHAK7215-22,"Darwin, 1854",Species,Animalia,Arthropoda,Thecostraca,Balanomorpha,Balanidae,Balanus,urn:lsid:marinespecies.org:taxname:394848,present,BHAK-12190-FCBB,BHAK-12190-FCBB,Balaninae,NA,Hakai Institute,NA,NA,NA,"Matt Whalen, Alyssa Gehman, Kate Henderson, Faye Manning, Kelly Fretwell, Noriko Okamoto"
FCBB42-001,FCBB42-001-16653897,MaterialSample,Leitoscoloplos pugettensis,NA,NA,NA,NA,NA,NA,NA,BOLD ID Engine: top hits,BHAK7219-22,NA,Species,Animalia,Annelida,Polychaeta,Polychaeta_incertae_sedis,Orbiniidae,Leitoscoloplos,urn:lsid:marinespecies.org:taxname:254746,present,BHAK-12210-FCBB,BHAK-12210-FCBB,Orbiniinae,NA,Hakai Institute,NA,"fragment, probably Leitoscoloplos puggentensis",NA,"Matt Lemay, Heather Earle, Karen Cram, Suzie Christoffel"
FCBB42-002,FCBB42-002-16653898,MaterialSample,Melinna,NA,NA,NA,NA,NA,NA,NA,Morphology,BHAK7220-22,NA,Genus,Animalia,Annelida,Polychaeta,Terebellida,Ampharetidae,Melinna,urn:lsid:marinespecies.org:taxname:196580,present,BHAK-12264-FCBB,BHAK-12264-FCBB,NA,NA,Biologica Environmental Services Taxonomist,NA,Melinna sp. nr. elisabethae,NA,"Matt Lemay, Heather Earle, Karen Cram, Suzie Christoffel"
FCBB42-003,FCBB42-003-16653899,MaterialSample,Gattyana,NA,NA,NA,NA,NA,NA,NA,BOLD ID Engine: top hits,BHAK7221-22,NA,Genus,Animalia,Annelida,Polychaeta,Phyllodocida,Polynoidae,Gattyana,urn:lsid:marinespecies.org:taxname:196580,present,BHAK-12281-FCBB,BHAK-12281-FCBB,Polynoinae,NA,Hakai Institute,NA,NA,NA,"Matt Lemay, Heather Earle, Karen Cram, Suzie Christoffel"
FCBB42-004,FCBB42-004-16653900,MaterialSample,Leitoscoloplos pugettensis,NA,NA,NA,NA,NA,NA,NA,BOLD ID Engine: top hits,BHAK7222-22,NA,Species,Animalia,Annelida,Polychaeta,Polychaeta_incertae_sedis,Orbiniidae,Leitoscoloplos,urn:lsid:marinespecies.org:taxname:254746,present,BHAK-12282-FCBB,BHAK-12282-FCBB,Orbiniinae,NA,Hakai Institute,NA,"fragmented, can't confirm",NA,"Matt Lemay, Heather Earle, Karen Cram, Suzie Christoffel"
FCBB42-005,FCBB42-005-16653901,MaterialSample,Leitoscoloplos pugettensis,NA,NA,NA,NA,NA,NA,NA,Morphology,BHAK7223-22,NA,Species,Animalia,Annelida,Polychaeta,Polychaeta_incertae_sedis,Orbiniidae,Leitoscoloplos,urn:lsid:marinespecies.org:taxname:254746,present,BHAK-12283-FCBB,BHAK-12283-FCBB,Orbiniinae,NA,Biologica Environmental Services Taxonomist,NA,NA,NA,"Matt Lemay, Heather Earle, Karen Cram, Suzie Christoffel"
FCBB42-006,FCBB42-006-16653902,MaterialSample,Alitta,NA,NA,NA,NA,NA,NA,NA,BOLD ID Engine: top hits,BHAK7224-22,NA,Genus,Animalia,Annelida,Polychaeta,Phyllodocida,Nereididae,Alitta,urn:lsid:marinespecies.org:taxname:196580,present,BHAK-12284-FCBB,BHAK-12284-FCBB,Nereidinae,NA,Hakai Institute,NA,NA,NA,"Matt Lemay, Heather Earle, Karen Cram, Suzie Christoffel"
FCBB42-007,FCBB42-007-16653903,MaterialSample,Pholoe,NA,NA,NA,NA,NA,NA,NA,BOLD ID Engine: top hits,BHAK7225-22,NA,Genus,Animalia,Annelida,Polychaeta,Phyllodocida,Pholoidae,Pholoe,urn:lsid:marinespecies.org:taxname:196580,present,BHAK-12285-FCBB,BHAK-12285-FCBB,Pholoinae,NA,Hakai Institute,NA,Pholoe sp. B,NA,"Matt Lemay, Heather Earle, Karen Cram, Suzie Christoffel"
FCBB42-008,FCBB42-008-16653904,MaterialSample,Heteromastus filobranchus,NA,NA,NA,NA,NA,NA,NA,BOLD ID Engine: top hits,BHAK7226-22,NA,Species,Animalia,Annelida,Polychaeta,NA,Capitellidae,Heteromastus,urn:lsid:marinespecies.org:taxname:328370,present,BHAK-12286-FCBB,BHAK-12286-FCBB,NA,NA,Hakai Institute,NA,no posterior but probably H. filobranchus,NA,"Matt Lemay, Heather Earle, Karen Cram, Suzie Christoffel"
FCBB42-009,FCBB42-009-16653905,MaterialSample,Glycinde picta,NA,NA,NA,NA,NA,NA,NA,Morphology,BHAK7227-22,"Berkeley, 1927",Species,Animalia,Annelida,Polychaeta,Phyllodocida,Goniadidae,Glycinde,urn:lsid:marinespecies.org:taxname:240625,present,BHAK-12287-FCBB,BHAK-12287-FCBB,NA,NA,Biologica Environmental Services Taxonomist,NA,micrognaths between large macrognaths were separated from each other,NA,"Matt Lemay, Heather Earle, Karen Cram, Suzie Christoffel"
FCBB42-010,FCBB42-010-16653906,MaterialSample,Melanochlamys diomedea,NA,NA,NA,NA,NA,NA,NA,BOLD ID Engine: top hits,BHAK7228-22,NA,Species,Animalia,Mollusca,Gastropoda,Cephalaspidea,Aglajidae,Melanochlamys,urn:lsid:marinespecies.org:taxname:576296,present,BHAK-12288-FCBB,BHAK-12288-FCBB,NA,NA,Hakai Institute,NA,NA,E-Vouchered:DNA/Tissue+Photo,"Matt Lemay, Heather Earle, Karen Cram, Suzie Christoffel"
FCBB41-016,FCBB41-016-16653908,MaterialSample,Amphiuridae,NA,NA,NA,NA,NA,NA,NA,Morphology,BHAK7230-22,NA,Genus,Animalia,Echinodermata,Ophiuroidea,Amphilepidida,Amphiuridae,NA,urn:lsid:marinespecies.org:taxname:196580,present,BHAK-12273-FCBB,BHAK-12273-FCBB,NA,NA,Biologica Environmental Services Taxonomist,NA,NA,NA,"Matt Lemay, Heather Earle, Karen Cram, Suzie Christoffel"
FCBB41-017,FCBB41-017-16653909,MaterialSample,Amphiuridae,NA,NA,NA,NA,NA,NA,NA,Morphology,BHAK7231-22,NA,Genus,Animalia,Echinodermata,Ophiuroidea,Amphilepidida,Amphiuridae,NA,urn:lsid:marinespecies.org:taxname:196580,present,BHAK-12274-FCBB,BHAK-12274-FCBB,NA,NA,Biologica Environmental Services Taxonomist,NA,NA,NA,"Matt Lemay, Heather Earle, Karen Cram, Suzie Christoffel"
FCBB41-018,FCBB41-018-16653910,MaterialSample,Amphiodia urtica,NA,NA,NA,NA,NA,NA,NA,BOLD ID Engine: top hits,BHAK7232-22,"Lyman, 1860",Species,Animalia,Echinodermata,Ophiuroidea,Amphilepidida,Amphiuridae,Amphiodia,urn:lsid:marinespecies.org:taxname:242683,present,BHAK-12275-FCBB,BHAK-12275-FCBB,NA,NA,Hakai Institute,NA,NA,NA,"Matt Lemay, Heather Earle, Karen Cram, Suzie Christoffel"
FCBB41-019,FCBB41-019-16653911,MaterialSample,Amphiodia urtica,NA,NA,NA,NA,NA,NA,NA,BOLD ID Engine: top hits,BHAK7233-22,"Lyman, 1860",Species,Animalia,Echinodermata,Ophiuroidea,Amphilepidida,Amphiuridae,Amphiodia,urn:lsid:marinespecies.org:taxname:242683,present,BHAK-12276-FCBB,BHAK-12276-FCBB,NA,NA,Hakai Institute,NA,NA,NA,"Matt Lemay, Heather Earle, Karen Cram, Suzie Christoffel"
FCBB41-020,FCBB41-020-16653918,MaterialSample,Scalibregma californicum,NA,NA,NA,NA,NA,NA,NA,Morphology,BHAK7240-22,"Blake in Blake, Hilbig & Scott, 2000",Species,Animalia,Annelida,Polychaeta,NA,Scalibregmatidae,Scalibregma,urn:lsid:marinespecies.org:taxname:331210,present,BHAK-12229-FCBB,BHAK-12229-FCBB,NA,NA,Biologica Environmental Services Taxonomist,NA,"seems to have spine on set 1, S. inflatum is northern europe species",NA,"Matt Lemay, Heather Earle, Karen Cram, Suzie Christoffel"
FCBB41-021,FCBB41-021-16653919,MaterialSample,Scalibregma californicum,NA,NA,NA,NA,NA,NA,NA,Morphology,BHAK7241-22,"Blake in Blake, Hilbig & Scott, 2000",Species,Animalia,Annelida,Polychaeta,NA,Scalibregmatidae,Scalibregma,urn:lsid:marinespecies.org:taxname:331210,present,BHAK-12230-FCBB,BHAK-12230-FCBB,NA,NA,Biologica Environmental Services Taxonomist,NA,"seems to have spine on set 1, S. inflatum is northern europe species",NA,"Matt Lemay, Heather Earle, Karen Cram, Suzie Christoffel"
FCBB41-022,FCBB41-022-16653920,MaterialSample,Scalibregma californicum,NA,NA,NA,NA,NA,NA,NA,Morphology,BHAK7242-22,"Blake in Blake, Hilbig & Scott, 2000",Species,Animalia,Annelida,Polychaeta,NA,Scalibregmatidae,Scalibregma,urn:lsid:marinespecies.org:taxname:331210,present,BHAK-12231-FCBB,BHAK-12231-FCBB,NA,NA,Biologica Environmental Services Taxonomist,NA,"seems to have spine on set 1, S. inflatum is northern europe species",NA,"Matt Lemay, Heather Earle, Karen Cram, Suzie Christoffel"
FCBB41-023,FCBB41-023-16653922,MaterialSample,Ophelina acuminata,NA,NA,NA,NA,NA,NA,NA,Morphology,BHAK7244-22,"?â?ûrsted, 1843",Species,Animalia,Annelida,Polychaeta,NA,Opheliidae,Ophelina,urn:lsid:marinespecies.org:taxname:130500,present,BHAK-12233-FCBB,BHAK-12233-FCBB,Ophelininae,NA,Biologica Environmental Services Taxonomist,NA,NA,NA,"Matt Lemay, Heather Earle, Karen Cram, Suzie Christoffel"
FCBB41-024,FCBB41-024-16653924,MaterialSample,Polycirrus californicus,NA,NA,NA,NA,NA,NA,NA,Morphology,BHAK7246-22,NA,Species,Animalia,Annelida,Polychaeta,Terebellida,Terebellidae,Polycirrus,urn:lsid:marinespecies.org:taxname:330867,present,BHAK-12196-FCBB,BHAK-12196-FCBB,Polycirrinae,NA,Biologica Environmental Services Taxonomist,NA,Polycirrus californicus complex,NA,"Matt Lemay, Heather Earle, Karen Cram, Suzie Christoffel"
FCBB41-025,FCBB41-025-16653925,MaterialSample,Barantolla americana,NA,NA,NA,NA,NA,NA,NA,BOLD ID Engine: top hits,BHAK7247-22,NA,Species,Animalia,Annelida,Polychaeta,NA,Capitellidae,Barantolla,urn:lsid:marinespecies.org:taxname:254727,present,BHAK-12197-FCBB,BHAK-12197-FCBB,NA,NA,Hakai Institute,NA,"fragmented, can't confirm",NA,"Matt Lemay, Heather Earle, Karen Cram, Suzie Christoffel"
FCBB41-026,FCBB41-026-16653927,MaterialSample,Barantolla americana,NA,NA,NA,NA,NA,NA,NA,BOLD ID Engine: top hits,BHAK7249-22,NA,Species,Animalia,Annelida,Polychaeta,NA,Capitellidae,Barantolla,urn:lsid:marinespecies.org:taxname:254727,present,BHAK-12199-FCBB,BHAK-12199-FCBB,NA,NA,Hakai Institute,NA,Barantolla sp. nr. americana,NA,"Matt Lemay, Heather Earle, Karen Cram, Suzie Christoffel"
FCBB41-027,FCBB41-027-16653928,MaterialSample,Maldane sarsi,NA,NA,NA,NA,NA,NA,NA,Morphology,BHAK7250-22,"Malmgren, 1865",Species,Animalia,Annelida,Polychaeta,NA,Maldanidae,Maldane,urn:lsid:marinespecies.org:taxname:130305,present,BHAK-12200-FCBB,BHAK-12200-FCBB,Maldaninae,NA,Biologica Environmental Services Taxonomist,NA,NA,NA,"Matt Lemay, Heather Earle, Karen Cram, Suzie Christoffel"
FCBB41-028,FCBB41-028-16653929,MaterialSample,Heteromastus filobranchus,NA,NA,NA,NA,NA,NA,NA,BOLD ID Engine: top hits,BHAK7251-22,NA,Species,Animalia,Annelida,Polychaeta,NA,Capitellidae,Heteromastus,urn:lsid:marinespecies.org:taxname:328370,present,BHAK-12201-FCBB,BHAK-12201-FCBB,NA,NA,Hakai Institute,NA,"probably H. filobranchus, no posterior to confirm",NA,"Matt Lemay, Heather Earle, Karen Cram, Suzie Christoffel"
FCBB41-029,FCBB41-029-16653930,MaterialSample,Ennucula tenuis,NA,NA,NA,NA,NA,NA,NA,BOLD ID Engine: top hits,BHAK7252-22,"Montagu, 1808",Species,Animalia,Mollusca,Bivalvia,Nuculida,Nuculidae,Ennucula,urn:lsid:marinespecies.org:taxname:140584,present,BHAK-12202-FCBB,BHAK-12202-FCBB,NA,NA,Hakai Institute,NA,Scoletoma tetraura complex was S. luti,NA,"Matt Lemay, Heather Earle, Karen Cram, Suzie Christoffel"
FCBB41-030,FCBB41-030-16653932,MaterialSample,Maculaura aquilonia,NA,NA,NA,NA,NA,NA,NA,BOLD ID Engine: top hits,BHAK7254-22,NA,Species,Animalia,Nemertea,Pilidiophora,Heteronemertea,Lineidae,Maculaura,urn:lsid:marinespecies.org:taxname:894173,present,BHAK-12204-FCBB,BHAK-12204-FCBB,NA,NA,Hakai Institute,NA,NA,NA,"Matt Lemay, Heather Earle, Karen Cram, Suzie Christoffel"
FCBB41-031,FCBB41-031-16653933,MaterialSample,Nutricola,NA,NA,NA,NA,NA,NA,NA,BOLD ID Engine: top hits,BHAK7255-22,NA,Genus,Animalia,Mollusca,Bivalvia,Venerida,Veneridae,Nutricola,urn:lsid:marinespecies.org:taxname:196580,present,BHAK-12241-FCBB,BHAK-12241-FCBB,Callocardiinae,NA,Hakai Institute,NA,NA,NA,"Matt Lemay, Heather Earle, Karen Cram, Suzie Christoffel"
FCBB41-032,FCBB41-032-16653934,MaterialSample,Nutricola,NA,NA,NA,NA,NA,NA,NA,BOLD ID Engine: top hits,BHAK7256-22,NA,Genus,Animalia,Mollusca,Bivalvia,Venerida,Veneridae,Nutricola,urn:lsid:marinespecies.org:taxname:196580,present,BHAK-12242-FCBB,BHAK-12242-FCBB,Callocardiinae,NA,Hakai Institute,NA,NA,NA,"Matt Lemay, Heather Earle, Karen Cram, Suzie Christoffel"
FCBB41-033,FCBB41-033-16653935,MaterialSample,Nutricola,NA,NA,NA,NA,NA,NA,NA,BOLD ID Engine: top hits,BHAK7257-22,NA,Genus,Animalia,Mollusca,Bivalvia,Venerida,Veneridae,Nutricola,urn:lsid:marinespecies.org:taxname:196580,present,BHAK-12243-FCBB,BHAK-12243-FCBB,Callocardiinae,NA,Hakai Institute,NA,NA,NA,"Matt Lemay, Heather Earle, Karen Cram, Suzie Christoffel"
FCBB41-034,FCBB41-034-16653936,MaterialSample,Bivalvia,NA,NA,NA,NA,NA,NA,NA,Morphology,BHAK7258-22,NA,Genus,Animalia,Mollusca,Bivalvia,NA,NA,NA,urn:lsid:marinespecies.org:taxname:196580,present,BHAK-12244-FCBB,BHAK-12244-FCBB,NA,NA,Biologica Environmental Services Taxonomist,NA,NA,NA,"Matt Lemay, Heather Earle, Karen Cram, Suzie Christoffel"
FCBB41-035,FCBB41-035-16653937,MaterialSample,Axinopsida serricata,NA,NA,NA,NA,NA,NA,NA,BOLD ID Engine: top hits,BHAK7259-22,"Carpenter, 1864",Species,Animalia,Mollusca,Bivalvia,Lucinida,Thyasiridae,Axinopsida,urn:lsid:marinespecies.org:taxname:246819,present,BHAK-12245-FCBB,BHAK-12245-FCBB,NA,NA,Hakai Institute,NA,NA,NA,"Matt Lemay, Heather Earle, Karen Cram, Suzie Christoffel"
FCBB41-036,FCBB41-036-16653938,MaterialSample,Axinopsida serricata,NA,NA,NA,NA,NA,NA,NA,BOLD ID Engine: top hits,BHAK7260-22,"Carpenter, 1864",Species,Animalia,Mollusca,Bivalvia,Lucinida,Thyasiridae,Axinopsida,urn:lsid:marinespecies.org:taxname:246819,present,BHAK-12246-FCBB,BHAK-12246-FCBB,NA,NA,Hakai Institute,NA,NA,NA,"Matt Lemay, Heather Earle, Karen Cram, Suzie Christoffel"
FCBB37-020,FCBB37-020-16653940,MaterialSample,Glycinde picta,NA,NA,NA,NA,NA,NA,NA,Morphology,BHAK7262-22,"Berkeley, 1927",Species,Animalia,Annelida,Polychaeta,Phyllodocida,Goniadidae,Glycinde,urn:lsid:marinespecies.org:taxname:240625,present,BHAK-12118-FCBB,BHAK-12118-FCBB,NA,NA,Biologica Environmental Services Taxonomist,NA,NA,NA,"Matt Lemay, Colleen Kellogg, Karen Cram, Suzie Christoffel"
FCBB37-021,FCBB37-021-16653942,MaterialSample,Melita setiflagella,NA,NA,NA,NA,NA,NA,NA,BOLD ID Engine: top hits,BHAK7264-22,NA,Species,Animalia,Arthropoda,Malacostraca,Amphipoda,Melitidae,Melita,urn:lsid:marinespecies.org:taxname:537236,present,BHAK-12120-FCBB,BHAK-12120-FCBB,NA,NA,Hakai Institute,NA,NA,NA,"Matt Lemay, Colleen Kellogg, Karen Cram, Suzie Christoffel"
FCBB37-022,FCBB37-022-16653944,MaterialSample,Sternaspis affinis,NA,NA,NA,NA,NA,NA,NA,Morphology,BHAK7266-22,NA,Species,Animalia,Annelida,Polychaeta,Terebellida,Sternaspidae,Sternaspis,urn:lsid:marinespecies.org:taxname:338196,present,BHAK-12122-FCBB,BHAK-12122-FCBB,NA,NA,Biologica Environmental Services Taxonomist,NA,NA,NA,"Matt Lemay, Colleen Kellogg, Karen Cram, Suzie Christoffel"
FCBB37-023,FCBB37-023-16653956,MaterialSample,Aphelochaeta,NA,NA,NA,NA,NA,NA,NA,Morphology,BHAK7278-22,NA,Genus,Animalia,Annelida,Polychaeta,Terebellida,Cirratulidae,Aphelochaeta,urn:lsid:marinespecies.org:taxname:196580,present,BHAK-12138-FCBB,BHAK-12138-FCBB,NA,NA,Biologica Environmental Services Taxonomist,NA,"could not confirm, but possibly A. sp N6 (Ruff) similar to A. tigrina of California",NA,"Matt Lemay, Colleen Kellogg, Karen Cram, Suzie Christoffel"
FCBB37-024,FCBB37-024-16653957,MaterialSample,Aphelochaeta,NA,NA,NA,NA,NA,NA,NA,Morphology,BHAK7279-22,NA,Genus,Animalia,Annelida,Polychaeta,Terebellida,Cirratulidae,Aphelochaeta,urn:lsid:marinespecies.org:taxname:196580,present,BHAK-12139-FCBB,BHAK-12139-FCBB,NA,NA,Biologica Environmental Services Taxonomist,NA,"very elongate peristomium, A. sp 2",NA,"Matt Lemay, Colleen Kellogg, Karen Cram, Suzie Christoffel"
FCBB37-025,FCBB37-025-16653958,MaterialSample,Aphelochaeta,NA,NA,NA,NA,NA,NA,NA,Morphology,BHAK7280-22,NA,Genus,Animalia,Annelida,Polychaeta,Terebellida,Cirratulidae,Aphelochaeta,urn:lsid:marinespecies.org:taxname:196580,present,BHAK-12140-FCBB,BHAK-12140-FCBB,NA,NA,Biologica Environmental Services Taxonomist,NA,"Aphelochaeta sp. N6 (Ruff), similar to A. tigrina of California,",NA,"Matt Lemay, Colleen Kellogg, Karen Cram, Suzie Christoffel"
FCBB37-026,FCBB37-026-16653959,MaterialSample,Parvilucina tenuisculpta,NA,NA,NA,NA,NA,NA,NA,Morphology,BHAK7281-22,"Carpenter, 1864",Species,Animalia,Mollusca,Bivalvia,Lucinida,Lucinidae,Parvilucina,urn:lsid:marinespecies.org:taxname:464250,present,BHAK-12141-FCBB,BHAK-12141-FCBB,Lucininae,NA,Biologica Environmental Services Taxonomist,NA,NA,NA,"Matt Lemay, Colleen Kellogg, Karen Cram, Suzie Christoffel"
FCBB37-027,FCBB37-027-16653960,MaterialSample,Parvilucina tenuisculpta,NA,NA,NA,NA,NA,NA,NA,Morphology,BHAK7282-22,"Carpenter, 1864",Species,Animalia,Mollusca,Bivalvia,Lucinida,Lucinidae,Parvilucina,urn:lsid:marinespecies.org:taxname:464250,present,BHAK-12142-FCBB,BHAK-12142-FCBB,Lucininae,NA,Biologica Environmental Services Taxonomist,NA,NA,NA,"Matt Lemay, Colleen Kellogg, Karen Cram, Suzie Christoffel"
FCBB37-028,FCBB37-028-16653961,MaterialSample,Heteromastus filobranchus,NA,NA,NA,NA,NA,NA,NA,Morphology,BHAK7283-22,NA,Species,Animalia,Annelida,Polychaeta,NA,Capitellidae,Heteromastus,urn:lsid:marinespecies.org:taxname:328370,present,BHAK-12143-FCBB,BHAK-12143-FCBB,NA,NA,Biologica Environmental Services Taxonomist,NA,NA,NA,"Matt Lemay, Colleen Kellogg, Karen Cram, Suzie Christoffel"
FCBB37-029,FCBB37-029-16653962,MaterialSample,Parvilucina tenuisculpta,NA,NA,NA,NA,NA,NA,NA,Morphology,BHAK7284-22,"Carpenter, 1864",Species,Animalia,Mollusca,Bivalvia,Lucinida,Lucinidae,Parvilucina,urn:lsid:marinespecies.org:taxname:464250,present,BHAK-12135-FCBB,BHAK-12135-FCBB,Lucininae,NA,Philip Hoover,NA,NA,NA,"Matt Lemay, Colleen Kellogg, Karen Cram, Suzie Christoffel"
FCBB37-030,FCBB37-030-16653963,MaterialSample,Parvilucina tenuisculpta,NA,NA,NA,NA,NA,NA,NA,Morphology,BHAK7285-22,"Carpenter, 1864",Species,Animalia,Mollusca,Bivalvia,Lucinida,Lucinidae,Parvilucina,urn:lsid:marinespecies.org:taxname:464250,present,BHAK-12134-FCBB,BHAK-12134-FCBB,Lucininae,NA,Philip Hoover,NA,tissue degraded,NA,"Matt Lemay, Colleen Kellogg, Karen Cram, Suzie Christoffel"
FCBB37-031,FCBB37-031-16653964,MaterialSample,Parvilucina tenuisculpta,NA,NA,NA,NA,NA,NA,NA,Morphology,BHAK7286-22,"Carpenter, 1864",Species,Animalia,Mollusca,Bivalvia,Lucinida,Lucinidae,Parvilucina,urn:lsid:marinespecies.org:taxname:464250,present,BHAK-12133-FCBB,BHAK-12133-FCBB,Lucininae,NA,Philip Hoover,NA,small,NA,"Matt Lemay, Colleen Kellogg, Karen Cram, Suzie Christoffel"
FCBB37-032,FCBB37-032-16653965,MaterialSample,Macoma nasuta,NA,NA,NA,NA,NA,NA,NA,Morphology,BHAK7287-22,"Conrad, 1837",Species,Animalia,Mollusca,Bivalvia,Cardiida,Tellinidae,Macoma,urn:lsid:marinespecies.org:taxname:582761,present,BHAK-12132-FCBB,BHAK-12132-FCBB,Macominae,NA,Philip Hoover,NA,NA,NA,"Matt Lemay, Colleen Kellogg, Karen Cram, Suzie Christoffel"
FCBB37-033,FCBB37-033-16653966,MaterialSample,Macoma nasuta,NA,NA,NA,NA,NA,NA,NA,Morphology,BHAK7288-22,"Conrad, 1837",Species,Animalia,Mollusca,Bivalvia,Cardiida,Tellinidae,Macoma,urn:lsid:marinespecies.org:taxname:582761,present,BHAK-12131-FCBB,BHAK-12131-FCBB,Macominae,NA,Philip Hoover,NA,NA,NA,"Matt Lemay, Colleen Kellogg, Karen Cram, Suzie Christoffel"
FCBB37-034,FCBB37-034-16653967,MaterialSample,Macoma nasuta,NA,NA,NA,NA,NA,NA,NA,Morphology,BHAK7289-22,"Conrad, 1837",Species,Animalia,Mollusca,Bivalvia,Cardiida,Tellinidae,Macoma,urn:lsid:marinespecies.org:taxname:582761,present,BHAK-12150-FCBB,BHAK-12150-FCBB,Macominae,NA,Philip Hoover,NA,NA,NA,"Matt Lemay, Colleen Kellogg, Karen Cram, Suzie Christoffel"
FCBB39-016,FCBB39-016-16653969,MaterialSample,Diastylis pellucida,NA,NA,NA,NA,NA,NA,NA,BOLD ID Engine: top hits,BHAK7291-22,"Hart, 1930",Species,Animalia,Arthropoda,Malacostraca,Cumacea,Diastylidae,Diastylis,urn:lsid:marinespecies.org:taxname:181974,present,BHAK-12164-FCBB,BHAK-12164-FCBB,NA,NA,Hakai Institute,NA,NA,To Be Vouchered:Holdup/Private,"Matt Lemay, Heather Earle, Karen Cram, Suzie Christoffel"
FCBB39-017,FCBB39-017-16653970,MaterialSample,Pentamera,NA,NA,NA,NA,NA,NA,NA,Morphology,BHAK7292-22,NA,Genus,Animalia,Echinodermata,Holothuroidea,Dendrochirotida,Phyllophoridae,Pentamera,urn:lsid:marinespecies.org:taxname:196580,present,BHAK-12180-FCBB,BHAK-12180-FCBB,NA,NA,Philip Hoover,NA,NA,To Be Vouchered:Holdup/Private,"Matt Lemay, Heather Earle, Karen Cram, Suzie Christoffel"
FCBB39-018,FCBB39-018-16653972,MaterialSample,Parvilucina tenuisculpta,NA,NA,NA,NA,NA,NA,NA,Morphology,BHAK7294-22,"Carpenter, 1864",Species,Animalia,Mollusca,Bivalvia,Lucinida,Lucinidae,Parvilucina,urn:lsid:marinespecies.org:taxname:464250,present,BHAK-12178-FCBB,BHAK-12178-FCBB,Lucininae,NA,Philip Hoover,NA,NA,To Be Vouchered:Holdup/Private,"Matt Lemay, Heather Earle, Karen Cram, Suzie Christoffel"
FCBB39-019,FCBB39-019-16653973,MaterialSample,Yoldia scissurata,NA,NA,NA,NA,NA,NA,NA,BOLD ID Engine: top hits,BHAK7295-22,NA,Species,Animalia,Mollusca,Bivalvia,Nuculanida,Yoldiidae,Yoldia,urn:lsid:marinespecies.org:taxname:254765,present,BHAK-12177-FCBB,BHAK-12177-FCBB,NA,NA,Hakai Institute,NA,NA,To Be Vouchered:Holdup/Private,"Matt Lemay, Heather Earle, Karen Cram, Suzie Christoffel"
FCBB41-037,FCBB41-037-16653976,MaterialSample,Scleroplax schmitti,NA,NA,NA,NA,NA,NA,NA,BOLD ID Engine: top hits,BHAK7298-22,NA,Species,Animalia,Arthropoda,Malacostraca,Decapoda,Pinnotheridae,Scleroplax,urn:lsid:marinespecies.org:taxname:1424669,present,BHAK-12174-FCBB,BHAK-12174-FCBB,Pinnixinae,NA,Hakai Institute,NA,NA,To Be Vouchered:Holdup/Private,"Matt Lemay, Heather Earle, Karen Cram, Suzie Christoffel"
FCBB41-038,FCBB41-038-16653987,MaterialSample,Acila castrensis,NA,NA,NA,NA,NA,NA,NA,Morphology,BHAK7309-22,"Hinds, 1843",Species,Animalia,Mollusca,Bivalvia,Nuculida,Nuculidae,Acila,urn:lsid:marinespecies.org:taxname:506568,present,BHAK-12268-FCBB,BHAK-12268-FCBB,NA,NA,Philip Hoover,NA,NA,NA,"Matt Lemay, Heather Earle, Karen Cram, Suzie Christoffel"
FCBB41-039,FCBB41-039-16653988,MaterialSample,Ennucula tenuis,NA,NA,NA,NA,NA,NA,NA,Morphology,BHAK7310-22,"Montagu, 1808",Species,Animalia,Mollusca,Bivalvia,Nuculida,Nuculidae,Ennucula,urn:lsid:marinespecies.org:taxname:140584,present,BHAK-12269-FCBB,BHAK-12269-FCBB,NA,NA,Philip Hoover,NA,NA,NA,"Matt Lemay, Heather Earle, Karen Cram, Suzie Christoffel"
FCBB41-040,FCBB41-040-16653989,MaterialSample,Clinocardium nuttallii,NA,NA,NA,NA,NA,NA,NA,Morphology,BHAK7311-22,"Conrad, 1837",Species,Animalia,Mollusca,Bivalvia,Cardiida,Cardiidae,Clinocardium,urn:lsid:marinespecies.org:taxname:381980,present,BHAK-12295-FCBB,BHAK-12295-FCBB,Clinocardiinae,NA,Philip Hoover,juvenile,NA,NA,"Matt Lemay, Heather Earle, Karen Cram, Suzie Christoffel"
FCBB41-041,FCBB41-041-16653990,MaterialSample,Solen sicarius,NA,NA,NA,NA,NA,NA,NA,BOLD ID Engine: top hits,BHAK7312-22,"Gould, 1850",Species,Animalia,Mollusca,Bivalvia,Adapedonta,Solenidae,Solen,urn:lsid:marinespecies.org:taxname:413523,present,BHAK-12300-FCBB,BHAK-12300-FCBB,NA,NA,Hakai Institute,juvenile,NA,NA,"Matt Lemay, Heather Earle, Karen Cram, Suzie Christoffel"
FCBB41-042,FCBB41-042-16653991,MaterialSample,Clinocardium nuttallii,NA,NA,NA,NA,NA,NA,NA,Morphology,BHAK7313-22,"Conrad, 1837",Species,Animalia,Mollusca,Bivalvia,Cardiida,Cardiidae,Clinocardium,urn:lsid:marinespecies.org:taxname:381980,present,BHAK-12299-FCBB,BHAK-12299-FCBB,Clinocardiinae,NA,Philip Hoover,NA,NA,NA,"Matt Lemay, Heather Earle, Karen Cram, Suzie Christoffel"
FCBB41-043,FCBB41-043-16653992,MaterialSample,Clinocardium nuttallii,NA,NA,NA,NA,NA,NA,NA,Morphology,BHAK7314-22,"Conrad, 1837",Species,Animalia,Mollusca,Bivalvia,Cardiida,Cardiidae,Clinocardium,urn:lsid:marinespecies.org:taxname:381980,present,BHAK-12298-FCBB,BHAK-12298-FCBB,Clinocardiinae,NA,Philip Hoover,NA,NA,NA,"Matt Lemay, Heather Earle, Karen Cram, Suzie Christoffel"
FCBB41-044,FCBB41-044-16653993,MaterialSample,Clinocardium nuttallii,NA,NA,NA,NA,NA,NA,NA,Morphology,BHAK7315-22,"Conrad, 1837",Species,Animalia,Mollusca,Bivalvia,Cardiida,Cardiidae,Clinocardium,urn:lsid:marinespecies.org:taxname:381980,present,BHAK-12297-FCBB,BHAK-12297-FCBB,Clinocardiinae,NA,Philip Hoover,NA,NA,NA,"Matt Lemay, Heather Earle, Karen Cram, Suzie Christoffel"
FCBB41-045,FCBB41-045-16653995,MaterialSample,Euphilomedes carcharodonta,NA,NA,NA,NA,NA,NA,NA,Morphology,BHAK7317-22,"V. Z. Smith, 1952",Species,Animalia,Arthropoda,Ostracoda,Myodocopida,Philomedidae,Euphilomedes,urn:lsid:marinespecies.org:taxname:451216,present,BHAK-12267-FCBB,BHAK-12267-FCBB,NA,NA,Philip Hoover,NA,NA,NA,"Matt Lemay, Heather Earle, Karen Cram, Suzie Christoffel"
FCBB41-046,FCBB41-046-16653997,MaterialSample,Euphilomedes carcharodonta,NA,NA,NA,NA,NA,NA,NA,Morphology,BHAK7319-22,"V. Z. Smith, 1952",Species,Animalia,Arthropoda,Ostracoda,Myodocopida,Philomedidae,Euphilomedes,urn:lsid:marinespecies.org:taxname:451216,present,BHAK-12317-FCBB,BHAK-12317-FCBB,NA,NA,Philip Hoover,NA,"3 pairs large, 2nd claw",NA,"Matt Lemay, Heather Earle, Karen Cram, Suzie Christoffel"
FCBB41-047,FCBB41-047-16653998,MaterialSample,Euphilomedes carcharodonta,NA,NA,NA,NA,NA,NA,NA,Morphology,BHAK7320-22,"V. Z. Smith, 1952",Species,Animalia,Arthropoda,Ostracoda,Myodocopida,Philomedidae,Euphilomedes,urn:lsid:marinespecies.org:taxname:451216,present,BHAK-12318-FCBB,BHAK-12318-FCBB,NA,NA,Philip Hoover,NA,NA,NA,"Matt Lemay, Heather Earle, Karen Cram, Suzie Christoffel"
FCBB43-001,FCBB43-001-16653999,MaterialSample,Solen sicarius,NA,NA,NA,NA,NA,NA,NA,BOLD ID Engine: top hits,BHAK7321-22,"Gould, 1850",Species,Animalia,Mollusca,Bivalvia,Adapedonta,Solenidae,Solen,urn:lsid:marinespecies.org:taxname:413523,present,BHAK-12319-FCBB,BHAK-12319-FCBB,NA,NA,Hakai Institute,NA,NA,NA,"Matt Lemay, Heather Earle, Karen Cram, Suzie Christoffel"
FCBB42-011,FCBB42-011-16654000,MaterialSample,Macoma,NA,NA,NA,NA,NA,NA,NA,BOLD ID Engine: top hits,BHAK7322-22,NA,Genus,Animalia,Mollusca,Bivalvia,Cardiida,Tellinidae,Macoma,urn:lsid:marinespecies.org:taxname:196580,present,BHAK-12320-FCBB,BHAK-12320-FCBB,Macominae,NA,Hakai Institute,NA,NA,NA,"Matt Lemay, Heather Earle, Karen Cram, Suzie Christoffel"
FCBB42-012,FCBB42-012-16654001,MaterialSample,Macoma,NA,NA,NA,NA,NA,NA,NA,BOLD ID Engine: top hits,BHAK7323-22,NA,Genus,Animalia,Mollusca,Bivalvia,Cardiida,Tellinidae,Macoma,urn:lsid:marinespecies.org:taxname:196580,present,BHAK-12321-FCBB,BHAK-12321-FCBB,Macominae,NA,Hakai Institute,NA,NA,NA,"Matt Lemay, Heather Earle, Karen Cram, Suzie Christoffel"
FCBB42-013,FCBB42-013-16654002,MaterialSample,Tresus,NA,NA,NA,NA,NA,NA,NA,BOLD ID Engine: top hits,BHAK7324-22,NA,Genus,Animalia,Mollusca,Bivalvia,Venerida,Mactridae,Tresus,urn:lsid:marinespecies.org:taxname:196580,present,BHAK-12322-FCBB,BHAK-12322-FCBB,Lutrariinae,NA,Hakai Institute,NA,NA,NA,"Matt Lemay, Heather Earle, Karen Cram, Suzie Christoffel"
FCBB42-014,FCBB42-014-16654003,MaterialSample,Macoma,NA,NA,NA,NA,NA,NA,NA,BOLD ID Engine: top hits,BHAK7325-22,NA,Genus,Animalia,Mollusca,Bivalvia,Cardiida,Tellinidae,Macoma,urn:lsid:marinespecies.org:taxname:196580,present,BHAK-12323-FCBB,BHAK-12323-FCBB,Macominae,NA,Hakai Institute,NA,NA,NA,"Matt Lemay, Heather Earle, Karen Cram, Suzie Christoffel"
FCBB41-048,FCBB41-048-16654005,MaterialSample,Polycirrus,NA,NA,NA,NA,NA,NA,NA,Morphology,BHAK7327-22,NA,Genus,Animalia,Annelida,Polychaeta,Terebellida,Terebellidae,Polycirrus,urn:lsid:marinespecies.org:taxname:196580,present,BHAK-12249-FCBB,BHAK-12249-FCBB,Polycirrinae,NA,Biologica Environmental Services Taxonomist,NA,"damaged, no mid and posterior sections",NA,"Matt Lemay, Heather Earle, Karen Cram, Suzie Christoffel"
FCBB41-049,FCBB41-049-16654006,MaterialSample,Magelona longicornis,NA,NA,NA,NA,NA,NA,NA,BOLD ID Engine: top hits,BHAK7328-22,NA,Species,Animalia,Annelida,Polychaeta,Spionida,Magelonidae,Magelona,urn:lsid:marinespecies.org:taxname:254749,present,BHAK-12250-FCBB,BHAK-12250-FCBB,NA,NA,Hakai Institute,NA,Magelona longicornis longicornis,NA,"Matt Lemay, Heather Earle, Karen Cram, Suzie Christoffel"
FCBB41-050,FCBB41-050-16654008,MaterialSample,Maldanidae,NA,NA,NA,NA,NA,NA,NA,Morphology,BHAK7330-22,NA,Genus,Animalia,Annelida,Polychaeta,NA,Maldanidae,NA,urn:lsid:marinespecies.org:taxname:196580,present,BHAK-12252-FCBB,BHAK-12252-FCBB,NA,NA,Biologica Environmental Services Taxonomist,NA,"Maldanidae indet., damaged, possibly Rhodine?",NA,"Matt Lemay, Heather Earle, Karen Cram, Suzie Christoffel"
FCBB41-051,FCBB41-051-16654010,MaterialSample,Pholoe,NA,NA,NA,NA,NA,NA,NA,BOLD ID Engine: top hits,BHAK7332-22,NA,Genus,Animalia,Annelida,Polychaeta,Phyllodocida,Pholoidae,Pholoe,urn:lsid:marinespecies.org:taxname:196580,present,BHAK-12254-FCBB,BHAK-12254-FCBB,Pholoinae,NA,Hakai Institute,NA,no posterior,NA,"Matt Lemay, Heather Earle, Karen Cram, Suzie Christoffel"
FCBB41-052,FCBB41-052-16654011,MaterialSample,Praxillella gracilis,NA,NA,NA,NA,NA,NA,NA,Morphology,BHAK7333-22,"M. Sars, 1861",Species,Animalia,Annelida,Polychaeta,NA,Maldanidae,Praxillella,urn:lsid:marinespecies.org:taxname:130324,present,BHAK-12255-FCBB,BHAK-12255-FCBB,Euclymeninae,NA,Biologica Environmental Services Taxonomist,NA,NA,NA,"Matt Lemay, Heather Earle, Karen Cram, Suzie Christoffel"
FCBB41-053,FCBB41-053-16654012,MaterialSample,Spiophanes berkeleyorum,NA,NA,NA,NA,NA,NA,NA,Morphology,BHAK7334-22,"Pettibone, 1962",Species,Animalia,Annelida,Polychaeta,Spionida,Spionidae,Spiophanes,urn:lsid:marinespecies.org:taxname:334829,present,BHAK-12256-FCBB,BHAK-12256-FCBB,NA,NA,Biologica Environmental Services Taxonomist,NA,NA,NA,"Matt Lemay, Heather Earle, Karen Cram, Suzie Christoffel"
FCBB42-015,FCBB42-015-16654013,MaterialSample,Pholoe,NA,NA,NA,NA,NA,NA,NA,BOLD ID Engine: top hits,BHAK7335-22,NA,Genus,Animalia,Annelida,Polychaeta,Phyllodocida,Pholoidae,Pholoe,urn:lsid:marinespecies.org:taxname:196580,present,BHAK-12257-FCBB,BHAK-12257-FCBB,Pholoinae,NA,Hakai Institute,NA,Pholoe sp. N-1 (Ruff),NA,"Matt Lemay, Heather Earle, Karen Cram, Suzie Christoffel"
FCBB42-016,FCBB42-016-16654014,MaterialSample,Glycera americana,NA,NA,NA,NA,NA,NA,NA,Morphology,BHAK7336-22,"Leidy, 1855",Species,Animalia,Annelida,Polychaeta,Phyllodocida,Glyceridae,Glycera,urn:lsid:marinespecies.org:taxname:157388,present,BHAK-12258-FCBB,BHAK-12258-FCBB,NA,NA,Biologica Environmental Services Taxonomist,NA,"with large dark 4 jaws, small, juv,",NA,"Matt Lemay, Heather Earle, Karen Cram, Suzie Christoffel"
FCBB42-017,FCBB42-017-16654016,MaterialSample,Glycinde picta,NA,NA,NA,NA,NA,NA,NA,Morphology,BHAK7338-22,"Berkeley, 1927",Species,Animalia,Annelida,Polychaeta,Phyllodocida,Goniadidae,Glycinde,urn:lsid:marinespecies.org:taxname:240625,present,BHAK-12260-FCBB,BHAK-12260-FCBB,NA,NA,Biologica Environmental Services Taxonomist,NA,NA,NA,"Matt Lemay, Heather Earle, Karen Cram, Suzie Christoffel"
FCBB42-018,FCBB42-018-16654018,MaterialSample,Scalibregma californicum,NA,NA,NA,NA,NA,NA,NA,Morphology,BHAK7340-22,"Blake in Blake, Hilbig & Scott, 2000",Species,Animalia,Annelida,Polychaeta,NA,Scalibregmatidae,Scalibregma,urn:lsid:marinespecies.org:taxname:331210,present,BHAK-12262-FCBB,BHAK-12262-FCBB,NA,NA,Biologica Environmental Services Taxonomist,NA,"seems to have spine on set 1, S. inflatum is northern europe species",NA,"Matt Lemay, Heather Earle, Karen Cram, Suzie Christoffel"
FCBB41-054,FCBB41-054-16654024,MaterialSample,Amphiodia,NA,NA,NA,NA,NA,NA,NA,Morphology,BHAK7346-22,NA,Genus,Animalia,Echinodermata,Ophiuroidea,Amphilepidida,Amphiuridae,Amphiodia,urn:lsid:marinespecies.org:taxname:196580,present,BHAK-12271-FCBB,BHAK-12271-FCBB,NA,NA,Biologica Environmental Services Taxonomist,NA,NA,NA,"Matt Lemay, Heather Earle, Karen Cram, Suzie Christoffel"
FCBB41-055,FCBB41-055-16654025,MaterialSample,Amphiodia,NA,NA,NA,NA,NA,NA,NA,Morphology,BHAK7347-22,NA,Genus,Animalia,Echinodermata,Ophiuroidea,Amphilepidida,Amphiuridae,Amphiodia,urn:lsid:marinespecies.org:taxname:196580,present,BHAK-12272-FCBB,BHAK-12272-FCBB,NA,NA,Biologica Environmental Services Taxonomist,NA,NA,NA,"Matt Lemay, Heather Earle, Karen Cram, Suzie Christoffel"
FCBB42-019,FCBB42-019-16654036,MaterialSample,Amphiodia urtica,NA,NA,NA,NA,NA,NA,NA,BOLD ID Engine: top hits,BHAK7358-22,"Lyman, 1860",Species,Animalia,Echinodermata,Ophiuroidea,Amphilepidida,Amphiuridae,Amphiodia,urn:lsid:marinespecies.org:taxname:242683,present,BHAK-12496-FCBB,BHAK-12496-FCBB,NA,NA,Hakai Institute,NA,"Amphiuridae, maybe Amphiodia. Central disc granular, dorsal arm scales don't touch,",NA,"Matt Lemay, Heather Earle, Karen Cram, Suzie Christoffel"
FCBB42-020,FCBB42-020-16654037,MaterialSample,Amphiodia,NA,NA,NA,NA,NA,NA,NA,Morphology,BHAK7359-22,NA,Genus,Animalia,Echinodermata,Ophiuroidea,Amphilepidida,Amphiuridae,Amphiodia,urn:lsid:marinespecies.org:taxname:196580,present,BHAK-12497-FCBB,BHAK-12497-FCBB,NA,NA,Biologica Environmental Services Taxonomist,NA,NA,NA,"Matt Lemay, Heather Earle, Karen Cram, Suzie Christoffel"
FCBB42-021,FCBB42-021-16654038,MaterialSample,Amphiodia urtica,NA,NA,NA,NA,NA,NA,NA,BOLD ID Engine: top hits,BHAK7360-22,"Lyman, 1860",Species,Animalia,Echinodermata,Ophiuroidea,Amphilepidida,Amphiuridae,Amphiodia,urn:lsid:marinespecies.org:taxname:242683,present,BHAK-12498-FCBB,BHAK-12498-FCBB,NA,NA,Hakai Institute,NA,NA,NA,"Matt Lemay, Heather Earle, Karen Cram, Suzie Christoffel"
FCBB39-020,FCBB39-020-16654039,MaterialSample,Amphiodia,NA,NA,NA,NA,NA,NA,NA,Morphology,BHAK7361-22,NA,Genus,Animalia,Echinodermata,Ophiuroidea,Amphilepidida,Amphiuridae,Amphiodia,urn:lsid:marinespecies.org:taxname:196580,present,BHAK-12499-FCBB,BHAK-12499-FCBB,NA,NA,Biologica Environmental Services Taxonomist,NA,NA,NA,"Matt Lemay, Heather Earle, Karen Cram, Suzie Christoffel"
FCBB39-021,FCBB39-021-16654040,MaterialSample,Amphiodia,NA,NA,NA,NA,NA,NA,NA,Morphology,BHAK7362-22,NA,Genus,Animalia,Echinodermata,Ophiuroidea,Amphilepidida,Amphiuridae,Amphiodia,urn:lsid:marinespecies.org:taxname:196580,present,BHAK-12500-FCBB,BHAK-12500-FCBB,NA,NA,Biologica Environmental Services Taxonomist,NA,NA,NA,"Matt Lemay, Heather Earle, Karen Cram, Suzie Christoffel"
FCBB39-022,FCBB39-022-16654041,MaterialSample,Amphiodia,NA,NA,NA,NA,NA,NA,NA,Morphology,BHAK7363-22,NA,Genus,Animalia,Echinodermata,Ophiuroidea,Amphilepidida,Amphiuridae,Amphiodia,urn:lsid:marinespecies.org:taxname:196580,present,BHAK-12501-FCBB,BHAK-12501-FCBB,NA,NA,Biologica Environmental Services Taxonomist,NA,NA,NA,"Matt Lemay, Heather Earle, Karen Cram, Suzie Christoffel"
FCBB42-022,FCBB42-022-16654048,MaterialSample,Balanus nubilus,NA,NA,NA,NA,NA,NA,NA,BOLD ID Engine: top hits,BHAK7370-22,"Darwin, 1854",Species,Animalia,Arthropoda,Thecostraca,Balanomorpha,Balanidae,Balanus,urn:lsid:marinespecies.org:taxname:594745,present,BHAK-12324-FCBB,BHAK-12324-FCBB,Balaninae,NA,Hakai Institute,juvenile,NA,NA,"Matt Lemay, Heather Earle, Karen Cram, Suzie Christoffel"
FCBB42-023,FCBB42-023-16654049,MaterialSample,Balanus crenatus,NA,NA,NA,NA,NA,NA,NA,BOLD ID Engine: top hits,BHAK7371-22,"Brugui?â?¿re, 1789",Species,Animalia,Arthropoda,Thecostraca,Balanomorpha,Balanidae,Balanus,urn:lsid:marinespecies.org:taxname:106215,present,BHAK-12325-FCBB,BHAK-12325-FCBB,Balaninae,NA,Hakai Institute,juvenile,NA,NA,"Matt Lemay, Heather Earle, Karen Cram, Suzie Christoffel"
FCBB43-002,FCBB43-002-16654051,MaterialSample,Cardiomya pectinata,NA,NA,NA,NA,NA,NA,NA,Morphology,BHAK7373-22,NA,Species,Animalia,Mollusca,Bivalvia,NA,Cuspidariidae,Cardiomya,urn:lsid:marinespecies.org:taxname:408482,present,BHAK-12327-FCBB,BHAK-12327-FCBB,NA,NA,Philip Hoover,NA,NA,NA,"Matt Lemay, Heather Earle, Karen Cram, Suzie Christoffel"
FCBB43-003,FCBB43-003-16654052,MaterialSample,Cardiomya pectinata,NA,NA,NA,NA,NA,NA,NA,Morphology,BHAK7374-22,NA,Species,Animalia,Mollusca,Bivalvia,NA,Cuspidariidae,Cardiomya,urn:lsid:marinespecies.org:taxname:408482,present,BHAK-12328-FCBB,BHAK-12328-FCBB,NA,NA,Philip Hoover,NA,NA,NA,"Matt Lemay, Heather Earle, Karen Cram, Suzie Christoffel"
FCBB43-004,FCBB43-004-16654053,MaterialSample,Lyonsia californica,NA,NA,NA,NA,NA,NA,NA,Morphology,BHAK7375-22,"Conrad, 1837",Species,Animalia,Mollusca,Bivalvia,NA,Lyonsiidae,Lyonsia,urn:lsid:marinespecies.org:taxname:506774,present,BHAK-12303-FCBB,BHAK-12303-FCBB,NA,NA,Philip Hoover,NA,shell only for voucher,NA,"Matt Lemay, Heather Earle, Karen Cram, Suzie Christoffel"
FCBB43-005,FCBB43-005-16654054,MaterialSample,Coanicardita ventricosa,NA,NA,NA,NA,NA,NA,NA,Morphology,BHAK7376-22,NA,Species,Animalia,Mollusca,Bivalvia,Carditida,Carditidae,Coanicardita,urn:lsid:marinespecies.org:taxname:1420845,present,BHAK-12304-FCBB,BHAK-12304-FCBB,Scalaricarditinae,NA,Philip Hoover,NA,NA,NA,"Matt Lemay, Heather Earle, Karen Cram, Suzie Christoffel"
FCBB43-006,FCBB43-006-16654055,MaterialSample,Macoma nasuta,NA,NA,NA,NA,NA,NA,NA,Morphology,BHAK7377-22,"Conrad, 1837",Species,Animalia,Mollusca,Bivalvia,Cardiida,Tellinidae,Macoma,urn:lsid:marinespecies.org:taxname:582761,present,BHAK-12305-FCBB,BHAK-12305-FCBB,Macominae,NA,Philip Hoover,NA,NA,NA,"Matt Lemay, Heather Earle, Karen Cram, Suzie Christoffel"
FCBB43-007,FCBB43-007-16654057,MaterialSample,Lirobittium munitum,NA,NA,NA,NA,NA,NA,NA,Morphology,BHAK7379-22,NA,Species,Animalia,Mollusca,Gastropoda,NA,Cerithiidae,Lirobittium,urn:lsid:marinespecies.org:taxname:580440,present,BHAK-12310-FCBB,BHAK-12310-FCBB,Bittiinae,NA,Philip Hoover,NA,NA,NA,"Matt Lemay, Heather Earle, Karen Cram, Suzie Christoffel"
FCBB43-008,FCBB43-008-16654066,MaterialSample,Alvania,NA,NA,NA,NA,NA,NA,NA,BOLD ID Engine: top hits,BHAK7388-22,NA,Genus,Animalia,Mollusca,Gastropoda,Littorinimorpha,Rissoidae,Alvania,urn:lsid:marinespecies.org:taxname:196580,present,BHAK-12483-FCBB,BHAK-12483-FCBB,NA,NA,Hakai Institute,NA,Alvania sp. (Alvania rosana or Alvania compacta),E-Vouchered:DNA/Tissue+Photo,"Matt Lemay, Heather Earle, Karen Cram, Suzie Christoffel"
FCBB43-009,FCBB43-009-16654068,MaterialSample,Trochochaeta multisetosa,NA,NA,NA,NA,NA,NA,NA,Morphology,BHAK7390-22,NA,Species,Animalia,Annelida,Polychaeta,Spionida,Trochochaetidae,Trochochaeta,urn:lsid:marinespecies.org:taxname:131576,present,BHAK-12339-FCBB,BHAK-12339-FCBB,NA,NA,Biologica Environmental Services Taxonomist,NA,setiger 1 and 2 with spines,NA,"Matt Lemay, Heather Earle, Karen Cram, Suzie Christoffel"
FCBB43-010,FCBB43-010-16654069,MaterialSample,Acila castrensis,NA,NA,NA,NA,NA,NA,NA,Morphology,BHAK7391-22,"Hinds, 1843",Species,Animalia,Mollusca,Bivalvia,Nuculida,Nuculidae,Acila,urn:lsid:marinespecies.org:taxname:506568,present,BHAK-12340-FCBB,BHAK-12340-FCBB,NA,NA,Biologica Environmental Services Taxonomist,NA,NA,NA,"Matt Lemay, Heather Earle, Karen Cram, Suzie Christoffel"
FCBB43-011,FCBB43-011-16654070,MaterialSample,Acila castrensis,NA,NA,NA,NA,NA,NA,NA,Morphology,BHAK7392-22,"Hinds, 1843",Species,Animalia,Mollusca,Bivalvia,Nuculida,Nuculidae,Acila,urn:lsid:marinespecies.org:taxname:506568,present,BHAK-12341-FCBB,BHAK-12341-FCBB,NA,NA,Biologica Environmental Services Taxonomist,NA,NA,NA,"Matt Lemay, Heather Earle, Karen Cram, Suzie Christoffel"
FCBB43-012,FCBB43-012-16654071,MaterialSample,Acila castrensis,NA,NA,NA,NA,NA,NA,NA,Morphology,BHAK7393-22,"Hinds, 1843",Species,Animalia,Mollusca,Bivalvia,Nuculida,Nuculidae,Acila,urn:lsid:marinespecies.org:taxname:506568,present,BHAK-12342-FCBB,BHAK-12342-FCBB,NA,NA,Biologica Environmental Services Taxonomist,NA,NA,NA,"Matt Lemay, Heather Earle, Karen Cram, Suzie Christoffel"
FCBB43-013,FCBB43-013-16654072,MaterialSample,Acila castrensis,NA,NA,NA,NA,NA,NA,NA,Morphology,BHAK7394-22,"Hinds, 1843",Species,Animalia,Mollusca,Bivalvia,Nuculida,Nuculidae,Acila,urn:lsid:marinespecies.org:taxname:506568,present,BHAK-12343-FCBB,BHAK-12343-FCBB,NA,NA,Biologica Environmental Services Taxonomist,NA,NA,NA,"Matt Lemay, Heather Earle, Karen Cram, Suzie Christoffel"
FCBB43-014,FCBB43-014-16654073,MaterialSample,Acila castrensis,NA,NA,NA,NA,NA,NA,NA,Morphology,BHAK7395-22,"Hinds, 1843",Species,Animalia,Mollusca,Bivalvia,Nuculida,Nuculidae,Acila,urn:lsid:marinespecies.org:taxname:506568,present,BHAK-12344-FCBB,BHAK-12344-FCBB,NA,NA,Biologica Environmental Services Taxonomist,NA,NA,NA,"Matt Lemay, Heather Earle, Karen Cram, Suzie Christoffel"
FCBB43-015,FCBB43-015-16654077,MaterialSample,Glycera nana,NA,NA,NA,NA,NA,NA,NA,Morphology,BHAK7399-22,"Johnson, 1901",Species,Animalia,Annelida,Polychaeta,Phyllodocida,Glyceridae,Glycera,urn:lsid:marinespecies.org:taxname:328132,present,BHAK-12348-FCBB,BHAK-12348-FCBB,NA,NA,Biologica Environmental Services Taxonomist,NA,NA,NA,"Matt Lemay, Heather Earle, Karen Cram, Suzie Christoffel"
FCBB43-016,FCBB43-016-16654078,MaterialSample,Pholoe,NA,NA,NA,NA,NA,NA,NA,BOLD ID Engine: top hits,BHAK7400-22,NA,Genus,Animalia,Annelida,Polychaeta,Phyllodocida,Pholoidae,Pholoe,urn:lsid:marinespecies.org:taxname:196580,present,BHAK-12349-FCBB,BHAK-12349-FCBB,Pholoinae,NA,Hakai Institute,NA,NA,NA,"Matt Lemay, Heather Earle, Karen Cram, Suzie Christoffel"
FCBB43-017,FCBB43-017-16654079,MaterialSample,Cistenides brevicoma,NA,NA,NA,NA,NA,NA,NA,Morphology,BHAK7401-22,NA,Species,Animalia,Annelida,Polychaeta,Terebellida,Pectinariidae,Cistenides,urn:lsid:marinespecies.org:taxname:332704,present,BHAK-12350-FCBB,BHAK-12350-FCBB,NA,NA,Biologica Environmental Services Taxonomist,NA,previously ID'd as C. granulata of Northern Europe,NA,"Matt Lemay, Heather Earle, Karen Cram, Suzie Christoffel"
FCBB43-018,FCBB43-018-16654080,MaterialSample,Spio cirrifera,NA,NA,NA,NA,NA,NA,NA,Morphology,BHAK7402-22,NA,Species,Animalia,Annelida,Polychaeta,Spionida,Spionidae,Spio,urn:lsid:marinespecies.org:taxname:558894,present,BHAK-12351-FCBB,BHAK-12351-FCBB,NA,NA,Biologica Environmental Services Taxonomist,NA,NA,NA,"Matt Lemay, Heather Earle, Karen Cram, Suzie Christoffel"
FCBB43-019,FCBB43-019-16654081,MaterialSample,Scalibregma californicum,NA,NA,NA,NA,NA,NA,NA,Morphology,BHAK7403-22,"Blake in Blake, Hilbig & Scott, 2000",Species,Animalia,Annelida,Polychaeta,NA,Scalibregmatidae,Scalibregma,urn:lsid:marinespecies.org:taxname:331210,present,BHAK-12352-FCBB,BHAK-12352-FCBB,NA,NA,Biologica Environmental Services Taxonomist,NA,"not sure if I can see the spine on the first setigers, but S. inflatum is northern europe species",NA,"Matt Lemay, Heather Earle, Karen Cram, Suzie Christoffel"
FCBB43-020,FCBB43-020-16654085,MaterialSample,Laonice cirrata,NA,NA,NA,NA,NA,NA,NA,Morphology,BHAK7407-22,"M. Sars, 1851",Species,Animalia,Annelida,Polychaeta,Spionida,Spionidae,Laonice,urn:lsid:marinespecies.org:taxname:131128,present,BHAK-12356-FCBB,BHAK-12356-FCBB,NA,NA,Biologica Environmental Services Taxonomist,NA,NA,NA,"Matt Lemay, Heather Earle, Karen Cram, Suzie Christoffel"
FCBB43-021,FCBB43-021-16654086,MaterialSample,Trochochaeta multisetosa,NA,NA,NA,NA,NA,NA,NA,Morphology,BHAK7408-22,NA,Species,Animalia,Annelida,Polychaeta,Spionida,Trochochaetidae,Trochochaeta,urn:lsid:marinespecies.org:taxname:131576,present,BHAK-12357-FCBB,BHAK-12357-FCBB,NA,NA,Biologica Environmental Services Taxonomist,NA,setiger 1 and 2 with spines,NA,"Matt Lemay, Heather Earle, Karen Cram, Suzie Christoffel"
FCBB43-022,FCBB43-022-16654088,MaterialSample,Cistenides brevicoma,NA,NA,NA,NA,NA,NA,NA,Morphology,BHAK7410-22,NA,Species,Animalia,Annelida,Polychaeta,Terebellida,Pectinariidae,Cistenides,urn:lsid:marinespecies.org:taxname:332704,present,BHAK-12359-FCBB,BHAK-12359-FCBB,NA,NA,Biologica Environmental Services Taxonomist,NA,"Cistenides brevicoma, previously ID'd as C. granulata of Northern Europe",NA,"Matt Lemay, Heather Earle, Karen Cram, Suzie Christoffel"
FCBB43-023,FCBB43-023-16654089,MaterialSample,Amphiodia urtica,NA,NA,NA,NA,NA,NA,NA,BOLD ID Engine: top hits,BHAK7411-22,"Lyman, 1860",Species,Animalia,Echinodermata,Ophiuroidea,Amphilepidida,Amphiuridae,Amphiodia,urn:lsid:marinespecies.org:taxname:242683,present,BHAK-12508-FCBB,BHAK-12508-FCBB,NA,NA,Hakai Institute,NA,NA,NA,"Matt Lemay, Heather Earle, Karen Cram, Suzie Christoffel"
FCBB43-024,FCBB43-024-16654094,MaterialSample,Euphilomedes carcharodonta,NA,NA,NA,NA,NA,NA,NA,Morphology,BHAK7416-22,"V. Z. Smith, 1952",Species,Animalia,Arthropoda,Ostracoda,Myodocopida,Philomedidae,Euphilomedes,urn:lsid:marinespecies.org:taxname:451216,present,BHAK-12313-FCBB,BHAK-12313-FCBB,NA,NA,Biologica Environmental Services Taxonomist,NA,NA,E-Vouchered:DNA/Tissue+Photo,"Matt Lemay, Heather Earle, Karen Cram, Suzie Christoffel"
FCBB43-025,FCBB43-025-16654095,MaterialSample,Euphilomedes carcharodonta,NA,NA,NA,NA,NA,NA,NA,Morphology,BHAK7417-22,"V. Z. Smith, 1952",Species,Animalia,Arthropoda,Ostracoda,Myodocopida,Philomedidae,Euphilomedes,urn:lsid:marinespecies.org:taxname:451216,present,BHAK-12314-FCBB,BHAK-12314-FCBB,NA,NA,Biologica Environmental Services Taxonomist,NA,NA,E-Vouchered:DNA/Tissue+Photo,"Matt Lemay, Heather Earle, Karen Cram, Suzie Christoffel"
FCBB44-001,FCBB44-001-16654098,MaterialSample,Alitta,NA,NA,NA,NA,NA,NA,NA,BOLD ID Engine: top hits,BHAK7420-22,NA,Genus,Animalia,Annelida,Polychaeta,Phyllodocida,Nereididae,Alitta,urn:lsid:marinespecies.org:taxname:196580,present,BHAK-12330-FCBB,BHAK-12330-FCBB,Nereidinae,NA,Hakai Institute,NA,NA,NA,"Faye Manning, Steve Ellis"
FCBB44-002,FCBB44-002-16654100,MaterialSample,Sinelobus vanhaareni,NA,NA,NA,NA,NA,NA,NA,BOLD ID Engine: top hits,BHAK7422-22,NA,Species,Animalia,Arthropoda,Malacostraca,Tanaidacea,Tanaididae,Sinelobus,urn:lsid:marinespecies.org:taxname:798772,present,BHAK-12489-FCBB,BHAK-12489-FCBB,Sinelobinae,NA,Hakai Institute,NA,NA,E-Vouchered:DNA/Tissue+Photo,"Faye Manning, Steve Ellis"
FCBB43-026,FCBB43-026-16654101,MaterialSample,Pholoides asperus,NA,NA,NA,NA,NA,NA,NA,BOLD ID Engine: top hits,BHAK7423-22,"Johnson, 1897",Species,Animalia,Annelida,Polychaeta,Phyllodocida,Pholoidae,Pholoides,urn:lsid:marinespecies.org:taxname:334498,present,BHAK-12360-FCBB,BHAK-12360-FCBB,NA,NA,Hakai Institute,NA,NA,NA,"Matt Lemay, Heather Earle, Karen Cram, Suzie Christoffel"
FCBB26-001,FCBB26-001-16654102,MaterialSample,Ophiopholis kennerlyi,NA,NA,NA,NA,NA,NA,NA,BOLD ID Engine: top hits,BHAK7424-22,"Lyman, 1860",Species,Animalia,Echinodermata,Ophiuroidea,Amphilepidida,Ophiopholidae,Ophiopholis,urn:lsid:marinespecies.org:taxname:243916,present,ZHAK-01253-FCBB,ZHAK-01253-FCBB,NA,NA,Hakai Institute,larva,NA,E-Vouchered:DNA/Tissue+Photo,False Creek BioBlitz
FCBB34-008,FCBB34-008-16654104,MaterialSample,Amphiodia urtica,NA,NA,NA,NA,NA,NA,NA,BOLD ID Engine: top hits,BHAK7426-22,"Lyman, 1860",Species,Animalia,Echinodermata,Ophiuroidea,Amphilepidida,Amphiuridae,Amphiodia,urn:lsid:marinespecies.org:taxname:242683,present,ZHAK-01255-FCBB,ZHAK-01255-FCBB,NA,NA,Hakai Institute,larva,NA,E-Vouchered:DNA/Tissue+Photo,"Matt Lemay, Gillian Sadlier-Brown, Karen Cram, Suzie Christoffel"
FCBB34-009,FCBB34-009-16654105,MaterialSample,Amphipholis pugetana,NA,NA,NA,NA,NA,NA,NA,BOLD ID Engine: top hits,BHAK7427-22,"Lyman, 1860",Species,Animalia,Echinodermata,Ophiuroidea,Amphilepidida,Amphiuridae,Amphipholis,urn:lsid:marinespecies.org:taxname:242878,present,ZHAK-01256-FCBB,ZHAK-01256-FCBB,NA,NA,Hakai Institute,larva,NA,E-Vouchered:DNA/Tissue+Photo,"Matt Lemay, Gillian Sadlier-Brown, Karen Cram, Suzie Christoffel"
FCBB19-001,FCBB19-001-16654106,MaterialSample,Mytilus trossulus,NA,NA,NA,NA,NA,NA,NA,BOLD ID Engine: top hits,BHAK7428-22,"Gould, 1850",Species,Animalia,Mollusca,Bivalvia,Mytilida,Mytilidae,Mytilus,urn:lsid:marinespecies.org:taxname:140482,present,ZHAK-02425-FCBB,ZHAK-02425-FCBB,Mytilinae,NA,Hakai Institute,juvenile,NA,E-Vouchered:DNA/Tissue+Photo,"Matt Whalen, Deborah McFadden"
FCBB21-001,FCBB21-001-16654108,MaterialSample,Mytilus,NA,NA,NA,NA,NA,NA,NA,Morphology,BHAK7430-22,NA,Genus,Animalia,Mollusca,Bivalvia,Mytilida,Mytilidae,Mytilus,urn:lsid:marinespecies.org:taxname:196580,present,ZHAK-02427-FCBB,ZHAK-02427-FCBB,Mytilinae,NA,Heather Earle,juvenile,NA,E-Vouchered:DNA/Tissue+Photo,Heather Earle
FCBB26-002,FCBB26-002-16654114,MaterialSample,Modiolus modiolus,NA,NA,NA,NA,NA,NA,NA,BOLD ID Engine: top hits,BHAK7436-22,"Linnaeus, 1758",Species,Animalia,Mollusca,Bivalvia,Mytilida,Mytilidae,Modiolus,urn:lsid:marinespecies.org:taxname:140467,present,ZHAK-02433-FCBB,ZHAK-02433-FCBB,Modiolinae,NA,Hakai Institute,juvenile,NA,E-Vouchered:DNA/Tissue+Photo,False Creek BioBlitz
FCBB26-003,FCBB26-003-16654115,MaterialSample,Modiolus modiolus,NA,NA,NA,NA,NA,NA,NA,BOLD ID Engine: top hits,BHAK7437-22,"Linnaeus, 1758",Species,Animalia,Mollusca,Bivalvia,Mytilida,Mytilidae,Modiolus,urn:lsid:marinespecies.org:taxname:140467,present,ZHAK-02434-FCBB,ZHAK-02434-FCBB,Modiolinae,NA,Hakai Institute,juvenile,NA,E-Vouchered:DNA/Tissue+Photo,False Creek BioBlitz
FCBB18-001,FCBB18-001-16654120,MaterialSample,Calliopius pacificus,NA,NA,NA,NA,NA,NA,NA,BOLD ID Engine: top hits,BHAK7442-22,NA,Species,Animalia,Arthropoda,Malacostraca,Amphipoda,Calliopiidae,Calliopius,urn:lsid:marinespecies.org:taxname:430720,present,ZHAK-02235-FCBB,ZHAK-02235-FCBB,NA,NA,Hakai Institute,adult,NA,E-Vouchered:DNA/Tissue+Photo,Heather Earle
FCBB18-002,FCBB18-002-16654121,MaterialSample,Calliopius pacificus,NA,NA,NA,NA,NA,NA,NA,BOLD ID Engine: top hits,BHAK7443-22,NA,Species,Animalia,Arthropoda,Malacostraca,Amphipoda,Calliopiidae,Calliopius,urn:lsid:marinespecies.org:taxname:430720,present,ZHAK-02236-FCBB,ZHAK-02236-FCBB,NA,NA,Hakai Institute,adult,NA,E-Vouchered:DNA/Tissue+Photo,Heather Earle
FCBB18-003,FCBB18-003-16654122,MaterialSample,Cumella,NA,NA,NA,NA,NA,NA,NA,BOLD ID Engine: top hits,BHAK7444-22,NA,Genus,Animalia,Arthropoda,Malacostraca,Cumacea,Nannastacidae,Cumella,urn:lsid:marinespecies.org:taxname:196580,present,ZHAK-02237-FCBB,ZHAK-02237-FCBB,NA,NA,Hakai Institute,adult,NA,E-Vouchered:DNA/Tissue+Photo,Heather Earle
FCBB18-004,FCBB18-004-16654123,MaterialSample,Cumella,NA,NA,NA,NA,NA,NA,NA,BOLD ID Engine: top hits,BHAK7445-22,NA,Genus,Animalia,Arthropoda,Malacostraca,Cumacea,Nannastacidae,Cumella,urn:lsid:marinespecies.org:taxname:196580,present,ZHAK-02238-FCBB,ZHAK-02238-FCBB,NA,NA,Hakai Institute,adult,NA,E-Vouchered:DNA/Tissue+Photo,Heather Earle
FCBB18-005,FCBB18-005-16654125,MaterialSample,Cumella,NA,NA,NA,NA,NA,NA,NA,BOLD ID Engine: top hits,BHAK7447-22,NA,Genus,Animalia,Arthropoda,Malacostraca,Cumacea,Nannastacidae,Cumella,urn:lsid:marinespecies.org:taxname:196580,present,ZHAK-02240-FCBB,ZHAK-02240-FCBB,NA,NA,Hakai Institute,adult,NA,E-Vouchered:DNA/Tissue+Photo,Heather Earle
FCBB18-006,FCBB18-006-16654127,MaterialSample,Monocorophium insidiosum,NA,NA,NA,NA,NA,NA,NA,BOLD ID Engine: top hits,BHAK7449-22,"Crawford, 1937",Species,Animalia,Arthropoda,Malacostraca,Amphipoda,Corophiidae,Monocorophium,urn:lsid:marinespecies.org:taxname:148592,present,ZHAK-02242-FCBB,ZHAK-02242-FCBB,Corophiinae,Corophiini,Hakai Institute,adult,NA,E-Vouchered:DNA/Tissue+Photo,Heather Earle
FCBB19-31-001,FCBB19-31-001-16654130,MaterialSample,Monocorophium insidiosum,NA,NA,NA,NA,NA,NA,NA,BOLD ID Engine: top hits,BHAK7452-22,"Crawford, 1937",Species,Animalia,Arthropoda,Malacostraca,Amphipoda,Corophiidae,Monocorophium,urn:lsid:marinespecies.org:taxname:148592,present,ZHAK-02245-FCBB,ZHAK-02245-FCBB,Corophiinae,Corophiini,Hakai Institute,adult,NA,E-Vouchered:DNA/Tissue+Photo,"Matt Whalen, Deborah McFadden"
FCBB19-31-002,FCBB19-31-002-16654131,MaterialSample,Amphipoda,NA,NA,NA,NA,NA,NA,NA,Morphology,BHAK7453-22,NA,Genus,Animalia,Arthropoda,Malacostraca,Amphipoda,NA,NA,urn:lsid:marinespecies.org:taxname:196580,present,ZHAK-02246-FCBB,ZHAK-02246-FCBB,NA,NA,Tyrel P Froese,adult,NA,E-Vouchered:DNA/Tissue+Photo,"Matt Whalen, Deborah McFadden"
FCBB20-001,FCBB20-001-16654133,MaterialSample,Cumella,NA,NA,NA,NA,NA,NA,NA,BOLD ID Engine: top hits,BHAK7455-22,NA,Genus,Animalia,Arthropoda,Malacostraca,Cumacea,Nannastacidae,Cumella,urn:lsid:marinespecies.org:taxname:196580,present,ZHAK-02248-FCBB,ZHAK-02248-FCBB,NA,NA,Hakai Institute,adult,NA,E-Vouchered:DNA/Tissue+Photo,False Creek BioBlitz
FCBB20-002,FCBB20-002-16654134,MaterialSample,Paracalanus indicus,NA,NA,NA,NA,NA,NA,NA,BOLD ID Engine: top hits,BHAK7456-22,NA,Species,Animalia,Arthropoda,Copepoda,Calanoida,Paracalanidae,Paracalanus,urn:lsid:marinespecies.org:taxname:104683,present,ZHAK-02249-FCBB,ZHAK-02249-FCBB,NA,NA,Hakai Institute,adult,NA,E-Vouchered:DNA/Tissue+Photo,False Creek BioBlitz
FCBB18-007,FCBB18-007-16654137,MaterialSample,Cumacea,NA,NA,NA,NA,NA,NA,NA,Morphology,BHAK7459-22,NA,Genus,Animalia,Arthropoda,Malacostraca,Cumacea,NA,NA,urn:lsid:marinespecies.org:taxname:196580,present,ZHAK-02252-FCBB,ZHAK-02252-FCBB,NA,NA,Tyrel P Froese,adult,NA,E-Vouchered:DNA/Tissue+Photo,Heather Earle
FCBB18-008,FCBB18-008-16654138,MaterialSample,Cumella,NA,NA,NA,NA,NA,NA,NA,BOLD ID Engine: top hits,BHAK7460-22,NA,Genus,Animalia,Arthropoda,Malacostraca,Cumacea,Nannastacidae,Cumella,urn:lsid:marinespecies.org:taxname:196580,present,ZHAK-02253-FCBB,ZHAK-02253-FCBB,NA,NA,Hakai Institute,adult,NA,E-Vouchered:DNA/Tissue+Photo,Heather Earle
FCBB21-002,FCBB21-002-16654139,MaterialSample,Monocorophium insidiosum,NA,NA,NA,NA,NA,NA,NA,BOLD ID Engine: top hits,BHAK7461-22,"Crawford, 1937",Species,Animalia,Arthropoda,Malacostraca,Amphipoda,Corophiidae,Monocorophium,urn:lsid:marinespecies.org:taxname:148592,present,ZHAK-02254-FCBB,ZHAK-02254-FCBB,Corophiinae,Corophiini,Hakai Institute,adult,NA,E-Vouchered:DNA/Tissue+Photo,Heather Earle
FCBB21-003,FCBB21-003-16654141,MaterialSample,Cumella,NA,NA,NA,NA,NA,NA,NA,BOLD ID Engine: top hits,BHAK7463-22,NA,Genus,Animalia,Arthropoda,Malacostraca,Cumacea,Nannastacidae,Cumella,urn:lsid:marinespecies.org:taxname:196580,present,ZHAK-02256-FCBB,ZHAK-02256-FCBB,NA,NA,Hakai Institute,adult,NA,E-Vouchered:DNA/Tissue+Photo,Heather Earle
FCBB20-003,FCBB20-003-16654142,MaterialSample,Paracalanus indicus,NA,NA,NA,NA,NA,NA,NA,BOLD ID Engine: top hits,BHAK7464-22,NA,Species,Animalia,Arthropoda,Copepoda,Calanoida,Paracalanidae,Paracalanus,urn:lsid:marinespecies.org:taxname:104683,present,ZHAK-02257-FCBB,ZHAK-02257-FCBB,NA,NA,Hakai Institute,adult,NA,E-Vouchered:DNA/Tissue+Photo,False Creek BioBlitz
FCBB19-33-001,FCBB19-33-001-16654144,MaterialSample,Monocorophium insidiosum,NA,NA,NA,NA,NA,NA,NA,BOLD ID Engine: top hits,BHAK7466-22,"Crawford, 1937",Species,Animalia,Arthropoda,Malacostraca,Amphipoda,Corophiidae,Monocorophium,urn:lsid:marinespecies.org:taxname:148592,present,ZHAK-02259-FCBB,ZHAK-02259-FCBB,Corophiinae,Corophiini,Hakai Institute,adult,NA,E-Vouchered:DNA/Tissue+Photo,"Matt Whalen, Deborah McFadden"
FCBB21-004,FCBB21-004-16654145,MaterialSample,Calliopius pacificus,NA,NA,NA,NA,NA,NA,NA,BOLD ID Engine: top hits,BHAK7467-22,NA,Species,Animalia,Arthropoda,Malacostraca,Amphipoda,Calliopiidae,Calliopius,urn:lsid:marinespecies.org:taxname:430720,present,ZHAK-02260-FCBB,ZHAK-02260-FCBB,NA,NA,Hakai Institute,adult,NA,E-Vouchered:DNA/Tissue+Photo,Heather Earle
FCBB21-005,FCBB21-005-16654146,MaterialSample,Monocorophium insidiosum,NA,NA,NA,NA,NA,NA,NA,BOLD ID Engine: top hits,BHAK7468-22,"Crawford, 1937",Species,Animalia,Arthropoda,Malacostraca,Amphipoda,Corophiidae,Monocorophium,urn:lsid:marinespecies.org:taxname:148592,present,ZHAK-02261-FCBB,ZHAK-02261-FCBB,Corophiinae,Corophiini,Hakai Institute,adult,NA,E-Vouchered:DNA/Tissue+Photo,Heather Earle
FCBB21-006,FCBB21-006-16654147,MaterialSample,Monocorophium insidiosum,NA,NA,NA,NA,NA,NA,NA,BOLD ID Engine: top hits,BHAK7469-22,"Crawford, 1937",Species,Animalia,Arthropoda,Malacostraca,Amphipoda,Corophiidae,Monocorophium,urn:lsid:marinespecies.org:taxname:148592,present,ZHAK-02262-FCBB,ZHAK-02262-FCBB,Corophiinae,Corophiini,Hakai Institute,adult,NA,E-Vouchered:DNA/Tissue+Photo,Heather Earle
FCBB21-007,FCBB21-007-16654148,MaterialSample,Cumella,NA,NA,NA,NA,NA,NA,NA,BOLD ID Engine: top hits,BHAK7470-22,NA,Genus,Animalia,Arthropoda,Malacostraca,Cumacea,Nannastacidae,Cumella,urn:lsid:marinespecies.org:taxname:196580,present,ZHAK-02263-FCBB,ZHAK-02263-FCBB,NA,NA,Hakai Institute,adult,NA,E-Vouchered:DNA/Tissue+Photo,Heather Earle
FCBB23-001,FCBB23-001-16654150,MaterialSample,Cumella,NA,NA,NA,NA,NA,NA,NA,BOLD ID Engine: top hits,BHAK7472-22,NA,Genus,Animalia,Arthropoda,Malacostraca,Cumacea,Nannastacidae,Cumella,urn:lsid:marinespecies.org:taxname:196580,present,ZHAK-02265-FCBB,ZHAK-02265-FCBB,NA,NA,Hakai Institute,adult,NA,E-Vouchered:DNA/Tissue+Photo,Heather Earle
FCBB23-002,FCBB23-002-16654151,MaterialSample,Cumacea,NA,NA,NA,NA,NA,NA,NA,Morphology,BHAK7473-22,NA,Genus,Animalia,Arthropoda,Malacostraca,Cumacea,NA,NA,urn:lsid:marinespecies.org:taxname:196580,present,ZHAK-02266-FCBB,ZHAK-02266-FCBB,NA,NA,Gillian Sadlier Brown,adult,NA,E-Vouchered:DNA/Tissue+Photo,Heather Earle
FCBB23-003,FCBB23-003-16654152,MaterialSample,Cumella,NA,NA,NA,NA,NA,NA,NA,BOLD ID Engine: top hits,BHAK7474-22,NA,Genus,Animalia,Arthropoda,Malacostraca,Cumacea,Nannastacidae,Cumella,urn:lsid:marinespecies.org:taxname:196580,present,ZHAK-02267-FCBB,ZHAK-02267-FCBB,NA,NA,Hakai Institute,adult,NA,E-Vouchered:DNA/Tissue+Photo,Heather Earle
FCBB23-004,FCBB23-004-16654153,MaterialSample,Copepoda,NA,NA,NA,NA,NA,NA,NA,Morphology,BHAK7475-22,NA,Genus,Animalia,Arthropoda,Copepoda,NA,NA,NA,urn:lsid:marinespecies.org:taxname:196580,present,ZHAK-02268-FCBB,ZHAK-02268-FCBB,NA,NA,Gillian Sadlier Brown,adult,NA,E-Vouchered:DNA/Tissue+Photo,Heather Earle
FCBB23-005,FCBB23-005-16654155,MaterialSample,Grandidierella japonica,NA,NA,NA,NA,NA,NA,NA,BOLD ID Engine: top hits,BHAK7477-22,NA,Species,Animalia,Arthropoda,Malacostraca,Amphipoda,Aoridae,Grandidierella,urn:lsid:marinespecies.org:taxname:238740,present,ZHAK-02270-FCBB,ZHAK-02270-FCBB,NA,NA,Hakai Institute,adult,NA,E-Vouchered:DNA/Tissue+Photo,Heather Earle
FCBB23-006,FCBB23-006-16654156,MaterialSample,Grandidierella japonica,NA,NA,NA,NA,NA,NA,NA,BOLD ID Engine: top hits,BHAK7478-22,NA,Species,Animalia,Arthropoda,Malacostraca,Amphipoda,Aoridae,Grandidierella,urn:lsid:marinespecies.org:taxname:238740,present,ZHAK-02271-FCBB,ZHAK-02271-FCBB,NA,NA,Hakai Institute,adult,NA,E-Vouchered:DNA/Tissue+Photo,Heather Earle
FCBB24-001,FCBB24-001-16654157,MaterialSample,Monocorophium insidiosum,NA,NA,NA,NA,NA,NA,NA,BOLD ID Engine: top hits,BHAK7479-22,"Crawford, 1937",Species,Animalia,Arthropoda,Malacostraca,Amphipoda,Corophiidae,Monocorophium,urn:lsid:marinespecies.org:taxname:148592,present,ZHAK-02272-FCBB,ZHAK-02272-FCBB,Corophiinae,Corophiini,Hakai Institute,adult,NA,E-Vouchered:DNA/Tissue+Photo,Heather Earle
FCBB23-007,FCBB23-007-16654159,MaterialSample,Grandidierella japonica,NA,NA,NA,NA,NA,NA,NA,BOLD ID Engine: top hits,BHAK7481-22,NA,Species,Animalia,Arthropoda,Malacostraca,Amphipoda,Aoridae,Grandidierella,urn:lsid:marinespecies.org:taxname:238740,present,ZHAK-02274-FCBB,ZHAK-02274-FCBB,NA,NA,Hakai Institute,adult,NA,E-Vouchered:DNA/Tissue+Photo,Heather Earle
FCBB23-008,FCBB23-008-16654160,MaterialSample,Grandidierella japonica,NA,NA,NA,NA,NA,NA,NA,BOLD ID Engine: top hits,BHAK7482-22,NA,Species,Animalia,Arthropoda,Malacostraca,Amphipoda,Aoridae,Grandidierella,urn:lsid:marinespecies.org:taxname:238740,present,ZHAK-02275-FCBB,ZHAK-02275-FCBB,NA,NA,Hakai Institute,adult,NA,E-Vouchered:DNA/Tissue+Photo,Heather Earle
FCBB23-009,FCBB23-009-16654161,MaterialSample,Monocorophium insidiosum,NA,NA,NA,NA,NA,NA,NA,BOLD ID Engine: top hits,BHAK7483-22,"Crawford, 1937",Species,Animalia,Arthropoda,Malacostraca,Amphipoda,Corophiidae,Monocorophium,urn:lsid:marinespecies.org:taxname:148592,present,ZHAK-02276-FCBB,ZHAK-02276-FCBB,Corophiinae,Corophiini,Hakai Institute,adult,NA,E-Vouchered:DNA/Tissue+Photo,Heather Earle
FCBB23-010,FCBB23-010-16654163,MaterialSample,Paracalanus indicus,NA,NA,NA,NA,NA,NA,NA,BOLD ID Engine: top hits,BHAK7485-22,NA,Species,Animalia,Arthropoda,Copepoda,Calanoida,Paracalanidae,Paracalanus,urn:lsid:marinespecies.org:taxname:104683,present,ZHAK-02278-FCBB,ZHAK-02278-FCBB,NA,NA,Hakai Institute,adult,NA,E-Vouchered:DNA/Tissue+Photo,Heather Earle
FCBB24-002,FCBB24-002-16654164,MaterialSample,Calliopius pacificus,NA,NA,NA,NA,NA,NA,NA,BOLD ID Engine: top hits,BHAK7486-22,NA,Species,Animalia,Arthropoda,Malacostraca,Amphipoda,Calliopiidae,Calliopius,urn:lsid:marinespecies.org:taxname:430720,present,ZHAK-02279-FCBB,ZHAK-02279-FCBB,NA,NA,Hakai Institute,adult,NA,E-Vouchered:DNA/Tissue+Photo,Heather Earle
FCBB24-003,FCBB24-003-16654166,MaterialSample,Monocorophium insidiosum,NA,NA,NA,NA,NA,NA,NA,BOLD ID Engine: top hits,BHAK7488-22,"Crawford, 1937",Species,Animalia,Arthropoda,Malacostraca,Amphipoda,Corophiidae,Monocorophium,urn:lsid:marinespecies.org:taxname:148592,present,ZHAK-02281-FCBB,ZHAK-02281-FCBB,Corophiinae,Corophiini,Hakai Institute,adult,NA,E-Vouchered:DNA/Tissue+Photo,Heather Earle
FCBB23-011,FCBB23-011-16654167,MaterialSample,Harpacticoida,NA,NA,NA,NA,NA,NA,NA,Morphology,BHAK7489-22,NA,Genus,Animalia,Arthropoda,Copepoda,Harpacticoida,NA,NA,urn:lsid:marinespecies.org:taxname:196580,present,ZHAK-02282-FCBB,ZHAK-02282-FCBB,NA,NA,Tyrel P Froese,adult,NA,E-Vouchered:DNA/Tissue+Photo,Heather Earle
FCBB27-001,FCBB27-001-16654169,MaterialSample,Palaemon macrodactylus,NA,NA,NA,NA,NA,NA,NA,BOLD ID Engine: top hits,BHAK7491-22,"M. J. Rathbun, 1902",Species,Animalia,Arthropoda,Malacostraca,Decapoda,Palaemonidae,Palaemon,urn:lsid:marinespecies.org:taxname:181372,present,ZHAK-02284-FCBB,ZHAK-02284-FCBB,NA,NA,Hakai Institute,zoea,NA,E-Vouchered:DNA/Tissue+Photo,"Heather Earle, Matt Whalen"
FCBB27-002,FCBB27-002-16654170,MaterialSample,Palaemon macrodactylus,NA,NA,NA,NA,NA,NA,NA,BOLD ID Engine: top hits,BHAK7492-22,"M. J. Rathbun, 1902",Species,Animalia,Arthropoda,Malacostraca,Decapoda,Palaemonidae,Palaemon,urn:lsid:marinespecies.org:taxname:181372,present,ZHAK-02285-FCBB,ZHAK-02285-FCBB,NA,NA,Hakai Institute,zoea,NA,E-Vouchered:DNA/Tissue+Photo,"Heather Earle, Matt Whalen"
FCBB27-003,FCBB27-003-16654171,MaterialSample,Palaemon macrodactylus,NA,NA,NA,NA,NA,NA,NA,BOLD ID Engine: top hits,BHAK7493-22,"M. J. Rathbun, 1902",Species,Animalia,Arthropoda,Malacostraca,Decapoda,Palaemonidae,Palaemon,urn:lsid:marinespecies.org:taxname:181372,present,ZHAK-02286-FCBB,ZHAK-02286-FCBB,NA,NA,Hakai Institute,zoea,NA,E-Vouchered:DNA/Tissue+Photo,"Heather Earle, Matt Whalen"
FCBB27-004,FCBB27-004-16654172,MaterialSample,Palaemon macrodactylus,NA,NA,NA,NA,NA,NA,NA,BOLD ID Engine: top hits,BHAK7494-22,"M. J. Rathbun, 1902",Species,Animalia,Arthropoda,Malacostraca,Decapoda,Palaemonidae,Palaemon,urn:lsid:marinespecies.org:taxname:181372,present,ZHAK-02287-FCBB,ZHAK-02287-FCBB,NA,NA,Hakai Institute,zoea,NA,E-Vouchered:DNA/Tissue+Photo,"Heather Earle, Matt Whalen"
FCBB27-005,FCBB27-005-16654174,MaterialSample,Cumella,NA,NA,NA,NA,NA,NA,NA,BOLD ID Engine: top hits,BHAK7496-22,NA,Genus,Animalia,Arthropoda,Malacostraca,Cumacea,Nannastacidae,Cumella,urn:lsid:marinespecies.org:taxname:196580,present,ZHAK-02289-FCBB,ZHAK-02289-FCBB,NA,NA,Hakai Institute,adult,NA,E-Vouchered:DNA/Tissue+Photo,"Heather Earle, Matt Whalen"
FCBB31-001,FCBB31-001-16654175,MaterialSample,Cumella,NA,NA,NA,NA,NA,NA,NA,BOLD ID Engine: top hits,BHAK7497-22,NA,Genus,Animalia,Arthropoda,Malacostraca,Cumacea,Nannastacidae,Cumella,urn:lsid:marinespecies.org:taxname:196580,present,ZHAK-02290-FCBB,ZHAK-02290-FCBB,NA,NA,Hakai Institute,adult,NA,E-Vouchered:DNA/Tissue+Photo,Heather Earle
FCBB31-002,FCBB31-002-16654176,MaterialSample,Cumella,NA,NA,NA,NA,NA,NA,NA,BOLD ID Engine: top hits,BHAK7498-22,NA,Genus,Animalia,Arthropoda,Malacostraca,Cumacea,Nannastacidae,Cumella,urn:lsid:marinespecies.org:taxname:196580,present,ZHAK-02291-FCBB,ZHAK-02291-FCBB,NA,NA,Hakai Institute,adult,NA,E-Vouchered:DNA/Tissue+Photo,Heather Earle
FCBB31-003,FCBB31-003-16654177,MaterialSample,Cumella,NA,NA,NA,NA,NA,NA,NA,BOLD ID Engine: top hits,BHAK7499-22,NA,Genus,Animalia,Arthropoda,Malacostraca,Cumacea,Nannastacidae,Cumella,urn:lsid:marinespecies.org:taxname:196580,present,ZHAK-02292-FCBB,ZHAK-02292-FCBB,NA,NA,Hakai Institute,adult,NA,E-Vouchered:DNA/Tissue+Photo,Heather Earle
FCBB34-010,FCBB34-010-16654178,MaterialSample,Balanus crenatus,NA,NA,NA,NA,NA,NA,NA,BOLD ID Engine: top hits,BHAK7500-22,"Brugui?â?¿re, 1789",Species,Animalia,Arthropoda,Thecostraca,Balanomorpha,Balanidae,Balanus,urn:lsid:marinespecies.org:taxname:106215,present,ZHAK-02293-FCBB,ZHAK-02293-FCBB,Balaninae,NA,Hakai Institute,nauplius,NA,E-Vouchered:DNA/Tissue+Photo,"Matt Lemay, Gillian Sadlier-Brown, Karen Cram, Suzie Christoffel"
FCBB31-004,FCBB31-004-16654179,MaterialSample,Harpacticoida,NA,NA,NA,NA,NA,NA,NA,Morphology,BHAK7501-22,NA,Genus,Animalia,Arthropoda,Copepoda,Harpacticoida,NA,NA,urn:lsid:marinespecies.org:taxname:196580,present,ZHAK-02294-FCBB,ZHAK-02294-FCBB,NA,NA,Faye Manning,adult,NA,E-Vouchered:DNA/Tissue+Photo,Heather Earle
FCBB31-005,FCBB31-005-16654180,MaterialSample,Eogammarus confervicolus,NA,NA,NA,NA,NA,NA,NA,BOLD ID Engine: top hits,BHAK7502-22,"Stimpson, 1856",Species,Animalia,Arthropoda,Malacostraca,Amphipoda,Anisogammaridae,Eogammarus,urn:lsid:marinespecies.org:taxname:488606,present,ZHAK-02295-FCBB,ZHAK-02295-FCBB,NA,NA,Hakai Institute,adult,NA,E-Vouchered:DNA/Tissue+Photo,Heather Earle
FCBB34-011,FCBB34-011-16654181,MaterialSample,Paracalanus indicus,NA,NA,NA,NA,NA,NA,NA,BOLD ID Engine: top hits,BHAK7503-22,NA,Species,Animalia,Arthropoda,Copepoda,Calanoida,Paracalanidae,Paracalanus,urn:lsid:marinespecies.org:taxname:104683,present,ZHAK-02296-FCBB,ZHAK-02296-FCBB,NA,NA,Hakai Institute,adult,NA,E-Vouchered:DNA/Tissue+Photo,"Matt Lemay, Gillian Sadlier-Brown, Karen Cram, Suzie Christoffel"
FCBB34-012,FCBB34-012-16654182,MaterialSample,Paracalanus indicus,NA,NA,NA,NA,NA,NA,NA,BOLD ID Engine: top hits,BHAK7504-22,NA,Species,Animalia,Arthropoda,Copepoda,Calanoida,Paracalanidae,Paracalanus,urn:lsid:marinespecies.org:taxname:104683,present,ZHAK-02297-FCBB,ZHAK-02297-FCBB,NA,NA,Hakai Institute,adult,NA,E-Vouchered:DNA/Tissue+Photo,"Matt Lemay, Gillian Sadlier-Brown, Karen Cram, Suzie Christoffel"
FCBB34-013,FCBB34-013-16654183,MaterialSample,Paracalanus indicus,NA,NA,NA,NA,NA,NA,NA,BOLD ID Engine: top hits,BHAK7505-22,NA,Species,Animalia,Arthropoda,Copepoda,Calanoida,Paracalanidae,Paracalanus,urn:lsid:marinespecies.org:taxname:104683,present,ZHAK-02298-FCBB,ZHAK-02298-FCBB,NA,NA,Hakai Institute,adult,NA,E-Vouchered:DNA/Tissue+Photo,"Matt Lemay, Gillian Sadlier-Brown, Karen Cram, Suzie Christoffel"
FCBB31-006,FCBB31-006-16654186,MaterialSample,Paracalanus indicus,NA,NA,NA,NA,NA,NA,NA,BOLD ID Engine: top hits,BHAK7508-22,NA,Species,Animalia,Arthropoda,Copepoda,Calanoida,Paracalanidae,Paracalanus,urn:lsid:marinespecies.org:taxname:104683,present,ZHAK-02301-FCBB,ZHAK-02301-FCBB,NA,NA,Hakai Institute,adult,NA,E-Vouchered:DNA/Tissue+Photo,Heather Earle
FCBB31-007,FCBB31-007-16654187,MaterialSample,Copepoda,NA,NA,NA,NA,NA,NA,NA,Morphology,BHAK7509-22,NA,Genus,Animalia,Arthropoda,Copepoda,NA,NA,NA,urn:lsid:marinespecies.org:taxname:196580,present,ZHAK-02302-FCBB,ZHAK-02302-FCBB,NA,NA,Tyrel P Froese,adult,NA,E-Vouchered:DNA/Tissue+Photo,Heather Earle
FCBB31-008,FCBB31-008-16654188,MaterialSample,Eogammarus confervicolus,NA,NA,NA,NA,NA,NA,NA,BOLD ID Engine: top hits,BHAK7510-22,"Stimpson, 1856",Species,Animalia,Arthropoda,Malacostraca,Amphipoda,Anisogammaridae,Eogammarus,urn:lsid:marinespecies.org:taxname:488606,present,ZHAK-02303-FCBB,ZHAK-02303-FCBB,NA,NA,Hakai Institute,adult,NA,E-Vouchered:DNA/Tissue+Photo,Heather Earle
FCBB18-009,FCBB18-009-16654192,MaterialSample,Tenellia adspersa,NA,NA,NA,NA,NA,NA,NA,BOLD ID Engine: top hits,BHAK7514-22,NA,Species,Animalia,Mollusca,Gastropoda,Nudibranchia,Trinchesiidae,Tenellia,urn:lsid:marinespecies.org:taxname:141639,present,ZHAK-02520-FCBB,ZHAK-02520-FCBB,NA,NA,Hakai Institute,adult,NA,E-Vouchered:DNA/Tissue+Photo,Heather Earle
FCBB18-010,FCBB18-010-16654193,MaterialSample,Gastropoda,NA,NA,NA,NA,NA,NA,NA,Morphology,BHAK7515-22,NA,Genus,Animalia,Mollusca,Gastropoda,NA,NA,NA,urn:lsid:marinespecies.org:taxname:196580,present,ZHAK-02521-FCBB,ZHAK-02521-FCBB,NA,NA,Matt Whalen,larva,NA,E-Vouchered:DNA/Tissue+Photo,Heather Earle
FCBB26-004,FCBB26-004-16654194,MaterialSample,Gastropoda,NA,NA,NA,NA,NA,NA,NA,Morphology,BHAK7516-22,NA,Genus,Animalia,Mollusca,Gastropoda,NA,NA,NA,urn:lsid:marinespecies.org:taxname:196580,present,ZHAK-02522-FCBB,ZHAK-02522-FCBB,NA,NA,Matt Whalen,larva,NA,E-Vouchered:DNA/Tissue+Photo,False Creek BioBlitz
FCBB26-005,FCBB26-005-16654195,MaterialSample,Gastropoda,NA,NA,NA,NA,NA,NA,NA,Morphology,BHAK7517-22,NA,Genus,Animalia,Mollusca,Gastropoda,NA,NA,NA,urn:lsid:marinespecies.org:taxname:196580,present,ZHAK-02523-FCBB,ZHAK-02523-FCBB,NA,NA,Matt Whalen,larva,NA,E-Vouchered:DNA/Tissue+Photo,False Creek BioBlitz
FCBB18-011,FCBB18-011-16654196,MaterialSample,Tenellia adspersa,NA,NA,NA,NA,NA,NA,NA,BOLD ID Engine: top hits,BHAK7518-22,NA,Species,Animalia,Mollusca,Gastropoda,Nudibranchia,Trinchesiidae,Tenellia,urn:lsid:marinespecies.org:taxname:141639,present,ZHAK-02524-FCBB,ZHAK-02524-FCBB,NA,NA,Hakai Institute,larva,NA,E-Vouchered:DNA/Tissue+Photo,Heather Earle
FCBB26-006,FCBB26-006-16654198,MaterialSample,Gastropoda,NA,NA,NA,NA,NA,NA,NA,Morphology,BHAK7520-22,NA,Genus,Animalia,Mollusca,Gastropoda,NA,NA,NA,urn:lsid:marinespecies.org:taxname:196580,present,ZHAK-02526-FCBB,ZHAK-02526-FCBB,NA,NA,Gillian Sadlier Brown,larva,NA,E-Vouchered:DNA/Tissue+Photo,False Creek BioBlitz
FCBB26-007,FCBB26-007-16654199,MaterialSample,Gastropoda,NA,NA,NA,NA,NA,NA,NA,Morphology,BHAK7521-22,NA,Genus,Animalia,Mollusca,Gastropoda,NA,NA,NA,urn:lsid:marinespecies.org:taxname:196580,present,ZHAK-02527-FCBB,ZHAK-02527-FCBB,NA,NA,Gillian Sadlier Brown,larva,NA,E-Vouchered:DNA/Tissue+Photo,False Creek BioBlitz
FCBB23-012,FCBB23-012-16654209,MaterialSample,Capitella,NA,NA,NA,NA,NA,NA,NA,BOLD ID Engine: top hits,BHAK7531-22,NA,Genus,Animalia,Annelida,Polychaeta,NA,Capitellidae,Capitella,urn:lsid:marinespecies.org:taxname:196580,present,ZHAK-02339-FCBB,ZHAK-02339-FCBB,NA,NA,Hakai Institute,metatrocophore,NA,E-Vouchered:DNA/Tissue+Photo,Heather Earle
