eventID,language,license,rightsHolder,modified,country,countryCode,geodeticDatum,stateProvince,county,municipality,materialSampleID,verbatimEventDate,decimalLatitude,decimalLongitude,fieldNotes,verbatimLocality,parentEventID,eventType,month,day,year,eventDate,minimumDepthInMeters,maximumDepthInMeters,institutionCode,institutionID,habitat,collectionCode,catalogNumber,fieldNumber,recordNumber,samplingProtocol,verbatimDepth,eventRemarks
Hakai-FCBB,en,http://creativecommons.org/licenses/by/4.0/legalcode,Hakai Institute,2025-12-29,Canada,CA,WGS84,British Columbia,Burrard Inlet,False Creek,,,,,,,,,,,,,,,,,,,,,,,,
Hakai-FCBB-FC-002,en,http://creativecommons.org/licenses/by/4.0/legalcode,Hakai Institute,2025-12-29,Canada,CA,WGS84,British Columbia,Burrard Inlet,False Creek,FC-002,"Sept.3, 2022",49.2726,-123.103583,,Science World south,Hakai-FCBB,Niskin bottle sampling,9,3,2022,2022-9-3,2,2,Hakai Institute,https://edmo.seadatanet.org/report/5148,,,,,,,,
Hakai-FCBB-FC-003,en,http://creativecommons.org/licenses/by/4.0/legalcode,Hakai Institute,2025-12-29,Canada,CA,WGS84,British Columbia,Burrard Inlet,False Creek,FC-003,"Sept.3, 2022",49.2726,-123.103583,,Science World south,Hakai-FCBB,Niskin bottle sampling,9,3,2022,2022-9-3,2,2,Hakai Institute,https://edmo.seadatanet.org/report/5148,,,,,,,,
Hakai-FCBB-FC-004,en,http://creativecommons.org/licenses/by/4.0/legalcode,Hakai Institute,2025-12-29,Canada,CA,WGS84,British Columbia,Burrard Inlet,False Creek,FC-004,"Sept.3, 2022",49.2726,-123.103583,,Science World south,Hakai-FCBB,Niskin bottle sampling,9,3,2022,2022-9-3,2,2,Hakai Institute,https://edmo.seadatanet.org/report/5148,,,,,,,,
Hakai-FCBB-FC-005,en,http://creativecommons.org/licenses/by/4.0/legalcode,Hakai Institute,2025-12-29,Canada,CA,WGS84,British Columbia,Burrard Inlet,False Creek,FC-005,"Sept.3, 2022",49.2726,-123.103583,,Science World south,Hakai-FCBB,Niskin bottle sampling,9,3,2022,2022-9-3,0,0,Hakai Institute,https://edmo.seadatanet.org/report/5148,,,,,,,,
Hakai-FCBB-FC-006,en,http://creativecommons.org/licenses/by/4.0/legalcode,Hakai Institute,2025-12-29,Canada,CA,WGS84,British Columbia,Burrard Inlet,False Creek,FC-006,"Sept.3, 2022",49.2726,-123.103583,,Science World south,Hakai-FCBB,Niskin bottle sampling,9,3,2022,2022-9-3,0,0,Hakai Institute,https://edmo.seadatanet.org/report/5148,,,,,,,,
Hakai-FCBB-FC-007,en,http://creativecommons.org/licenses/by/4.0/legalcode,Hakai Institute,2025-12-29,Canada,CA,WGS84,British Columbia,Burrard Inlet,False Creek,FC-007,"Sept.3, 2022",49.2726,-123.103583,,Science World south,Hakai-FCBB,Niskin bottle sampling,9,3,2022,2022-9-3,0,0,Hakai Institute,https://edmo.seadatanet.org/report/5148,,,,,,,,
Hakai-FCBB-FC-008,en,http://creativecommons.org/licenses/by/4.0/legalcode,Hakai Institute,2025-12-29,Canada,CA,WGS84,British Columbia,Burrard Inlet,False Creek,FC-008,"Sept.3, 2022",49.2744,-123.105416,,Science World north,Hakai-FCBB,Niskin bottle sampling,9,3,2022,2022-9-3,5,5,Hakai Institute,https://edmo.seadatanet.org/report/5148,,,,,,,,
Hakai-FCBB-FC-009,en,http://creativecommons.org/licenses/by/4.0/legalcode,Hakai Institute,2025-12-29,Canada,CA,WGS84,British Columbia,Burrard Inlet,False Creek,FC-009,"Sept.3, 2022",49.2744,-123.105416,,Science World north,Hakai-FCBB,Niskin bottle sampling,9,3,2022,2022-9-3,5,5,Hakai Institute,https://edmo.seadatanet.org/report/5148,,,,,,,,
Hakai-FCBB-FC-010,en,http://creativecommons.org/licenses/by/4.0/legalcode,Hakai Institute,2025-12-29,Canada,CA,WGS84,British Columbia,Burrard Inlet,False Creek,FC-010,"Sept.3, 2022",49.2744,-123.105416,,Science World north,Hakai-FCBB,Niskin bottle sampling,9,3,2022,2022-9-3,5,5,Hakai Institute,https://edmo.seadatanet.org/report/5148,,,,,,,,
Hakai-FCBB-FC-011,en,http://creativecommons.org/licenses/by/4.0/legalcode,Hakai Institute,2025-12-29,Canada,CA,WGS84,British Columbia,Burrard Inlet,False Creek,FC-011,"Sept.3, 2022",49.2744,-123.105416,,Science World north,Hakai-FCBB,Niskin bottle sampling,9,3,2022,2022-9-3,0,0,Hakai Institute,https://edmo.seadatanet.org/report/5148,,,,,,,,
Hakai-FCBB-FC-012,en,http://creativecommons.org/licenses/by/4.0/legalcode,Hakai Institute,2025-12-29,Canada,CA,WGS84,British Columbia,Burrard Inlet,False Creek,FC-012,"Sept.3, 2022",49.2744,-123.105416,,Science World north,Hakai-FCBB,Niskin bottle sampling,9,3,2022,2022-9-3,0,0,Hakai Institute,https://edmo.seadatanet.org/report/5148,,,,,,,,
Hakai-FCBB-FC-013,en,http://creativecommons.org/licenses/by/4.0/legalcode,Hakai Institute,2025-12-29,Canada,CA,WGS84,British Columbia,Burrard Inlet,False Creek,FC-013,"Sept.3, 2022",49.2744,-123.105416,,Science World north,Hakai-FCBB,Niskin bottle sampling,9,3,2022,2022-9-3,0,0,Hakai Institute,https://edmo.seadatanet.org/report/5148,,,,,,,,
Hakai-FCBB-FC-014,en,http://creativecommons.org/licenses/by/4.0/legalcode,Hakai Institute,2025-12-29,Canada,CA,WGS84,British Columbia,Burrard Inlet,False Creek,FC-014,"Sept.3, 2022",49.273483,-123.11055,,Habitat Island,Hakai-FCBB,Niskin bottle sampling,9,3,2022,2022-9-3,2,2,Hakai Institute,https://edmo.seadatanet.org/report/5148,,,,,,,,
Hakai-FCBB-FC-015,en,http://creativecommons.org/licenses/by/4.0/legalcode,Hakai Institute,2025-12-29,Canada,CA,WGS84,British Columbia,Burrard Inlet,False Creek,FC-015,"Sept.3, 2022",49.273483,-123.11055,,Habitat Island,Hakai-FCBB,Niskin bottle sampling,9,3,2022,2022-9-3,2,2,Hakai Institute,https://edmo.seadatanet.org/report/5148,,,,,,,,
Hakai-FCBB-FC-016,en,http://creativecommons.org/licenses/by/4.0/legalcode,Hakai Institute,2025-12-29,Canada,CA,WGS84,British Columbia,Burrard Inlet,False Creek,FC-016,"Sept.3, 2022",49.273483,-123.11055,,Habitat Island,Hakai-FCBB,Niskin bottle sampling,9,3,2022,2022-9-3,2,2,Hakai Institute,https://edmo.seadatanet.org/report/5148,,,,,,,,
Hakai-FCBB-FC-017,en,http://creativecommons.org/licenses/by/4.0/legalcode,Hakai Institute,2025-12-29,Canada,CA,WGS84,British Columbia,Burrard Inlet,False Creek,FC-017,"Sept.3, 2022",49.273483,-123.11055,,Habitat Island,Hakai-FCBB,Niskin bottle sampling,9,3,2022,2022-9-3,0,0,Hakai Institute,https://edmo.seadatanet.org/report/5148,,,,,,,,
Hakai-FCBB-FC-018,en,http://creativecommons.org/licenses/by/4.0/legalcode,Hakai Institute,2025-12-29,Canada,CA,WGS84,British Columbia,Burrard Inlet,False Creek,FC-018,"Sept.3, 2022",49.273483,-123.11055,,Habitat Island,Hakai-FCBB,Niskin bottle sampling,9,3,2022,2022-9-3,0,0,Hakai Institute,https://edmo.seadatanet.org/report/5148,,,,,,,,
Hakai-FCBB-FC-019,en,http://creativecommons.org/licenses/by/4.0/legalcode,Hakai Institute,2025-12-29,Canada,CA,WGS84,British Columbia,Burrard Inlet,False Creek,FC-019,"Sept.3, 2022",49.273483,-123.11055,,Habitat Island,Hakai-FCBB,Niskin bottle sampling,9,3,2022,2022-9-3,0,0,Hakai Institute,https://edmo.seadatanet.org/report/5148,,,,,,,,
Hakai-FCBB-FC-020,en,http://creativecommons.org/licenses/by/4.0/legalcode,Hakai Institute,2025-12-29,Canada,CA,WGS84,British Columbia,Burrard Inlet,False Creek,FC-020,"Sept.3, 2022",49.272116,-123.1147,,Cambie Bridge,Hakai-FCBB,Niskin bottle sampling,9,3,2022,2022-9-3,2,2,Hakai Institute,https://edmo.seadatanet.org/report/5148,,,,,,,,
Hakai-FCBB-FC-021,en,http://creativecommons.org/licenses/by/4.0/legalcode,Hakai Institute,2025-12-29,Canada,CA,WGS84,British Columbia,Burrard Inlet,False Creek,FC-021,"Sept.3, 2022",49.272116,-123.1147,,Cambie Bridge,Hakai-FCBB,Niskin bottle sampling,9,3,2022,2022-9-3,2,2,Hakai Institute,https://edmo.seadatanet.org/report/5148,,,,,,,,
Hakai-FCBB-FC-022,en,http://creativecommons.org/licenses/by/4.0/legalcode,Hakai Institute,2025-12-29,Canada,CA,WGS84,British Columbia,Burrard Inlet,False Creek,FC-022,"Sept.3, 2022",49.272116,-123.1147,,Cambie Bridge,Hakai-FCBB,Niskin bottle sampling,9,3,2022,2022-9-3,2,2,Hakai Institute,https://edmo.seadatanet.org/report/5148,,,,,,,,
Hakai-FCBB-FC-023,en,http://creativecommons.org/licenses/by/4.0/legalcode,Hakai Institute,2025-12-29,Canada,CA,WGS84,British Columbia,Burrard Inlet,False Creek,FC-023,"Sept.3, 2022",49.272116,-123.1147,,Cambie Bridge,Hakai-FCBB,Niskin bottle sampling,9,3,2022,2022-9-3,0,0,Hakai Institute,https://edmo.seadatanet.org/report/5148,,,,,,,,
Hakai-FCBB-FC-024,en,http://creativecommons.org/licenses/by/4.0/legalcode,Hakai Institute,2025-12-29,Canada,CA,WGS84,British Columbia,Burrard Inlet,False Creek,FC-024,"Sept.3, 2022",49.272116,-123.1147,Stopped dripping,Cambie Bridge,Hakai-FCBB,Niskin bottle sampling,9,3,2022,2022-9-3,0,0,Hakai Institute,https://edmo.seadatanet.org/report/5148,,,,,,,,
Hakai-FCBB-FC-025,en,http://creativecommons.org/licenses/by/4.0/legalcode,Hakai Institute,2025-12-29,Canada,CA,WGS84,British Columbia,Burrard Inlet,False Creek,FC-025,"Sept.3, 2022",49.272116,-123.1147,,Cambie Bridge,Hakai-FCBB,Niskin bottle sampling,9,3,2022,2022-9-3,0,0,Hakai Institute,https://edmo.seadatanet.org/report/5148,,,,,,,,
Hakai-FCBB-FC-026,en,http://creativecommons.org/licenses/by/4.0/legalcode,Hakai Institute,2025-12-29,Canada,CA,WGS84,British Columbia,Burrard Inlet,False Creek,FC-026,"Sept.3, 2022",49.2705,-123.12346,,David Lam Park,Hakai-FCBB,Niskin bottle sampling,9,3,2022,2022-9-3,2,2,Hakai Institute,https://edmo.seadatanet.org/report/5148,,,,,,,,
Hakai-FCBB-FC-027,en,http://creativecommons.org/licenses/by/4.0/legalcode,Hakai Institute,2025-12-29,Canada,CA,WGS84,British Columbia,Burrard Inlet,False Creek,FC-027,"Sept.3, 2022",49.2705,-123.12346,,David Lam Park,Hakai-FCBB,Niskin bottle sampling,9,3,2022,2022-9-3,2,2,Hakai Institute,https://edmo.seadatanet.org/report/5148,,,,,,,,
Hakai-FCBB-FC-028,en,http://creativecommons.org/licenses/by/4.0/legalcode,Hakai Institute,2025-12-29,Canada,CA,WGS84,British Columbia,Burrard Inlet,False Creek,FC-028,"Sept.3, 2022",49.2705,-123.12346,,David Lam Park,Hakai-FCBB,Niskin bottle sampling,9,3,2022,2022-9-3,2,2,Hakai Institute,https://edmo.seadatanet.org/report/5148,,,,,,,,
Hakai-FCBB-FC-029,en,http://creativecommons.org/licenses/by/4.0/legalcode,Hakai Institute,2025-12-29,Canada,CA,WGS84,British Columbia,Burrard Inlet,False Creek,FC-029,"Sept.3, 2022",49.2705,-123.12346,,David Lam Park,Hakai-FCBB,Niskin bottle sampling,9,3,2022,2022-9-3,0,0,Hakai Institute,https://edmo.seadatanet.org/report/5148,,,,,,,,
Hakai-FCBB-FC-030,en,http://creativecommons.org/licenses/by/4.0/legalcode,Hakai Institute,2025-12-29,Canada,CA,WGS84,British Columbia,Burrard Inlet,False Creek,FC-030,"Sept.3, 2022",49.2705,-123.12346,,David Lam Park,Hakai-FCBB,Niskin bottle sampling,9,3,2022,2022-9-3,0,0,Hakai Institute,https://edmo.seadatanet.org/report/5148,,,,,,,,
Hakai-FCBB-FC-031,en,http://creativecommons.org/licenses/by/4.0/legalcode,Hakai Institute,2025-12-29,Canada,CA,WGS84,British Columbia,Burrard Inlet,False Creek,FC-031,"Sept.3, 2022",49.2705,-123.12346,,David Lam Park,Hakai-FCBB,Niskin bottle sampling,9,3,2022,2022-9-3,0,0,Hakai Institute,https://edmo.seadatanet.org/report/5148,,,,,,,,
Hakai-FCBB-FC-033,en,http://creativecommons.org/licenses/by/4.0/legalcode,Hakai Institute,2025-12-29,Canada,CA,WGS84,British Columbia,Burrard Inlet,False Creek,FC-033,"Sept.3, 2022",49.27025,-123.12925,,Spruce Harbour,Hakai-FCBB,Niskin bottle sampling,9,3,2022,2022-9-3,2,2,Hakai Institute,https://edmo.seadatanet.org/report/5148,,,,,,,,
Hakai-FCBB-FC-034,en,http://creativecommons.org/licenses/by/4.0/legalcode,Hakai Institute,2025-12-29,Canada,CA,WGS84,British Columbia,Burrard Inlet,False Creek,FC-034,"Sept.3, 2022",49.27025,-123.12925,,Spruce Harbour,Hakai-FCBB,Niskin bottle sampling,9,3,2022,2022-9-3,2,2,Hakai Institute,https://edmo.seadatanet.org/report/5148,,,,,,,,
Hakai-FCBB-FC-035,en,http://creativecommons.org/licenses/by/4.0/legalcode,Hakai Institute,2025-12-29,Canada,CA,WGS84,British Columbia,Burrard Inlet,False Creek,FC-035,"Sept.3, 2022",49.27025,-123.12925,,Spruce Harbour,Hakai-FCBB,Niskin bottle sampling,9,3,2022,2022-9-3,2,2,Hakai Institute,https://edmo.seadatanet.org/report/5148,,,,,,,,
Hakai-FCBB-FC-036,en,http://creativecommons.org/licenses/by/4.0/legalcode,Hakai Institute,2025-12-29,Canada,CA,WGS84,British Columbia,Burrard Inlet,False Creek,FC-036,"Sept.3, 2022",49.27025,-123.12925,,Spruce Harbour,Hakai-FCBB,Niskin bottle sampling,9,3,2022,2022-9-3,0,0,Hakai Institute,https://edmo.seadatanet.org/report/5148,,,,,,,,
Hakai-FCBB-FC-037,en,http://creativecommons.org/licenses/by/4.0/legalcode,Hakai Institute,2025-12-29,Canada,CA,WGS84,British Columbia,Burrard Inlet,False Creek,FC-037,"Sept.3, 2022",49.27025,-123.12925,,Spruce Harbour,Hakai-FCBB,Niskin bottle sampling,9,3,2022,2022-9-3,0,0,Hakai Institute,https://edmo.seadatanet.org/report/5148,,,,,,,,
Hakai-FCBB-FC-038,en,http://creativecommons.org/licenses/by/4.0/legalcode,Hakai Institute,2025-12-29,Canada,CA,WGS84,British Columbia,Burrard Inlet,False Creek,FC-038,"Sept.3, 2022",49.27025,-123.12925,,Spruce Harbour,Hakai-FCBB,Niskin bottle sampling,9,3,2022,2022-9-3,0,0,Hakai Institute,https://edmo.seadatanet.org/report/5148,,,,,,,,
Hakai-FCBB-FC-039,en,http://creativecommons.org/licenses/by/4.0/legalcode,Hakai Institute,2025-12-29,Canada,CA,WGS84,British Columbia,Burrard Inlet,False Creek,FC-039,"Sept.3, 2022",49.27323,-123.13356,,Granville Island,Hakai-FCBB,Niskin bottle sampling,9,3,2022,2022-9-3,2,2,Hakai Institute,https://edmo.seadatanet.org/report/5148,,,,,,,,
Hakai-FCBB-FC-040,en,http://creativecommons.org/licenses/by/4.0/legalcode,Hakai Institute,2025-12-29,Canada,CA,WGS84,British Columbia,Burrard Inlet,False Creek,FC-040,"Sept.3, 2022",49.27323,-123.13356,,Granville Island,Hakai-FCBB,Niskin bottle sampling,9,3,2022,2022-9-3,2,2,Hakai Institute,https://edmo.seadatanet.org/report/5148,,,,,,,,
Hakai-FCBB-FC-041,en,http://creativecommons.org/licenses/by/4.0/legalcode,Hakai Institute,2025-12-29,Canada,CA,WGS84,British Columbia,Burrard Inlet,False Creek,FC-041,"Sept.3, 2022",49.27323,-123.13356,,Granville Island,Hakai-FCBB,Niskin bottle sampling,9,3,2022,2022-9-3,2,2,Hakai Institute,https://edmo.seadatanet.org/report/5148,,,,,,,,
Hakai-FCBB-FC-042,en,http://creativecommons.org/licenses/by/4.0/legalcode,Hakai Institute,2025-12-29,Canada,CA,WGS84,British Columbia,Burrard Inlet,False Creek,FC-042,"Sept.3, 2022",49.27323,-123.13356,,Granville Island,Hakai-FCBB,Niskin bottle sampling,9,3,2022,2022-9-3,0,0,Hakai Institute,https://edmo.seadatanet.org/report/5148,,,,,,,,
Hakai-FCBB-FC-043,en,http://creativecommons.org/licenses/by/4.0/legalcode,Hakai Institute,2025-12-29,Canada,CA,WGS84,British Columbia,Burrard Inlet,False Creek,FC-043,"Sept.3, 2022",49.27323,-123.13356,,Granville Island,Hakai-FCBB,Niskin bottle sampling,9,3,2022,2022-9-3,0,0,Hakai Institute,https://edmo.seadatanet.org/report/5148,,,,,,,,
Hakai-FCBB-FC-044,en,http://creativecommons.org/licenses/by/4.0/legalcode,Hakai Institute,2025-12-29,Canada,CA,WGS84,British Columbia,Burrard Inlet,False Creek,FC-044,"Sept.3, 2022",49.27323,-123.13356,,Granville Island,Hakai-FCBB,Niskin bottle sampling,9,3,2022,2022-9-3,0,0,Hakai Institute,https://edmo.seadatanet.org/report/5148,,,,,,,,
Hakai-FCBB-FC-045,en,http://creativecommons.org/licenses/by/4.0/legalcode,Hakai Institute,2025-12-29,Canada,CA,WGS84,British Columbia,Burrard Inlet,False Creek,FC-045,"Sept.3, 2022",49.27626,-123.1373,,Burrard bridge / fuel dock,Hakai-FCBB,Niskin bottle sampling,9,3,2022,2022-9-3,3,3,Hakai Institute,https://edmo.seadatanet.org/report/5148,,,,,,,,
Hakai-FCBB-FC-046,en,http://creativecommons.org/licenses/by/4.0/legalcode,Hakai Institute,2025-12-29,Canada,CA,WGS84,British Columbia,Burrard Inlet,False Creek,FC-046,"Sept.3, 2022",49.27626,-123.1373,,Burrard bridge / fuel dock,Hakai-FCBB,Niskin bottle sampling,9,3,2022,2022-9-3,3,3,Hakai Institute,https://edmo.seadatanet.org/report/5148,,,,,,,,
Hakai-FCBB-FC-047,en,http://creativecommons.org/licenses/by/4.0/legalcode,Hakai Institute,2025-12-29,Canada,CA,WGS84,British Columbia,Burrard Inlet,False Creek,FC-047,"Sept.3, 2022",49.27626,-123.1373,,Burrard bridge / fuel dock,Hakai-FCBB,Niskin bottle sampling,9,3,2022,2022-9-3,3,3,Hakai Institute,https://edmo.seadatanet.org/report/5148,,,,,,,,
Hakai-FCBB-FC-048,en,http://creativecommons.org/licenses/by/4.0/legalcode,Hakai Institute,2025-12-29,Canada,CA,WGS84,British Columbia,Burrard Inlet,False Creek,FC-048,"Sept.3, 2022",49.27626,-123.1373,,Burrard bridge / fuel dock,Hakai-FCBB,Niskin bottle sampling,9,3,2022,2022-9-3,0,0,Hakai Institute,https://edmo.seadatanet.org/report/5148,,,,,,,,
Hakai-FCBB-FC-049,en,http://creativecommons.org/licenses/by/4.0/legalcode,Hakai Institute,2025-12-29,Canada,CA,WGS84,British Columbia,Burrard Inlet,False Creek,FC-049,"Sept.3, 2022",49.27626,-123.1373,,Burrard bridge / fuel dock,Hakai-FCBB,Niskin bottle sampling,9,3,2022,2022-9-3,0,0,Hakai Institute,https://edmo.seadatanet.org/report/5148,,,,,,,,
Hakai-FCBB-FC-050,en,http://creativecommons.org/licenses/by/4.0/legalcode,Hakai Institute,2025-12-29,Canada,CA,WGS84,British Columbia,Burrard Inlet,False Creek,FC-050,"Sept.3, 2022",49.27626,-123.1373,,Burrard bridge / fuel dock,Hakai-FCBB,Niskin bottle sampling,9,3,2022,2022-9-3,0,0,Hakai Institute,https://edmo.seadatanet.org/report/5148,,,,,,,,
Hakai-FCBB-FC-051,en,http://creativecommons.org/licenses/by/4.0/legalcode,Hakai Institute,2025-12-29,Canada,CA,WGS84,British Columbia,Burrard Inlet,False Creek,FC-051,"Sept.3, 2022",49.279283,-123.141783,,Vanier Park,Hakai-FCBB,Niskin bottle sampling,9,3,2022,2022-9-3,5,5,Hakai Institute,https://edmo.seadatanet.org/report/5148,,,,,,,,
Hakai-FCBB-FC-052,en,http://creativecommons.org/licenses/by/4.0/legalcode,Hakai Institute,2025-12-29,Canada,CA,WGS84,British Columbia,Burrard Inlet,False Creek,FC-052,"Sept.3, 2022",49.279283,-123.141783,,Vanier Park,Hakai-FCBB,Niskin bottle sampling,9,3,2022,2022-9-3,5,5,Hakai Institute,https://edmo.seadatanet.org/report/5148,,,,,,,,
Hakai-FCBB-FC-053,en,http://creativecommons.org/licenses/by/4.0/legalcode,Hakai Institute,2025-12-29,Canada,CA,WGS84,British Columbia,Burrard Inlet,False Creek,FC-053,"Sept.3, 2022",49.279283,-123.141783,,Vanier Park,Hakai-FCBB,Niskin bottle sampling,9,3,2022,2022-9-3,5,5,Hakai Institute,https://edmo.seadatanet.org/report/5148,,,,,,,,
Hakai-FCBB-FC-054,en,http://creativecommons.org/licenses/by/4.0/legalcode,Hakai Institute,2025-12-29,Canada,CA,WGS84,British Columbia,Burrard Inlet,False Creek,FC-054,"Sept.3, 2022",49.279283,-123.141783,,Vanier Park,Hakai-FCBB,Niskin bottle sampling,9,3,2022,2022-9-3,0,0,Hakai Institute,https://edmo.seadatanet.org/report/5148,,,,,,,,
Hakai-FCBB-FC-055,en,http://creativecommons.org/licenses/by/4.0/legalcode,Hakai Institute,2025-12-29,Canada,CA,WGS84,British Columbia,Burrard Inlet,False Creek,FC-055,"Sept.3, 2022",49.279283,-123.141783,,Vanier Park,Hakai-FCBB,Niskin bottle sampling,9,3,2022,2022-9-3,0,0,Hakai Institute,https://edmo.seadatanet.org/report/5148,,,,,,,,
Hakai-FCBB-FC-056,en,http://creativecommons.org/licenses/by/4.0/legalcode,Hakai Institute,2025-12-29,Canada,CA,WGS84,British Columbia,Burrard Inlet,False Creek,FC-056,"Sept.3, 2022",49.279283,-123.141783,,Vanier Park,Hakai-FCBB,Niskin bottle sampling,9,3,2022,2022-9-3,0,0,Hakai Institute,https://edmo.seadatanet.org/report/5148,,,,,,,,
Hakai-FCBB-FC-057,en,http://creativecommons.org/licenses/by/4.0/legalcode,Hakai Institute,2025-12-29,Canada,CA,WGS84,British Columbia,Burrard Inlet,False Creek,FC-057,"Sept.3, 2022",49.283216,-123.14965,,Barge Chillin' Beach,Hakai-FCBB,Niskin bottle sampling,9,3,2022,2022-9-3,5,5,Hakai Institute,https://edmo.seadatanet.org/report/5148,,,,,,,,
Hakai-FCBB-FC-058,en,http://creativecommons.org/licenses/by/4.0/legalcode,Hakai Institute,2025-12-29,Canada,CA,WGS84,British Columbia,Burrard Inlet,False Creek,FC-058,"Sept.3, 2022",49.283216,-123.14965,,Barge Chillin' Beach,Hakai-FCBB,Niskin bottle sampling,9,3,2022,2022-9-3,5,5,Hakai Institute,https://edmo.seadatanet.org/report/5148,,,,,,,,
Hakai-FCBB-FC-059,en,http://creativecommons.org/licenses/by/4.0/legalcode,Hakai Institute,2025-12-29,Canada,CA,WGS84,British Columbia,Burrard Inlet,False Creek,FC-059,"Sept.3, 2022",49.283216,-123.14965,,Barge Chillin' Beach,Hakai-FCBB,Niskin bottle sampling,9,3,2022,2022-9-3,5,5,Hakai Institute,https://edmo.seadatanet.org/report/5148,,,,,,,,
Hakai-FCBB-FC-060,en,http://creativecommons.org/licenses/by/4.0/legalcode,Hakai Institute,2025-12-29,Canada,CA,WGS84,British Columbia,Burrard Inlet,False Creek,FC-060,"Sept.3, 2022",49.283216,-123.14965,,Barge Chillin' Beach,Hakai-FCBB,Niskin bottle sampling,9,3,2022,2022-9-3,0,0,Hakai Institute,https://edmo.seadatanet.org/report/5148,,,,,,,,
Hakai-FCBB-FC-061,en,http://creativecommons.org/licenses/by/4.0/legalcode,Hakai Institute,2025-12-29,Canada,CA,WGS84,British Columbia,Burrard Inlet,False Creek,FC-061,"Sept.3, 2022",49.283216,-123.14965,,Barge Chillin' Beach,Hakai-FCBB,Niskin bottle sampling,9,3,2022,2022-9-3,0,0,Hakai Institute,https://edmo.seadatanet.org/report/5148,,,,,,,,
Hakai-FCBB-FC-062,en,http://creativecommons.org/licenses/by/4.0/legalcode,Hakai Institute,2025-12-29,Canada,CA,WGS84,British Columbia,Burrard Inlet,False Creek,FC-062,"Sept.3, 2022",49.283216,-123.14965,,Barge Chillin' Beach,Hakai-FCBB,Niskin bottle sampling,9,3,2022,2022-9-3,0,0,Hakai Institute,https://edmo.seadatanet.org/report/5148,,,,,,,,
Hakai-FCBB-FC-063,en,http://creativecommons.org/licenses/by/4.0/legalcode,Hakai Institute,2025-12-29,Canada,CA,WGS84,British Columbia,Burrard Inlet,False Creek,FC-063,"Sept.3, 2022",49.281516,-123.15095,,Kits Beach,Hakai-FCBB,Niskin bottle sampling,9,3,2022,2022-9-3,5,5,Hakai Institute,https://edmo.seadatanet.org/report/5148,,,,,,,,
Hakai-FCBB-FC-064,en,http://creativecommons.org/licenses/by/4.0/legalcode,Hakai Institute,2025-12-29,Canada,CA,WGS84,British Columbia,Burrard Inlet,False Creek,FC-064,"Sept.3, 2022",49.281516,-123.15095,,Kits Beach,Hakai-FCBB,Niskin bottle sampling,9,3,2022,2022-9-3,5,5,Hakai Institute,https://edmo.seadatanet.org/report/5148,,,,,,,,
Hakai-FCBB-FC-065,en,http://creativecommons.org/licenses/by/4.0/legalcode,Hakai Institute,2025-12-29,Canada,CA,WGS84,British Columbia,Burrard Inlet,False Creek,FC-065,"Sept.3, 2022",49.281516,-123.15095,,Kits Beach,Hakai-FCBB,Niskin bottle sampling,9,3,2022,2022-9-3,5,5,Hakai Institute,https://edmo.seadatanet.org/report/5148,,,,,,,,
Hakai-FCBB-FC-066,en,http://creativecommons.org/licenses/by/4.0/legalcode,Hakai Institute,2025-12-29,Canada,CA,WGS84,British Columbia,Burrard Inlet,False Creek,FC-066,"Sept.3, 2022",49.281516,-123.15095,,Kits Beach,Hakai-FCBB,Niskin bottle sampling,9,3,2022,2022-9-3,0,0,Hakai Institute,https://edmo.seadatanet.org/report/5148,,,,,,,,
Hakai-FCBB-FC-067,en,http://creativecommons.org/licenses/by/4.0/legalcode,Hakai Institute,2025-12-29,Canada,CA,WGS84,British Columbia,Burrard Inlet,False Creek,FC-067,"Sept.3, 2022",49.281516,-123.15095,,Kits Beach,Hakai-FCBB,Niskin bottle sampling,9,3,2022,2022-9-3,0,0,Hakai Institute,https://edmo.seadatanet.org/report/5148,,,,,,,,
Hakai-FCBB-FC-068,en,http://creativecommons.org/licenses/by/4.0/legalcode,Hakai Institute,2025-12-29,Canada,CA,WGS84,British Columbia,Burrard Inlet,False Creek,FC-068,"Sept.3, 2022",49.281516,-123.15095,,Kits Beach,Hakai-FCBB,Niskin bottle sampling,9,3,2022,2022-9-3,0,0,Hakai Institute,https://edmo.seadatanet.org/report/5148,,,,,,,,
Hakai-FCBB-FC-069,en,http://creativecommons.org/licenses/by/4.0/legalcode,Hakai Institute,2025-12-29,Canada,CA,WGS84,British Columbia,Burrard Inlet,False Creek,FC-069,"Sept.3, 2022",49.281783,-123.1601,,English Bay,Hakai-FCBB,Niskin bottle sampling,9,3,2022,2022-9-3,10,10,Hakai Institute,https://edmo.seadatanet.org/report/5148,,,,,,,,
Hakai-FCBB-FC-070,en,http://creativecommons.org/licenses/by/4.0/legalcode,Hakai Institute,2025-12-29,Canada,CA,WGS84,British Columbia,Burrard Inlet,False Creek,FC-070,"Sept.3, 2022",49.281783,-123.1601,,English Bay,Hakai-FCBB,Niskin bottle sampling,9,3,2022,2022-9-3,10,10,Hakai Institute,https://edmo.seadatanet.org/report/5148,,,,,,,,
Hakai-FCBB-FC-071,en,http://creativecommons.org/licenses/by/4.0/legalcode,Hakai Institute,2025-12-29,Canada,CA,WGS84,British Columbia,Burrard Inlet,False Creek,FC-071,"Sept.3, 2022",49.281783,-123.1601,,English Bay,Hakai-FCBB,Niskin bottle sampling,9,3,2022,2022-9-3,10,10,Hakai Institute,https://edmo.seadatanet.org/report/5148,,,,,,,,
Hakai-FCBB-FC-072,en,http://creativecommons.org/licenses/by/4.0/legalcode,Hakai Institute,2025-12-29,Canada,CA,WGS84,British Columbia,Burrard Inlet,False Creek,FC-072,"Sept.3, 2022",49.281783,-123.1601,,English Bay,Hakai-FCBB,Niskin bottle sampling,9,3,2022,2022-9-3,0,0,Hakai Institute,https://edmo.seadatanet.org/report/5148,,,,,,,,
Hakai-FCBB-FC-073,en,http://creativecommons.org/licenses/by/4.0/legalcode,Hakai Institute,2025-12-29,Canada,CA,WGS84,British Columbia,Burrard Inlet,False Creek,FC-073,"Sept.3, 2022",49.281783,-123.1601,,English Bay,Hakai-FCBB,Niskin bottle sampling,9,3,2022,2022-9-3,0,0,Hakai Institute,https://edmo.seadatanet.org/report/5148,,,,,,,,
Hakai-FCBB-FC-074,en,http://creativecommons.org/licenses/by/4.0/legalcode,Hakai Institute,2025-12-29,Canada,CA,WGS84,British Columbia,Burrard Inlet,False Creek,FC-074,"Sept.3, 2022",49.281783,-123.1601,,English Bay,Hakai-FCBB,Niskin bottle sampling,9,3,2022,2022-9-3,0,0,Hakai Institute,https://edmo.seadatanet.org/report/5148,,,,,,,,
BHAK-12002-FCBB-001,en,http://creativecommons.org/licenses/by/4.0/legalcode,Hakai Institute,2025-12-29,Canada,CA,WGS84,British Columbia,Burrard Inlet,False Creek,BHAK-12002-FCBB,,49.272,-123.103,settlment plate #31,Science World Dock,Hakai-FCBB,settlement plates,9,3,2022,2022-09-03,1,1,"University of British Columbia, Beaty Biodiversity Museum",http://biocol.org/urn:lsid:biocol.org:col:15106,"inlet, dock",FalseCreek_BioBlitz_2022,BHAK-12002-FCBB,BHAK-12002-FCBB,BHAK-12002-FCBB,settlement plates,1,BoLD original eventID: BHAK-12002-FCBB
BHAK-12003-FCBB-001,en,http://creativecommons.org/licenses/by/4.0/legalcode,Hakai Institute,2025-12-29,Canada,CA,WGS84,British Columbia,Burrard Inlet,False Creek,BHAK-12003-FCBB,,49.272,-123.103,,Science World Dock,Hakai-FCBB,settlement plates,9,3,2022,2022-09-03,1,1,"University of British Columbia, Beaty Biodiversity Museum",http://biocol.org/urn:lsid:biocol.org:col:15106,"inlet, dock",FalseCreek_BioBlitz_2022,BHAK-12003-FCBB,BHAK-12003-FCBB,BHAK-12003-FCBB,settlement plates,1,BoLD original eventID: BHAK-12003-FCBB
BHAK-12004-FCBB-001,en,http://creativecommons.org/licenses/by/4.0/legalcode,Hakai Institute,2025-12-29,Canada,CA,WGS84,British Columbia,Burrard Inlet,False Creek,BHAK-12004-FCBB,,49.272,-123.103,,Science World Dock,Hakai-FCBB,benthic light trap,9,4,2022,2022-09-04,3,3,"University of British Columbia, Beaty Biodiversity Museum",http://biocol.org/urn:lsid:biocol.org:col:15106,"inlet, dock",FalseCreek_BioBlitz_2022,BHAK-12004-FCBB,BHAK-12004-FCBB,BHAK-12004-FCBB,benthic light trap,3,BoLD original eventID: BHAK-12004-FCBB
BHAK-12005-FCBB-001,en,http://creativecommons.org/licenses/by/4.0/legalcode,Hakai Institute,2025-12-29,Canada,CA,WGS84,British Columbia,Burrard Inlet,False Creek,BHAK-12005-FCBB,,49.273,-123.135,,Granville Island Dock,Hakai-FCBB,settlement plates,9,5,2022,2022-09-05,1,1,"University of British Columbia, Beaty Biodiversity Museum",http://biocol.org/urn:lsid:biocol.org:col:15106,"inlet, dock",FalseCreek_BioBlitz_2022,BHAK-12005-FCBB,BHAK-12005-FCBB,BHAK-12005-FCBB,settlement plates,1,BoLD original eventID: BHAK-12005-FCBB
BHAK-12006-FCBB-001,en,http://creativecommons.org/licenses/by/4.0/legalcode,Hakai Institute,2025-12-29,Canada,CA,WGS84,British Columbia,Burrard Inlet,False Creek,BHAK-12006-FCBB,,49.273,-123.135,,Granville Island Dock,Hakai-FCBB,settlement plates,9,5,2022,2022-09-05,1,1,"University of British Columbia, Beaty Biodiversity Museum",http://biocol.org/urn:lsid:biocol.org:col:15106,"inlet, dock",FalseCreek_BioBlitz_2022,BHAK-12006-FCBB,BHAK-12006-FCBB,BHAK-12006-FCBB,settlement plates,1,BoLD original eventID: BHAK-12006-FCBB
BHAK-12007-FCBB-001,en,http://creativecommons.org/licenses/by/4.0/legalcode,Hakai Institute,2025-12-29,Canada,CA,WGS84,British Columbia,Burrard Inlet,False Creek,BHAK-12007-FCBB,,49.273,-123.135,,Granville Island Dock,Hakai-FCBB,settlement plates,9,5,2022,2022-09-05,1,1,"University of British Columbia, Beaty Biodiversity Museum",http://biocol.org/urn:lsid:biocol.org:col:15106,"inlet, dock",FalseCreek_BioBlitz_2022,BHAK-12007-FCBB,BHAK-12007-FCBB,BHAK-12007-FCBB,settlement plates,1,BoLD original eventID: BHAK-12007-FCBB
BHAK-12008-FCBB-001,en,http://creativecommons.org/licenses/by/4.0/legalcode,Hakai Institute,2025-12-29,Canada,CA,WGS84,British Columbia,Burrard Inlet,False Creek,BHAK-12008-FCBB,,49.273,-123.135,,Granville Island Dock,Hakai-FCBB,settlement plates,9,5,2022,2022-09-05,1,1,"University of British Columbia, Beaty Biodiversity Museum",http://biocol.org/urn:lsid:biocol.org:col:15106,"inlet, dock",FalseCreek_BioBlitz_2022,BHAK-12008-FCBB,BHAK-12008-FCBB,BHAK-12008-FCBB,settlement plates,1,BoLD original eventID: BHAK-12008-FCBB
BHAK-12009-FCBB-001,en,http://creativecommons.org/licenses/by/4.0/legalcode,Hakai Institute,2025-12-29,Canada,CA,WGS84,British Columbia,Burrard Inlet,False Creek,BHAK-12009-FCBB,,49.273,-123.135,,Granville Island Dock,Hakai-FCBB,settlement plates,9,5,2022,2022-09-05,1,1,Hakai Institute,https://edmo.seadatanet.org/report/5148,"inlet, dock",FalseCreek_BioBlitz_2022,BHAK-12009-FCBB,BHAK-12009-FCBB,BHAK-12009-FCBB,settlement plates,1,BoLD original eventID: BHAK-12009-FCBB
BHAK-12010-FCBB-001,en,http://creativecommons.org/licenses/by/4.0/legalcode,Hakai Institute,2025-12-29,Canada,CA,WGS84,British Columbia,Burrard Inlet,False Creek,BHAK-12010-FCBB,,49.273,-123.135,,Granville Island Dock,Hakai-FCBB,settlement plates,9,5,2022,2022-09-05,1,1,"University of British Columbia, Beaty Biodiversity Museum",http://biocol.org/urn:lsid:biocol.org:col:15106,"inlet, dock",FalseCreek_BioBlitz_2022,BHAK-12010-FCBB,BHAK-12010-FCBB,BHAK-12010-FCBB,settlement plates,1,BoLD original eventID: BHAK-12010-FCBB
BHAK-12011-FCBB-001,en,http://creativecommons.org/licenses/by/4.0/legalcode,Hakai Institute,2025-12-29,Canada,CA,WGS84,British Columbia,Burrard Inlet,False Creek,BHAK-12011-FCBB,,49.273,-123.135,,Granville Island Dock,Hakai-FCBB,settlement plates,9,5,2022,2022-09-05,1,1,"University of British Columbia, Beaty Biodiversity Museum",http://biocol.org/urn:lsid:biocol.org:col:15106,"inlet, dock",FalseCreek_BioBlitz_2022,BHAK-12011-FCBB,BHAK-12011-FCBB,BHAK-12011-FCBB,settlement plates,1,BoLD original eventID: BHAK-12011-FCBB
BHAK-12013-FCBB-001,en,http://creativecommons.org/licenses/by/4.0/legalcode,Hakai Institute,2025-12-29,Canada,CA,WGS84,British Columbia,Burrard Inlet,False Creek,BHAK-12013-FCBB,,49.273,-123.135,,Granville Island Dock,Hakai-FCBB,settlement plates,9,5,2022,2022-09-05,1,1,"University of British Columbia, Beaty Biodiversity Museum",http://biocol.org/urn:lsid:biocol.org:col:15106,"inlet, dock",FalseCreek_BioBlitz_2022,BHAK-12013-FCBB,BHAK-12013-FCBB,BHAK-12013-FCBB,settlement plates,1,BoLD original eventID: BHAK-12013-FCBB
BHAK-12014-FCBB-001,en,http://creativecommons.org/licenses/by/4.0/legalcode,Hakai Institute,2025-12-29,Canada,CA,WGS84,British Columbia,Burrard Inlet,False Creek,BHAK-12014-FCBB,,49.273,-123.135,,Granville Island Dock,Hakai-FCBB,settlement plates,9,5,2022,2022-09-05,1,1,"University of British Columbia, Beaty Biodiversity Museum",http://biocol.org/urn:lsid:biocol.org:col:15106,"inlet, dock",FalseCreek_BioBlitz_2022,BHAK-12014-FCBB,BHAK-12014-FCBB,BHAK-12014-FCBB,settlement plates,1,BoLD original eventID: BHAK-12014-FCBB
BHAK-12015-FCBB-001,en,http://creativecommons.org/licenses/by/4.0/legalcode,Hakai Institute,2025-12-29,Canada,CA,WGS84,British Columbia,Burrard Inlet,False Creek,BHAK-12015-FCBB,,49.273,-123.135,,Granville Island Dock,Hakai-FCBB,settlement plates,9,5,2022,2022-09-05,1,1,"University of British Columbia, Beaty Biodiversity Museum",http://biocol.org/urn:lsid:biocol.org:col:15106,"inlet, dock",FalseCreek_BioBlitz_2022,BHAK-12015-FCBB,BHAK-12015-FCBB,BHAK-12015-FCBB,settlement plates,1,BoLD original eventID: BHAK-12015-FCBB
BHAK-12016-FCBB-001,en,http://creativecommons.org/licenses/by/4.0/legalcode,Hakai Institute,2025-12-29,Canada,CA,WGS84,British Columbia,Burrard Inlet,False Creek,BHAK-12016-FCBB,,49.273,-123.135,,Granville Island Dock,Hakai-FCBB,settlement plates,9,5,2022,2022-09-05,1,1,"University of British Columbia, Beaty Biodiversity Museum",http://biocol.org/urn:lsid:biocol.org:col:15106,"inlet, dock",FalseCreek_BioBlitz_2022,BHAK-12016-FCBB,BHAK-12016-FCBB,BHAK-12016-FCBB,settlement plates,1,BoLD original eventID: BHAK-12016-FCBB
BHAK-12012-FCBB-001,en,http://creativecommons.org/licenses/by/4.0/legalcode,Hakai Institute,2025-12-29,Canada,CA,WGS84,British Columbia,Burrard Inlet,False Creek,BHAK-12012-FCBB,,49.273,-123.135,,Granville Island Dock,Hakai-FCBB,settlement plates,9,5,2022,2022-09-05,1,1,"University of British Columbia, Beaty Biodiversity Museum",http://biocol.org/urn:lsid:biocol.org:col:15106,"inlet, dock",FalseCreek_BioBlitz_2022,BHAK-12012-FCBB,BHAK-12012-FCBB,BHAK-12012-FCBB,settlement plates,1,BoLD original eventID: BHAK-12012-FCBB
BHAK-12017-FCBB-001,en,http://creativecommons.org/licenses/by/4.0/legalcode,Hakai Institute,2025-12-29,Canada,CA,WGS84,British Columbia,Burrard Inlet,False Creek,BHAK-12017-FCBB,,49.273,-123.135,,Granville Island Dock,Hakai-FCBB,settlement plates,9,5,2022,2022-09-05,1,1,"University of British Columbia, Beaty Biodiversity Museum",http://biocol.org/urn:lsid:biocol.org:col:15106,"inlet, dock",FalseCreek_BioBlitz_2022,BHAK-12017-FCBB,BHAK-12017-FCBB,BHAK-12017-FCBB,settlement plates,1,BoLD original eventID: BHAK-12017-FCBB
BHAK-12018-FCBB-001,en,http://creativecommons.org/licenses/by/4.0/legalcode,Hakai Institute,2025-12-29,Canada,CA,WGS84,British Columbia,Burrard Inlet,False Creek,BHAK-12018-FCBB,,49.273,-123.135,,Granville Island Dock,Hakai-FCBB,settlement plates,9,5,2022,2022-09-05,1,1,"University of British Columbia, Beaty Biodiversity Museum",http://biocol.org/urn:lsid:biocol.org:col:15106,"inlet, dock",FalseCreek_BioBlitz_2022,BHAK-12018-FCBB,BHAK-12018-FCBB,BHAK-12018-FCBB,settlement plates,1,BoLD original eventID: BHAK-12018-FCBB
BHAK-12019-FCBB-001,en,http://creativecommons.org/licenses/by/4.0/legalcode,Hakai Institute,2025-12-29,Canada,CA,WGS84,British Columbia,Burrard Inlet,False Creek,BHAK-12019-FCBB,,49.273,-123.135,,Granville Island Dock,Hakai-FCBB,settlement plates,9,5,2022,2022-09-05,1,1,"University of British Columbia, Beaty Biodiversity Museum",http://biocol.org/urn:lsid:biocol.org:col:15106,"inlet, dock",FalseCreek_BioBlitz_2022,BHAK-12019-FCBB,BHAK-12019-FCBB,BHAK-12019-FCBB,settlement plates,1,BoLD original eventID: BHAK-12019-FCBB
BHAK-12028-FCBB-001,en,http://creativecommons.org/licenses/by/4.0/legalcode,Hakai Institute,2025-12-29,Canada,CA,WGS84,British Columbia,Burrard Inlet,False Creek,BHAK-12028-FCBB,,49.27,-123.123,,Charleston Park- combined sewer outflow,Hakai-FCBB,sediment grab sample,9,5,2022,2022-09-05,5,5,"University of British Columbia, Beaty Biodiversity Museum",http://biocol.org/urn:lsid:biocol.org:col:15106,inlet,FalseCreek_BioBlitz_2022,BHAK-12028-FCBB,BHAK-12028-FCBB,BHAK-12028-FCBB,sediment grab sample,5,BoLD original eventID: BHAK-12028-FCBB
BHAK-12029-FCBB-001,en,http://creativecommons.org/licenses/by/4.0/legalcode,Hakai Institute,2025-12-29,Canada,CA,WGS84,British Columbia,Burrard Inlet,False Creek,BHAK-12029-FCBB,,49.27,-123.123,,Charleston Park- combined sewer outflow,Hakai-FCBB,sediment grab sample,9,5,2022,2022-09-05,5,5,"University of British Columbia, Beaty Biodiversity Museum",http://biocol.org/urn:lsid:biocol.org:col:15106,inlet,FalseCreek_BioBlitz_2022,BHAK-12029-FCBB,BHAK-12029-FCBB,BHAK-12029-FCBB,sediment grab sample,5,BoLD original eventID: BHAK-12029-FCBB
BHAK-12025-FCBB-001,en,http://creativecommons.org/licenses/by/4.0/legalcode,Hakai Institute,2025-12-29,Canada,CA,WGS84,British Columbia,Burrard Inlet,False Creek,BHAK-12025-FCBB,,49.274,-123.105,,False Creek Rear Channel,Hakai-FCBB,sediment grab sample,9,5,2022,2022-09-05,5,5,Hakai Institute,https://edmo.seadatanet.org/report/5148,inlet,FalseCreek_BioBlitz_2022,BHAK-12025-FCBB,BHAK-12025-FCBB,BHAK-12025-FCBB,sediment grab sample,5,BoLD original eventID: BHAK-12025-FCBB
BHAK-12026-FCBB-001,en,http://creativecommons.org/licenses/by/4.0/legalcode,Hakai Institute,2025-12-29,Canada,CA,WGS84,British Columbia,Burrard Inlet,False Creek,BHAK-12026-FCBB,,49.274,-123.105,,False Creek Rear Channel,Hakai-FCBB,sediment grab sample,9,5,2022,2022-09-05,5,5,Hakai Institute,https://edmo.seadatanet.org/report/5148,inlet,FalseCreek_BioBlitz_2022,BHAK-12026-FCBB,BHAK-12026-FCBB,BHAK-12026-FCBB,sediment grab sample,5,BoLD original eventID: BHAK-12026-FCBB
BHAK-12027-FCBB-001,en,http://creativecommons.org/licenses/by/4.0/legalcode,Hakai Institute,2025-12-29,Canada,CA,WGS84,British Columbia,Burrard Inlet,False Creek,BHAK-12027-FCBB,,49.274,-123.105,,False Creek Rear Channel,Hakai-FCBB,sediment grab sample,9,5,2022,2022-09-05,5,5,Hakai Institute,https://edmo.seadatanet.org/report/5148,inlet,FalseCreek_BioBlitz_2022,BHAK-12027-FCBB,BHAK-12027-FCBB,BHAK-12027-FCBB,sediment grab sample,5,BoLD original eventID: BHAK-12027-FCBB
BHAK-12031-FCBB-001,en,http://creativecommons.org/licenses/by/4.0/legalcode,Hakai Institute,2025-12-29,Canada,CA,WGS84,British Columbia,Burrard Inlet,False Creek,BHAK-12031-FCBB,,49.273,-123.135,,Granville Island Dock,Hakai-FCBB,settlement plates,9,5,2022,2022-09-05,1,1,"University of British Columbia, Beaty Biodiversity Museum",http://biocol.org/urn:lsid:biocol.org:col:15106,"inlet, dock",FalseCreek_BioBlitz_2022,BHAK-12031-FCBB,BHAK-12031-FCBB,BHAK-12031-FCBB,settlement plates,1,BoLD original eventID: BHAK-12031-FCBB
BHAK-12032-FCBB-001,en,http://creativecommons.org/licenses/by/4.0/legalcode,Hakai Institute,2025-12-29,Canada,CA,WGS84,British Columbia,Burrard Inlet,False Creek,BHAK-12032-FCBB,,49.273,-123.135,,Granville Island Dock,Hakai-FCBB,settlement plates,9,5,2022,2022-09-05,1,1,Hakai Institute,https://edmo.seadatanet.org/report/5148,"inlet, dock",FalseCreek_BioBlitz_2022,BHAK-12032-FCBB,BHAK-12032-FCBB,BHAK-12032-FCBB,settlement plates,1,BoLD original eventID: BHAK-12032-FCBB
BHAK-12033-FCBB-001,en,http://creativecommons.org/licenses/by/4.0/legalcode,Hakai Institute,2025-12-29,Canada,CA,WGS84,British Columbia,Burrard Inlet,False Creek,BHAK-12033-FCBB,,49.273,-123.135,,Granville Island Dock,Hakai-FCBB,settlement plates,9,5,2022,2022-09-05,1,1,"University of British Columbia, Beaty Biodiversity Museum",http://biocol.org/urn:lsid:biocol.org:col:15106,"inlet, dock",FalseCreek_BioBlitz_2022,BHAK-12033-FCBB,BHAK-12033-FCBB,BHAK-12033-FCBB,settlement plates,1,BoLD original eventID: BHAK-12033-FCBB
BHAK-12034-FCBB-001,en,http://creativecommons.org/licenses/by/4.0/legalcode,Hakai Institute,2025-12-29,Canada,CA,WGS84,British Columbia,Burrard Inlet,False Creek,BHAK-12034-FCBB,,49.273,-123.135,,Granville Island Dock,Hakai-FCBB,settlement plates,9,5,2022,2022-09-05,1,1,"University of British Columbia, Beaty Biodiversity Museum",http://biocol.org/urn:lsid:biocol.org:col:15106,"inlet, dock",FalseCreek_BioBlitz_2022,BHAK-12034-FCBB,BHAK-12034-FCBB,BHAK-12034-FCBB,settlement plates,1,BoLD original eventID: BHAK-12034-FCBB
BHAK-12035-FCBB-001,en,http://creativecommons.org/licenses/by/4.0/legalcode,Hakai Institute,2025-12-29,Canada,CA,WGS84,British Columbia,Burrard Inlet,False Creek,BHAK-12035-FCBB,,49.273,-123.135,,Granville Island Dock,Hakai-FCBB,settlement plates,9,5,2022,2022-09-05,1,1,"University of British Columbia, Beaty Biodiversity Museum",http://biocol.org/urn:lsid:biocol.org:col:15106,"inlet, dock",FalseCreek_BioBlitz_2022,BHAK-12035-FCBB,BHAK-12035-FCBB,BHAK-12035-FCBB,settlement plates,1,BoLD original eventID: BHAK-12035-FCBB
BHAK-12036-FCBB-001,en,http://creativecommons.org/licenses/by/4.0/legalcode,Hakai Institute,2025-12-29,Canada,CA,WGS84,British Columbia,Burrard Inlet,False Creek,BHAK-12036-FCBB,,49.273,-123.135,,Granville Island Dock,Hakai-FCBB,settlement plates,9,5,2022,2022-09-05,1,1,Hakai Institute,https://edmo.seadatanet.org/report/5148,"inlet, dock",FalseCreek_BioBlitz_2022,BHAK-12036-FCBB,BHAK-12036-FCBB,BHAK-12036-FCBB,settlement plates,1,BoLD original eventID: BHAK-12036-FCBB
BHAK-12037-FCBB-001,en,http://creativecommons.org/licenses/by/4.0/legalcode,Hakai Institute,2025-12-29,Canada,CA,WGS84,British Columbia,Burrard Inlet,False Creek,BHAK-12037-FCBB,,49.273,-123.135,,Granville Island Dock,Hakai-FCBB,settlement plates,9,5,2022,2022-09-05,1,1,"University of British Columbia, Beaty Biodiversity Museum",http://biocol.org/urn:lsid:biocol.org:col:15106,"inlet, dock",FalseCreek_BioBlitz_2022,BHAK-12037-FCBB,BHAK-12037-FCBB,BHAK-12037-FCBB,settlement plates,1,BoLD original eventID: BHAK-12037-FCBB
BHAK-12038-FCBB-001,en,http://creativecommons.org/licenses/by/4.0/legalcode,Hakai Institute,2025-12-29,Canada,CA,WGS84,British Columbia,Burrard Inlet,False Creek,BHAK-12038-FCBB,,49.273,-123.135,,Granville Island Dock,Hakai-FCBB,settlement plates,9,5,2022,2022-09-05,1,1,"University of British Columbia, Beaty Biodiversity Museum",http://biocol.org/urn:lsid:biocol.org:col:15106,"inlet, dock",FalseCreek_BioBlitz_2022,BHAK-12038-FCBB,BHAK-12038-FCBB,BHAK-12038-FCBB,settlement plates,1,BoLD original eventID: BHAK-12038-FCBB
BHAK-12039-FCBB-001,en,http://creativecommons.org/licenses/by/4.0/legalcode,Hakai Institute,2025-12-29,Canada,CA,WGS84,British Columbia,Burrard Inlet,False Creek,BHAK-12039-FCBB,,49.273,-123.135,,Granville Island Dock,Hakai-FCBB,settlement plates,9,5,2022,2022-09-05,1,1,"University of British Columbia, Beaty Biodiversity Museum",http://biocol.org/urn:lsid:biocol.org:col:15106,"inlet, dock",FalseCreek_BioBlitz_2022,BHAK-12039-FCBB,BHAK-12039-FCBB,BHAK-12039-FCBB,settlement plates,1,BoLD original eventID: BHAK-12039-FCBB
BHAK-12040-FCBB-001,en,http://creativecommons.org/licenses/by/4.0/legalcode,Hakai Institute,2025-12-29,Canada,CA,WGS84,British Columbia,Burrard Inlet,False Creek,BHAK-12040-FCBB,,49.273,-123.135,,Granville Island Dock,Hakai-FCBB,settlement plates,9,5,2022,2022-09-05,1,1,"University of British Columbia, Beaty Biodiversity Museum",http://biocol.org/urn:lsid:biocol.org:col:15106,"inlet, dock",FalseCreek_BioBlitz_2022,BHAK-12040-FCBB,BHAK-12040-FCBB,BHAK-12040-FCBB,settlement plates,1,BoLD original eventID: BHAK-12040-FCBB
BHAK-12041-FCBB-001,en,http://creativecommons.org/licenses/by/4.0/legalcode,Hakai Institute,2025-12-29,Canada,CA,WGS84,British Columbia,Burrard Inlet,False Creek,BHAK-12041-FCBB,,49.273,-123.135,,Granville Island Dock,Hakai-FCBB,settlement plates,9,5,2022,2022-09-05,1,1,"University of British Columbia, Beaty Biodiversity Museum",http://biocol.org/urn:lsid:biocol.org:col:15106,"inlet, dock",FalseCreek_BioBlitz_2022,BHAK-12041-FCBB,BHAK-12041-FCBB,BHAK-12041-FCBB,settlement plates,1,BoLD original eventID: BHAK-12041-FCBB
BHAK-12042-FCBB-001,en,http://creativecommons.org/licenses/by/4.0/legalcode,Hakai Institute,2025-12-29,Canada,CA,WGS84,British Columbia,Burrard Inlet,False Creek,BHAK-12042-FCBB,,49.273,-123.135,,Granville Island Dock,Hakai-FCBB,settlement plates,9,5,2022,2022-09-05,1,1,"University of British Columbia, Beaty Biodiversity Museum",http://biocol.org/urn:lsid:biocol.org:col:15106,"inlet, dock",FalseCreek_BioBlitz_2022,BHAK-12042-FCBB,BHAK-12042-FCBB,BHAK-12042-FCBB,settlement plates,1,BoLD original eventID: BHAK-12042-FCBB
BHAK-12043-FCBB-001,en,http://creativecommons.org/licenses/by/4.0/legalcode,Hakai Institute,2025-12-29,Canada,CA,WGS84,British Columbia,Burrard Inlet,False Creek,BHAK-12043-FCBB,,49.273,-123.135,,Granville Island Dock,Hakai-FCBB,settlement plates,9,5,2022,2022-09-05,1,1,"University of British Columbia, Beaty Biodiversity Museum",http://biocol.org/urn:lsid:biocol.org:col:15106,"inlet, dock",FalseCreek_BioBlitz_2022,BHAK-12043-FCBB,BHAK-12043-FCBB,BHAK-12043-FCBB,settlement plates,1,BoLD original eventID: BHAK-12043-FCBB
BHAK-12044-FCBB-001,en,http://creativecommons.org/licenses/by/4.0/legalcode,Hakai Institute,2025-12-29,Canada,CA,WGS84,British Columbia,Burrard Inlet,False Creek,BHAK-12044-FCBB,,49.273,-123.135,,Granville Island Dock,Hakai-FCBB,settlement plates,9,5,2022,2022-09-05,1,1,"University of British Columbia, Beaty Biodiversity Museum",http://biocol.org/urn:lsid:biocol.org:col:15106,"inlet, dock",FalseCreek_BioBlitz_2022,BHAK-12044-FCBB,BHAK-12044-FCBB,BHAK-12044-FCBB,settlement plates,1,BoLD original eventID: BHAK-12044-FCBB
BHAK-12020-FCBB-001,en,http://creativecommons.org/licenses/by/4.0/legalcode,Hakai Institute,2025-12-29,Canada,CA,WGS84,British Columbia,Burrard Inlet,False Creek,BHAK-12020-FCBB,,49.273,-123.135,,Granville Island Dock,Hakai-FCBB,settlement plates,9,5,2022,2022-09-05,1,1,"University of British Columbia, Beaty Biodiversity Museum",http://biocol.org/urn:lsid:biocol.org:col:15106,"inlet, dock",FalseCreek_BioBlitz_2022,BHAK-12020-FCBB,BHAK-12020-FCBB,BHAK-12020-FCBB,settlement plates,1,BoLD original eventID: BHAK-12020-FCBB
BHAK-12021-FCBB-001,en,http://creativecommons.org/licenses/by/4.0/legalcode,Hakai Institute,2025-12-29,Canada,CA,WGS84,British Columbia,Burrard Inlet,False Creek,BHAK-12021-FCBB,,49.273,-123.135,,Granville Island Dock,Hakai-FCBB,settlement plates,9,5,2022,2022-09-05,1,1,Hakai Institute,https://edmo.seadatanet.org/report/5148,"inlet, dock",FalseCreek_BioBlitz_2022,BHAK-12021-FCBB,BHAK-12021-FCBB,BHAK-12021-FCBB,settlement plates,1,BoLD original eventID: BHAK-12021-FCBB
BHAK-12022-FCBB-001,en,http://creativecommons.org/licenses/by/4.0/legalcode,Hakai Institute,2025-12-29,Canada,CA,WGS84,British Columbia,Burrard Inlet,False Creek,BHAK-12022-FCBB,,49.273,-123.135,,Granville Island Dock,Hakai-FCBB,settlement plates,9,5,2022,2022-09-05,1,1,Hakai Institute,https://edmo.seadatanet.org/report/5148,"inlet, dock",FalseCreek_BioBlitz_2022,BHAK-12022-FCBB,BHAK-12022-FCBB,BHAK-12022-FCBB,settlement plates,1,BoLD original eventID: BHAK-12022-FCBB
BHAK-12030-FCBB-001,en,http://creativecommons.org/licenses/by/4.0/legalcode,Hakai Institute,2025-12-29,Canada,CA,WGS84,British Columbia,Burrard Inlet,False Creek,BHAK-12030-FCBB,,49.273,-123.135,,Granville Island Dock,Hakai-FCBB,settlement plates,9,5,2022,2022-09-05,1,1,"University of British Columbia, Beaty Biodiversity Museum",http://biocol.org/urn:lsid:biocol.org:col:15106,"inlet, dock",FalseCreek_BioBlitz_2022,BHAK-12030-FCBB,BHAK-12030-FCBB,BHAK-12030-FCBB,settlement plates,1,BoLD original eventID: BHAK-12030-FCBB
BHAK-12091-FCBB-001,en,http://creativecommons.org/licenses/by/4.0/legalcode,Hakai Institute,2025-12-29,Canada,CA,WGS84,British Columbia,Burrard Inlet,False Creek,BHAK-12091-FCBB,,49.273,-123.135,,Granville Island Dock,Hakai-FCBB,settlement plates,9,5,2022,2022-09-05,1,1,Hakai Institute,https://edmo.seadatanet.org/report/5148,"inlet, dock",FalseCreek_BioBlitz_2022,BHAK-12091-FCBB,BHAK-12091-FCBB,BHAK-12091-FCBB,settlement plates,1,BoLD original eventID: BHAK-12091-FCBB
BHAK-12023-FCBB-001,en,http://creativecommons.org/licenses/by/4.0/legalcode,Hakai Institute,2025-12-29,Canada,CA,WGS84,British Columbia,Burrard Inlet,False Creek,BHAK-12023-FCBB,,49.273,-123.135,,Granville Island Dock,Hakai-FCBB,settlement plates,9,5,2022,2022-09-05,1,1,"University of British Columbia, Beaty Biodiversity Museum",http://biocol.org/urn:lsid:biocol.org:col:15106,"inlet, dock",FalseCreek_BioBlitz_2022,BHAK-12023-FCBB,BHAK-12023-FCBB,BHAK-12023-FCBB,settlement plates,1,BoLD original eventID: BHAK-12023-FCBB
BHAK-12024-FCBB-001,en,http://creativecommons.org/licenses/by/4.0/legalcode,Hakai Institute,2025-12-29,Canada,CA,WGS84,British Columbia,Burrard Inlet,False Creek,BHAK-12024-FCBB,,49.273,-123.135,,Granville Island Dock,Hakai-FCBB,settlement plates,9,5,2022,2022-09-05,1,1,"University of British Columbia, Beaty Biodiversity Museum",http://biocol.org/urn:lsid:biocol.org:col:15106,"inlet, dock",FalseCreek_BioBlitz_2022,BHAK-12024-FCBB,BHAK-12024-FCBB,BHAK-12024-FCBB,settlement plates,1,BoLD original eventID: BHAK-12024-FCBB
BHAK-12046-FCBB-001,en,http://creativecommons.org/licenses/by/4.0/legalcode,Hakai Institute,2025-12-29,Canada,CA,WGS84,British Columbia,Burrard Inlet,False Creek,BHAK-12046-FCBB,,49.273,-123.104,,Science World,Hakai-FCBB,sediment grab sample,9,5,2022,2022-09-05,5,5,Hakai Institute,https://edmo.seadatanet.org/report/5148,inlet,FalseCreek_BioBlitz_2022,BHAK-12046-FCBB,BHAK-12046-FCBB,BHAK-12046-FCBB,sediment grab sample,5,BoLD original eventID: BHAK-12046-FCBB
BHAK-12047-FCBB-001,en,http://creativecommons.org/licenses/by/4.0/legalcode,Hakai Institute,2025-12-29,Canada,CA,WGS84,British Columbia,Burrard Inlet,False Creek,BHAK-12047-FCBB,,49.273,-123.104,,Science World,Hakai-FCBB,sediment grab sample,9,5,2022,2022-09-05,5,5,"University of British Columbia, Beaty Biodiversity Museum",http://biocol.org/urn:lsid:biocol.org:col:15106,inlet,FalseCreek_BioBlitz_2022,BHAK-12047-FCBB,BHAK-12047-FCBB,BHAK-12047-FCBB,sediment grab sample,5,BoLD original eventID: BHAK-12047-FCBB
BHAK-12048-FCBB-001,en,http://creativecommons.org/licenses/by/4.0/legalcode,Hakai Institute,2025-12-29,Canada,CA,WGS84,British Columbia,Burrard Inlet,False Creek,BHAK-12048-FCBB,,49.273,-123.104,,Science World,Hakai-FCBB,sediment grab sample,9,5,2022,2022-09-05,5,5,"University of British Columbia, Beaty Biodiversity Museum",http://biocol.org/urn:lsid:biocol.org:col:15106,inlet,FalseCreek_BioBlitz_2022,BHAK-12048-FCBB,BHAK-12048-FCBB,BHAK-12048-FCBB,sediment grab sample,5,BoLD original eventID: BHAK-12048-FCBB
BHAK-12049-FCBB-001,en,http://creativecommons.org/licenses/by/4.0/legalcode,Hakai Institute,2025-12-29,Canada,CA,WGS84,British Columbia,Burrard Inlet,False Creek,BHAK-12049-FCBB,,49.273,-123.104,,Science World,Hakai-FCBB,sediment grab sample,9,5,2022,2022-09-05,5,5,"University of British Columbia, Beaty Biodiversity Museum",http://biocol.org/urn:lsid:biocol.org:col:15106,inlet,FalseCreek_BioBlitz_2022,BHAK-12049-FCBB,BHAK-12049-FCBB,BHAK-12049-FCBB,sediment grab sample,5,BoLD original eventID: BHAK-12049-FCBB
BHAK-12050-FCBB-001,en,http://creativecommons.org/licenses/by/4.0/legalcode,Hakai Institute,2025-12-29,Canada,CA,WGS84,British Columbia,Burrard Inlet,False Creek,BHAK-12050-FCBB,,49.273,-123.104,,Science World,Hakai-FCBB,sediment grab sample,9,5,2022,2022-09-05,5,5,"University of British Columbia, Beaty Biodiversity Museum",http://biocol.org/urn:lsid:biocol.org:col:15106,inlet,FalseCreek_BioBlitz_2022,BHAK-12050-FCBB,BHAK-12050-FCBB,BHAK-12050-FCBB,sediment grab sample,5,BoLD original eventID: BHAK-12050-FCBB
BHAK-12051-FCBB-001,en,http://creativecommons.org/licenses/by/4.0/legalcode,Hakai Institute,2025-12-29,Canada,CA,WGS84,British Columbia,Burrard Inlet,False Creek,BHAK-12051-FCBB,,49.273,-123.104,,Science World,Hakai-FCBB,sediment grab sample,9,5,2022,2022-09-05,5,5,"University of British Columbia, Beaty Biodiversity Museum",http://biocol.org/urn:lsid:biocol.org:col:15106,inlet,FalseCreek_BioBlitz_2022,BHAK-12051-FCBB,BHAK-12051-FCBB,BHAK-12051-FCBB,sediment grab sample,5,BoLD original eventID: BHAK-12051-FCBB
BHAK-12052-FCBB-001,en,http://creativecommons.org/licenses/by/4.0/legalcode,Hakai Institute,2025-12-29,Canada,CA,WGS84,British Columbia,Burrard Inlet,False Creek,BHAK-12052-FCBB,,49.273,-123.104,,Science World,Hakai-FCBB,sediment grab sample,9,5,2022,2022-09-05,5,5,"University of British Columbia, Beaty Biodiversity Museum",http://biocol.org/urn:lsid:biocol.org:col:15106,inlet,FalseCreek_BioBlitz_2022,BHAK-12052-FCBB,BHAK-12052-FCBB,BHAK-12052-FCBB,sediment grab sample,5,BoLD original eventID: BHAK-12052-FCBB
BHAK-12053-FCBB-001,en,http://creativecommons.org/licenses/by/4.0/legalcode,Hakai Institute,2025-12-29,Canada,CA,WGS84,British Columbia,Burrard Inlet,False Creek,BHAK-12053-FCBB,,49.273,-123.104,,Science World,Hakai-FCBB,sediment grab sample,9,5,2022,2022-09-05,5,5,"University of British Columbia, Beaty Biodiversity Museum",http://biocol.org/urn:lsid:biocol.org:col:15106,inlet,FalseCreek_BioBlitz_2022,BHAK-12053-FCBB,BHAK-12053-FCBB,BHAK-12053-FCBB,sediment grab sample,5,BoLD original eventID: BHAK-12053-FCBB
BHAK-12054-FCBB-001,en,http://creativecommons.org/licenses/by/4.0/legalcode,Hakai Institute,2025-12-29,Canada,CA,WGS84,British Columbia,Burrard Inlet,False Creek,BHAK-12054-FCBB,,49.273,-123.104,,Science World,Hakai-FCBB,sediment grab sample,9,5,2022,2022-09-05,5,5,"University of British Columbia, Beaty Biodiversity Museum",http://biocol.org/urn:lsid:biocol.org:col:15106,inlet,FalseCreek_BioBlitz_2022,BHAK-12054-FCBB,BHAK-12054-FCBB,BHAK-12054-FCBB,sediment grab sample,5,BoLD original eventID: BHAK-12054-FCBB
BHAK-12055-FCBB-001,en,http://creativecommons.org/licenses/by/4.0/legalcode,Hakai Institute,2025-12-29,Canada,CA,WGS84,British Columbia,Burrard Inlet,False Creek,BHAK-12055-FCBB,,49.273,-123.104,,Science World,Hakai-FCBB,sediment grab sample,9,5,2022,2022-09-05,5,5,"University of British Columbia, Beaty Biodiversity Museum",http://biocol.org/urn:lsid:biocol.org:col:15106,inlet,FalseCreek_BioBlitz_2022,BHAK-12055-FCBB,BHAK-12055-FCBB,BHAK-12055-FCBB,sediment grab sample,5,BoLD original eventID: BHAK-12055-FCBB
BHAK-12056-FCBB-001,en,http://creativecommons.org/licenses/by/4.0/legalcode,Hakai Institute,2025-12-29,Canada,CA,WGS84,British Columbia,Burrard Inlet,False Creek,BHAK-12056-FCBB,,49.273,-123.104,,Science World,Hakai-FCBB,sediment grab sample,9,5,2022,2022-09-05,5,5,"University of British Columbia, Beaty Biodiversity Museum",http://biocol.org/urn:lsid:biocol.org:col:15106,inlet,FalseCreek_BioBlitz_2022,BHAK-12056-FCBB,BHAK-12056-FCBB,BHAK-12056-FCBB,sediment grab sample,5,BoLD original eventID: BHAK-12056-FCBB
BHAK-12057-FCBB-001,en,http://creativecommons.org/licenses/by/4.0/legalcode,Hakai Institute,2025-12-29,Canada,CA,WGS84,British Columbia,Burrard Inlet,False Creek,BHAK-12057-FCBB,,49.273,-123.104,,Science World,Hakai-FCBB,sediment grab sample,9,5,2022,2022-09-05,5,5,"University of British Columbia, Beaty Biodiversity Museum",http://biocol.org/urn:lsid:biocol.org:col:15106,inlet,FalseCreek_BioBlitz_2022,BHAK-12057-FCBB,BHAK-12057-FCBB,BHAK-12057-FCBB,sediment grab sample,5,BoLD original eventID: BHAK-12057-FCBB
BHAK-12058-FCBB-001,en,http://creativecommons.org/licenses/by/4.0/legalcode,Hakai Institute,2025-12-29,Canada,CA,WGS84,British Columbia,Burrard Inlet,False Creek,BHAK-12058-FCBB,,49.273,-123.104,,Science World,Hakai-FCBB,sediment grab sample,9,5,2022,2022-09-05,5,5,Hakai Institute,https://edmo.seadatanet.org/report/5148,inlet,FalseCreek_BioBlitz_2022,BHAK-12058-FCBB,BHAK-12058-FCBB,BHAK-12058-FCBB,sediment grab sample,5,BoLD original eventID: BHAK-12058-FCBB
BHAK-12059-FCBB-001,en,http://creativecommons.org/licenses/by/4.0/legalcode,Hakai Institute,2025-12-29,Canada,CA,WGS84,British Columbia,Burrard Inlet,False Creek,BHAK-12059-FCBB,,49.273,-123.104,,Science World,Hakai-FCBB,sediment grab sample,9,5,2022,2022-09-05,5,5,"University of British Columbia, Beaty Biodiversity Museum",http://biocol.org/urn:lsid:biocol.org:col:15106,inlet,FalseCreek_BioBlitz_2022,BHAK-12059-FCBB,BHAK-12059-FCBB,BHAK-12059-FCBB,sediment grab sample,5,BoLD original eventID: BHAK-12059-FCBB
BHAK-12060-FCBB-001,en,http://creativecommons.org/licenses/by/4.0/legalcode,Hakai Institute,2025-12-29,Canada,CA,WGS84,British Columbia,Burrard Inlet,False Creek,BHAK-12060-FCBB,,49.274,-123.105,,False Creek Rear Channel,Hakai-FCBB,sediment grab sample,9,5,2022,2022-09-05,5,5,"University of British Columbia, Beaty Biodiversity Museum",http://biocol.org/urn:lsid:biocol.org:col:15106,inlet,FalseCreek_BioBlitz_2022,BHAK-12060-FCBB,BHAK-12060-FCBB,BHAK-12060-FCBB,sediment grab sample,5,BoLD original eventID: BHAK-12060-FCBB
BHAK-12061-FCBB-001,en,http://creativecommons.org/licenses/by/4.0/legalcode,Hakai Institute,2025-12-29,Canada,CA,WGS84,British Columbia,Burrard Inlet,False Creek,BHAK-12061-FCBB,,49.274,-123.105,,False Creek Rear Channel,Hakai-FCBB,sediment grab sample,9,5,2022,2022-09-05,5,5,"University of British Columbia, Beaty Biodiversity Museum",http://biocol.org/urn:lsid:biocol.org:col:15106,inlet,FalseCreek_BioBlitz_2022,BHAK-12061-FCBB,BHAK-12061-FCBB,BHAK-12061-FCBB,sediment grab sample,5,BoLD original eventID: BHAK-12061-FCBB
BHAK-12062-FCBB-001,en,http://creativecommons.org/licenses/by/4.0/legalcode,Hakai Institute,2025-12-29,Canada,CA,WGS84,British Columbia,Burrard Inlet,False Creek,BHAK-12062-FCBB,,49.273,-123.104,,Science World,Hakai-FCBB,sediment grab sample,9,5,2022,2022-09-05,5,5,Hakai Institute,https://edmo.seadatanet.org/report/5148,inlet,FalseCreek_BioBlitz_2022,BHAK-12062-FCBB,BHAK-12062-FCBB,BHAK-12062-FCBB,sediment grab sample,5,BoLD original eventID: BHAK-12062-FCBB
BHAK-12063-FCBB-001,en,http://creativecommons.org/licenses/by/4.0/legalcode,Hakai Institute,2025-12-29,Canada,CA,WGS84,British Columbia,Burrard Inlet,False Creek,BHAK-12063-FCBB,,49.273,-123.104,,Science World,Hakai-FCBB,sediment grab sample,9,5,2022,2022-09-05,5,5,"University of British Columbia, Beaty Biodiversity Museum",http://biocol.org/urn:lsid:biocol.org:col:15106,inlet,FalseCreek_BioBlitz_2022,BHAK-12063-FCBB,BHAK-12063-FCBB,BHAK-12063-FCBB,sediment grab sample,5,BoLD original eventID: BHAK-12063-FCBB
BHAK-12064-FCBB-001,en,http://creativecommons.org/licenses/by/4.0/legalcode,Hakai Institute,2025-12-29,Canada,CA,WGS84,British Columbia,Burrard Inlet,False Creek,BHAK-12064-FCBB,,49.273,-123.104,,Science World,Hakai-FCBB,sediment grab sample,9,5,2022,2022-09-05,5,5,Hakai Institute,https://edmo.seadatanet.org/report/5148,inlet,FalseCreek_BioBlitz_2022,BHAK-12064-FCBB,BHAK-12064-FCBB,BHAK-12064-FCBB,sediment grab sample,5,BoLD original eventID: BHAK-12064-FCBB
BHAK-12065-FCBB-001,en,http://creativecommons.org/licenses/by/4.0/legalcode,Hakai Institute,2025-12-29,Canada,CA,WGS84,British Columbia,Burrard Inlet,False Creek,BHAK-12065-FCBB,,49.273,-123.104,,Science World,Hakai-FCBB,sediment grab sample,9,5,2022,2022-09-05,5,5,"University of British Columbia, Beaty Biodiversity Museum",http://biocol.org/urn:lsid:biocol.org:col:15106,inlet,FalseCreek_BioBlitz_2022,BHAK-12065-FCBB,BHAK-12065-FCBB,BHAK-12065-FCBB,sediment grab sample,5,BoLD original eventID: BHAK-12065-FCBB
BHAK-12073-FCBB-001,en,http://creativecommons.org/licenses/by/4.0/legalcode,Hakai Institute,2025-12-29,Canada,CA,WGS84,British Columbia,Burrard Inlet,False Creek,BHAK-12073-FCBB,,49.272,-123.115,,Cambie Street Bridge,Hakai-FCBB,sediment grab sample,9,5,2022,2022-09-05,5,5,"University of British Columbia, Beaty Biodiversity Museum",http://biocol.org/urn:lsid:biocol.org:col:15106,inlet,FalseCreek_BioBlitz_2022,BHAK-12073-FCBB,BHAK-12073-FCBB,BHAK-12073-FCBB,sediment grab sample,5,BoLD original eventID: BHAK-12073-FCBB
BHAK-12074-FCBB-001,en,http://creativecommons.org/licenses/by/4.0/legalcode,Hakai Institute,2025-12-29,Canada,CA,WGS84,British Columbia,Burrard Inlet,False Creek,BHAK-12074-FCBB,,49.272,-123.115,,Cambie Street Bridge,Hakai-FCBB,sediment grab sample,9,5,2022,2022-09-05,5,5,"University of British Columbia, Beaty Biodiversity Museum",http://biocol.org/urn:lsid:biocol.org:col:15106,inlet,FalseCreek_BioBlitz_2022,BHAK-12074-FCBB,BHAK-12074-FCBB,BHAK-12074-FCBB,sediment grab sample,5,BoLD original eventID: BHAK-12074-FCBB
BHAK-12076-FCBB-001,en,http://creativecommons.org/licenses/by/4.0/legalcode,Hakai Institute,2025-12-29,Canada,CA,WGS84,British Columbia,Burrard Inlet,False Creek,BHAK-12076-FCBB,,49.272,-123.115,,Cambie Street Bridge,Hakai-FCBB,sediment grab sample,9,5,2022,2022-09-05,5,5,"University of British Columbia, Beaty Biodiversity Museum",http://biocol.org/urn:lsid:biocol.org:col:15106,inlet,FalseCreek_BioBlitz_2022,BHAK-12076-FCBB,BHAK-12076-FCBB,BHAK-12076-FCBB,sediment grab sample,5,BoLD original eventID: BHAK-12076-FCBB
BHAK-12077-FCBB-001,en,http://creativecommons.org/licenses/by/4.0/legalcode,Hakai Institute,2025-12-29,Canada,CA,WGS84,British Columbia,Burrard Inlet,False Creek,BHAK-12077-FCBB,,49.272,-123.115,,Cambie Street Bridge,Hakai-FCBB,sediment grab sample,9,5,2022,2022-09-05,5,5,"University of British Columbia, Beaty Biodiversity Museum",http://biocol.org/urn:lsid:biocol.org:col:15106,inlet,FalseCreek_BioBlitz_2022,BHAK-12077-FCBB,BHAK-12077-FCBB,BHAK-12077-FCBB,sediment grab sample,5,BoLD original eventID: BHAK-12077-FCBB
BHAK-12078-FCBB-001,en,http://creativecommons.org/licenses/by/4.0/legalcode,Hakai Institute,2025-12-29,Canada,CA,WGS84,British Columbia,Burrard Inlet,False Creek,BHAK-12078-FCBB,,49.272,-123.115,,Cambie Street Bridge,Hakai-FCBB,sediment grab sample,9,5,2022,2022-09-05,5,5,"University of British Columbia, Beaty Biodiversity Museum",http://biocol.org/urn:lsid:biocol.org:col:15106,inlet,FalseCreek_BioBlitz_2022,BHAK-12078-FCBB,BHAK-12078-FCBB,BHAK-12078-FCBB,sediment grab sample,5,BoLD original eventID: BHAK-12078-FCBB
BHAK-12079-FCBB-001,en,http://creativecommons.org/licenses/by/4.0/legalcode,Hakai Institute,2025-12-29,Canada,CA,WGS84,British Columbia,Burrard Inlet,False Creek,BHAK-12079-FCBB,,49.272,-123.115,,Cambie Street Bridge,Hakai-FCBB,sediment grab sample,9,5,2022,2022-09-05,5,5,"University of British Columbia, Beaty Biodiversity Museum",http://biocol.org/urn:lsid:biocol.org:col:15106,inlet,FalseCreek_BioBlitz_2022,BHAK-12079-FCBB,BHAK-12079-FCBB,BHAK-12079-FCBB,sediment grab sample,5,BoLD original eventID: BHAK-12079-FCBB
BHAK-12080-FCBB-001,en,http://creativecommons.org/licenses/by/4.0/legalcode,Hakai Institute,2025-12-29,Canada,CA,WGS84,British Columbia,Burrard Inlet,False Creek,BHAK-12080-FCBB,,49.272,-123.115,,Cambie Street Bridge,Hakai-FCBB,sediment grab sample,9,5,2022,2022-09-05,5,5,"University of British Columbia, Beaty Biodiversity Museum",http://biocol.org/urn:lsid:biocol.org:col:15106,inlet,FalseCreek_BioBlitz_2022,BHAK-12080-FCBB,BHAK-12080-FCBB,BHAK-12080-FCBB,sediment grab sample,5,BoLD original eventID: BHAK-12080-FCBB
BHAK-12081-FCBB-001,en,http://creativecommons.org/licenses/by/4.0/legalcode,Hakai Institute,2025-12-29,Canada,CA,WGS84,British Columbia,Burrard Inlet,False Creek,BHAK-12081-FCBB,,49.272,-123.115,,Cambie Street Bridge,Hakai-FCBB,sediment grab sample,9,5,2022,2022-09-05,5,5,"University of British Columbia, Beaty Biodiversity Museum",http://biocol.org/urn:lsid:biocol.org:col:15106,inlet,FalseCreek_BioBlitz_2022,BHAK-12081-FCBB,BHAK-12081-FCBB,BHAK-12081-FCBB,sediment grab sample,5,BoLD original eventID: BHAK-12081-FCBB
BHAK-12082-FCBB-001,en,http://creativecommons.org/licenses/by/4.0/legalcode,Hakai Institute,2025-12-29,Canada,CA,WGS84,British Columbia,Burrard Inlet,False Creek,BHAK-12082-FCBB,,49.272,-123.115,,Cambie Street Bridge,Hakai-FCBB,sediment grab sample,9,5,2022,2022-09-05,5,5,"University of British Columbia, Beaty Biodiversity Museum",http://biocol.org/urn:lsid:biocol.org:col:15106,inlet,FalseCreek_BioBlitz_2022,BHAK-12082-FCBB,BHAK-12082-FCBB,BHAK-12082-FCBB,sediment grab sample,5,BoLD original eventID: BHAK-12082-FCBB
BHAK-12083-FCBB-001,en,http://creativecommons.org/licenses/by/4.0/legalcode,Hakai Institute,2025-12-29,Canada,CA,WGS84,British Columbia,Burrard Inlet,False Creek,BHAK-12083-FCBB,,49.272,-123.115,,Cambie Street Bridge,Hakai-FCBB,sediment grab sample,9,5,2022,2022-09-05,5,5,"University of British Columbia, Beaty Biodiversity Museum",http://biocol.org/urn:lsid:biocol.org:col:15106,inlet,FalseCreek_BioBlitz_2022,BHAK-12083-FCBB,BHAK-12083-FCBB,BHAK-12083-FCBB,sediment grab sample,5,BoLD original eventID: BHAK-12083-FCBB
BHAK-12084-FCBB-001,en,http://creativecommons.org/licenses/by/4.0/legalcode,Hakai Institute,2025-12-29,Canada,CA,WGS84,British Columbia,Burrard Inlet,False Creek,BHAK-12084-FCBB,,49.272,-123.115,,Cambie Street Bridge,Hakai-FCBB,sediment grab sample,9,5,2022,2022-09-05,5,5,"University of British Columbia, Beaty Biodiversity Museum",http://biocol.org/urn:lsid:biocol.org:col:15106,inlet,FalseCreek_BioBlitz_2022,BHAK-12084-FCBB,BHAK-12084-FCBB,BHAK-12084-FCBB,sediment grab sample,5,BoLD original eventID: BHAK-12084-FCBB
BHAK-12085-FCBB-001,en,http://creativecommons.org/licenses/by/4.0/legalcode,Hakai Institute,2025-12-29,Canada,CA,WGS84,British Columbia,Burrard Inlet,False Creek,BHAK-12085-FCBB,,49.272,-123.115,,Cambie Street Bridge,Hakai-FCBB,sediment grab sample,9,5,2022,2022-09-05,5,5,"University of British Columbia, Beaty Biodiversity Museum",http://biocol.org/urn:lsid:biocol.org:col:15106,inlet,FalseCreek_BioBlitz_2022,BHAK-12085-FCBB,BHAK-12085-FCBB,BHAK-12085-FCBB,sediment grab sample,5,BoLD original eventID: BHAK-12085-FCBB
BHAK-12086-FCBB-001,en,http://creativecommons.org/licenses/by/4.0/legalcode,Hakai Institute,2025-12-29,Canada,CA,WGS84,British Columbia,Burrard Inlet,False Creek,BHAK-12086-FCBB,,49.272,-123.115,,Cambie Street Bridge,Hakai-FCBB,sediment grab sample,9,5,2022,2022-09-05,5,5,"University of British Columbia, Beaty Biodiversity Museum",http://biocol.org/urn:lsid:biocol.org:col:15106,inlet,FalseCreek_BioBlitz_2022,BHAK-12086-FCBB,BHAK-12086-FCBB,BHAK-12086-FCBB,sediment grab sample,5,BoLD original eventID: BHAK-12086-FCBB
BHAK-12087-FCBB-001,en,http://creativecommons.org/licenses/by/4.0/legalcode,Hakai Institute,2025-12-29,Canada,CA,WGS84,British Columbia,Burrard Inlet,False Creek,BHAK-12087-FCBB,,49.272,-123.115,,Cambie Street Bridge,Hakai-FCBB,sediment grab sample,9,5,2022,2022-09-05,5,5,"University of British Columbia, Beaty Biodiversity Museum",http://biocol.org/urn:lsid:biocol.org:col:15106,inlet,FalseCreek_BioBlitz_2022,BHAK-12087-FCBB,BHAK-12087-FCBB,BHAK-12087-FCBB,sediment grab sample,5,BoLD original eventID: BHAK-12087-FCBB
BHAK-12088-FCBB-001,en,http://creativecommons.org/licenses/by/4.0/legalcode,Hakai Institute,2025-12-29,Canada,CA,WGS84,British Columbia,Burrard Inlet,False Creek,BHAK-12088-FCBB,,49.272,-123.115,,Cambie Street Bridge,Hakai-FCBB,sediment grab sample,9,5,2022,2022-09-05,5,5,"University of British Columbia, Beaty Biodiversity Museum",http://biocol.org/urn:lsid:biocol.org:col:15106,inlet,FalseCreek_BioBlitz_2022,BHAK-12088-FCBB,BHAK-12088-FCBB,BHAK-12088-FCBB,sediment grab sample,5,BoLD original eventID: BHAK-12088-FCBB
BHAK-12089-FCBB-001,en,http://creativecommons.org/licenses/by/4.0/legalcode,Hakai Institute,2025-12-29,Canada,CA,WGS84,British Columbia,Burrard Inlet,False Creek,BHAK-12089-FCBB,,49.272,-123.115,,Cambie Street Bridge,Hakai-FCBB,sediment grab sample,9,5,2022,2022-09-05,5,5,"University of British Columbia, Beaty Biodiversity Museum",http://biocol.org/urn:lsid:biocol.org:col:15106,inlet,FalseCreek_BioBlitz_2022,BHAK-12089-FCBB,BHAK-12089-FCBB,BHAK-12089-FCBB,sediment grab sample,5,BoLD original eventID: BHAK-12089-FCBB
BHAK-12090-FCBB-001,en,http://creativecommons.org/licenses/by/4.0/legalcode,Hakai Institute,2025-12-29,Canada,CA,WGS84,British Columbia,Burrard Inlet,False Creek,BHAK-12090-FCBB,,49.272,-123.115,,Cambie Street Bridge,Hakai-FCBB,sediment grab sample,9,5,2022,2022-09-05,5,5,"University of British Columbia, Beaty Biodiversity Museum",http://biocol.org/urn:lsid:biocol.org:col:15106,inlet,FalseCreek_BioBlitz_2022,BHAK-12090-FCBB,BHAK-12090-FCBB,BHAK-12090-FCBB,sediment grab sample,5,BoLD original eventID: BHAK-12090-FCBB
BHAK-12066-FCBB-001,en,http://creativecommons.org/licenses/by/4.0/legalcode,Hakai Institute,2025-12-29,Canada,CA,WGS84,British Columbia,Burrard Inlet,False Creek,BHAK-12066-FCBB,,49.272,-123.115,,Cambie Street Bridge,Hakai-FCBB,sediment grab sample,9,5,2022,2022-09-05,5,5,"University of British Columbia, Beaty Biodiversity Museum",http://biocol.org/urn:lsid:biocol.org:col:15106,inlet,FalseCreek_BioBlitz_2022,BHAK-12066-FCBB,BHAK-12066-FCBB,BHAK-12066-FCBB,sediment grab sample,5,BoLD original eventID: BHAK-12066-FCBB
BHAK-12067-FCBB-001,en,http://creativecommons.org/licenses/by/4.0/legalcode,Hakai Institute,2025-12-29,Canada,CA,WGS84,British Columbia,Burrard Inlet,False Creek,BHAK-12067-FCBB,,49.272,-123.115,,Cambie Street Bridge,Hakai-FCBB,sediment grab sample,9,5,2022,2022-09-05,5,5,"University of British Columbia, Beaty Biodiversity Museum",http://biocol.org/urn:lsid:biocol.org:col:15106,inlet,FalseCreek_BioBlitz_2022,BHAK-12067-FCBB,BHAK-12067-FCBB,BHAK-12067-FCBB,sediment grab sample,5,BoLD original eventID: BHAK-12067-FCBB
BHAK-12068-FCBB-001,en,http://creativecommons.org/licenses/by/4.0/legalcode,Hakai Institute,2025-12-29,Canada,CA,WGS84,British Columbia,Burrard Inlet,False Creek,BHAK-12068-FCBB,,49.272,-123.115,,Cambie Street Bridge,Hakai-FCBB,sediment grab sample,9,5,2022,2022-09-05,5,5,"University of British Columbia, Beaty Biodiversity Museum",http://biocol.org/urn:lsid:biocol.org:col:15106,inlet,FalseCreek_BioBlitz_2022,BHAK-12068-FCBB,BHAK-12068-FCBB,BHAK-12068-FCBB,sediment grab sample,5,BoLD original eventID: BHAK-12068-FCBB
BHAK-12069-FCBB-001,en,http://creativecommons.org/licenses/by/4.0/legalcode,Hakai Institute,2025-12-29,Canada,CA,WGS84,British Columbia,Burrard Inlet,False Creek,BHAK-12069-FCBB,,49.272,-123.115,,Cambie Street Bridge,Hakai-FCBB,sediment grab sample,9,5,2022,2022-09-05,5,5,"University of British Columbia, Beaty Biodiversity Museum",http://biocol.org/urn:lsid:biocol.org:col:15106,inlet,FalseCreek_BioBlitz_2022,BHAK-12069-FCBB,BHAK-12069-FCBB,BHAK-12069-FCBB,sediment grab sample,5,BoLD original eventID: BHAK-12069-FCBB
BHAK-12070-FCBB-001,en,http://creativecommons.org/licenses/by/4.0/legalcode,Hakai Institute,2025-12-29,Canada,CA,WGS84,British Columbia,Burrard Inlet,False Creek,BHAK-12070-FCBB,,49.272,-123.115,,Cambie Street Bridge,Hakai-FCBB,sediment grab sample,9,5,2022,2022-09-05,5,5,"University of British Columbia, Beaty Biodiversity Museum",http://biocol.org/urn:lsid:biocol.org:col:15106,inlet,FalseCreek_BioBlitz_2022,BHAK-12070-FCBB,BHAK-12070-FCBB,BHAK-12070-FCBB,sediment grab sample,5,BoLD original eventID: BHAK-12070-FCBB
BHAK-12071-FCBB-001,en,http://creativecommons.org/licenses/by/4.0/legalcode,Hakai Institute,2025-12-29,Canada,CA,WGS84,British Columbia,Burrard Inlet,False Creek,BHAK-12071-FCBB,,49.272,-123.115,,Cambie Street Bridge,Hakai-FCBB,sediment grab sample,9,5,2022,2022-09-05,5,5,"University of British Columbia, Beaty Biodiversity Museum",http://biocol.org/urn:lsid:biocol.org:col:15106,inlet,FalseCreek_BioBlitz_2022,BHAK-12071-FCBB,BHAK-12071-FCBB,BHAK-12071-FCBB,sediment grab sample,5,BoLD original eventID: BHAK-12071-FCBB
BHAK-12072-FCBB-001,en,http://creativecommons.org/licenses/by/4.0/legalcode,Hakai Institute,2025-12-29,Canada,CA,WGS84,British Columbia,Burrard Inlet,False Creek,BHAK-12072-FCBB,,49.272,-123.115,,Cambie Street Bridge,Hakai-FCBB,sediment grab sample,9,5,2022,2022-09-05,5,5,"University of British Columbia, Beaty Biodiversity Museum",http://biocol.org/urn:lsid:biocol.org:col:15106,inlet,FalseCreek_BioBlitz_2022,BHAK-12072-FCBB,BHAK-12072-FCBB,BHAK-12072-FCBB,sediment grab sample,5,BoLD original eventID: BHAK-12072-FCBB
BHAK-12096-FCBB-001,en,http://creativecommons.org/licenses/by/4.0/legalcode,Hakai Institute,2025-12-29,Canada,CA,WGS84,British Columbia,Burrard Inlet,False Creek,BHAK-12096-FCBB,,49.27,-123.123,,Charleston Park- combined sewer outflow,Hakai-FCBB,sediment grab sample,9,5,2022,2022-09-05,5,5,"University of British Columbia, Beaty Biodiversity Museum",http://biocol.org/urn:lsid:biocol.org:col:15106,inlet,FalseCreek_BioBlitz_2022,BHAK-12096-FCBB,BHAK-12096-FCBB,BHAK-12096-FCBB,sediment grab sample,5,BoLD original eventID: BHAK-12096-FCBB
BHAK-12097-FCBB-001,en,http://creativecommons.org/licenses/by/4.0/legalcode,Hakai Institute,2025-12-29,Canada,CA,WGS84,British Columbia,Burrard Inlet,False Creek,BHAK-12097-FCBB,,49.27,-123.123,,Charleston Park- combined sewer outflow,Hakai-FCBB,sediment grab sample,9,5,2022,2022-09-05,5,5,"University of British Columbia, Beaty Biodiversity Museum",http://biocol.org/urn:lsid:biocol.org:col:15106,inlet,FalseCreek_BioBlitz_2022,BHAK-12097-FCBB,BHAK-12097-FCBB,BHAK-12097-FCBB,sediment grab sample,5,BoLD original eventID: BHAK-12097-FCBB
BHAK-12098-FCBB-001,en,http://creativecommons.org/licenses/by/4.0/legalcode,Hakai Institute,2025-12-29,Canada,CA,WGS84,British Columbia,Burrard Inlet,False Creek,BHAK-12098-FCBB,,49.27,-123.123,,Charleston Park- combined sewer outflow,Hakai-FCBB,sediment grab sample,9,5,2022,2022-09-05,5,5,"University of British Columbia, Beaty Biodiversity Museum",http://biocol.org/urn:lsid:biocol.org:col:15106,inlet,FalseCreek_BioBlitz_2022,BHAK-12098-FCBB,BHAK-12098-FCBB,BHAK-12098-FCBB,sediment grab sample,5,BoLD original eventID: BHAK-12098-FCBB
BHAK-12099-FCBB-001,en,http://creativecommons.org/licenses/by/4.0/legalcode,Hakai Institute,2025-12-29,Canada,CA,WGS84,British Columbia,Burrard Inlet,False Creek,BHAK-12099-FCBB,,49.27,-123.123,,Charleston Park- combined sewer outflow,Hakai-FCBB,sediment grab sample,9,5,2022,2022-09-05,5,5,"University of British Columbia, Beaty Biodiversity Museum",http://biocol.org/urn:lsid:biocol.org:col:15106,inlet,FalseCreek_BioBlitz_2022,BHAK-12099-FCBB,BHAK-12099-FCBB,BHAK-12099-FCBB,sediment grab sample,5,BoLD original eventID: BHAK-12099-FCBB
BHAK-12100-FCBB-001,en,http://creativecommons.org/licenses/by/4.0/legalcode,Hakai Institute,2025-12-29,Canada,CA,WGS84,British Columbia,Burrard Inlet,False Creek,BHAK-12100-FCBB,,49.27,-123.123,,Charleston Park- combined sewer outflow,Hakai-FCBB,sediment grab sample,9,5,2022,2022-09-05,5,5,"University of British Columbia, Beaty Biodiversity Museum",http://biocol.org/urn:lsid:biocol.org:col:15106,inlet,FalseCreek_BioBlitz_2022,BHAK-12100-FCBB,BHAK-12100-FCBB,BHAK-12100-FCBB,sediment grab sample,5,BoLD original eventID: BHAK-12100-FCBB
BHAK-12101-FCBB-001,en,http://creativecommons.org/licenses/by/4.0/legalcode,Hakai Institute,2025-12-29,Canada,CA,WGS84,British Columbia,Burrard Inlet,False Creek,BHAK-12101-FCBB,,49.27,-123.123,,Charleston Park- combined sewer outflow,Hakai-FCBB,sediment grab sample,9,5,2022,2022-09-05,5,5,"University of British Columbia, Beaty Biodiversity Museum",http://biocol.org/urn:lsid:biocol.org:col:15106,inlet,FalseCreek_BioBlitz_2022,BHAK-12101-FCBB,BHAK-12101-FCBB,BHAK-12101-FCBB,sediment grab sample,5,BoLD original eventID: BHAK-12101-FCBB
BHAK-12102-FCBB-001,en,http://creativecommons.org/licenses/by/4.0/legalcode,Hakai Institute,2025-12-29,Canada,CA,WGS84,British Columbia,Burrard Inlet,False Creek,BHAK-12102-FCBB,,49.27,-123.123,,Charleston Park- combined sewer outflow,Hakai-FCBB,sediment grab sample,9,5,2022,2022-09-05,5,5,"University of British Columbia, Beaty Biodiversity Museum",http://biocol.org/urn:lsid:biocol.org:col:15106,inlet,FalseCreek_BioBlitz_2022,BHAK-12102-FCBB,BHAK-12102-FCBB,BHAK-12102-FCBB,sediment grab sample,5,BoLD original eventID: BHAK-12102-FCBB
BHAK-12103-FCBB-001,en,http://creativecommons.org/licenses/by/4.0/legalcode,Hakai Institute,2025-12-29,Canada,CA,WGS84,British Columbia,Burrard Inlet,False Creek,BHAK-12103-FCBB,,49.27,-123.123,,Charleston Park- combined sewer outflow,Hakai-FCBB,sediment grab sample,9,5,2022,2022-09-05,5,5,"University of British Columbia, Beaty Biodiversity Museum",http://biocol.org/urn:lsid:biocol.org:col:15106,inlet,FalseCreek_BioBlitz_2022,BHAK-12103-FCBB,BHAK-12103-FCBB,BHAK-12103-FCBB,sediment grab sample,5,BoLD original eventID: BHAK-12103-FCBB
BHAK-12104-FCBB-001,en,http://creativecommons.org/licenses/by/4.0/legalcode,Hakai Institute,2025-12-29,Canada,CA,WGS84,British Columbia,Burrard Inlet,False Creek,BHAK-12104-FCBB,,49.27,-123.123,,Charleston Park- combined sewer outflow,Hakai-FCBB,sediment grab sample,9,5,2022,2022-09-05,5,5,"University of British Columbia, Beaty Biodiversity Museum",http://biocol.org/urn:lsid:biocol.org:col:15106,inlet,FalseCreek_BioBlitz_2022,BHAK-12104-FCBB,BHAK-12104-FCBB,BHAK-12104-FCBB,sediment grab sample,5,BoLD original eventID: BHAK-12104-FCBB
BHAK-12105-FCBB-001,en,http://creativecommons.org/licenses/by/4.0/legalcode,Hakai Institute,2025-12-29,Canada,CA,WGS84,British Columbia,Burrard Inlet,False Creek,BHAK-12105-FCBB,,49.27,-123.123,,Charleston Park- combined sewer outflow,Hakai-FCBB,sediment grab sample,9,5,2022,2022-09-05,5,5,"University of British Columbia, Beaty Biodiversity Museum",http://biocol.org/urn:lsid:biocol.org:col:15106,inlet,FalseCreek_BioBlitz_2022,BHAK-12105-FCBB,BHAK-12105-FCBB,BHAK-12105-FCBB,sediment grab sample,5,BoLD original eventID: BHAK-12105-FCBB
BHAK-12106-FCBB-001,en,http://creativecommons.org/licenses/by/4.0/legalcode,Hakai Institute,2025-12-29,Canada,CA,WGS84,British Columbia,Burrard Inlet,False Creek,BHAK-12106-FCBB,,49.27,-123.123,,Charleston Park- combined sewer outflow,Hakai-FCBB,sediment grab sample,9,5,2022,2022-09-05,5,5,"University of British Columbia, Beaty Biodiversity Museum",http://biocol.org/urn:lsid:biocol.org:col:15106,inlet,FalseCreek_BioBlitz_2022,BHAK-12106-FCBB,BHAK-12106-FCBB,BHAK-12106-FCBB,sediment grab sample,5,BoLD original eventID: BHAK-12106-FCBB
BHAK-12107-FCBB-001,en,http://creativecommons.org/licenses/by/4.0/legalcode,Hakai Institute,2025-12-29,Canada,CA,WGS84,British Columbia,Burrard Inlet,False Creek,BHAK-12107-FCBB,,49.27,-123.123,,Charleston Park- combined sewer outflow,Hakai-FCBB,sediment grab sample,9,5,2022,2022-09-05,5,5,"University of British Columbia, Beaty Biodiversity Museum",http://biocol.org/urn:lsid:biocol.org:col:15106,inlet,FalseCreek_BioBlitz_2022,BHAK-12107-FCBB,BHAK-12107-FCBB,BHAK-12107-FCBB,sediment grab sample,5,BoLD original eventID: BHAK-12107-FCBB
BHAK-12108-FCBB-001,en,http://creativecommons.org/licenses/by/4.0/legalcode,Hakai Institute,2025-12-29,Canada,CA,WGS84,British Columbia,Burrard Inlet,False Creek,BHAK-12108-FCBB,,49.27,-123.123,,Charleston Park- combined sewer outflow,Hakai-FCBB,sediment grab sample,9,5,2022,2022-09-05,5,5,"University of British Columbia, Beaty Biodiversity Museum",http://biocol.org/urn:lsid:biocol.org:col:15106,inlet,FalseCreek_BioBlitz_2022,BHAK-12108-FCBB,BHAK-12108-FCBB,BHAK-12108-FCBB,sediment grab sample,5,BoLD original eventID: BHAK-12108-FCBB
BHAK-12109-FCBB-001,en,http://creativecommons.org/licenses/by/4.0/legalcode,Hakai Institute,2025-12-29,Canada,CA,WGS84,British Columbia,Burrard Inlet,False Creek,BHAK-12109-FCBB,,49.27,-123.123,,Charleston Park- combined sewer outflow,Hakai-FCBB,sediment grab sample,9,5,2022,2022-09-05,5,5,"University of British Columbia, Beaty Biodiversity Museum",http://biocol.org/urn:lsid:biocol.org:col:15106,inlet,FalseCreek_BioBlitz_2022,BHAK-12109-FCBB,BHAK-12109-FCBB,BHAK-12109-FCBB,sediment grab sample,5,BoLD original eventID: BHAK-12109-FCBB
BHAK-12110-FCBB-001,en,http://creativecommons.org/licenses/by/4.0/legalcode,Hakai Institute,2025-12-29,Canada,CA,WGS84,British Columbia,Burrard Inlet,False Creek,BHAK-12110-FCBB,,49.27,-123.123,,Charleston Park- combined sewer outflow,Hakai-FCBB,sediment grab sample,9,5,2022,2022-09-05,5,5,"University of British Columbia, Beaty Biodiversity Museum",http://biocol.org/urn:lsid:biocol.org:col:15106,inlet,FalseCreek_BioBlitz_2022,BHAK-12110-FCBB,BHAK-12110-FCBB,BHAK-12110-FCBB,sediment grab sample,5,BoLD original eventID: BHAK-12110-FCBB
BHAK-12111-FCBB-001,en,http://creativecommons.org/licenses/by/4.0/legalcode,Hakai Institute,2025-12-29,Canada,CA,WGS84,British Columbia,Burrard Inlet,False Creek,BHAK-12111-FCBB,,49.27,-123.123,,Charleston Park- combined sewer outflow,Hakai-FCBB,sediment grab sample,9,5,2022,2022-09-05,5,5,"University of British Columbia, Beaty Biodiversity Museum",http://biocol.org/urn:lsid:biocol.org:col:15106,inlet,FalseCreek_BioBlitz_2022,BHAK-12111-FCBB,BHAK-12111-FCBB,BHAK-12111-FCBB,sediment grab sample,5,BoLD original eventID: BHAK-12111-FCBB
BHAK-12112-FCBB-001,en,http://creativecommons.org/licenses/by/4.0/legalcode,Hakai Institute,2025-12-29,Canada,CA,WGS84,British Columbia,Burrard Inlet,False Creek,BHAK-12112-FCBB,,49.27,-123.123,,Charleston Park- combined sewer outflow,Hakai-FCBB,sediment grab sample,9,5,2022,2022-09-05,5,5,"University of British Columbia, Beaty Biodiversity Museum",http://biocol.org/urn:lsid:biocol.org:col:15106,inlet,FalseCreek_BioBlitz_2022,BHAK-12112-FCBB,BHAK-12112-FCBB,BHAK-12112-FCBB,sediment grab sample,5,BoLD original eventID: BHAK-12112-FCBB
BHAK-12113-FCBB-001,en,http://creativecommons.org/licenses/by/4.0/legalcode,Hakai Institute,2025-12-29,Canada,CA,WGS84,British Columbia,Burrard Inlet,False Creek,BHAK-12113-FCBB,,49.27,-123.123,,Charleston Park- combined sewer outflow,Hakai-FCBB,sediment grab sample,9,5,2022,2022-09-05,5,5,"University of British Columbia, Beaty Biodiversity Museum",http://biocol.org/urn:lsid:biocol.org:col:15106,inlet,FalseCreek_BioBlitz_2022,BHAK-12113-FCBB,BHAK-12113-FCBB,BHAK-12113-FCBB,sediment grab sample,5,BoLD original eventID: BHAK-12113-FCBB
BHAK-12114-FCBB-001,en,http://creativecommons.org/licenses/by/4.0/legalcode,Hakai Institute,2025-12-29,Canada,CA,WGS84,British Columbia,Burrard Inlet,False Creek,BHAK-12114-FCBB,,49.27,-123.123,,Charleston Park- combined sewer outflow,Hakai-FCBB,sediment grab sample,9,5,2022,2022-09-05,5,5,"University of British Columbia, Beaty Biodiversity Museum",http://biocol.org/urn:lsid:biocol.org:col:15106,inlet,FalseCreek_BioBlitz_2022,BHAK-12114-FCBB,BHAK-12114-FCBB,BHAK-12114-FCBB,sediment grab sample,5,BoLD original eventID: BHAK-12114-FCBB
BHAK-12115-FCBB-001,en,http://creativecommons.org/licenses/by/4.0/legalcode,Hakai Institute,2025-12-29,Canada,CA,WGS84,British Columbia,Burrard Inlet,False Creek,BHAK-12115-FCBB,,49.27,-123.123,,Charleston Park- combined sewer outflow,Hakai-FCBB,sediment grab sample,9,5,2022,2022-09-05,5,5,"University of British Columbia, Beaty Biodiversity Museum",http://biocol.org/urn:lsid:biocol.org:col:15106,inlet,FalseCreek_BioBlitz_2022,BHAK-12115-FCBB,BHAK-12115-FCBB,BHAK-12115-FCBB,sediment grab sample,5,BoLD original eventID: BHAK-12115-FCBB
BHAK-12116-FCBB-001,en,http://creativecommons.org/licenses/by/4.0/legalcode,Hakai Institute,2025-12-29,Canada,CA,WGS84,British Columbia,Burrard Inlet,False Creek,BHAK-12116-FCBB,,49.27,-123.123,,Charleston Park- combined sewer outflow,Hakai-FCBB,sediment grab sample,9,5,2022,2022-09-05,5,5,"University of British Columbia, Beaty Biodiversity Museum",http://biocol.org/urn:lsid:biocol.org:col:15106,inlet,FalseCreek_BioBlitz_2022,BHAK-12116-FCBB,BHAK-12116-FCBB,BHAK-12116-FCBB,sediment grab sample,5,BoLD original eventID: BHAK-12116-FCBB
BHAK-12117-FCBB-001,en,http://creativecommons.org/licenses/by/4.0/legalcode,Hakai Institute,2025-12-29,Canada,CA,WGS84,British Columbia,Burrard Inlet,False Creek,BHAK-12117-FCBB,,49.27,-123.123,,Charleston Park- combined sewer outflow,Hakai-FCBB,sediment grab sample,9,5,2022,2022-09-05,5,5,"University of British Columbia, Beaty Biodiversity Museum",http://biocol.org/urn:lsid:biocol.org:col:15106,inlet,FalseCreek_BioBlitz_2022,BHAK-12117-FCBB,BHAK-12117-FCBB,BHAK-12117-FCBB,sediment grab sample,5,BoLD original eventID: BHAK-12117-FCBB
BHAK-12144-FCBB-001,en,http://creativecommons.org/licenses/by/4.0/legalcode,Hakai Institute,2025-12-29,Canada,CA,WGS84,British Columbia,Burrard Inlet,False Creek,BHAK-12144-FCBB,,49.27,-123.123,,Charleston Park- combined sewer outflow,Hakai-FCBB,sediment grab sample,9,5,2022,2022-09-05,5,5,"University of British Columbia, Beaty Biodiversity Museum",http://biocol.org/urn:lsid:biocol.org:col:15106,inlet,FalseCreek_BioBlitz_2022,BHAK-12144-FCBB,BHAK-12144-FCBB,BHAK-12144-FCBB,sediment grab sample,5,BoLD original eventID: BHAK-12144-FCBB
BHAK-12145-FCBB-001,en,http://creativecommons.org/licenses/by/4.0/legalcode,Hakai Institute,2025-12-29,Canada,CA,WGS84,British Columbia,Burrard Inlet,False Creek,BHAK-12145-FCBB,,49.273,-123.134,,Granville Island,Hakai-FCBB,sediment grab sample,9,6,2022,2022-09-06,5,5,"University of British Columbia, Beaty Biodiversity Museum",http://biocol.org/urn:lsid:biocol.org:col:15106,inlet,FalseCreek_BioBlitz_2022,BHAK-12145-FCBB,BHAK-12145-FCBB,BHAK-12145-FCBB,sediment grab sample,5,BoLD original eventID: BHAK-12145-FCBB
BHAK-12146-FCBB-001,en,http://creativecommons.org/licenses/by/4.0/legalcode,Hakai Institute,2025-12-29,Canada,CA,WGS84,British Columbia,Burrard Inlet,False Creek,BHAK-12146-FCBB,,49.273,-123.134,,Granville Island,Hakai-FCBB,sediment grab sample,9,6,2022,2022-09-06,5,5,"University of British Columbia, Beaty Biodiversity Museum",http://biocol.org/urn:lsid:biocol.org:col:15106,inlet,FalseCreek_BioBlitz_2022,BHAK-12146-FCBB,BHAK-12146-FCBB,BHAK-12146-FCBB,sediment grab sample,5,BoLD original eventID: BHAK-12146-FCBB
BHAK-12147-FCBB-001,en,http://creativecommons.org/licenses/by/4.0/legalcode,Hakai Institute,2025-12-29,Canada,CA,WGS84,British Columbia,Burrard Inlet,False Creek,BHAK-12147-FCBB,,49.273,-123.134,,Granville Island,Hakai-FCBB,sediment grab sample,9,6,2022,2022-09-06,5,5,"University of British Columbia, Beaty Biodiversity Museum",http://biocol.org/urn:lsid:biocol.org:col:15106,inlet,FalseCreek_BioBlitz_2022,BHAK-12147-FCBB,BHAK-12147-FCBB,BHAK-12147-FCBB,sediment grab sample,5,BoLD original eventID: BHAK-12147-FCBB
BHAK-12148-FCBB-001,en,http://creativecommons.org/licenses/by/4.0/legalcode,Hakai Institute,2025-12-29,Canada,CA,WGS84,British Columbia,Burrard Inlet,False Creek,BHAK-12148-FCBB,,49.273,-123.134,,Granville Island,Hakai-FCBB,sediment grab sample,9,6,2022,2022-09-06,5,5,"University of British Columbia, Beaty Biodiversity Museum",http://biocol.org/urn:lsid:biocol.org:col:15106,inlet,FalseCreek_BioBlitz_2022,BHAK-12148-FCBB,BHAK-12148-FCBB,BHAK-12148-FCBB,sediment grab sample,5,BoLD original eventID: BHAK-12148-FCBB
BHAK-12149-FCBB-001,en,http://creativecommons.org/licenses/by/4.0/legalcode,Hakai Institute,2025-12-29,Canada,CA,WGS84,British Columbia,Burrard Inlet,False Creek,BHAK-12149-FCBB,,49.273,-123.134,,Granville Island,Hakai-FCBB,sediment grab sample,9,6,2022,2022-09-06,5,5,"University of British Columbia, Beaty Biodiversity Museum",http://biocol.org/urn:lsid:biocol.org:col:15106,inlet,FalseCreek_BioBlitz_2022,BHAK-12149-FCBB,BHAK-12149-FCBB,BHAK-12149-FCBB,sediment grab sample,5,BoLD original eventID: BHAK-12149-FCBB
BHAK-12151-FCBB-001,en,http://creativecommons.org/licenses/by/4.0/legalcode,Hakai Institute,2025-12-29,Canada,CA,WGS84,British Columbia,Burrard Inlet,False Creek,BHAK-12151-FCBB,,49.273,-123.134,,Granville Island,Hakai-FCBB,sediment grab sample,9,6,2022,2022-09-06,5,5,"University of British Columbia, Beaty Biodiversity Museum",http://biocol.org/urn:lsid:biocol.org:col:15106,inlet,FalseCreek_BioBlitz_2022,BHAK-12151-FCBB,BHAK-12151-FCBB,BHAK-12151-FCBB,sediment grab sample,5,BoLD original eventID: BHAK-12151-FCBB
BHAK-12152-FCBB-001,en,http://creativecommons.org/licenses/by/4.0/legalcode,Hakai Institute,2025-12-29,Canada,CA,WGS84,British Columbia,Burrard Inlet,False Creek,BHAK-12152-FCBB,,49.273,-123.134,,Granville Island,Hakai-FCBB,sediment grab sample,9,6,2022,2022-09-06,5,5,"University of British Columbia, Beaty Biodiversity Museum",http://biocol.org/urn:lsid:biocol.org:col:15106,inlet,FalseCreek_BioBlitz_2022,BHAK-12152-FCBB,BHAK-12152-FCBB,BHAK-12152-FCBB,sediment grab sample,5,BoLD original eventID: BHAK-12152-FCBB
BHAK-12153-FCBB-001,en,http://creativecommons.org/licenses/by/4.0/legalcode,Hakai Institute,2025-12-29,Canada,CA,WGS84,British Columbia,Burrard Inlet,False Creek,BHAK-12153-FCBB,,49.273,-123.134,,Granville Island,Hakai-FCBB,sediment grab sample,9,6,2022,2022-09-06,5,5,"University of British Columbia, Beaty Biodiversity Museum",http://biocol.org/urn:lsid:biocol.org:col:15106,inlet,FalseCreek_BioBlitz_2022,BHAK-12153-FCBB,BHAK-12153-FCBB,BHAK-12153-FCBB,sediment grab sample,5,BoLD original eventID: BHAK-12153-FCBB
BHAK-12154-FCBB-001,en,http://creativecommons.org/licenses/by/4.0/legalcode,Hakai Institute,2025-12-29,Canada,CA,WGS84,British Columbia,Burrard Inlet,False Creek,BHAK-12154-FCBB,,49.273,-123.134,,Granville Island,Hakai-FCBB,sediment grab sample,9,6,2022,2022-09-06,5,5,"University of British Columbia, Beaty Biodiversity Museum",http://biocol.org/urn:lsid:biocol.org:col:15106,inlet,FalseCreek_BioBlitz_2022,BHAK-12154-FCBB,BHAK-12154-FCBB,BHAK-12154-FCBB,sediment grab sample,5,BoLD original eventID: BHAK-12154-FCBB
BHAK-12155-FCBB-001,en,http://creativecommons.org/licenses/by/4.0/legalcode,Hakai Institute,2025-12-29,Canada,CA,WGS84,British Columbia,Burrard Inlet,False Creek,BHAK-12155-FCBB,,49.273,-123.134,,Granville Island,Hakai-FCBB,sediment grab sample,9,6,2022,2022-09-06,5,5,"University of British Columbia, Beaty Biodiversity Museum",http://biocol.org/urn:lsid:biocol.org:col:15106,inlet,FalseCreek_BioBlitz_2022,BHAK-12155-FCBB,BHAK-12155-FCBB,BHAK-12155-FCBB,sediment grab sample,5,BoLD original eventID: BHAK-12155-FCBB
BHAK-12156-FCBB-001,en,http://creativecommons.org/licenses/by/4.0/legalcode,Hakai Institute,2025-12-29,Canada,CA,WGS84,British Columbia,Burrard Inlet,False Creek,BHAK-12156-FCBB,,49.273,-123.134,,Granville Island,Hakai-FCBB,sediment grab sample,9,6,2022,2022-09-06,5,5,"University of British Columbia, Beaty Biodiversity Museum",http://biocol.org/urn:lsid:biocol.org:col:15106,inlet,FalseCreek_BioBlitz_2022,BHAK-12156-FCBB,BHAK-12156-FCBB,BHAK-12156-FCBB,sediment grab sample,5,BoLD original eventID: BHAK-12156-FCBB
BHAK-12157-FCBB-001,en,http://creativecommons.org/licenses/by/4.0/legalcode,Hakai Institute,2025-12-29,Canada,CA,WGS84,British Columbia,Burrard Inlet,False Creek,BHAK-12157-FCBB,,49.273,-123.134,,Granville Island,Hakai-FCBB,sediment grab sample,9,6,2022,2022-09-06,5,5,"University of British Columbia, Beaty Biodiversity Museum",http://biocol.org/urn:lsid:biocol.org:col:15106,inlet,FalseCreek_BioBlitz_2022,BHAK-12157-FCBB,BHAK-12157-FCBB,BHAK-12157-FCBB,sediment grab sample,5,BoLD original eventID: BHAK-12157-FCBB
BHAK-12158-FCBB-001,en,http://creativecommons.org/licenses/by/4.0/legalcode,Hakai Institute,2025-12-29,Canada,CA,WGS84,British Columbia,Burrard Inlet,False Creek,BHAK-12158-FCBB,,49.273,-123.134,,Granville Island,Hakai-FCBB,sediment grab sample,9,6,2022,2022-09-06,5,5,"University of British Columbia, Beaty Biodiversity Museum",http://biocol.org/urn:lsid:biocol.org:col:15106,inlet,FalseCreek_BioBlitz_2022,BHAK-12158-FCBB,BHAK-12158-FCBB,BHAK-12158-FCBB,sediment grab sample,5,BoLD original eventID: BHAK-12158-FCBB
BHAK-12159-FCBB-001,en,http://creativecommons.org/licenses/by/4.0/legalcode,Hakai Institute,2025-12-29,Canada,CA,WGS84,British Columbia,Burrard Inlet,False Creek,BHAK-12159-FCBB,,49.273,-123.134,,Granville Island,Hakai-FCBB,sediment grab sample,9,6,2022,2022-09-06,5,5,"University of British Columbia, Beaty Biodiversity Museum",http://biocol.org/urn:lsid:biocol.org:col:15106,inlet,FalseCreek_BioBlitz_2022,BHAK-12159-FCBB,BHAK-12159-FCBB,BHAK-12159-FCBB,sediment grab sample,5,BoLD original eventID: BHAK-12159-FCBB
BHAK-12160-FCBB-001,en,http://creativecommons.org/licenses/by/4.0/legalcode,Hakai Institute,2025-12-29,Canada,CA,WGS84,British Columbia,Burrard Inlet,False Creek,BHAK-12160-FCBB,,49.273,-123.134,,Granville Island,Hakai-FCBB,sediment grab sample,9,6,2022,2022-09-06,5,5,"University of British Columbia, Beaty Biodiversity Museum",http://biocol.org/urn:lsid:biocol.org:col:15106,inlet,FalseCreek_BioBlitz_2022,BHAK-12160-FCBB,BHAK-12160-FCBB,BHAK-12160-FCBB,sediment grab sample,5,BoLD original eventID: BHAK-12160-FCBB
BHAK-12161-FCBB-001,en,http://creativecommons.org/licenses/by/4.0/legalcode,Hakai Institute,2025-12-29,Canada,CA,WGS84,British Columbia,Burrard Inlet,False Creek,BHAK-12161-FCBB,,49.273,-123.134,,Granville Island,Hakai-FCBB,sediment grab sample,9,6,2022,2022-09-06,5,5,"University of British Columbia, Beaty Biodiversity Museum",http://biocol.org/urn:lsid:biocol.org:col:15106,inlet,FalseCreek_BioBlitz_2022,BHAK-12161-FCBB,BHAK-12161-FCBB,BHAK-12161-FCBB,sediment grab sample,5,BoLD original eventID: BHAK-12161-FCBB
BHAK-12162-FCBB-001,en,http://creativecommons.org/licenses/by/4.0/legalcode,Hakai Institute,2025-12-29,Canada,CA,WGS84,British Columbia,Burrard Inlet,False Creek,BHAK-12162-FCBB,,49.273,-123.134,,Granville Island,Hakai-FCBB,sediment grab sample,9,6,2022,2022-09-06,5,5,"University of British Columbia, Beaty Biodiversity Museum",http://biocol.org/urn:lsid:biocol.org:col:15106,inlet,FalseCreek_BioBlitz_2022,BHAK-12162-FCBB,BHAK-12162-FCBB,BHAK-12162-FCBB,sediment grab sample,5,BoLD original eventID: BHAK-12162-FCBB
BHAK-12163-FCBB-001,en,http://creativecommons.org/licenses/by/4.0/legalcode,Hakai Institute,2025-12-29,Canada,CA,WGS84,British Columbia,Burrard Inlet,False Creek,BHAK-12163-FCBB,,49.273,-123.134,,Granville Island,Hakai-FCBB,sediment grab sample,9,6,2022,2022-09-06,5,5,"University of British Columbia, Beaty Biodiversity Museum",http://biocol.org/urn:lsid:biocol.org:col:15106,inlet,FalseCreek_BioBlitz_2022,BHAK-12163-FCBB,BHAK-12163-FCBB,BHAK-12163-FCBB,sediment grab sample,5,BoLD original eventID: BHAK-12163-FCBB
BHAK-12166-FCBB-001,en,http://creativecommons.org/licenses/by/4.0/legalcode,Hakai Institute,2025-12-29,Canada,CA,WGS84,British Columbia,Burrard Inlet,False Creek,BHAK-12166-FCBB,,49.273,-123.134,Depth: intertidal,Granville Island,Hakai-FCBB,hand collected,9,6,2022,2022-09-06,,,"University of British Columbia, Beaty Biodiversity Museum",http://biocol.org/urn:lsid:biocol.org:col:15106,inlet,FalseCreek_BioBlitz_2022,BHAK-12166-FCBB,BHAK-12166-FCBB,BHAK-12166-FCBB,hand collected,,BoLD original eventID: BHAK-12166-FCBB
BHAK-12167-FCBB-001,en,http://creativecommons.org/licenses/by/4.0/legalcode,Hakai Institute,2025-12-29,Canada,CA,WGS84,British Columbia,Burrard Inlet,False Creek,BHAK-12167-FCBB,,49.273,-123.134,Depth: intertidal,Granville Island,Hakai-FCBB,hand collected,9,6,2022,2022-09-06,,,"University of British Columbia, Beaty Biodiversity Museum",http://biocol.org/urn:lsid:biocol.org:col:15106,inlet,FalseCreek_BioBlitz_2022,BHAK-12167-FCBB,BHAK-12167-FCBB,BHAK-12167-FCBB,hand collected,,BoLD original eventID: BHAK-12167-FCBB
BHAK-12168-FCBB-001,en,http://creativecommons.org/licenses/by/4.0/legalcode,Hakai Institute,2025-12-29,Canada,CA,WGS84,British Columbia,Burrard Inlet,False Creek,BHAK-12168-FCBB,,49.273,-123.134,,Granville Island,Hakai-FCBB,sediment grab sample,9,6,2022,2022-09-06,5,5,"University of British Columbia, Beaty Biodiversity Museum",http://biocol.org/urn:lsid:biocol.org:col:15106,inlet,FalseCreek_BioBlitz_2022,BHAK-12168-FCBB,BHAK-12168-FCBB,BHAK-12168-FCBB,sediment grab sample,5,BoLD original eventID: BHAK-12168-FCBB
BHAK-12169-FCBB-001,en,http://creativecommons.org/licenses/by/4.0/legalcode,Hakai Institute,2025-12-29,Canada,CA,WGS84,British Columbia,Burrard Inlet,False Creek,BHAK-12169-FCBB,,49.273,-123.134,,Granville Island,Hakai-FCBB,sediment grab sample,9,6,2022,2022-09-06,5,5,"University of British Columbia, Beaty Biodiversity Museum",http://biocol.org/urn:lsid:biocol.org:col:15106,inlet,FalseCreek_BioBlitz_2022,BHAK-12169-FCBB,BHAK-12169-FCBB,BHAK-12169-FCBB,sediment grab sample,5,BoLD original eventID: BHAK-12169-FCBB
BHAK-12170-FCBB-001,en,http://creativecommons.org/licenses/by/4.0/legalcode,Hakai Institute,2025-12-29,Canada,CA,WGS84,British Columbia,Burrard Inlet,False Creek,BHAK-12170-FCBB,,49.273,-123.134,,Granville Island,Hakai-FCBB,sediment grab sample,9,6,2022,2022-09-06,5,5,"University of British Columbia, Beaty Biodiversity Museum",http://biocol.org/urn:lsid:biocol.org:col:15106,inlet,FalseCreek_BioBlitz_2022,BHAK-12170-FCBB,BHAK-12170-FCBB,BHAK-12170-FCBB,sediment grab sample,5,BoLD original eventID: BHAK-12170-FCBB
BHAK-12171-FCBB-001,en,http://creativecommons.org/licenses/by/4.0/legalcode,Hakai Institute,2025-12-29,Canada,CA,WGS84,British Columbia,Burrard Inlet,False Creek,BHAK-12171-FCBB,,49.273,-123.134,,Granville Island,Hakai-FCBB,sediment grab sample,9,6,2022,2022-09-06,5,5,"University of British Columbia, Beaty Biodiversity Museum",http://biocol.org/urn:lsid:biocol.org:col:15106,inlet,FalseCreek_BioBlitz_2022,BHAK-12171-FCBB,BHAK-12171-FCBB,BHAK-12171-FCBB,sediment grab sample,5,BoLD original eventID: BHAK-12171-FCBB
BHAK-12172-FCBB-001,en,http://creativecommons.org/licenses/by/4.0/legalcode,Hakai Institute,2025-12-29,Canada,CA,WGS84,British Columbia,Burrard Inlet,False Creek,BHAK-12172-FCBB,,49.273,-123.134,,Granville Island,Hakai-FCBB,sediment grab sample,9,6,2022,2022-09-06,5,5,"University of British Columbia, Beaty Biodiversity Museum",http://biocol.org/urn:lsid:biocol.org:col:15106,inlet,FalseCreek_BioBlitz_2022,BHAK-12172-FCBB,BHAK-12172-FCBB,BHAK-12172-FCBB,sediment grab sample,5,BoLD original eventID: BHAK-12172-FCBB
BHAK-12211-FCBB-001,en,http://creativecommons.org/licenses/by/4.0/legalcode,Hakai Institute,2025-12-29,Canada,CA,WGS84,British Columbia,Burrard Inlet,False Creek,BHAK-12211-FCBB,,49.273,-123.134,,Granville Island,Hakai-FCBB,sediment grab sample,9,6,2022,2022-09-06,5,5,"University of British Columbia, Beaty Biodiversity Museum",http://biocol.org/urn:lsid:biocol.org:col:15106,inlet,FalseCreek_BioBlitz_2022,BHAK-12211-FCBB,BHAK-12211-FCBB,BHAK-12211-FCBB,sediment grab sample,5,BoLD original eventID: BHAK-12211-FCBB
BHAK-12212-FCBB-001,en,http://creativecommons.org/licenses/by/4.0/legalcode,Hakai Institute,2025-12-29,Canada,CA,WGS84,British Columbia,Burrard Inlet,False Creek,BHAK-12212-FCBB,,49.273,-123.134,,Granville Island,Hakai-FCBB,sediment grab sample,9,6,2022,2022-09-06,5,5,"University of British Columbia, Beaty Biodiversity Museum",http://biocol.org/urn:lsid:biocol.org:col:15106,inlet,FalseCreek_BioBlitz_2022,BHAK-12212-FCBB,BHAK-12212-FCBB,BHAK-12212-FCBB,sediment grab sample,5,BoLD original eventID: BHAK-12212-FCBB
BHAK-12213-FCBB-001,en,http://creativecommons.org/licenses/by/4.0/legalcode,Hakai Institute,2025-12-29,Canada,CA,WGS84,British Columbia,Burrard Inlet,False Creek,BHAK-12213-FCBB,,49.279,-123.142,,Vanier Park,Hakai-FCBB,sediment grab sample,9,6,2022,2022-09-06,5,5,"University of British Columbia, Beaty Biodiversity Museum",http://biocol.org/urn:lsid:biocol.org:col:15106,inlet,FalseCreek_BioBlitz_2022,BHAK-12213-FCBB,BHAK-12213-FCBB,BHAK-12213-FCBB,sediment grab sample,5,BoLD original eventID: BHAK-12213-FCBB
BHAK-12214-FCBB-001,en,http://creativecommons.org/licenses/by/4.0/legalcode,Hakai Institute,2025-12-29,Canada,CA,WGS84,British Columbia,Burrard Inlet,False Creek,BHAK-12214-FCBB,,49.279,-123.142,,Vanier Park,Hakai-FCBB,sediment grab sample,9,6,2022,2022-09-06,5,5,"University of British Columbia, Beaty Biodiversity Museum",http://biocol.org/urn:lsid:biocol.org:col:15106,inlet,FalseCreek_BioBlitz_2022,BHAK-12214-FCBB,BHAK-12214-FCBB,BHAK-12214-FCBB,sediment grab sample,5,BoLD original eventID: BHAK-12214-FCBB
BHAK-12215-FCBB-001,en,http://creativecommons.org/licenses/by/4.0/legalcode,Hakai Institute,2025-12-29,Canada,CA,WGS84,British Columbia,Burrard Inlet,False Creek,BHAK-12215-FCBB,,49.279,-123.142,,Vanier Park,Hakai-FCBB,sediment grab sample,9,6,2022,2022-09-06,5,5,"University of British Columbia, Beaty Biodiversity Museum",http://biocol.org/urn:lsid:biocol.org:col:15106,inlet,FalseCreek_BioBlitz_2022,BHAK-12215-FCBB,BHAK-12215-FCBB,BHAK-12215-FCBB,sediment grab sample,5,BoLD original eventID: BHAK-12215-FCBB
BHAK-12216-FCBB-001,en,http://creativecommons.org/licenses/by/4.0/legalcode,Hakai Institute,2025-12-29,Canada,CA,WGS84,British Columbia,Burrard Inlet,False Creek,BHAK-12216-FCBB,,49.279,-123.142,,Vanier Park,Hakai-FCBB,sediment grab sample,9,6,2022,2022-09-06,5,5,"University of British Columbia, Beaty Biodiversity Museum",http://biocol.org/urn:lsid:biocol.org:col:15106,inlet,FalseCreek_BioBlitz_2022,BHAK-12216-FCBB,BHAK-12216-FCBB,BHAK-12216-FCBB,sediment grab sample,5,BoLD original eventID: BHAK-12216-FCBB
BHAK-12217-FCBB-001,en,http://creativecommons.org/licenses/by/4.0/legalcode,Hakai Institute,2025-12-29,Canada,CA,WGS84,British Columbia,Burrard Inlet,False Creek,BHAK-12217-FCBB,,49.279,-123.142,,Vanier Park,Hakai-FCBB,sediment grab sample,9,6,2022,2022-09-06,5,5,"University of British Columbia, Beaty Biodiversity Museum",http://biocol.org/urn:lsid:biocol.org:col:15106,inlet,FalseCreek_BioBlitz_2022,BHAK-12217-FCBB,BHAK-12217-FCBB,BHAK-12217-FCBB,sediment grab sample,5,BoLD original eventID: BHAK-12217-FCBB
BHAK-12218-FCBB-001,en,http://creativecommons.org/licenses/by/4.0/legalcode,Hakai Institute,2025-12-29,Canada,CA,WGS84,British Columbia,Burrard Inlet,False Creek,BHAK-12218-FCBB,,49.279,-123.142,,Vanier Park,Hakai-FCBB,sediment grab sample,9,6,2022,2022-09-06,5,5,"University of British Columbia, Beaty Biodiversity Museum",http://biocol.org/urn:lsid:biocol.org:col:15106,inlet,FalseCreek_BioBlitz_2022,BHAK-12218-FCBB,BHAK-12218-FCBB,BHAK-12218-FCBB,sediment grab sample,5,BoLD original eventID: BHAK-12218-FCBB
BHAK-12219-FCBB-001,en,http://creativecommons.org/licenses/by/4.0/legalcode,Hakai Institute,2025-12-29,Canada,CA,WGS84,British Columbia,Burrard Inlet,False Creek,BHAK-12219-FCBB,,49.279,-123.142,,Vanier Park,Hakai-FCBB,sediment grab sample,9,6,2022,2022-09-06,5,5,"University of British Columbia, Beaty Biodiversity Museum",http://biocol.org/urn:lsid:biocol.org:col:15106,inlet,FalseCreek_BioBlitz_2022,BHAK-12219-FCBB,BHAK-12219-FCBB,BHAK-12219-FCBB,sediment grab sample,5,BoLD original eventID: BHAK-12219-FCBB
BHAK-12220-FCBB-001,en,http://creativecommons.org/licenses/by/4.0/legalcode,Hakai Institute,2025-12-29,Canada,CA,WGS84,British Columbia,Burrard Inlet,False Creek,BHAK-12220-FCBB,,49.279,-123.142,,Vanier Park,Hakai-FCBB,sediment grab sample,9,6,2022,2022-09-06,5,5,"University of British Columbia, Beaty Biodiversity Museum",http://biocol.org/urn:lsid:biocol.org:col:15106,inlet,FalseCreek_BioBlitz_2022,BHAK-12220-FCBB,BHAK-12220-FCBB,BHAK-12220-FCBB,sediment grab sample,5,BoLD original eventID: BHAK-12220-FCBB
BHAK-12221-FCBB-001,en,http://creativecommons.org/licenses/by/4.0/legalcode,Hakai Institute,2025-12-29,Canada,CA,WGS84,British Columbia,Burrard Inlet,False Creek,BHAK-12221-FCBB,,49.279,-123.142,,Vanier Park,Hakai-FCBB,sediment grab sample,9,6,2022,2022-09-06,5,5,"University of British Columbia, Beaty Biodiversity Museum",http://biocol.org/urn:lsid:biocol.org:col:15106,inlet,FalseCreek_BioBlitz_2022,BHAK-12221-FCBB,BHAK-12221-FCBB,BHAK-12221-FCBB,sediment grab sample,5,BoLD original eventID: BHAK-12221-FCBB
BHAK-12222-FCBB-001,en,http://creativecommons.org/licenses/by/4.0/legalcode,Hakai Institute,2025-12-29,Canada,CA,WGS84,British Columbia,Burrard Inlet,False Creek,BHAK-12222-FCBB,,49.279,-123.142,,Vanier Park,Hakai-FCBB,sediment grab sample,9,6,2022,2022-09-06,5,5,"University of British Columbia, Beaty Biodiversity Museum",http://biocol.org/urn:lsid:biocol.org:col:15106,inlet,FalseCreek_BioBlitz_2022,BHAK-12222-FCBB,BHAK-12222-FCBB,BHAK-12222-FCBB,sediment grab sample,5,BoLD original eventID: BHAK-12222-FCBB
BHAK-12223-FCBB-001,en,http://creativecommons.org/licenses/by/4.0/legalcode,Hakai Institute,2025-12-29,Canada,CA,WGS84,British Columbia,Burrard Inlet,False Creek,BHAK-12223-FCBB,,49.279,-123.142,,Vanier Park,Hakai-FCBB,sediment grab sample,9,6,2022,2022-09-06,5,5,"University of British Columbia, Beaty Biodiversity Museum",http://biocol.org/urn:lsid:biocol.org:col:15106,inlet,FalseCreek_BioBlitz_2022,BHAK-12223-FCBB,BHAK-12223-FCBB,BHAK-12223-FCBB,sediment grab sample,5,BoLD original eventID: BHAK-12223-FCBB
BHAK-12224-FCBB-001,en,http://creativecommons.org/licenses/by/4.0/legalcode,Hakai Institute,2025-12-29,Canada,CA,WGS84,British Columbia,Burrard Inlet,False Creek,BHAK-12224-FCBB,,49.279,-123.142,,Vanier Park,Hakai-FCBB,sediment grab sample,9,6,2022,2022-09-06,5,5,"University of British Columbia, Beaty Biodiversity Museum",http://biocol.org/urn:lsid:biocol.org:col:15106,inlet,FalseCreek_BioBlitz_2022,BHAK-12224-FCBB,BHAK-12224-FCBB,BHAK-12224-FCBB,sediment grab sample,5,BoLD original eventID: BHAK-12224-FCBB
BHAK-12225-FCBB-001,en,http://creativecommons.org/licenses/by/4.0/legalcode,Hakai Institute,2025-12-29,Canada,CA,WGS84,British Columbia,Burrard Inlet,False Creek,BHAK-12225-FCBB,,49.279,-123.142,,Vanier Park,Hakai-FCBB,sediment grab sample,9,6,2022,2022-09-06,5,5,"University of British Columbia, Beaty Biodiversity Museum",http://biocol.org/urn:lsid:biocol.org:col:15106,inlet,FalseCreek_BioBlitz_2022,BHAK-12225-FCBB,BHAK-12225-FCBB,BHAK-12225-FCBB,sediment grab sample,5,BoLD original eventID: BHAK-12225-FCBB
BHAK-12226-FCBB-001,en,http://creativecommons.org/licenses/by/4.0/legalcode,Hakai Institute,2025-12-29,Canada,CA,WGS84,British Columbia,Burrard Inlet,False Creek,BHAK-12226-FCBB,,49.279,-123.142,,Vanier Park,Hakai-FCBB,sediment grab sample,9,6,2022,2022-09-06,5,5,"University of British Columbia, Beaty Biodiversity Museum",http://biocol.org/urn:lsid:biocol.org:col:15106,inlet,FalseCreek_BioBlitz_2022,BHAK-12226-FCBB,BHAK-12226-FCBB,BHAK-12226-FCBB,sediment grab sample,5,BoLD original eventID: BHAK-12226-FCBB
BHAK-12227-FCBB-001,en,http://creativecommons.org/licenses/by/4.0/legalcode,Hakai Institute,2025-12-29,Canada,CA,WGS84,British Columbia,Burrard Inlet,False Creek,BHAK-12227-FCBB,,49.279,-123.142,,Vanier Park,Hakai-FCBB,sediment grab sample,9,6,2022,2022-09-06,5,5,"University of British Columbia, Beaty Biodiversity Museum",http://biocol.org/urn:lsid:biocol.org:col:15106,inlet,FalseCreek_BioBlitz_2022,BHAK-12227-FCBB,BHAK-12227-FCBB,BHAK-12227-FCBB,sediment grab sample,5,BoLD original eventID: BHAK-12227-FCBB
BHAK-12228-FCBB-001,en,http://creativecommons.org/licenses/by/4.0/legalcode,Hakai Institute,2025-12-29,Canada,CA,WGS84,British Columbia,Burrard Inlet,False Creek,BHAK-12228-FCBB,,49.279,-123.142,,Vanier Park,Hakai-FCBB,sediment grab sample,9,6,2022,2022-09-06,5,5,"University of British Columbia, Beaty Biodiversity Museum",http://biocol.org/urn:lsid:biocol.org:col:15106,inlet,FalseCreek_BioBlitz_2022,BHAK-12228-FCBB,BHAK-12228-FCBB,BHAK-12228-FCBB,sediment grab sample,5,BoLD original eventID: BHAK-12228-FCBB
BHAK-12181-FCBB-001,en,http://creativecommons.org/licenses/by/4.0/legalcode,Hakai Institute,2025-12-29,Canada,CA,WGS84,British Columbia,Burrard Inlet,False Creek,BHAK-12181-FCBB,,49.278,-123.152,Depth: intertidal,Kitsilano Beach North Boulders,Hakai-FCBB,hand collected,9,6,2022,2022-09-06,,,"University of British Columbia, Beaty Biodiversity Museum",http://biocol.org/urn:lsid:biocol.org:col:15106,intertidal boulders,FalseCreek_BioBlitz_2022,BHAK-12181-FCBB,BHAK-12181-FCBB,BHAK-12181-FCBB,hand collected,,BoLD original eventID: BHAK-12181-FCBB
BHAK-12182-FCBB-001,en,http://creativecommons.org/licenses/by/4.0/legalcode,Hakai Institute,2025-12-29,Canada,CA,WGS84,British Columbia,Burrard Inlet,False Creek,BHAK-12182-FCBB,,49.278,-123.152,Depth: intertidal,Kitsilano Beach North Boulders,Hakai-FCBB,hand collected,9,6,2022,2022-09-06,,,"University of British Columbia, Beaty Biodiversity Museum",http://biocol.org/urn:lsid:biocol.org:col:15106,intertidal boulders,FalseCreek_BioBlitz_2022,BHAK-12182-FCBB,BHAK-12182-FCBB,BHAK-12182-FCBB,hand collected,,BoLD original eventID: BHAK-12182-FCBB
BHAK-12183-FCBB-001,en,http://creativecommons.org/licenses/by/4.0/legalcode,Hakai Institute,2025-12-29,Canada,CA,WGS84,British Columbia,Burrard Inlet,False Creek,BHAK-12183-FCBB,,49.278,-123.152,Depth: intertidal,Kitsilano Beach North Boulders,Hakai-FCBB,hand collected,9,6,2022,2022-09-06,,,"University of British Columbia, Beaty Biodiversity Museum",http://biocol.org/urn:lsid:biocol.org:col:15106,intertidal boulders,FalseCreek_BioBlitz_2022,BHAK-12183-FCBB,BHAK-12183-FCBB,BHAK-12183-FCBB,hand collected,,BoLD original eventID: BHAK-12183-FCBB
BHAK-12184-FCBB-001,en,http://creativecommons.org/licenses/by/4.0/legalcode,Hakai Institute,2025-12-29,Canada,CA,WGS84,British Columbia,Burrard Inlet,False Creek,BHAK-12184-FCBB,,49.278,-123.152,Depth: intertidal,Kitsilano Beach North Boulders,Hakai-FCBB,hand collected,9,6,2022,2022-09-06,,,"University of British Columbia, Beaty Biodiversity Museum",http://biocol.org/urn:lsid:biocol.org:col:15106,intertidal boulders,FalseCreek_BioBlitz_2022,BHAK-12184-FCBB,BHAK-12184-FCBB,BHAK-12184-FCBB,hand collected,,BoLD original eventID: BHAK-12184-FCBB
BHAK-12185-FCBB-001,en,http://creativecommons.org/licenses/by/4.0/legalcode,Hakai Institute,2025-12-29,Canada,CA,WGS84,British Columbia,Burrard Inlet,False Creek,BHAK-12185-FCBB,,49.278,-123.152,Depth: intertidal,Kitsilano Beach North Boulders,Hakai-FCBB,hand collected,9,6,2022,2022-09-06,,,"University of British Columbia, Beaty Biodiversity Museum",http://biocol.org/urn:lsid:biocol.org:col:15106,intertidal boulders,FalseCreek_BioBlitz_2022,BHAK-12185-FCBB,BHAK-12185-FCBB,BHAK-12185-FCBB,hand collected,,BoLD original eventID: BHAK-12185-FCBB
BHAK-12186-FCBB-001,en,http://creativecommons.org/licenses/by/4.0/legalcode,Hakai Institute,2025-12-29,Canada,CA,WGS84,British Columbia,Burrard Inlet,False Creek,BHAK-12186-FCBB,,49.278,-123.152,Depth: intertidal,Kitsilano Beach North Boulders,Hakai-FCBB,hand collected,9,6,2022,2022-09-06,,,"University of British Columbia, Beaty Biodiversity Museum",http://biocol.org/urn:lsid:biocol.org:col:15106,intertidal boulders,FalseCreek_BioBlitz_2022,BHAK-12186-FCBB,BHAK-12186-FCBB,BHAK-12186-FCBB,hand collected,,BoLD original eventID: BHAK-12186-FCBB
BHAK-12187-FCBB-001,en,http://creativecommons.org/licenses/by/4.0/legalcode,Hakai Institute,2025-12-29,Canada,CA,WGS84,British Columbia,Burrard Inlet,False Creek,BHAK-12187-FCBB,,49.278,-123.152,Depth: intertidal,Kitsilano Beach North Boulders,Hakai-FCBB,hand collected,9,6,2022,2022-09-06,,,"University of British Columbia, Beaty Biodiversity Museum",http://biocol.org/urn:lsid:biocol.org:col:15106,intertidal boulders,FalseCreek_BioBlitz_2022,BHAK-12187-FCBB,BHAK-12187-FCBB,BHAK-12187-FCBB,hand collected,,BoLD original eventID: BHAK-12187-FCBB
BHAK-12188-FCBB-001,en,http://creativecommons.org/licenses/by/4.0/legalcode,Hakai Institute,2025-12-29,Canada,CA,WGS84,British Columbia,Burrard Inlet,False Creek,BHAK-12188-FCBB,,49.278,-123.152,Depth: intertidal,Kitsilano Beach North Boulders,Hakai-FCBB,hand collected,9,6,2022,2022-09-06,,,"University of British Columbia, Beaty Biodiversity Museum",http://biocol.org/urn:lsid:biocol.org:col:15106,intertidal boulders,FalseCreek_BioBlitz_2022,BHAK-12188-FCBB,BHAK-12188-FCBB,BHAK-12188-FCBB,hand collected,,BoLD original eventID: BHAK-12188-FCBB
BHAK-12189-FCBB-001,en,http://creativecommons.org/licenses/by/4.0/legalcode,Hakai Institute,2025-12-29,Canada,CA,WGS84,British Columbia,Burrard Inlet,False Creek,BHAK-12189-FCBB,,49.278,-123.152,Depth: intertidal,Kitsilano Beach North Boulders,Hakai-FCBB,hand collected,9,6,2022,2022-09-06,,,"University of British Columbia, Beaty Biodiversity Museum",http://biocol.org/urn:lsid:biocol.org:col:15106,intertidal boulders,FalseCreek_BioBlitz_2022,BHAK-12189-FCBB,BHAK-12189-FCBB,BHAK-12189-FCBB,hand collected,,BoLD original eventID: BHAK-12189-FCBB
BHAK-12190-FCBB-001,en,http://creativecommons.org/licenses/by/4.0/legalcode,Hakai Institute,2025-12-29,Canada,CA,WGS84,British Columbia,Burrard Inlet,False Creek,BHAK-12190-FCBB,,49.278,-123.152,Depth: intertidal,Kitsilano Beach North Boulders,Hakai-FCBB,hand collected,9,6,2022,2022-09-06,,,"University of British Columbia, Beaty Biodiversity Museum",http://biocol.org/urn:lsid:biocol.org:col:15106,intertidal boulders,FalseCreek_BioBlitz_2022,BHAK-12190-FCBB,BHAK-12190-FCBB,BHAK-12190-FCBB,hand collected,,BoLD original eventID: BHAK-12190-FCBB
BHAK-12191-FCBB-001,en,http://creativecommons.org/licenses/by/4.0/legalcode,Hakai Institute,2025-12-29,Canada,CA,WGS84,British Columbia,Burrard Inlet,False Creek,BHAK-12191-FCBB,,49.278,-123.152,Depth: intertidal,Kitsilano Beach North Boulders,Hakai-FCBB,hand collected,9,6,2022,2022-09-06,,,"University of British Columbia, Beaty Biodiversity Museum",http://biocol.org/urn:lsid:biocol.org:col:15106,intertidal boulders,FalseCreek_BioBlitz_2022,BHAK-12191-FCBB,BHAK-12191-FCBB,BHAK-12191-FCBB,hand collected,,BoLD original eventID: BHAK-12191-FCBB
BHAK-12192-FCBB-001,en,http://creativecommons.org/licenses/by/4.0/legalcode,Hakai Institute,2025-12-29,Canada,CA,WGS84,British Columbia,Burrard Inlet,False Creek,BHAK-12192-FCBB,,49.278,-123.152,Depth: intertidal,Kitsilano Beach North Boulders,Hakai-FCBB,hand collected,9,6,2022,2022-09-06,,,"University of British Columbia, Beaty Biodiversity Museum",http://biocol.org/urn:lsid:biocol.org:col:15106,intertidal boulders,FalseCreek_BioBlitz_2022,BHAK-12192-FCBB,BHAK-12192-FCBB,BHAK-12192-FCBB,hand collected,,BoLD original eventID: BHAK-12192-FCBB
BHAK-12209-FCBB-001,en,http://creativecommons.org/licenses/by/4.0/legalcode,Hakai Institute,2025-12-29,Canada,CA,WGS84,British Columbia,Burrard Inlet,False Creek,BHAK-12209-FCBB,,49.283,-123.15,,False Creek Mouth,Hakai-FCBB,sediment grab sample,9,6,2022,2022-09-06,5,5,"University of British Columbia, Beaty Biodiversity Museum",http://biocol.org/urn:lsid:biocol.org:col:15106,inlet,FalseCreek_BioBlitz_2022,BHAK-12209-FCBB,BHAK-12209-FCBB,BHAK-12209-FCBB,sediment grab sample,5,BoLD original eventID: BHAK-12209-FCBB
BHAK-12210-FCBB-001,en,http://creativecommons.org/licenses/by/4.0/legalcode,Hakai Institute,2025-12-29,Canada,CA,WGS84,British Columbia,Burrard Inlet,False Creek,BHAK-12210-FCBB,,49.283,-123.15,,False Creek Mouth,Hakai-FCBB,sediment grab sample,9,6,2022,2022-09-06,5,5,"University of British Columbia, Beaty Biodiversity Museum",http://biocol.org/urn:lsid:biocol.org:col:15106,inlet,FalseCreek_BioBlitz_2022,BHAK-12210-FCBB,BHAK-12210-FCBB,BHAK-12210-FCBB,sediment grab sample,5,BoLD original eventID: BHAK-12210-FCBB
BHAK-12264-FCBB-001,en,http://creativecommons.org/licenses/by/4.0/legalcode,Hakai Institute,2025-12-29,Canada,CA,WGS84,British Columbia,Burrard Inlet,False Creek,BHAK-12264-FCBB,,49.283,-123.15,,False Creek Mouth,Hakai-FCBB,sediment grab sample,9,6,2022,2022-09-06,5,5,"University of British Columbia, Beaty Biodiversity Museum",http://biocol.org/urn:lsid:biocol.org:col:15106,inlet,FalseCreek_BioBlitz_2022,BHAK-12264-FCBB,BHAK-12264-FCBB,BHAK-12264-FCBB,sediment grab sample,5,BoLD original eventID: BHAK-12264-FCBB
BHAK-12281-FCBB-001,en,http://creativecommons.org/licenses/by/4.0/legalcode,Hakai Institute,2025-12-29,Canada,CA,WGS84,British Columbia,Burrard Inlet,False Creek,BHAK-12281-FCBB,,49.283,-123.15,,False Creek Mouth,Hakai-FCBB,sediment grab sample,9,6,2022,2022-09-06,5,5,"University of British Columbia, Beaty Biodiversity Museum",http://biocol.org/urn:lsid:biocol.org:col:15106,inlet,FalseCreek_BioBlitz_2022,BHAK-12281-FCBB,BHAK-12281-FCBB,BHAK-12281-FCBB,sediment grab sample,5,BoLD original eventID: BHAK-12281-FCBB
BHAK-12282-FCBB-001,en,http://creativecommons.org/licenses/by/4.0/legalcode,Hakai Institute,2025-12-29,Canada,CA,WGS84,British Columbia,Burrard Inlet,False Creek,BHAK-12282-FCBB,,49.283,-123.15,,False Creek Mouth,Hakai-FCBB,sediment grab sample,9,6,2022,2022-09-06,5,5,"University of British Columbia, Beaty Biodiversity Museum",http://biocol.org/urn:lsid:biocol.org:col:15106,inlet,FalseCreek_BioBlitz_2022,BHAK-12282-FCBB,BHAK-12282-FCBB,BHAK-12282-FCBB,sediment grab sample,5,BoLD original eventID: BHAK-12282-FCBB
BHAK-12283-FCBB-001,en,http://creativecommons.org/licenses/by/4.0/legalcode,Hakai Institute,2025-12-29,Canada,CA,WGS84,British Columbia,Burrard Inlet,False Creek,BHAK-12283-FCBB,,49.283,-123.15,,False Creek Mouth,Hakai-FCBB,sediment grab sample,9,6,2022,2022-09-06,5,5,"University of British Columbia, Beaty Biodiversity Museum",http://biocol.org/urn:lsid:biocol.org:col:15106,inlet,FalseCreek_BioBlitz_2022,BHAK-12283-FCBB,BHAK-12283-FCBB,BHAK-12283-FCBB,sediment grab sample,5,BoLD original eventID: BHAK-12283-FCBB
BHAK-12284-FCBB-001,en,http://creativecommons.org/licenses/by/4.0/legalcode,Hakai Institute,2025-12-29,Canada,CA,WGS84,British Columbia,Burrard Inlet,False Creek,BHAK-12284-FCBB,,49.283,-123.15,,False Creek Mouth,Hakai-FCBB,sediment grab sample,9,6,2022,2022-09-06,5,5,"University of British Columbia, Beaty Biodiversity Museum",http://biocol.org/urn:lsid:biocol.org:col:15106,inlet,FalseCreek_BioBlitz_2022,BHAK-12284-FCBB,BHAK-12284-FCBB,BHAK-12284-FCBB,sediment grab sample,5,BoLD original eventID: BHAK-12284-FCBB
BHAK-12285-FCBB-001,en,http://creativecommons.org/licenses/by/4.0/legalcode,Hakai Institute,2025-12-29,Canada,CA,WGS84,British Columbia,Burrard Inlet,False Creek,BHAK-12285-FCBB,,49.283,-123.15,,False Creek Mouth,Hakai-FCBB,sediment grab sample,9,6,2022,2022-09-06,5,5,"University of British Columbia, Beaty Biodiversity Museum",http://biocol.org/urn:lsid:biocol.org:col:15106,inlet,FalseCreek_BioBlitz_2022,BHAK-12285-FCBB,BHAK-12285-FCBB,BHAK-12285-FCBB,sediment grab sample,5,BoLD original eventID: BHAK-12285-FCBB
BHAK-12286-FCBB-001,en,http://creativecommons.org/licenses/by/4.0/legalcode,Hakai Institute,2025-12-29,Canada,CA,WGS84,British Columbia,Burrard Inlet,False Creek,BHAK-12286-FCBB,,49.283,-123.15,,False Creek Mouth,Hakai-FCBB,sediment grab sample,9,6,2022,2022-09-06,5,5,"University of British Columbia, Beaty Biodiversity Museum",http://biocol.org/urn:lsid:biocol.org:col:15106,inlet,FalseCreek_BioBlitz_2022,BHAK-12286-FCBB,BHAK-12286-FCBB,BHAK-12286-FCBB,sediment grab sample,5,BoLD original eventID: BHAK-12286-FCBB
BHAK-12287-FCBB-001,en,http://creativecommons.org/licenses/by/4.0/legalcode,Hakai Institute,2025-12-29,Canada,CA,WGS84,British Columbia,Burrard Inlet,False Creek,BHAK-12287-FCBB,,49.283,-123.15,,False Creek Mouth,Hakai-FCBB,sediment grab sample,9,6,2022,2022-09-06,5,5,"University of British Columbia, Beaty Biodiversity Museum",http://biocol.org/urn:lsid:biocol.org:col:15106,inlet,FalseCreek_BioBlitz_2022,BHAK-12287-FCBB,BHAK-12287-FCBB,BHAK-12287-FCBB,sediment grab sample,5,BoLD original eventID: BHAK-12287-FCBB
BHAK-12288-FCBB-001,en,http://creativecommons.org/licenses/by/4.0/legalcode,Hakai Institute,2025-12-29,Canada,CA,WGS84,British Columbia,Burrard Inlet,False Creek,BHAK-12288-FCBB,,49.283,-123.15,,False Creek Mouth,Hakai-FCBB,sediment grab sample,9,6,2022,2022-09-06,5,5,Hakai Institute,https://edmo.seadatanet.org/report/5148,inlet,FalseCreek_BioBlitz_2022,BHAK-12288-FCBB,BHAK-12288-FCBB,BHAK-12288-FCBB,sediment grab sample,5,BoLD original eventID: BHAK-12288-FCBB
BHAK-12289-FCBB-001,en,http://creativecommons.org/licenses/by/4.0/legalcode,Hakai Institute,2025-12-29,Canada,CA,WGS84,British Columbia,Burrard Inlet,False Creek,BHAK-12289-FCBB,,49.283,-123.15,,False Creek Mouth,Hakai-FCBB,sediment grab sample,9,6,2022,2022-09-06,5,5,"University of British Columbia, Beaty Biodiversity Museum",http://biocol.org/urn:lsid:biocol.org:col:15106,inlet,FalseCreek_BioBlitz_2022,BHAK-12289-FCBB,BHAK-12289-FCBB,BHAK-12289-FCBB,sediment grab sample,5,BoLD original eventID: BHAK-12289-FCBB
BHAK-12273-FCBB-001,en,http://creativecommons.org/licenses/by/4.0/legalcode,Hakai Institute,2025-12-29,Canada,CA,WGS84,British Columbia,Burrard Inlet,False Creek,BHAK-12273-FCBB,,49.279,-123.142,,Vanier Park,Hakai-FCBB,sediment grab sample,9,6,2022,2022-09-06,5,5,"University of British Columbia, Beaty Biodiversity Museum",http://biocol.org/urn:lsid:biocol.org:col:15106,inlet,FalseCreek_BioBlitz_2022,BHAK-12273-FCBB,BHAK-12273-FCBB,BHAK-12273-FCBB,sediment grab sample,5,BoLD original eventID: BHAK-12273-FCBB
BHAK-12274-FCBB-001,en,http://creativecommons.org/licenses/by/4.0/legalcode,Hakai Institute,2025-12-29,Canada,CA,WGS84,British Columbia,Burrard Inlet,False Creek,BHAK-12274-FCBB,,49.279,-123.142,,Vanier Park,Hakai-FCBB,sediment grab sample,9,6,2022,2022-09-06,5,5,"University of British Columbia, Beaty Biodiversity Museum",http://biocol.org/urn:lsid:biocol.org:col:15106,inlet,FalseCreek_BioBlitz_2022,BHAK-12274-FCBB,BHAK-12274-FCBB,BHAK-12274-FCBB,sediment grab sample,5,BoLD original eventID: BHAK-12274-FCBB
BHAK-12275-FCBB-001,en,http://creativecommons.org/licenses/by/4.0/legalcode,Hakai Institute,2025-12-29,Canada,CA,WGS84,British Columbia,Burrard Inlet,False Creek,BHAK-12275-FCBB,,49.279,-123.142,,Vanier Park,Hakai-FCBB,sediment grab sample,9,6,2022,2022-09-06,5,5,"University of British Columbia, Beaty Biodiversity Museum",http://biocol.org/urn:lsid:biocol.org:col:15106,inlet,FalseCreek_BioBlitz_2022,BHAK-12275-FCBB,BHAK-12275-FCBB,BHAK-12275-FCBB,sediment grab sample,5,BoLD original eventID: BHAK-12275-FCBB
BHAK-12276-FCBB-001,en,http://creativecommons.org/licenses/by/4.0/legalcode,Hakai Institute,2025-12-29,Canada,CA,WGS84,British Columbia,Burrard Inlet,False Creek,BHAK-12276-FCBB,,49.279,-123.142,,Vanier Park,Hakai-FCBB,sediment grab sample,9,6,2022,2022-09-06,5,5,"University of British Columbia, Beaty Biodiversity Museum",http://biocol.org/urn:lsid:biocol.org:col:15106,inlet,FalseCreek_BioBlitz_2022,BHAK-12276-FCBB,BHAK-12276-FCBB,BHAK-12276-FCBB,sediment grab sample,5,BoLD original eventID: BHAK-12276-FCBB
BHAK-12277-FCBB-001,en,http://creativecommons.org/licenses/by/4.0/legalcode,Hakai Institute,2025-12-29,Canada,CA,WGS84,British Columbia,Burrard Inlet,False Creek,BHAK-12277-FCBB,,49.273,-123.134,,Granville Island,Hakai-FCBB,sediment grab sample,9,6,2022,2022-09-06,5,5,"University of British Columbia, Beaty Biodiversity Museum",http://biocol.org/urn:lsid:biocol.org:col:15106,inlet,FalseCreek_BioBlitz_2022,BHAK-12277-FCBB,BHAK-12277-FCBB,BHAK-12277-FCBB,sediment grab sample,5,BoLD original eventID: BHAK-12277-FCBB
BHAK-12278-FCBB-001,en,http://creativecommons.org/licenses/by/4.0/legalcode,Hakai Institute,2025-12-29,Canada,CA,WGS84,British Columbia,Burrard Inlet,False Creek,BHAK-12278-FCBB,,49.273,-123.134,,Granville Island,Hakai-FCBB,sediment grab sample,9,6,2022,2022-09-06,5,5,"University of British Columbia, Beaty Biodiversity Museum",http://biocol.org/urn:lsid:biocol.org:col:15106,inlet,FalseCreek_BioBlitz_2022,BHAK-12278-FCBB,BHAK-12278-FCBB,BHAK-12278-FCBB,sediment grab sample,5,BoLD original eventID: BHAK-12278-FCBB
BHAK-12279-FCBB-001,en,http://creativecommons.org/licenses/by/4.0/legalcode,Hakai Institute,2025-12-29,Canada,CA,WGS84,British Columbia,Burrard Inlet,False Creek,BHAK-12279-FCBB,,49.273,-123.134,,Granville Island,Hakai-FCBB,sediment grab sample,9,6,2022,2022-09-06,5,5,"University of British Columbia, Beaty Biodiversity Museum",http://biocol.org/urn:lsid:biocol.org:col:15106,inlet,FalseCreek_BioBlitz_2022,BHAK-12279-FCBB,BHAK-12279-FCBB,BHAK-12279-FCBB,sediment grab sample,5,BoLD original eventID: BHAK-12279-FCBB
BHAK-12280-FCBB-001,en,http://creativecommons.org/licenses/by/4.0/legalcode,Hakai Institute,2025-12-29,Canada,CA,WGS84,British Columbia,Burrard Inlet,False Creek,BHAK-12280-FCBB,,49.273,-123.134,,Granville Island,Hakai-FCBB,sediment grab sample,9,6,2022,2022-09-06,5,5,"University of British Columbia, Beaty Biodiversity Museum",http://biocol.org/urn:lsid:biocol.org:col:15106,inlet,FalseCreek_BioBlitz_2022,BHAK-12280-FCBB,BHAK-12280-FCBB,BHAK-12280-FCBB,sediment grab sample,5,BoLD original eventID: BHAK-12280-FCBB
BHAK-12331-FCBB-001,en,http://creativecommons.org/licenses/by/4.0/legalcode,Hakai Institute,2025-12-29,Canada,CA,WGS84,British Columbia,Burrard Inlet,False Creek,BHAK-12331-FCBB,,49.273,-123.134,Depth: intertidal,Granville Island,Hakai-FCBB,hand collected,9,6,2022,2022-09-06,,,"University of British Columbia, Beaty Biodiversity Museum",http://biocol.org/urn:lsid:biocol.org:col:15106,inlet,FalseCreek_BioBlitz_2022,BHAK-12331-FCBB,BHAK-12331-FCBB,BHAK-12331-FCBB,hand collected,,BoLD original eventID: BHAK-12331-FCBB
BHAK-12332-FCBB-001,en,http://creativecommons.org/licenses/by/4.0/legalcode,Hakai Institute,2025-12-29,Canada,CA,WGS84,British Columbia,Burrard Inlet,False Creek,BHAK-12332-FCBB,,49.278,-123.152,Depth: intertidal,Kitsilano Beach North Boulders,Hakai-FCBB,hand collected,9,6,2022,2022-09-06,,,"University of British Columbia, Beaty Biodiversity Museum",http://biocol.org/urn:lsid:biocol.org:col:15106,intertidal boulders,FalseCreek_BioBlitz_2022,BHAK-12332-FCBB,BHAK-12332-FCBB,BHAK-12332-FCBB,hand collected,,BoLD original eventID: BHAK-12332-FCBB
BHAK-12229-FCBB-001,en,http://creativecommons.org/licenses/by/4.0/legalcode,Hakai Institute,2025-12-29,Canada,CA,WGS84,British Columbia,Burrard Inlet,False Creek,BHAK-12229-FCBB,,49.279,-123.142,,Vanier Park,Hakai-FCBB,sediment grab sample,9,6,2022,2022-09-06,5,5,"University of British Columbia, Beaty Biodiversity Museum",http://biocol.org/urn:lsid:biocol.org:col:15106,inlet,FalseCreek_BioBlitz_2022,BHAK-12229-FCBB,BHAK-12229-FCBB,BHAK-12229-FCBB,sediment grab sample,5,BoLD original eventID: BHAK-12229-FCBB
BHAK-12230-FCBB-001,en,http://creativecommons.org/licenses/by/4.0/legalcode,Hakai Institute,2025-12-29,Canada,CA,WGS84,British Columbia,Burrard Inlet,False Creek,BHAK-12230-FCBB,,49.279,-123.142,,Vanier Park,Hakai-FCBB,sediment grab sample,9,6,2022,2022-09-06,5,5,"University of British Columbia, Beaty Biodiversity Museum",http://biocol.org/urn:lsid:biocol.org:col:15106,inlet,FalseCreek_BioBlitz_2022,BHAK-12230-FCBB,BHAK-12230-FCBB,BHAK-12230-FCBB,sediment grab sample,5,BoLD original eventID: BHAK-12230-FCBB
BHAK-12231-FCBB-001,en,http://creativecommons.org/licenses/by/4.0/legalcode,Hakai Institute,2025-12-29,Canada,CA,WGS84,British Columbia,Burrard Inlet,False Creek,BHAK-12231-FCBB,,49.279,-123.142,,Vanier Park,Hakai-FCBB,sediment grab sample,9,6,2022,2022-09-06,5,5,"University of British Columbia, Beaty Biodiversity Museum",http://biocol.org/urn:lsid:biocol.org:col:15106,inlet,FalseCreek_BioBlitz_2022,BHAK-12231-FCBB,BHAK-12231-FCBB,BHAK-12231-FCBB,sediment grab sample,5,BoLD original eventID: BHAK-12231-FCBB
BHAK-12232-FCBB-001,en,http://creativecommons.org/licenses/by/4.0/legalcode,Hakai Institute,2025-12-29,Canada,CA,WGS84,British Columbia,Burrard Inlet,False Creek,BHAK-12232-FCBB,,49.279,-123.142,,Vanier Park,Hakai-FCBB,sediment grab sample,9,6,2022,2022-09-06,5,5,"University of British Columbia, Beaty Biodiversity Museum",http://biocol.org/urn:lsid:biocol.org:col:15106,inlet,FalseCreek_BioBlitz_2022,BHAK-12232-FCBB,BHAK-12232-FCBB,BHAK-12232-FCBB,sediment grab sample,5,BoLD original eventID: BHAK-12232-FCBB
BHAK-12233-FCBB-001,en,http://creativecommons.org/licenses/by/4.0/legalcode,Hakai Institute,2025-12-29,Canada,CA,WGS84,British Columbia,Burrard Inlet,False Creek,BHAK-12233-FCBB,,49.279,-123.142,,Vanier Park,Hakai-FCBB,sediment grab sample,9,6,2022,2022-09-06,5,5,"University of British Columbia, Beaty Biodiversity Museum",http://biocol.org/urn:lsid:biocol.org:col:15106,inlet,FalseCreek_BioBlitz_2022,BHAK-12233-FCBB,BHAK-12233-FCBB,BHAK-12233-FCBB,sediment grab sample,5,BoLD original eventID: BHAK-12233-FCBB
BHAK-12234-FCBB-001,en,http://creativecommons.org/licenses/by/4.0/legalcode,Hakai Institute,2025-12-29,Canada,CA,WGS84,British Columbia,Burrard Inlet,False Creek,BHAK-12234-FCBB,,49.279,-123.142,,Vanier Park,Hakai-FCBB,sediment grab sample,9,6,2022,2022-09-06,5,5,"University of British Columbia, Beaty Biodiversity Museum",http://biocol.org/urn:lsid:biocol.org:col:15106,inlet,FalseCreek_BioBlitz_2022,BHAK-12234-FCBB,BHAK-12234-FCBB,BHAK-12234-FCBB,sediment grab sample,5,BoLD original eventID: BHAK-12234-FCBB
BHAK-12196-FCBB-001,en,http://creativecommons.org/licenses/by/4.0/legalcode,Hakai Institute,2025-12-29,Canada,CA,WGS84,British Columbia,Burrard Inlet,False Creek,BHAK-12196-FCBB,,49.279,-123.142,,Vanier Park,Hakai-FCBB,sediment grab sample,9,6,2022,2022-09-06,5,5,"University of British Columbia, Beaty Biodiversity Museum",http://biocol.org/urn:lsid:biocol.org:col:15106,inlet,FalseCreek_BioBlitz_2022,BHAK-12196-FCBB,BHAK-12196-FCBB,BHAK-12196-FCBB,sediment grab sample,5,BoLD original eventID: BHAK-12196-FCBB
BHAK-12197-FCBB-001,en,http://creativecommons.org/licenses/by/4.0/legalcode,Hakai Institute,2025-12-29,Canada,CA,WGS84,British Columbia,Burrard Inlet,False Creek,BHAK-12197-FCBB,,49.279,-123.142,,Vanier Park,Hakai-FCBB,sediment grab sample,9,6,2022,2022-09-06,5,5,"University of British Columbia, Beaty Biodiversity Museum",http://biocol.org/urn:lsid:biocol.org:col:15106,inlet,FalseCreek_BioBlitz_2022,BHAK-12197-FCBB,BHAK-12197-FCBB,BHAK-12197-FCBB,sediment grab sample,5,BoLD original eventID: BHAK-12197-FCBB
BHAK-12198-FCBB-001,en,http://creativecommons.org/licenses/by/4.0/legalcode,Hakai Institute,2025-12-29,Canada,CA,WGS84,British Columbia,Burrard Inlet,False Creek,BHAK-12198-FCBB,,49.279,-123.142,,Vanier Park,Hakai-FCBB,sediment grab sample,9,6,2022,2022-09-06,5,5,"University of British Columbia, Beaty Biodiversity Museum",http://biocol.org/urn:lsid:biocol.org:col:15106,inlet,FalseCreek_BioBlitz_2022,BHAK-12198-FCBB,BHAK-12198-FCBB,BHAK-12198-FCBB,sediment grab sample,5,BoLD original eventID: BHAK-12198-FCBB
BHAK-12199-FCBB-001,en,http://creativecommons.org/licenses/by/4.0/legalcode,Hakai Institute,2025-12-29,Canada,CA,WGS84,British Columbia,Burrard Inlet,False Creek,BHAK-12199-FCBB,,49.279,-123.142,,Vanier Park,Hakai-FCBB,sediment grab sample,9,6,2022,2022-09-06,5,5,"University of British Columbia, Beaty Biodiversity Museum",http://biocol.org/urn:lsid:biocol.org:col:15106,inlet,FalseCreek_BioBlitz_2022,BHAK-12199-FCBB,BHAK-12199-FCBB,BHAK-12199-FCBB,sediment grab sample,5,BoLD original eventID: BHAK-12199-FCBB
BHAK-12200-FCBB-001,en,http://creativecommons.org/licenses/by/4.0/legalcode,Hakai Institute,2025-12-29,Canada,CA,WGS84,British Columbia,Burrard Inlet,False Creek,BHAK-12200-FCBB,,49.279,-123.142,,Vanier Park,Hakai-FCBB,sediment grab sample,9,6,2022,2022-09-06,5,5,"University of British Columbia, Beaty Biodiversity Museum",http://biocol.org/urn:lsid:biocol.org:col:15106,inlet,FalseCreek_BioBlitz_2022,BHAK-12200-FCBB,BHAK-12200-FCBB,BHAK-12200-FCBB,sediment grab sample,5,BoLD original eventID: BHAK-12200-FCBB
BHAK-12201-FCBB-001,en,http://creativecommons.org/licenses/by/4.0/legalcode,Hakai Institute,2025-12-29,Canada,CA,WGS84,British Columbia,Burrard Inlet,False Creek,BHAK-12201-FCBB,,49.279,-123.142,,Vanier Park,Hakai-FCBB,sediment grab sample,9,6,2022,2022-09-06,5,5,"University of British Columbia, Beaty Biodiversity Museum",http://biocol.org/urn:lsid:biocol.org:col:15106,inlet,FalseCreek_BioBlitz_2022,BHAK-12201-FCBB,BHAK-12201-FCBB,BHAK-12201-FCBB,sediment grab sample,5,BoLD original eventID: BHAK-12201-FCBB
BHAK-12202-FCBB-001,en,http://creativecommons.org/licenses/by/4.0/legalcode,Hakai Institute,2025-12-29,Canada,CA,WGS84,British Columbia,Burrard Inlet,False Creek,BHAK-12202-FCBB,,49.279,-123.142,,Vanier Park,Hakai-FCBB,sediment grab sample,9,6,2022,2022-09-06,5,5,"University of British Columbia, Beaty Biodiversity Museum",http://biocol.org/urn:lsid:biocol.org:col:15106,inlet,FalseCreek_BioBlitz_2022,BHAK-12202-FCBB,BHAK-12202-FCBB,BHAK-12202-FCBB,sediment grab sample,5,BoLD original eventID: BHAK-12202-FCBB
BHAK-12203-FCBB-001,en,http://creativecommons.org/licenses/by/4.0/legalcode,Hakai Institute,2025-12-29,Canada,CA,WGS84,British Columbia,Burrard Inlet,False Creek,BHAK-12203-FCBB,,49.279,-123.142,,Vanier Park,Hakai-FCBB,sediment grab sample,9,6,2022,2022-09-06,5,5,"University of British Columbia, Beaty Biodiversity Museum",http://biocol.org/urn:lsid:biocol.org:col:15106,inlet,FalseCreek_BioBlitz_2022,BHAK-12203-FCBB,BHAK-12203-FCBB,BHAK-12203-FCBB,sediment grab sample,5,BoLD original eventID: BHAK-12203-FCBB
BHAK-12204-FCBB-001,en,http://creativecommons.org/licenses/by/4.0/legalcode,Hakai Institute,2025-12-29,Canada,CA,WGS84,British Columbia,Burrard Inlet,False Creek,BHAK-12204-FCBB,,49.279,-123.142,,Vanier Park,Hakai-FCBB,sediment grab sample,9,6,2022,2022-09-06,5,5,"University of British Columbia, Beaty Biodiversity Museum",http://biocol.org/urn:lsid:biocol.org:col:15106,inlet,FalseCreek_BioBlitz_2022,BHAK-12204-FCBB,BHAK-12204-FCBB,BHAK-12204-FCBB,sediment grab sample,5,BoLD original eventID: BHAK-12204-FCBB
BHAK-12241-FCBB-001,en,http://creativecommons.org/licenses/by/4.0/legalcode,Hakai Institute,2025-12-29,Canada,CA,WGS84,British Columbia,Burrard Inlet,False Creek,BHAK-12241-FCBB,,49.279,-123.142,,Vanier Park,Hakai-FCBB,sediment grab sample,9,6,2022,2022-09-06,5,5,"University of British Columbia, Beaty Biodiversity Museum",http://biocol.org/urn:lsid:biocol.org:col:15106,inlet,FalseCreek_BioBlitz_2022,BHAK-12241-FCBB,BHAK-12241-FCBB,BHAK-12241-FCBB,sediment grab sample,5,BoLD original eventID: BHAK-12241-FCBB
BHAK-12242-FCBB-001,en,http://creativecommons.org/licenses/by/4.0/legalcode,Hakai Institute,2025-12-29,Canada,CA,WGS84,British Columbia,Burrard Inlet,False Creek,BHAK-12242-FCBB,,49.279,-123.142,,Vanier Park,Hakai-FCBB,sediment grab sample,9,6,2022,2022-09-06,5,5,"University of British Columbia, Beaty Biodiversity Museum",http://biocol.org/urn:lsid:biocol.org:col:15106,inlet,FalseCreek_BioBlitz_2022,BHAK-12242-FCBB,BHAK-12242-FCBB,BHAK-12242-FCBB,sediment grab sample,5,BoLD original eventID: BHAK-12242-FCBB
BHAK-12243-FCBB-001,en,http://creativecommons.org/licenses/by/4.0/legalcode,Hakai Institute,2025-12-29,Canada,CA,WGS84,British Columbia,Burrard Inlet,False Creek,BHAK-12243-FCBB,,49.279,-123.142,,Vanier Park,Hakai-FCBB,sediment grab sample,9,6,2022,2022-09-06,5,5,"University of British Columbia, Beaty Biodiversity Museum",http://biocol.org/urn:lsid:biocol.org:col:15106,inlet,FalseCreek_BioBlitz_2022,BHAK-12243-FCBB,BHAK-12243-FCBB,BHAK-12243-FCBB,sediment grab sample,5,BoLD original eventID: BHAK-12243-FCBB
BHAK-12244-FCBB-001,en,http://creativecommons.org/licenses/by/4.0/legalcode,Hakai Institute,2025-12-29,Canada,CA,WGS84,British Columbia,Burrard Inlet,False Creek,BHAK-12244-FCBB,,49.279,-123.142,,Vanier Park,Hakai-FCBB,sediment grab sample,9,6,2022,2022-09-06,5,5,"University of British Columbia, Beaty Biodiversity Museum",http://biocol.org/urn:lsid:biocol.org:col:15106,inlet,FalseCreek_BioBlitz_2022,BHAK-12244-FCBB,BHAK-12244-FCBB,BHAK-12244-FCBB,sediment grab sample,5,BoLD original eventID: BHAK-12244-FCBB
BHAK-12245-FCBB-001,en,http://creativecommons.org/licenses/by/4.0/legalcode,Hakai Institute,2025-12-29,Canada,CA,WGS84,British Columbia,Burrard Inlet,False Creek,BHAK-12245-FCBB,,49.279,-123.142,,Vanier Park,Hakai-FCBB,sediment grab sample,9,6,2022,2022-09-06,5,5,"University of British Columbia, Beaty Biodiversity Museum",http://biocol.org/urn:lsid:biocol.org:col:15106,inlet,FalseCreek_BioBlitz_2022,BHAK-12245-FCBB,BHAK-12245-FCBB,BHAK-12245-FCBB,sediment grab sample,5,BoLD original eventID: BHAK-12245-FCBB
BHAK-12246-FCBB-001,en,http://creativecommons.org/licenses/by/4.0/legalcode,Hakai Institute,2025-12-29,Canada,CA,WGS84,British Columbia,Burrard Inlet,False Creek,BHAK-12246-FCBB,,49.279,-123.142,,Vanier Park,Hakai-FCBB,sediment grab sample,9,6,2022,2022-09-06,5,5,"University of British Columbia, Beaty Biodiversity Museum",http://biocol.org/urn:lsid:biocol.org:col:15106,inlet,FalseCreek_BioBlitz_2022,BHAK-12246-FCBB,BHAK-12246-FCBB,BHAK-12246-FCBB,sediment grab sample,5,BoLD original eventID: BHAK-12246-FCBB
BHAK-12247-FCBB-001,en,http://creativecommons.org/licenses/by/4.0/legalcode,Hakai Institute,2025-12-29,Canada,CA,WGS84,British Columbia,Burrard Inlet,False Creek,BHAK-12247-FCBB,,49.279,-123.142,,Vanier Park,Hakai-FCBB,sediment grab sample,9,6,2022,2022-09-06,5,5,"University of British Columbia, Beaty Biodiversity Museum",http://biocol.org/urn:lsid:biocol.org:col:15106,inlet,FalseCreek_BioBlitz_2022,BHAK-12247-FCBB,BHAK-12247-FCBB,BHAK-12247-FCBB,sediment grab sample,5,BoLD original eventID: BHAK-12247-FCBB
BHAK-12118-FCBB-001,en,http://creativecommons.org/licenses/by/4.0/legalcode,Hakai Institute,2025-12-29,Canada,CA,WGS84,British Columbia,Burrard Inlet,False Creek,BHAK-12118-FCBB,,49.27,-123.123,,Charleston Park- combined sewer outflow,Hakai-FCBB,sediment grab sample,9,5,2022,2022-09-05,5,5,"University of British Columbia, Beaty Biodiversity Museum",http://biocol.org/urn:lsid:biocol.org:col:15106,inlet,FalseCreek_BioBlitz_2022,BHAK-12118-FCBB,BHAK-12118-FCBB,BHAK-12118-FCBB,sediment grab sample,5,BoLD original eventID: BHAK-12118-FCBB
BHAK-12119-FCBB-001,en,http://creativecommons.org/licenses/by/4.0/legalcode,Hakai Institute,2025-12-29,Canada,CA,WGS84,British Columbia,Burrard Inlet,False Creek,BHAK-12119-FCBB,,49.27,-123.123,,Charleston Park- combined sewer outflow,Hakai-FCBB,sediment grab sample,9,5,2022,2022-09-05,5,5,"University of British Columbia, Beaty Biodiversity Museum",http://biocol.org/urn:lsid:biocol.org:col:15106,inlet,FalseCreek_BioBlitz_2022,BHAK-12119-FCBB,BHAK-12119-FCBB,BHAK-12119-FCBB,sediment grab sample,5,BoLD original eventID: BHAK-12119-FCBB
BHAK-12120-FCBB-001,en,http://creativecommons.org/licenses/by/4.0/legalcode,Hakai Institute,2025-12-29,Canada,CA,WGS84,British Columbia,Burrard Inlet,False Creek,BHAK-12120-FCBB,,49.27,-123.123,,Charleston Park- combined sewer outflow,Hakai-FCBB,sediment grab sample,9,5,2022,2022-09-05,5,5,"University of British Columbia, Beaty Biodiversity Museum",http://biocol.org/urn:lsid:biocol.org:col:15106,inlet,FalseCreek_BioBlitz_2022,BHAK-12120-FCBB,BHAK-12120-FCBB,BHAK-12120-FCBB,sediment grab sample,5,BoLD original eventID: BHAK-12120-FCBB
BHAK-12121-FCBB-001,en,http://creativecommons.org/licenses/by/4.0/legalcode,Hakai Institute,2025-12-29,Canada,CA,WGS84,British Columbia,Burrard Inlet,False Creek,BHAK-12121-FCBB,,49.27,-123.123,,Charleston Park- combined sewer outflow,Hakai-FCBB,sediment grab sample,9,5,2022,2022-09-05,5,5,"University of British Columbia, Beaty Biodiversity Museum",http://biocol.org/urn:lsid:biocol.org:col:15106,inlet,FalseCreek_BioBlitz_2022,BHAK-12121-FCBB,BHAK-12121-FCBB,BHAK-12121-FCBB,sediment grab sample,5,BoLD original eventID: BHAK-12121-FCBB
BHAK-12122-FCBB-001,en,http://creativecommons.org/licenses/by/4.0/legalcode,Hakai Institute,2025-12-29,Canada,CA,WGS84,British Columbia,Burrard Inlet,False Creek,BHAK-12122-FCBB,,49.27,-123.123,,Charleston Park- combined sewer outflow,Hakai-FCBB,sediment grab sample,9,5,2022,2022-09-05,5,5,"University of British Columbia, Beaty Biodiversity Museum",http://biocol.org/urn:lsid:biocol.org:col:15106,inlet,FalseCreek_BioBlitz_2022,BHAK-12122-FCBB,BHAK-12122-FCBB,BHAK-12122-FCBB,sediment grab sample,5,BoLD original eventID: BHAK-12122-FCBB
BHAK-12123-FCBB-001,en,http://creativecommons.org/licenses/by/4.0/legalcode,Hakai Institute,2025-12-29,Canada,CA,WGS84,British Columbia,Burrard Inlet,False Creek,BHAK-12123-FCBB,,49.27,-123.123,,Charleston Park- combined sewer outflow,Hakai-FCBB,sediment grab sample,9,5,2022,2022-09-05,5,5,"University of British Columbia, Beaty Biodiversity Museum",http://biocol.org/urn:lsid:biocol.org:col:15106,inlet,FalseCreek_BioBlitz_2022,BHAK-12123-FCBB,BHAK-12123-FCBB,BHAK-12123-FCBB,sediment grab sample,5,BoLD original eventID: BHAK-12123-FCBB
BHAK-12124-FCBB-001,en,http://creativecommons.org/licenses/by/4.0/legalcode,Hakai Institute,2025-12-29,Canada,CA,WGS84,British Columbia,Burrard Inlet,False Creek,BHAK-12124-FCBB,,49.27,-123.123,,Charleston Park- combined sewer outflow,Hakai-FCBB,sediment grab sample,9,5,2022,2022-09-05,5,5,"University of British Columbia, Beaty Biodiversity Museum",http://biocol.org/urn:lsid:biocol.org:col:15106,inlet,FalseCreek_BioBlitz_2022,BHAK-12124-FCBB,BHAK-12124-FCBB,BHAK-12124-FCBB,sediment grab sample,5,BoLD original eventID: BHAK-12124-FCBB
BHAK-12125-FCBB-001,en,http://creativecommons.org/licenses/by/4.0/legalcode,Hakai Institute,2025-12-29,Canada,CA,WGS84,British Columbia,Burrard Inlet,False Creek,BHAK-12125-FCBB,,49.27,-123.123,,Charleston Park- combined sewer outflow,Hakai-FCBB,sediment grab sample,9,5,2022,2022-09-05,5,5,"University of British Columbia, Beaty Biodiversity Museum",http://biocol.org/urn:lsid:biocol.org:col:15106,inlet,FalseCreek_BioBlitz_2022,BHAK-12125-FCBB,BHAK-12125-FCBB,BHAK-12125-FCBB,sediment grab sample,5,BoLD original eventID: BHAK-12125-FCBB
BHAK-12126-FCBB-001,en,http://creativecommons.org/licenses/by/4.0/legalcode,Hakai Institute,2025-12-29,Canada,CA,WGS84,British Columbia,Burrard Inlet,False Creek,BHAK-12126-FCBB,,49.27,-123.123,,Charleston Park- combined sewer outflow,Hakai-FCBB,sediment grab sample,9,5,2022,2022-09-05,5,5,"University of British Columbia, Beaty Biodiversity Museum",http://biocol.org/urn:lsid:biocol.org:col:15106,inlet,FalseCreek_BioBlitz_2022,BHAK-12126-FCBB,BHAK-12126-FCBB,BHAK-12126-FCBB,sediment grab sample,5,BoLD original eventID: BHAK-12126-FCBB
BHAK-12127-FCBB-001,en,http://creativecommons.org/licenses/by/4.0/legalcode,Hakai Institute,2025-12-29,Canada,CA,WGS84,British Columbia,Burrard Inlet,False Creek,BHAK-12127-FCBB,,49.27,-123.123,,Charleston Park- combined sewer outflow,Hakai-FCBB,sediment grab sample,9,5,2022,2022-09-05,5,5,"University of British Columbia, Beaty Biodiversity Museum",http://biocol.org/urn:lsid:biocol.org:col:15106,inlet,FalseCreek_BioBlitz_2022,BHAK-12127-FCBB,BHAK-12127-FCBB,BHAK-12127-FCBB,sediment grab sample,5,BoLD original eventID: BHAK-12127-FCBB
BHAK-12128-FCBB-001,en,http://creativecommons.org/licenses/by/4.0/legalcode,Hakai Institute,2025-12-29,Canada,CA,WGS84,British Columbia,Burrard Inlet,False Creek,BHAK-12128-FCBB,,49.27,-123.123,,Charleston Park- combined sewer outflow,Hakai-FCBB,sediment grab sample,9,5,2022,2022-09-05,5,5,"University of British Columbia, Beaty Biodiversity Museum",http://biocol.org/urn:lsid:biocol.org:col:15106,inlet,FalseCreek_BioBlitz_2022,BHAK-12128-FCBB,BHAK-12128-FCBB,BHAK-12128-FCBB,sediment grab sample,5,BoLD original eventID: BHAK-12128-FCBB
BHAK-12129-FCBB-001,en,http://creativecommons.org/licenses/by/4.0/legalcode,Hakai Institute,2025-12-29,Canada,CA,WGS84,British Columbia,Burrard Inlet,False Creek,BHAK-12129-FCBB,,49.27,-123.123,,Charleston Park- combined sewer outflow,Hakai-FCBB,sediment grab sample,9,5,2022,2022-09-05,5,5,"University of British Columbia, Beaty Biodiversity Museum",http://biocol.org/urn:lsid:biocol.org:col:15106,inlet,FalseCreek_BioBlitz_2022,BHAK-12129-FCBB,BHAK-12129-FCBB,BHAK-12129-FCBB,sediment grab sample,5,BoLD original eventID: BHAK-12129-FCBB
BHAK-12130-FCBB-001,en,http://creativecommons.org/licenses/by/4.0/legalcode,Hakai Institute,2025-12-29,Canada,CA,WGS84,British Columbia,Burrard Inlet,False Creek,BHAK-12130-FCBB,,49.27,-123.123,,Charleston Park- combined sewer outflow,Hakai-FCBB,sediment grab sample,9,5,2022,2022-09-05,5,5,"University of British Columbia, Beaty Biodiversity Museum",http://biocol.org/urn:lsid:biocol.org:col:15106,inlet,FalseCreek_BioBlitz_2022,BHAK-12130-FCBB,BHAK-12130-FCBB,BHAK-12130-FCBB,sediment grab sample,5,BoLD original eventID: BHAK-12130-FCBB
BHAK-12075-FCBB-001,en,http://creativecommons.org/licenses/by/4.0/legalcode,Hakai Institute,2025-12-29,Canada,CA,WGS84,British Columbia,Burrard Inlet,False Creek,BHAK-12075-FCBB,,49.27,-123.123,,Charleston Park- combined sewer outflow,Hakai-FCBB,sediment grab sample,9,5,2022,2022-09-05,5,5,"University of British Columbia, Beaty Biodiversity Museum",http://biocol.org/urn:lsid:biocol.org:col:15106,inlet,FalseCreek_BioBlitz_2022,BHAK-12075-FCBB,BHAK-12075-FCBB,BHAK-12075-FCBB,sediment grab sample,5,BoLD original eventID: BHAK-12075-FCBB
BHAK-12136-FCBB-001,en,http://creativecommons.org/licenses/by/4.0/legalcode,Hakai Institute,2025-12-29,Canada,CA,WGS84,British Columbia,Burrard Inlet,False Creek,BHAK-12136-FCBB,,49.27,-123.123,,Charleston Park- combined sewer outflow,Hakai-FCBB,sediment grab sample,9,5,2022,2022-09-05,5,5,"University of British Columbia, Beaty Biodiversity Museum",http://biocol.org/urn:lsid:biocol.org:col:15106,inlet,FalseCreek_BioBlitz_2022,BHAK-12136-FCBB,BHAK-12136-FCBB,BHAK-12136-FCBB,sediment grab sample,5,BoLD original eventID: BHAK-12136-FCBB
BHAK-12137-FCBB-001,en,http://creativecommons.org/licenses/by/4.0/legalcode,Hakai Institute,2025-12-29,Canada,CA,WGS84,British Columbia,Burrard Inlet,False Creek,BHAK-12137-FCBB,,49.27,-123.123,,Charleston Park- combined sewer outflow,Hakai-FCBB,sediment grab sample,9,5,2022,2022-09-05,5,5,"University of British Columbia, Beaty Biodiversity Museum",http://biocol.org/urn:lsid:biocol.org:col:15106,inlet,FalseCreek_BioBlitz_2022,BHAK-12137-FCBB,BHAK-12137-FCBB,BHAK-12137-FCBB,sediment grab sample,5,BoLD original eventID: BHAK-12137-FCBB
BHAK-12138-FCBB-001,en,http://creativecommons.org/licenses/by/4.0/legalcode,Hakai Institute,2025-12-29,Canada,CA,WGS84,British Columbia,Burrard Inlet,False Creek,BHAK-12138-FCBB,,49.27,-123.123,,Charleston Park- combined sewer outflow,Hakai-FCBB,sediment grab sample,9,5,2022,2022-09-05,5,5,"University of British Columbia, Beaty Biodiversity Museum",http://biocol.org/urn:lsid:biocol.org:col:15106,inlet,FalseCreek_BioBlitz_2022,BHAK-12138-FCBB,BHAK-12138-FCBB,BHAK-12138-FCBB,sediment grab sample,5,BoLD original eventID: BHAK-12138-FCBB
BHAK-12139-FCBB-001,en,http://creativecommons.org/licenses/by/4.0/legalcode,Hakai Institute,2025-12-29,Canada,CA,WGS84,British Columbia,Burrard Inlet,False Creek,BHAK-12139-FCBB,,49.27,-123.123,,Charleston Park- combined sewer outflow,Hakai-FCBB,sediment grab sample,9,5,2022,2022-09-05,5,5,"University of British Columbia, Beaty Biodiversity Museum",http://biocol.org/urn:lsid:biocol.org:col:15106,inlet,FalseCreek_BioBlitz_2022,BHAK-12139-FCBB,BHAK-12139-FCBB,BHAK-12139-FCBB,sediment grab sample,5,BoLD original eventID: BHAK-12139-FCBB
BHAK-12140-FCBB-001,en,http://creativecommons.org/licenses/by/4.0/legalcode,Hakai Institute,2025-12-29,Canada,CA,WGS84,British Columbia,Burrard Inlet,False Creek,BHAK-12140-FCBB,,49.27,-123.123,,Charleston Park- combined sewer outflow,Hakai-FCBB,sediment grab sample,9,5,2022,2022-09-05,5,5,"University of British Columbia, Beaty Biodiversity Museum",http://biocol.org/urn:lsid:biocol.org:col:15106,inlet,FalseCreek_BioBlitz_2022,BHAK-12140-FCBB,BHAK-12140-FCBB,BHAK-12140-FCBB,sediment grab sample,5,BoLD original eventID: BHAK-12140-FCBB
BHAK-12141-FCBB-001,en,http://creativecommons.org/licenses/by/4.0/legalcode,Hakai Institute,2025-12-29,Canada,CA,WGS84,British Columbia,Burrard Inlet,False Creek,BHAK-12141-FCBB,,49.27,-123.123,,Charleston Park- combined sewer outflow,Hakai-FCBB,sediment grab sample,9,5,2022,2022-09-05,5,5,"University of British Columbia, Beaty Biodiversity Museum",http://biocol.org/urn:lsid:biocol.org:col:15106,inlet,FalseCreek_BioBlitz_2022,BHAK-12141-FCBB,BHAK-12141-FCBB,BHAK-12141-FCBB,sediment grab sample,5,BoLD original eventID: BHAK-12141-FCBB
BHAK-12142-FCBB-001,en,http://creativecommons.org/licenses/by/4.0/legalcode,Hakai Institute,2025-12-29,Canada,CA,WGS84,British Columbia,Burrard Inlet,False Creek,BHAK-12142-FCBB,,49.27,-123.123,,Charleston Park- combined sewer outflow,Hakai-FCBB,sediment grab sample,9,5,2022,2022-09-05,5,5,"University of British Columbia, Beaty Biodiversity Museum",http://biocol.org/urn:lsid:biocol.org:col:15106,inlet,FalseCreek_BioBlitz_2022,BHAK-12142-FCBB,BHAK-12142-FCBB,BHAK-12142-FCBB,sediment grab sample,5,BoLD original eventID: BHAK-12142-FCBB
BHAK-12143-FCBB-001,en,http://creativecommons.org/licenses/by/4.0/legalcode,Hakai Institute,2025-12-29,Canada,CA,WGS84,British Columbia,Burrard Inlet,False Creek,BHAK-12143-FCBB,,49.27,-123.123,,Charleston Park- combined sewer outflow,Hakai-FCBB,sediment grab sample,9,5,2022,2022-09-05,5,5,"University of British Columbia, Beaty Biodiversity Museum",http://biocol.org/urn:lsid:biocol.org:col:15106,inlet,FalseCreek_BioBlitz_2022,BHAK-12143-FCBB,BHAK-12143-FCBB,BHAK-12143-FCBB,sediment grab sample,5,BoLD original eventID: BHAK-12143-FCBB
BHAK-12135-FCBB-001,en,http://creativecommons.org/licenses/by/4.0/legalcode,Hakai Institute,2025-12-29,Canada,CA,WGS84,British Columbia,Burrard Inlet,False Creek,BHAK-12135-FCBB,,49.27,-123.123,,Charleston Park- combined sewer outflow,Hakai-FCBB,sediment grab sample,9,5,2022,2022-09-05,5,5,"University of British Columbia, Beaty Biodiversity Museum",http://biocol.org/urn:lsid:biocol.org:col:15106,inlet,FalseCreek_BioBlitz_2022,BHAK-12135-FCBB,BHAK-12135-FCBB,BHAK-12135-FCBB,sediment grab sample,5,BoLD original eventID: BHAK-12135-FCBB
BHAK-12134-FCBB-001,en,http://creativecommons.org/licenses/by/4.0/legalcode,Hakai Institute,2025-12-29,Canada,CA,WGS84,British Columbia,Burrard Inlet,False Creek,BHAK-12134-FCBB,,49.27,-123.123,,Charleston Park- combined sewer outflow,Hakai-FCBB,sediment grab sample,9,5,2022,2022-09-05,5,5,"University of British Columbia, Beaty Biodiversity Museum",http://biocol.org/urn:lsid:biocol.org:col:15106,inlet,FalseCreek_BioBlitz_2022,BHAK-12134-FCBB,BHAK-12134-FCBB,BHAK-12134-FCBB,sediment grab sample,5,BoLD original eventID: BHAK-12134-FCBB
BHAK-12133-FCBB-001,en,http://creativecommons.org/licenses/by/4.0/legalcode,Hakai Institute,2025-12-29,Canada,CA,WGS84,British Columbia,Burrard Inlet,False Creek,BHAK-12133-FCBB,,49.27,-123.123,,Charleston Park- combined sewer outflow,Hakai-FCBB,sediment grab sample,9,5,2022,2022-09-05,5,5,"University of British Columbia, Beaty Biodiversity Museum",http://biocol.org/urn:lsid:biocol.org:col:15106,inlet,FalseCreek_BioBlitz_2022,BHAK-12133-FCBB,BHAK-12133-FCBB,BHAK-12133-FCBB,sediment grab sample,5,BoLD original eventID: BHAK-12133-FCBB
BHAK-12132-FCBB-001,en,http://creativecommons.org/licenses/by/4.0/legalcode,Hakai Institute,2025-12-29,Canada,CA,WGS84,British Columbia,Burrard Inlet,False Creek,BHAK-12132-FCBB,,49.27,-123.123,,Charleston Park- combined sewer outflow,Hakai-FCBB,sediment grab sample,9,5,2022,2022-09-05,5,5,"University of British Columbia, Beaty Biodiversity Museum",http://biocol.org/urn:lsid:biocol.org:col:15106,inlet,FalseCreek_BioBlitz_2022,BHAK-12132-FCBB,BHAK-12132-FCBB,BHAK-12132-FCBB,sediment grab sample,5,BoLD original eventID: BHAK-12132-FCBB
BHAK-12131-FCBB-001,en,http://creativecommons.org/licenses/by/4.0/legalcode,Hakai Institute,2025-12-29,Canada,CA,WGS84,British Columbia,Burrard Inlet,False Creek,BHAK-12131-FCBB,,49.27,-123.123,,Charleston Park- combined sewer outflow,Hakai-FCBB,sediment grab sample,9,5,2022,2022-09-05,5,5,"University of British Columbia, Beaty Biodiversity Museum",http://biocol.org/urn:lsid:biocol.org:col:15106,inlet,FalseCreek_BioBlitz_2022,BHAK-12131-FCBB,BHAK-12131-FCBB,BHAK-12131-FCBB,sediment grab sample,5,BoLD original eventID: BHAK-12131-FCBB
BHAK-12150-FCBB-001,en,http://creativecommons.org/licenses/by/4.0/legalcode,Hakai Institute,2025-12-29,Canada,CA,WGS84,British Columbia,Burrard Inlet,False Creek,BHAK-12150-FCBB,,49.27,-123.123,,Charleston Park- combined sewer outflow,Hakai-FCBB,sediment grab sample,9,5,2022,2022-09-05,5,5,"University of British Columbia, Beaty Biodiversity Museum",http://biocol.org/urn:lsid:biocol.org:col:15106,inlet,FalseCreek_BioBlitz_2022,BHAK-12150-FCBB,BHAK-12150-FCBB,BHAK-12150-FCBB,sediment grab sample,5,BoLD original eventID: BHAK-12150-FCBB
BHAK-12165-FCBB-001,en,http://creativecommons.org/licenses/by/4.0/legalcode,Hakai Institute,2025-12-29,Canada,CA,WGS84,British Columbia,Burrard Inlet,False Creek,BHAK-12165-FCBB,,49.273,-123.134,,Granville Island,Hakai-FCBB,sediment grab sample,9,6,2022,2022-09-06,5,5,"University of British Columbia, Beaty Biodiversity Museum",http://biocol.org/urn:lsid:biocol.org:col:15106,inlet,FalseCreek_BioBlitz_2022,BHAK-12165-FCBB,BHAK-12165-FCBB,BHAK-12165-FCBB,sediment grab sample,5,BoLD original eventID: BHAK-12165-FCBB
BHAK-12164-FCBB-001,en,http://creativecommons.org/licenses/by/4.0/legalcode,Hakai Institute,2025-12-29,Canada,CA,WGS84,British Columbia,Burrard Inlet,False Creek,BHAK-12164-FCBB,,49.273,-123.134,,Granville Island,Hakai-FCBB,sediment grab sample,9,6,2022,2022-09-06,5,5,"University of British Columbia, Beaty Biodiversity Museum",http://biocol.org/urn:lsid:biocol.org:col:15106,inlet,FalseCreek_BioBlitz_2022,BHAK-12164-FCBB,BHAK-12164-FCBB,BHAK-12164-FCBB,sediment grab sample,5,BoLD original eventID: BHAK-12164-FCBB
BHAK-12180-FCBB-001,en,http://creativecommons.org/licenses/by/4.0/legalcode,Hakai Institute,2025-12-29,Canada,CA,WGS84,British Columbia,Burrard Inlet,False Creek,BHAK-12180-FCBB,,49.273,-123.134,,Granville Island,Hakai-FCBB,sediment grab sample,9,6,2022,2022-09-06,5,5,"University of British Columbia, Beaty Biodiversity Museum",http://biocol.org/urn:lsid:biocol.org:col:15106,inlet,FalseCreek_BioBlitz_2022,BHAK-12180-FCBB,BHAK-12180-FCBB,BHAK-12180-FCBB,sediment grab sample,5,BoLD original eventID: BHAK-12180-FCBB
BHAK-12179-FCBB-001,en,http://creativecommons.org/licenses/by/4.0/legalcode,Hakai Institute,2025-12-29,Canada,CA,WGS84,British Columbia,Burrard Inlet,False Creek,BHAK-12179-FCBB,,49.273,-123.134,,Granville Island,Hakai-FCBB,sediment grab sample,9,6,2022,2022-09-06,5,5,"University of British Columbia, Beaty Biodiversity Museum",http://biocol.org/urn:lsid:biocol.org:col:15106,inlet,FalseCreek_BioBlitz_2022,BHAK-12179-FCBB,BHAK-12179-FCBB,BHAK-12179-FCBB,sediment grab sample,5,BoLD original eventID: BHAK-12179-FCBB
BHAK-12178-FCBB-001,en,http://creativecommons.org/licenses/by/4.0/legalcode,Hakai Institute,2025-12-29,Canada,CA,WGS84,British Columbia,Burrard Inlet,False Creek,BHAK-12178-FCBB,,49.273,-123.134,,Granville Island,Hakai-FCBB,sediment grab sample,9,6,2022,2022-09-06,5,5,"University of British Columbia, Beaty Biodiversity Museum",http://biocol.org/urn:lsid:biocol.org:col:15106,inlet,FalseCreek_BioBlitz_2022,BHAK-12178-FCBB,BHAK-12178-FCBB,BHAK-12178-FCBB,sediment grab sample,5,BoLD original eventID: BHAK-12178-FCBB
BHAK-12177-FCBB-001,en,http://creativecommons.org/licenses/by/4.0/legalcode,Hakai Institute,2025-12-29,Canada,CA,WGS84,British Columbia,Burrard Inlet,False Creek,BHAK-12177-FCBB,,49.273,-123.134,,Granville Island,Hakai-FCBB,sediment grab sample,9,6,2022,2022-09-06,5,5,"University of British Columbia, Beaty Biodiversity Museum",http://biocol.org/urn:lsid:biocol.org:col:15106,inlet,FalseCreek_BioBlitz_2022,BHAK-12177-FCBB,BHAK-12177-FCBB,BHAK-12177-FCBB,sediment grab sample,5,BoLD original eventID: BHAK-12177-FCBB
BHAK-12176-FCBB-001,en,http://creativecommons.org/licenses/by/4.0/legalcode,Hakai Institute,2025-12-29,Canada,CA,WGS84,British Columbia,Burrard Inlet,False Creek,BHAK-12176-FCBB,,49.278,-123.152,Depth: intertidal,Kitsilano Beach North Boulders,Hakai-FCBB,hand collected,9,6,2022,2022-09-06,,,"University of British Columbia, Beaty Biodiversity Museum",http://biocol.org/urn:lsid:biocol.org:col:15106,intertidal boulders,FalseCreek_BioBlitz_2022,BHAK-12176-FCBB,BHAK-12176-FCBB,BHAK-12176-FCBB,hand collected,,BoLD original eventID: BHAK-12176-FCBB
BHAK-12175-FCBB-001,en,http://creativecommons.org/licenses/by/4.0/legalcode,Hakai Institute,2025-12-29,Canada,CA,WGS84,British Columbia,Burrard Inlet,False Creek,BHAK-12175-FCBB,,49.278,-123.152,Depth: intertidal,Kitsilano Beach North Boulders,Hakai-FCBB,hand collected,9,6,2022,2022-09-06,,,"University of British Columbia, Beaty Biodiversity Museum",http://biocol.org/urn:lsid:biocol.org:col:15106,intertidal boulders,FalseCreek_BioBlitz_2022,BHAK-12175-FCBB,BHAK-12175-FCBB,BHAK-12175-FCBB,hand collected,,BoLD original eventID: BHAK-12175-FCBB
BHAK-12174-FCBB-001,en,http://creativecommons.org/licenses/by/4.0/legalcode,Hakai Institute,2025-12-29,Canada,CA,WGS84,British Columbia,Burrard Inlet,False Creek,BHAK-12174-FCBB,,49.279,-123.142,,Vanier Park,Hakai-FCBB,sediment grab sample,9,6,2022,2022-09-06,5,5,"University of British Columbia, Beaty Biodiversity Museum",http://biocol.org/urn:lsid:biocol.org:col:15106,inlet,FalseCreek_BioBlitz_2022,BHAK-12174-FCBB,BHAK-12174-FCBB,BHAK-12174-FCBB,sediment grab sample,5,BoLD original eventID: BHAK-12174-FCBB
BHAK-12173-FCBB-001,en,http://creativecommons.org/licenses/by/4.0/legalcode,Hakai Institute,2025-12-29,Canada,CA,WGS84,British Columbia,Burrard Inlet,False Creek,BHAK-12173-FCBB,,49.278,-123.152,Depth: intertidal,Kitsilano Beach North Boulders,Hakai-FCBB,hand collected,9,6,2022,2022-09-06,,,"University of British Columbia, Beaty Biodiversity Museum",http://biocol.org/urn:lsid:biocol.org:col:15106,intertidal boulders,FalseCreek_BioBlitz_2022,BHAK-12173-FCBB,BHAK-12173-FCBB,BHAK-12173-FCBB,hand collected,,BoLD original eventID: BHAK-12173-FCBB
BHAK-12240-FCBB-001,en,http://creativecommons.org/licenses/by/4.0/legalcode,Hakai Institute,2025-12-29,Canada,CA,WGS84,British Columbia,Burrard Inlet,False Creek,BHAK-12240-FCBB,,49.278,-123.152,Depth: intertidal,Kitsilano Beach North Boulders,Hakai-FCBB,hand collected,9,6,2022,2022-09-06,,,"University of British Columbia, Beaty Biodiversity Museum",http://biocol.org/urn:lsid:biocol.org:col:15106,intertidal boulders,FalseCreek_BioBlitz_2022,BHAK-12240-FCBB,BHAK-12240-FCBB,BHAK-12240-FCBB,hand collected,,BoLD original eventID: BHAK-12240-FCBB
BHAK-12239-FCBB-001,en,http://creativecommons.org/licenses/by/4.0/legalcode,Hakai Institute,2025-12-29,Canada,CA,WGS84,British Columbia,Burrard Inlet,False Creek,BHAK-12239-FCBB,,49.278,-123.152,Depth: intertidal,Kitsilano Beach North Boulders,Hakai-FCBB,hand collected,9,6,2022,2022-09-06,,,"University of British Columbia, Beaty Biodiversity Museum",http://biocol.org/urn:lsid:biocol.org:col:15106,intertidal boulders,FalseCreek_BioBlitz_2022,BHAK-12239-FCBB,BHAK-12239-FCBB,BHAK-12239-FCBB,hand collected,,BoLD original eventID: BHAK-12239-FCBB
BHAK-12238-FCBB-001,en,http://creativecommons.org/licenses/by/4.0/legalcode,Hakai Institute,2025-12-29,Canada,CA,WGS84,British Columbia,Burrard Inlet,False Creek,BHAK-12238-FCBB,,49.278,-123.152,Depth: intertidal,Kitsilano Beach North Boulders,Hakai-FCBB,hand collected,9,6,2022,2022-09-06,,,"University of British Columbia, Beaty Biodiversity Museum",http://biocol.org/urn:lsid:biocol.org:col:15106,intertidal boulders,FalseCreek_BioBlitz_2022,BHAK-12238-FCBB,BHAK-12238-FCBB,BHAK-12238-FCBB,hand collected,,BoLD original eventID: BHAK-12238-FCBB
BHAK-12237-FCBB-001,en,http://creativecommons.org/licenses/by/4.0/legalcode,Hakai Institute,2025-12-29,Canada,CA,WGS84,British Columbia,Burrard Inlet,False Creek,BHAK-12237-FCBB,,49.278,-123.152,Depth: intertidal,Kitsilano Beach North Boulders,Hakai-FCBB,hand collected,9,6,2022,2022-09-06,,,"University of British Columbia, Beaty Biodiversity Museum",http://biocol.org/urn:lsid:biocol.org:col:15106,intertidal boulders,FalseCreek_BioBlitz_2022,BHAK-12237-FCBB,BHAK-12237-FCBB,BHAK-12237-FCBB,hand collected,,BoLD original eventID: BHAK-12237-FCBB
BHAK-12236-FCBB-001,en,http://creativecommons.org/licenses/by/4.0/legalcode,Hakai Institute,2025-12-29,Canada,CA,WGS84,British Columbia,Burrard Inlet,False Creek,BHAK-12236-FCBB,,49.278,-123.152,Depth: intertidal,Kitsilano Beach North Boulders,Hakai-FCBB,hand collected,9,6,2022,2022-09-06,,,"University of British Columbia, Beaty Biodiversity Museum",http://biocol.org/urn:lsid:biocol.org:col:15106,intertidal boulders,FalseCreek_BioBlitz_2022,BHAK-12236-FCBB,BHAK-12236-FCBB,BHAK-12236-FCBB,hand collected,,BoLD original eventID: BHAK-12236-FCBB
BHAK-12235-FCBB-001,en,http://creativecommons.org/licenses/by/4.0/legalcode,Hakai Institute,2025-12-29,Canada,CA,WGS84,British Columbia,Burrard Inlet,False Creek,BHAK-12235-FCBB,,49.278,-123.152,Depth: intertidal,Kitsilano Beach North Boulders,Hakai-FCBB,hand collected,9,6,2022,2022-09-06,,,Hakai Institute,https://edmo.seadatanet.org/report/5148,intertidal boulders,FalseCreek_BioBlitz_2022,BHAK-12235-FCBB,BHAK-12235-FCBB,BHAK-12235-FCBB,hand collected,,BoLD original eventID: BHAK-12235-FCBB
BHAK-12270-FCBB-001,en,http://creativecommons.org/licenses/by/4.0/legalcode,Hakai Institute,2025-12-29,Canada,CA,WGS84,British Columbia,Burrard Inlet,False Creek,BHAK-12270-FCBB,,49.278,-123.152,Depth: intertidal,Kitsilano Beach North Boulders,Hakai-FCBB,hand collected,9,6,2022,2022-09-06,,,Hakai Institute,https://edmo.seadatanet.org/report/5148,intertidal boulders,FalseCreek_BioBlitz_2022,BHAK-12270-FCBB,BHAK-12270-FCBB,BHAK-12270-FCBB,hand collected,,BoLD original eventID: BHAK-12270-FCBB
BHAK-12265-FCBB-001,en,http://creativecommons.org/licenses/by/4.0/legalcode,Hakai Institute,2025-12-29,Canada,CA,WGS84,British Columbia,Burrard Inlet,False Creek,BHAK-12265-FCBB,,49.278,-123.152,Depth: intertidal,Kitsilano Beach North Boulders,Hakai-FCBB,hand collected,9,6,2022,2022-09-06,,,Hakai Institute,https://edmo.seadatanet.org/report/5148,intertidal boulders,FalseCreek_BioBlitz_2022,BHAK-12265-FCBB,BHAK-12265-FCBB,BHAK-12265-FCBB,hand collected,,BoLD original eventID: BHAK-12265-FCBB
BHAK-12266-FCBB-001,en,http://creativecommons.org/licenses/by/4.0/legalcode,Hakai Institute,2025-12-29,Canada,CA,WGS84,British Columbia,Burrard Inlet,False Creek,BHAK-12266-FCBB,,49.279,-123.142,,Vanier Park,Hakai-FCBB,sediment grab sample,9,6,2022,2022-09-06,5,5,"University of British Columbia, Beaty Biodiversity Museum",http://biocol.org/urn:lsid:biocol.org:col:15106,inlet,FalseCreek_BioBlitz_2022,BHAK-12266-FCBB,BHAK-12266-FCBB,BHAK-12266-FCBB,sediment grab sample,5,BoLD original eventID: BHAK-12266-FCBB
BHAK-12268-FCBB-001,en,http://creativecommons.org/licenses/by/4.0/legalcode,Hakai Institute,2025-12-29,Canada,CA,WGS84,British Columbia,Burrard Inlet,False Creek,BHAK-12268-FCBB,,49.279,-123.142,,Vanier Park,Hakai-FCBB,sediment grab sample,9,6,2022,2022-09-06,5,5,"University of British Columbia, Beaty Biodiversity Museum",http://biocol.org/urn:lsid:biocol.org:col:15106,inlet,FalseCreek_BioBlitz_2022,BHAK-12268-FCBB,BHAK-12268-FCBB,BHAK-12268-FCBB,sediment grab sample,5,BoLD original eventID: BHAK-12268-FCBB
BHAK-12269-FCBB-001,en,http://creativecommons.org/licenses/by/4.0/legalcode,Hakai Institute,2025-12-29,Canada,CA,WGS84,British Columbia,Burrard Inlet,False Creek,BHAK-12269-FCBB,,49.279,-123.142,,Vanier Park,Hakai-FCBB,sediment grab sample,9,6,2022,2022-09-06,5,5,"University of British Columbia, Beaty Biodiversity Museum",http://biocol.org/urn:lsid:biocol.org:col:15106,inlet,FalseCreek_BioBlitz_2022,BHAK-12269-FCBB,BHAK-12269-FCBB,BHAK-12269-FCBB,sediment grab sample,5,BoLD original eventID: BHAK-12269-FCBB
BHAK-12295-FCBB-001,en,http://creativecommons.org/licenses/by/4.0/legalcode,Hakai Institute,2025-12-29,Canada,CA,WGS84,British Columbia,Burrard Inlet,False Creek,BHAK-12295-FCBB,,49.279,-123.142,,Vanier Park,Hakai-FCBB,sediment grab sample,9,6,2022,2022-09-06,5,5,"University of British Columbia, Beaty Biodiversity Museum",http://biocol.org/urn:lsid:biocol.org:col:15106,inlet,FalseCreek_BioBlitz_2022,BHAK-12295-FCBB,BHAK-12295-FCBB,BHAK-12295-FCBB,sediment grab sample,5,BoLD original eventID: BHAK-12295-FCBB
BHAK-12300-FCBB-001,en,http://creativecommons.org/licenses/by/4.0/legalcode,Hakai Institute,2025-12-29,Canada,CA,WGS84,British Columbia,Burrard Inlet,False Creek,BHAK-12300-FCBB,,49.279,-123.142,,Vanier Park,Hakai-FCBB,sediment grab sample,9,6,2022,2022-09-06,5,5,"University of British Columbia, Beaty Biodiversity Museum",http://biocol.org/urn:lsid:biocol.org:col:15106,inlet,FalseCreek_BioBlitz_2022,BHAK-12300-FCBB,BHAK-12300-FCBB,BHAK-12300-FCBB,sediment grab sample,5,BoLD original eventID: BHAK-12300-FCBB
BHAK-12299-FCBB-001,en,http://creativecommons.org/licenses/by/4.0/legalcode,Hakai Institute,2025-12-29,Canada,CA,WGS84,British Columbia,Burrard Inlet,False Creek,BHAK-12299-FCBB,,49.279,-123.142,,Vanier Park,Hakai-FCBB,sediment grab sample,9,6,2022,2022-09-06,5,5,"University of British Columbia, Beaty Biodiversity Museum",http://biocol.org/urn:lsid:biocol.org:col:15106,inlet,FalseCreek_BioBlitz_2022,BHAK-12299-FCBB,BHAK-12299-FCBB,BHAK-12299-FCBB,sediment grab sample,5,BoLD original eventID: BHAK-12299-FCBB
BHAK-12298-FCBB-001,en,http://creativecommons.org/licenses/by/4.0/legalcode,Hakai Institute,2025-12-29,Canada,CA,WGS84,British Columbia,Burrard Inlet,False Creek,BHAK-12298-FCBB,,49.279,-123.142,,Vanier Park,Hakai-FCBB,sediment grab sample,9,6,2022,2022-09-06,5,5,"University of British Columbia, Beaty Biodiversity Museum",http://biocol.org/urn:lsid:biocol.org:col:15106,inlet,FalseCreek_BioBlitz_2022,BHAK-12298-FCBB,BHAK-12298-FCBB,BHAK-12298-FCBB,sediment grab sample,5,BoLD original eventID: BHAK-12298-FCBB
BHAK-12297-FCBB-001,en,http://creativecommons.org/licenses/by/4.0/legalcode,Hakai Institute,2025-12-29,Canada,CA,WGS84,British Columbia,Burrard Inlet,False Creek,BHAK-12297-FCBB,,49.279,-123.142,,Vanier Park,Hakai-FCBB,sediment grab sample,9,6,2022,2022-09-06,5,5,"University of British Columbia, Beaty Biodiversity Museum",http://biocol.org/urn:lsid:biocol.org:col:15106,inlet,FalseCreek_BioBlitz_2022,BHAK-12297-FCBB,BHAK-12297-FCBB,BHAK-12297-FCBB,sediment grab sample,5,BoLD original eventID: BHAK-12297-FCBB
BHAK-12296-FCBB-001,en,http://creativecommons.org/licenses/by/4.0/legalcode,Hakai Institute,2025-12-29,Canada,CA,WGS84,British Columbia,Burrard Inlet,False Creek,BHAK-12296-FCBB,,49.283,-123.15,,False Creek Mouth,Hakai-FCBB,sediment grab sample,9,6,2022,2022-09-06,5,5,"University of British Columbia, Beaty Biodiversity Museum",http://biocol.org/urn:lsid:biocol.org:col:15106,inlet,FalseCreek_BioBlitz_2022,BHAK-12296-FCBB,BHAK-12296-FCBB,BHAK-12296-FCBB,sediment grab sample,5,BoLD original eventID: BHAK-12296-FCBB
BHAK-12267-FCBB-001,en,http://creativecommons.org/licenses/by/4.0/legalcode,Hakai Institute,2025-12-29,Canada,CA,WGS84,British Columbia,Burrard Inlet,False Creek,BHAK-12267-FCBB,,49.279,-123.142,,Vanier Park,Hakai-FCBB,sediment grab sample,9,6,2022,2022-09-06,5,5,Hakai Institute,https://edmo.seadatanet.org/report/5148,inlet,FalseCreek_BioBlitz_2022,BHAK-12267-FCBB,BHAK-12267-FCBB,BHAK-12267-FCBB,sediment grab sample,5,BoLD original eventID: BHAK-12267-FCBB
BHAK-12316-FCBB-001,en,http://creativecommons.org/licenses/by/4.0/legalcode,Hakai Institute,2025-12-29,Canada,CA,WGS84,British Columbia,Burrard Inlet,False Creek,BHAK-12316-FCBB,,49.279,-123.142,,Vanier Park,Hakai-FCBB,sediment grab sample,9,6,2022,2022-09-06,5,5,Hakai Institute,https://edmo.seadatanet.org/report/5148,inlet,FalseCreek_BioBlitz_2022,BHAK-12316-FCBB,BHAK-12316-FCBB,BHAK-12316-FCBB,sediment grab sample,5,BoLD original eventID: BHAK-12316-FCBB
BHAK-12317-FCBB-001,en,http://creativecommons.org/licenses/by/4.0/legalcode,Hakai Institute,2025-12-29,Canada,CA,WGS84,British Columbia,Burrard Inlet,False Creek,BHAK-12317-FCBB,,49.279,-123.142,,Vanier Park,Hakai-FCBB,sediment grab sample,9,6,2022,2022-09-06,5,5,Hakai Institute,https://edmo.seadatanet.org/report/5148,inlet,FalseCreek_BioBlitz_2022,BHAK-12317-FCBB,BHAK-12317-FCBB,BHAK-12317-FCBB,sediment grab sample,5,BoLD original eventID: BHAK-12317-FCBB
BHAK-12318-FCBB-001,en,http://creativecommons.org/licenses/by/4.0/legalcode,Hakai Institute,2025-12-29,Canada,CA,WGS84,British Columbia,Burrard Inlet,False Creek,BHAK-12318-FCBB,,49.279,-123.142,,Vanier Park,Hakai-FCBB,sediment grab sample,9,6,2022,2022-09-06,5,5,Hakai Institute,https://edmo.seadatanet.org/report/5148,inlet,FalseCreek_BioBlitz_2022,BHAK-12318-FCBB,BHAK-12318-FCBB,BHAK-12318-FCBB,sediment grab sample,5,BoLD original eventID: BHAK-12318-FCBB
BHAK-12319-FCBB-001,en,http://creativecommons.org/licenses/by/4.0/legalcode,Hakai Institute,2025-12-29,Canada,CA,WGS84,British Columbia,Burrard Inlet,False Creek,BHAK-12319-FCBB,,49.282,-123.16,,English Bay,Hakai-FCBB,sediment grab sample,9,6,2022,2022-09-06,5,5,"University of British Columbia, Beaty Biodiversity Museum",http://biocol.org/urn:lsid:biocol.org:col:15106,inlet,FalseCreek_BioBlitz_2022,BHAK-12319-FCBB,BHAK-12319-FCBB,BHAK-12319-FCBB,sediment grab sample,5,BoLD original eventID: BHAK-12319-FCBB
BHAK-12320-FCBB-001,en,http://creativecommons.org/licenses/by/4.0/legalcode,Hakai Institute,2025-12-29,Canada,CA,WGS84,British Columbia,Burrard Inlet,False Creek,BHAK-12320-FCBB,,49.283,-123.15,,False Creek Mouth,Hakai-FCBB,sediment grab sample,9,6,2022,2022-09-06,5,5,"University of British Columbia, Beaty Biodiversity Museum",http://biocol.org/urn:lsid:biocol.org:col:15106,inlet,FalseCreek_BioBlitz_2022,BHAK-12320-FCBB,BHAK-12320-FCBB,BHAK-12320-FCBB,sediment grab sample,5,BoLD original eventID: BHAK-12320-FCBB
BHAK-12321-FCBB-001,en,http://creativecommons.org/licenses/by/4.0/legalcode,Hakai Institute,2025-12-29,Canada,CA,WGS84,British Columbia,Burrard Inlet,False Creek,BHAK-12321-FCBB,,49.283,-123.15,,False Creek Mouth,Hakai-FCBB,sediment grab sample,9,6,2022,2022-09-06,5,5,"University of British Columbia, Beaty Biodiversity Museum",http://biocol.org/urn:lsid:biocol.org:col:15106,inlet,FalseCreek_BioBlitz_2022,BHAK-12321-FCBB,BHAK-12321-FCBB,BHAK-12321-FCBB,sediment grab sample,5,BoLD original eventID: BHAK-12321-FCBB
BHAK-12322-FCBB-001,en,http://creativecommons.org/licenses/by/4.0/legalcode,Hakai Institute,2025-12-29,Canada,CA,WGS84,British Columbia,Burrard Inlet,False Creek,BHAK-12322-FCBB,,49.283,-123.15,,False Creek Mouth,Hakai-FCBB,sediment grab sample,9,6,2022,2022-09-06,5,5,"University of British Columbia, Beaty Biodiversity Museum",http://biocol.org/urn:lsid:biocol.org:col:15106,inlet,FalseCreek_BioBlitz_2022,BHAK-12322-FCBB,BHAK-12322-FCBB,BHAK-12322-FCBB,sediment grab sample,5,BoLD original eventID: BHAK-12322-FCBB
BHAK-12323-FCBB-001,en,http://creativecommons.org/licenses/by/4.0/legalcode,Hakai Institute,2025-12-29,Canada,CA,WGS84,British Columbia,Burrard Inlet,False Creek,BHAK-12323-FCBB,,49.283,-123.15,,False Creek Mouth,Hakai-FCBB,sediment grab sample,9,6,2022,2022-09-06,5,5,"University of British Columbia, Beaty Biodiversity Museum",http://biocol.org/urn:lsid:biocol.org:col:15106,inlet,FalseCreek_BioBlitz_2022,BHAK-12323-FCBB,BHAK-12323-FCBB,BHAK-12323-FCBB,sediment grab sample,5,BoLD original eventID: BHAK-12323-FCBB
BHAK-12248-FCBB-001,en,http://creativecommons.org/licenses/by/4.0/legalcode,Hakai Institute,2025-12-29,Canada,CA,WGS84,British Columbia,Burrard Inlet,False Creek,BHAK-12248-FCBB,,49.279,-123.142,,Vanier Park,Hakai-FCBB,sediment grab sample,9,6,2022,2022-09-06,5,5,"University of British Columbia, Beaty Biodiversity Museum",http://biocol.org/urn:lsid:biocol.org:col:15106,inlet,FalseCreek_BioBlitz_2022,BHAK-12248-FCBB,BHAK-12248-FCBB,BHAK-12248-FCBB,sediment grab sample,5,BoLD original eventID: BHAK-12248-FCBB
BHAK-12249-FCBB-001,en,http://creativecommons.org/licenses/by/4.0/legalcode,Hakai Institute,2025-12-29,Canada,CA,WGS84,British Columbia,Burrard Inlet,False Creek,BHAK-12249-FCBB,,49.279,-123.142,,Vanier Park,Hakai-FCBB,sediment grab sample,9,6,2022,2022-09-06,5,5,"University of British Columbia, Beaty Biodiversity Museum",http://biocol.org/urn:lsid:biocol.org:col:15106,inlet,FalseCreek_BioBlitz_2022,BHAK-12249-FCBB,BHAK-12249-FCBB,BHAK-12249-FCBB,sediment grab sample,5,BoLD original eventID: BHAK-12249-FCBB
BHAK-12250-FCBB-001,en,http://creativecommons.org/licenses/by/4.0/legalcode,Hakai Institute,2025-12-29,Canada,CA,WGS84,British Columbia,Burrard Inlet,False Creek,BHAK-12250-FCBB,,49.279,-123.142,,Vanier Park,Hakai-FCBB,sediment grab sample,9,6,2022,2022-09-06,5,5,"University of British Columbia, Beaty Biodiversity Museum",http://biocol.org/urn:lsid:biocol.org:col:15106,inlet,FalseCreek_BioBlitz_2022,BHAK-12250-FCBB,BHAK-12250-FCBB,BHAK-12250-FCBB,sediment grab sample,5,BoLD original eventID: BHAK-12250-FCBB
BHAK-12251-FCBB-001,en,http://creativecommons.org/licenses/by/4.0/legalcode,Hakai Institute,2025-12-29,Canada,CA,WGS84,British Columbia,Burrard Inlet,False Creek,BHAK-12251-FCBB,,49.279,-123.142,,Vanier Park,Hakai-FCBB,sediment grab sample,9,6,2022,2022-09-06,5,5,"University of British Columbia, Beaty Biodiversity Museum",http://biocol.org/urn:lsid:biocol.org:col:15106,inlet,FalseCreek_BioBlitz_2022,BHAK-12251-FCBB,BHAK-12251-FCBB,BHAK-12251-FCBB,sediment grab sample,5,BoLD original eventID: BHAK-12251-FCBB
BHAK-12252-FCBB-001,en,http://creativecommons.org/licenses/by/4.0/legalcode,Hakai Institute,2025-12-29,Canada,CA,WGS84,British Columbia,Burrard Inlet,False Creek,BHAK-12252-FCBB,,49.279,-123.142,,Vanier Park,Hakai-FCBB,sediment grab sample,9,6,2022,2022-09-06,5,5,"University of British Columbia, Beaty Biodiversity Museum",http://biocol.org/urn:lsid:biocol.org:col:15106,inlet,FalseCreek_BioBlitz_2022,BHAK-12252-FCBB,BHAK-12252-FCBB,BHAK-12252-FCBB,sediment grab sample,5,BoLD original eventID: BHAK-12252-FCBB
BHAK-12253-FCBB-001,en,http://creativecommons.org/licenses/by/4.0/legalcode,Hakai Institute,2025-12-29,Canada,CA,WGS84,British Columbia,Burrard Inlet,False Creek,BHAK-12253-FCBB,,49.279,-123.142,,Vanier Park,Hakai-FCBB,sediment grab sample,9,6,2022,2022-09-06,5,5,"University of British Columbia, Beaty Biodiversity Museum",http://biocol.org/urn:lsid:biocol.org:col:15106,inlet,FalseCreek_BioBlitz_2022,BHAK-12253-FCBB,BHAK-12253-FCBB,BHAK-12253-FCBB,sediment grab sample,5,BoLD original eventID: BHAK-12253-FCBB
BHAK-12254-FCBB-001,en,http://creativecommons.org/licenses/by/4.0/legalcode,Hakai Institute,2025-12-29,Canada,CA,WGS84,British Columbia,Burrard Inlet,False Creek,BHAK-12254-FCBB,,49.279,-123.142,,Vanier Park,Hakai-FCBB,sediment grab sample,9,6,2022,2022-09-06,5,5,"University of British Columbia, Beaty Biodiversity Museum",http://biocol.org/urn:lsid:biocol.org:col:15106,inlet,FalseCreek_BioBlitz_2022,BHAK-12254-FCBB,BHAK-12254-FCBB,BHAK-12254-FCBB,sediment grab sample,5,BoLD original eventID: BHAK-12254-FCBB
BHAK-12255-FCBB-001,en,http://creativecommons.org/licenses/by/4.0/legalcode,Hakai Institute,2025-12-29,Canada,CA,WGS84,British Columbia,Burrard Inlet,False Creek,BHAK-12255-FCBB,,49.279,-123.142,,Vanier Park,Hakai-FCBB,sediment grab sample,9,6,2022,2022-09-06,5,5,"University of British Columbia, Beaty Biodiversity Museum",http://biocol.org/urn:lsid:biocol.org:col:15106,inlet,FalseCreek_BioBlitz_2022,BHAK-12255-FCBB,BHAK-12255-FCBB,BHAK-12255-FCBB,sediment grab sample,5,BoLD original eventID: BHAK-12255-FCBB
BHAK-12256-FCBB-001,en,http://creativecommons.org/licenses/by/4.0/legalcode,Hakai Institute,2025-12-29,Canada,CA,WGS84,British Columbia,Burrard Inlet,False Creek,BHAK-12256-FCBB,,49.279,-123.142,,Vanier Park,Hakai-FCBB,sediment grab sample,9,6,2022,2022-09-06,5,5,"University of British Columbia, Beaty Biodiversity Museum",http://biocol.org/urn:lsid:biocol.org:col:15106,inlet,FalseCreek_BioBlitz_2022,BHAK-12256-FCBB,BHAK-12256-FCBB,BHAK-12256-FCBB,sediment grab sample,5,BoLD original eventID: BHAK-12256-FCBB
BHAK-12257-FCBB-001,en,http://creativecommons.org/licenses/by/4.0/legalcode,Hakai Institute,2025-12-29,Canada,CA,WGS84,British Columbia,Burrard Inlet,False Creek,BHAK-12257-FCBB,,49.283,-123.15,,False Creek Mouth,Hakai-FCBB,sediment grab sample,9,6,2022,2022-09-06,5,5,"University of British Columbia, Beaty Biodiversity Museum",http://biocol.org/urn:lsid:biocol.org:col:15106,inlet,FalseCreek_BioBlitz_2022,BHAK-12257-FCBB,BHAK-12257-FCBB,BHAK-12257-FCBB,sediment grab sample,5,BoLD original eventID: BHAK-12257-FCBB
BHAK-12258-FCBB-001,en,http://creativecommons.org/licenses/by/4.0/legalcode,Hakai Institute,2025-12-29,Canada,CA,WGS84,British Columbia,Burrard Inlet,False Creek,BHAK-12258-FCBB,,49.283,-123.15,,False Creek Mouth,Hakai-FCBB,sediment grab sample,9,6,2022,2022-09-06,5,5,"University of British Columbia, Beaty Biodiversity Museum",http://biocol.org/urn:lsid:biocol.org:col:15106,inlet,FalseCreek_BioBlitz_2022,BHAK-12258-FCBB,BHAK-12258-FCBB,BHAK-12258-FCBB,sediment grab sample,5,BoLD original eventID: BHAK-12258-FCBB
BHAK-12259-FCBB-001,en,http://creativecommons.org/licenses/by/4.0/legalcode,Hakai Institute,2025-12-29,Canada,CA,WGS84,British Columbia,Burrard Inlet,False Creek,BHAK-12259-FCBB,,49.283,-123.15,,False Creek Mouth,Hakai-FCBB,sediment grab sample,9,6,2022,2022-09-06,5,5,"University of British Columbia, Beaty Biodiversity Museum",http://biocol.org/urn:lsid:biocol.org:col:15106,inlet,FalseCreek_BioBlitz_2022,BHAK-12259-FCBB,BHAK-12259-FCBB,BHAK-12259-FCBB,sediment grab sample,5,BoLD original eventID: BHAK-12259-FCBB
BHAK-12260-FCBB-001,en,http://creativecommons.org/licenses/by/4.0/legalcode,Hakai Institute,2025-12-29,Canada,CA,WGS84,British Columbia,Burrard Inlet,False Creek,BHAK-12260-FCBB,,49.283,-123.15,,False Creek Mouth,Hakai-FCBB,sediment grab sample,9,6,2022,2022-09-06,5,5,"University of British Columbia, Beaty Biodiversity Museum",http://biocol.org/urn:lsid:biocol.org:col:15106,inlet,FalseCreek_BioBlitz_2022,BHAK-12260-FCBB,BHAK-12260-FCBB,BHAK-12260-FCBB,sediment grab sample,5,BoLD original eventID: BHAK-12260-FCBB
BHAK-12261-FCBB-001,en,http://creativecommons.org/licenses/by/4.0/legalcode,Hakai Institute,2025-12-29,Canada,CA,WGS84,British Columbia,Burrard Inlet,False Creek,BHAK-12261-FCBB,,49.283,-123.15,,False Creek Mouth,Hakai-FCBB,sediment grab sample,9,6,2022,2022-09-06,5,5,"University of British Columbia, Beaty Biodiversity Museum",http://biocol.org/urn:lsid:biocol.org:col:15106,inlet,FalseCreek_BioBlitz_2022,BHAK-12261-FCBB,BHAK-12261-FCBB,BHAK-12261-FCBB,sediment grab sample,5,BoLD original eventID: BHAK-12261-FCBB
BHAK-12262-FCBB-001,en,http://creativecommons.org/licenses/by/4.0/legalcode,Hakai Institute,2025-12-29,Canada,CA,WGS84,British Columbia,Burrard Inlet,False Creek,BHAK-12262-FCBB,,49.283,-123.15,,False Creek Mouth,Hakai-FCBB,sediment grab sample,9,6,2022,2022-09-06,5,5,"University of British Columbia, Beaty Biodiversity Museum",http://biocol.org/urn:lsid:biocol.org:col:15106,inlet,FalseCreek_BioBlitz_2022,BHAK-12262-FCBB,BHAK-12262-FCBB,BHAK-12262-FCBB,sediment grab sample,5,BoLD original eventID: BHAK-12262-FCBB
BHAK-12263-FCBB-001,en,http://creativecommons.org/licenses/by/4.0/legalcode,Hakai Institute,2025-12-29,Canada,CA,WGS84,British Columbia,Burrard Inlet,False Creek,BHAK-12263-FCBB,,49.283,-123.15,,False Creek Mouth,Hakai-FCBB,sediment grab sample,9,6,2022,2022-09-06,5,5,"University of British Columbia, Beaty Biodiversity Museum",http://biocol.org/urn:lsid:biocol.org:col:15106,inlet,FalseCreek_BioBlitz_2022,BHAK-12263-FCBB,BHAK-12263-FCBB,BHAK-12263-FCBB,sediment grab sample,5,BoLD original eventID: BHAK-12263-FCBB
BHAK-12205-FCBB-001,en,http://creativecommons.org/licenses/by/4.0/legalcode,Hakai Institute,2025-12-29,Canada,CA,WGS84,British Columbia,Burrard Inlet,False Creek,BHAK-12205-FCBB,,49.279,-123.142,,Vanier Park,Hakai-FCBB,sediment grab sample,9,6,2022,2022-09-06,5,5,"University of British Columbia, Beaty Biodiversity Museum",http://biocol.org/urn:lsid:biocol.org:col:15106,inlet,FalseCreek_BioBlitz_2022,BHAK-12205-FCBB,BHAK-12205-FCBB,BHAK-12205-FCBB,sediment grab sample,5,BoLD original eventID: BHAK-12205-FCBB
BHAK-12206-FCBB-001,en,http://creativecommons.org/licenses/by/4.0/legalcode,Hakai Institute,2025-12-29,Canada,CA,WGS84,British Columbia,Burrard Inlet,False Creek,BHAK-12206-FCBB,,49.279,-123.142,,Vanier Park,Hakai-FCBB,sediment grab sample,9,6,2022,2022-09-06,5,5,"University of British Columbia, Beaty Biodiversity Museum",http://biocol.org/urn:lsid:biocol.org:col:15106,inlet,FalseCreek_BioBlitz_2022,BHAK-12206-FCBB,BHAK-12206-FCBB,BHAK-12206-FCBB,sediment grab sample,5,BoLD original eventID: BHAK-12206-FCBB
BHAK-12207-FCBB-001,en,http://creativecommons.org/licenses/by/4.0/legalcode,Hakai Institute,2025-12-29,Canada,CA,WGS84,British Columbia,Burrard Inlet,False Creek,BHAK-12207-FCBB,,49.279,-123.142,,Vanier Park,Hakai-FCBB,sediment grab sample,9,6,2022,2022-09-06,5,5,"University of British Columbia, Beaty Biodiversity Museum",http://biocol.org/urn:lsid:biocol.org:col:15106,inlet,FalseCreek_BioBlitz_2022,BHAK-12207-FCBB,BHAK-12207-FCBB,BHAK-12207-FCBB,sediment grab sample,5,BoLD original eventID: BHAK-12207-FCBB
BHAK-12208-FCBB-001,en,http://creativecommons.org/licenses/by/4.0/legalcode,Hakai Institute,2025-12-29,Canada,CA,WGS84,British Columbia,Burrard Inlet,False Creek,BHAK-12208-FCBB,,49.279,-123.142,,Vanier Park,Hakai-FCBB,sediment grab sample,9,6,2022,2022-09-06,5,5,"University of British Columbia, Beaty Biodiversity Museum",http://biocol.org/urn:lsid:biocol.org:col:15106,inlet,FalseCreek_BioBlitz_2022,BHAK-12208-FCBB,BHAK-12208-FCBB,BHAK-12208-FCBB,sediment grab sample,5,BoLD original eventID: BHAK-12208-FCBB
BHAK-12271-FCBB-001,en,http://creativecommons.org/licenses/by/4.0/legalcode,Hakai Institute,2025-12-29,Canada,CA,WGS84,British Columbia,Burrard Inlet,False Creek,BHAK-12271-FCBB,,49.279,-123.142,,Vanier Park,Hakai-FCBB,sediment grab sample,9,6,2022,2022-09-06,5,5,"University of British Columbia, Beaty Biodiversity Museum",http://biocol.org/urn:lsid:biocol.org:col:15106,inlet,FalseCreek_BioBlitz_2022,BHAK-12271-FCBB,BHAK-12271-FCBB,BHAK-12271-FCBB,sediment grab sample,5,BoLD original eventID: BHAK-12271-FCBB
BHAK-12272-FCBB-001,en,http://creativecommons.org/licenses/by/4.0/legalcode,Hakai Institute,2025-12-29,Canada,CA,WGS84,British Columbia,Burrard Inlet,False Creek,BHAK-12272-FCBB,,49.279,-123.142,,Vanier Park,Hakai-FCBB,sediment grab sample,9,6,2022,2022-09-06,5,5,"University of British Columbia, Beaty Biodiversity Museum",http://biocol.org/urn:lsid:biocol.org:col:15106,inlet,FalseCreek_BioBlitz_2022,BHAK-12272-FCBB,BHAK-12272-FCBB,BHAK-12272-FCBB,sediment grab sample,5,BoLD original eventID: BHAK-12272-FCBB
BHAK-12290-FCBB-001,en,http://creativecommons.org/licenses/by/4.0/legalcode,Hakai Institute,2025-12-29,Canada,CA,WGS84,British Columbia,Burrard Inlet,False Creek,BHAK-12290-FCBB,,49.283,-123.15,,False Creek Mouth,Hakai-FCBB,sediment grab sample,9,6,2022,2022-09-06,5,5,"University of British Columbia, Beaty Biodiversity Museum",http://biocol.org/urn:lsid:biocol.org:col:15106,inlet,FalseCreek_BioBlitz_2022,BHAK-12290-FCBB,BHAK-12290-FCBB,BHAK-12290-FCBB,sediment grab sample,5,BoLD original eventID: BHAK-12290-FCBB
BHAK-12291-FCBB-001,en,http://creativecommons.org/licenses/by/4.0/legalcode,Hakai Institute,2025-12-29,Canada,CA,WGS84,British Columbia,Burrard Inlet,False Creek,BHAK-12291-FCBB,,49.278,-123.152,Depth: intertidal,Kitsilano Beach North Boulders,Hakai-FCBB,hand collected,9,6,2022,2022-09-06,,,"University of British Columbia, Beaty Biodiversity Museum",http://biocol.org/urn:lsid:biocol.org:col:15106,intertidal boulders,FalseCreek_BioBlitz_2022,BHAK-12291-FCBB,BHAK-12291-FCBB,BHAK-12291-FCBB,hand collected,,BoLD original eventID: BHAK-12291-FCBB
BHAK-12292-FCBB-001,en,http://creativecommons.org/licenses/by/4.0/legalcode,Hakai Institute,2025-12-29,Canada,CA,WGS84,British Columbia,Burrard Inlet,False Creek,BHAK-12292-FCBB,,49.278,-123.152,Depth: intertidal,Kitsilano Beach North Boulders,Hakai-FCBB,hand collected,9,6,2022,2022-09-06,,,"University of British Columbia, Beaty Biodiversity Museum",http://biocol.org/urn:lsid:biocol.org:col:15106,intertidal boulders,FalseCreek_BioBlitz_2022,BHAK-12292-FCBB,BHAK-12292-FCBB,BHAK-12292-FCBB,hand collected,,BoLD original eventID: BHAK-12292-FCBB
BHAK-12293-FCBB-001,en,http://creativecommons.org/licenses/by/4.0/legalcode,Hakai Institute,2025-12-29,Canada,CA,WGS84,British Columbia,Burrard Inlet,False Creek,BHAK-12293-FCBB,,49.278,-123.152,Depth: intertidal,Kitsilano Beach North Boulders,Hakai-FCBB,hand collected,9,6,2022,2022-09-06,,,"University of British Columbia, Beaty Biodiversity Museum",http://biocol.org/urn:lsid:biocol.org:col:15106,intertidal boulders,FalseCreek_BioBlitz_2022,BHAK-12293-FCBB,BHAK-12293-FCBB,BHAK-12293-FCBB,hand collected,,BoLD original eventID: BHAK-12293-FCBB
BHAK-12294-FCBB-001,en,http://creativecommons.org/licenses/by/4.0/legalcode,Hakai Institute,2025-12-29,Canada,CA,WGS84,British Columbia,Burrard Inlet,False Creek,BHAK-12294-FCBB,,49.278,-123.152,Depth: intertidal,Kitsilano Beach North Boulders,Hakai-FCBB,hand collected,9,6,2022,2022-09-06,,,"University of British Columbia, Beaty Biodiversity Museum",http://biocol.org/urn:lsid:biocol.org:col:15106,intertidal boulders,FalseCreek_BioBlitz_2022,BHAK-12294-FCBB,BHAK-12294-FCBB,BHAK-12294-FCBB,hand collected,,BoLD original eventID: BHAK-12294-FCBB
BHAK-12333-FCBB-001,en,http://creativecommons.org/licenses/by/4.0/legalcode,Hakai Institute,2025-12-29,Canada,CA,WGS84,British Columbia,Burrard Inlet,False Creek,BHAK-12333-FCBB,,49.278,-123.152,Depth: intertidal,Kitsilano Beach North Boulders,Hakai-FCBB,hand collected,9,6,2022,2022-09-06,,,"University of British Columbia, Beaty Biodiversity Museum",http://biocol.org/urn:lsid:biocol.org:col:15106,intertidal boulders,FalseCreek_BioBlitz_2022,BHAK-12333-FCBB,BHAK-12333-FCBB,BHAK-12333-FCBB,hand collected,,BoLD original eventID: BHAK-12333-FCBB
BHAK-12334-FCBB-001,en,http://creativecommons.org/licenses/by/4.0/legalcode,Hakai Institute,2025-12-29,Canada,CA,WGS84,British Columbia,Burrard Inlet,False Creek,BHAK-12334-FCBB,,49.278,-123.152,Depth: intertidal,Kitsilano Beach North Boulders,Hakai-FCBB,hand collected,9,6,2022,2022-09-06,,,"University of British Columbia, Beaty Biodiversity Museum",http://biocol.org/urn:lsid:biocol.org:col:15106,intertidal boulders,FalseCreek_BioBlitz_2022,BHAK-12334-FCBB,BHAK-12334-FCBB,BHAK-12334-FCBB,hand collected,,BoLD original eventID: BHAK-12334-FCBB
BHAK-12335-FCBB-001,en,http://creativecommons.org/licenses/by/4.0/legalcode,Hakai Institute,2025-12-29,Canada,CA,WGS84,British Columbia,Burrard Inlet,False Creek,BHAK-12335-FCBB,,49.278,-123.152,Depth: intertidal,Kitsilano Beach North Boulders,Hakai-FCBB,hand collected,9,6,2022,2022-09-06,,,"University of British Columbia, Beaty Biodiversity Museum",http://biocol.org/urn:lsid:biocol.org:col:15106,intertidal boulders,FalseCreek_BioBlitz_2022,BHAK-12335-FCBB,BHAK-12335-FCBB,BHAK-12335-FCBB,hand collected,,BoLD original eventID: BHAK-12335-FCBB
BHAK-12336-FCBB-001,en,http://creativecommons.org/licenses/by/4.0/legalcode,Hakai Institute,2025-12-29,Canada,CA,WGS84,British Columbia,Burrard Inlet,False Creek,BHAK-12336-FCBB,,49.278,-123.152,Depth: intertidal,Kitsilano Beach North Boulders,Hakai-FCBB,hand collected,9,6,2022,2022-09-06,,,"University of British Columbia, Beaty Biodiversity Museum",http://biocol.org/urn:lsid:biocol.org:col:15106,intertidal boulders,FalseCreek_BioBlitz_2022,BHAK-12336-FCBB,BHAK-12336-FCBB,BHAK-12336-FCBB,hand collected,,BoLD original eventID: BHAK-12336-FCBB
BHAK-12337-FCBB-001,en,http://creativecommons.org/licenses/by/4.0/legalcode,Hakai Institute,2025-12-29,Canada,CA,WGS84,British Columbia,Burrard Inlet,False Creek,BHAK-12337-FCBB,,49.282,-123.16,,English Bay,Hakai-FCBB,sediment grab sample,9,6,2022,2022-09-06,5,5,"University of British Columbia, Beaty Biodiversity Museum",http://biocol.org/urn:lsid:biocol.org:col:15106,inlet,FalseCreek_BioBlitz_2022,BHAK-12337-FCBB,BHAK-12337-FCBB,BHAK-12337-FCBB,sediment grab sample,5,BoLD original eventID: BHAK-12337-FCBB
BHAK-12496-FCBB-001,en,http://creativecommons.org/licenses/by/4.0/legalcode,Hakai Institute,2025-12-29,Canada,CA,WGS84,British Columbia,Burrard Inlet,False Creek,BHAK-12496-FCBB,,49.283,-123.15,,False Creek Mouth,Hakai-FCBB,sediment grab sample,9,6,2022,2022-09-06,5,5,"University of British Columbia, Beaty Biodiversity Museum",http://biocol.org/urn:lsid:biocol.org:col:15106,inlet,FalseCreek_BioBlitz_2022,BHAK-12496-FCBB,BHAK-12496-FCBB,BHAK-12496-FCBB,sediment grab sample,5,BoLD original eventID: BHAK-12496-FCBB
BHAK-12497-FCBB-001,en,http://creativecommons.org/licenses/by/4.0/legalcode,Hakai Institute,2025-12-29,Canada,CA,WGS84,British Columbia,Burrard Inlet,False Creek,BHAK-12497-FCBB,,49.283,-123.15,,False Creek Mouth,Hakai-FCBB,sediment grab sample,9,6,2022,2022-09-06,5,5,"University of British Columbia, Beaty Biodiversity Museum",http://biocol.org/urn:lsid:biocol.org:col:15106,inlet,FalseCreek_BioBlitz_2022,BHAK-12497-FCBB,BHAK-12497-FCBB,BHAK-12497-FCBB,sediment grab sample,5,BoLD original eventID: BHAK-12497-FCBB
BHAK-12498-FCBB-001,en,http://creativecommons.org/licenses/by/4.0/legalcode,Hakai Institute,2025-12-29,Canada,CA,WGS84,British Columbia,Burrard Inlet,False Creek,BHAK-12498-FCBB,,49.283,-123.15,,False Creek Mouth,Hakai-FCBB,sediment grab sample,9,6,2022,2022-09-06,5,5,"University of British Columbia, Beaty Biodiversity Museum",http://biocol.org/urn:lsid:biocol.org:col:15106,inlet,FalseCreek_BioBlitz_2022,BHAK-12498-FCBB,BHAK-12498-FCBB,BHAK-12498-FCBB,sediment grab sample,5,BoLD original eventID: BHAK-12498-FCBB
BHAK-12499-FCBB-001,en,http://creativecommons.org/licenses/by/4.0/legalcode,Hakai Institute,2025-12-29,Canada,CA,WGS84,British Columbia,Burrard Inlet,False Creek,BHAK-12499-FCBB,,49.273,-123.134,,Granville Island,Hakai-FCBB,sediment grab sample,9,6,2022,2022-09-06,5,5,"University of British Columbia, Beaty Biodiversity Museum",http://biocol.org/urn:lsid:biocol.org:col:15106,inlet,FalseCreek_BioBlitz_2022,BHAK-12499-FCBB,BHAK-12499-FCBB,BHAK-12499-FCBB,sediment grab sample,5,BoLD original eventID: BHAK-12499-FCBB
BHAK-12500-FCBB-001,en,http://creativecommons.org/licenses/by/4.0/legalcode,Hakai Institute,2025-12-29,Canada,CA,WGS84,British Columbia,Burrard Inlet,False Creek,BHAK-12500-FCBB,,49.273,-123.134,,Granville Island,Hakai-FCBB,sediment grab sample,9,6,2022,2022-09-06,5,5,"University of British Columbia, Beaty Biodiversity Museum",http://biocol.org/urn:lsid:biocol.org:col:15106,inlet,FalseCreek_BioBlitz_2022,BHAK-12500-FCBB,BHAK-12500-FCBB,BHAK-12500-FCBB,sediment grab sample,5,BoLD original eventID: BHAK-12500-FCBB
BHAK-12501-FCBB-001,en,http://creativecommons.org/licenses/by/4.0/legalcode,Hakai Institute,2025-12-29,Canada,CA,WGS84,British Columbia,Burrard Inlet,False Creek,BHAK-12501-FCBB,,49.273,-123.134,,Granville Island,Hakai-FCBB,sediment grab sample,9,6,2022,2022-09-06,5,5,"University of British Columbia, Beaty Biodiversity Museum",http://biocol.org/urn:lsid:biocol.org:col:15106,inlet,FalseCreek_BioBlitz_2022,BHAK-12501-FCBB,BHAK-12501-FCBB,BHAK-12501-FCBB,sediment grab sample,5,BoLD original eventID: BHAK-12501-FCBB
BHAK-12502-FCBB-001,en,http://creativecommons.org/licenses/by/4.0/legalcode,Hakai Institute,2025-12-29,Canada,CA,WGS84,British Columbia,Burrard Inlet,False Creek,BHAK-12502-FCBB,,49.282,-123.16,,English Bay,Hakai-FCBB,sediment grab sample,9,6,2022,2022-09-06,5,5,"University of British Columbia, Beaty Biodiversity Museum",http://biocol.org/urn:lsid:biocol.org:col:15106,inlet,FalseCreek_BioBlitz_2022,BHAK-12502-FCBB,BHAK-12502-FCBB,BHAK-12502-FCBB,sediment grab sample,5,BoLD original eventID: BHAK-12502-FCBB
BHAK-12503-FCBB-001,en,http://creativecommons.org/licenses/by/4.0/legalcode,Hakai Institute,2025-12-29,Canada,CA,WGS84,British Columbia,Burrard Inlet,False Creek,BHAK-12503-FCBB,,49.282,-123.16,,English Bay,Hakai-FCBB,sediment grab sample,9,6,2022,2022-09-06,5,5,"University of British Columbia, Beaty Biodiversity Museum",http://biocol.org/urn:lsid:biocol.org:col:15106,inlet,FalseCreek_BioBlitz_2022,BHAK-12503-FCBB,BHAK-12503-FCBB,BHAK-12503-FCBB,sediment grab sample,5,BoLD original eventID: BHAK-12503-FCBB
BHAK-12504-FCBB-001,en,http://creativecommons.org/licenses/by/4.0/legalcode,Hakai Institute,2025-12-29,Canada,CA,WGS84,British Columbia,Burrard Inlet,False Creek,BHAK-12504-FCBB,,49.282,-123.16,,English Bay,Hakai-FCBB,sediment grab sample,9,6,2022,2022-09-06,5,5,"University of British Columbia, Beaty Biodiversity Museum",http://biocol.org/urn:lsid:biocol.org:col:15106,inlet,FalseCreek_BioBlitz_2022,BHAK-12504-FCBB,BHAK-12504-FCBB,BHAK-12504-FCBB,sediment grab sample,5,BoLD original eventID: BHAK-12504-FCBB
BHAK-12505-FCBB-001,en,http://creativecommons.org/licenses/by/4.0/legalcode,Hakai Institute,2025-12-29,Canada,CA,WGS84,British Columbia,Burrard Inlet,False Creek,BHAK-12505-FCBB,,49.282,-123.16,,English Bay,Hakai-FCBB,sediment grab sample,9,6,2022,2022-09-06,5,5,"University of British Columbia, Beaty Biodiversity Museum",http://biocol.org/urn:lsid:biocol.org:col:15106,inlet,FalseCreek_BioBlitz_2022,BHAK-12505-FCBB,BHAK-12505-FCBB,BHAK-12505-FCBB,sediment grab sample,5,BoLD original eventID: BHAK-12505-FCBB
BHAK-12506-FCBB-001,en,http://creativecommons.org/licenses/by/4.0/legalcode,Hakai Institute,2025-12-29,Canada,CA,WGS84,British Columbia,Burrard Inlet,False Creek,BHAK-12506-FCBB,,49.282,-123.16,,English Bay,Hakai-FCBB,sediment grab sample,9,6,2022,2022-09-06,5,5,"University of British Columbia, Beaty Biodiversity Museum",http://biocol.org/urn:lsid:biocol.org:col:15106,inlet,FalseCreek_BioBlitz_2022,BHAK-12506-FCBB,BHAK-12506-FCBB,BHAK-12506-FCBB,sediment grab sample,5,BoLD original eventID: BHAK-12506-FCBB
BHAK-12507-FCBB-001,en,http://creativecommons.org/licenses/by/4.0/legalcode,Hakai Institute,2025-12-29,Canada,CA,WGS84,British Columbia,Burrard Inlet,False Creek,BHAK-12507-FCBB,,49.282,-123.16,,English Bay,Hakai-FCBB,sediment grab sample,9,6,2022,2022-09-06,5,5,Hakai Institute,https://edmo.seadatanet.org/report/5148,inlet,FalseCreek_BioBlitz_2022,BHAK-12507-FCBB,BHAK-12507-FCBB,BHAK-12507-FCBB,sediment grab sample,5,BoLD original eventID: BHAK-12507-FCBB
BHAK-12324-FCBB-001,en,http://creativecommons.org/licenses/by/4.0/legalcode,Hakai Institute,2025-12-29,Canada,CA,WGS84,British Columbia,Burrard Inlet,False Creek,BHAK-12324-FCBB,,49.283,-123.15,,False Creek Mouth,Hakai-FCBB,sediment grab sample,9,6,2022,2022-09-06,5,5,"University of British Columbia, Beaty Biodiversity Museum",http://biocol.org/urn:lsid:biocol.org:col:15106,inlet,FalseCreek_BioBlitz_2022,BHAK-12324-FCBB,BHAK-12324-FCBB,BHAK-12324-FCBB,sediment grab sample,5,BoLD original eventID: BHAK-12324-FCBB
BHAK-12325-FCBB-001,en,http://creativecommons.org/licenses/by/4.0/legalcode,Hakai Institute,2025-12-29,Canada,CA,WGS84,British Columbia,Burrard Inlet,False Creek,BHAK-12325-FCBB,,49.283,-123.15,,False Creek Mouth,Hakai-FCBB,sediment grab sample,9,6,2022,2022-09-06,5,5,"University of British Columbia, Beaty Biodiversity Museum",http://biocol.org/urn:lsid:biocol.org:col:15106,inlet,FalseCreek_BioBlitz_2022,BHAK-12325-FCBB,BHAK-12325-FCBB,BHAK-12325-FCBB,sediment grab sample,5,BoLD original eventID: BHAK-12325-FCBB
BHAK-12326-FCBB-001,en,http://creativecommons.org/licenses/by/4.0/legalcode,Hakai Institute,2025-12-29,Canada,CA,WGS84,British Columbia,Burrard Inlet,False Creek,BHAK-12326-FCBB,,49.269,-123.134,,"Alder Bay, public dock",Hakai-FCBB,settlement plates,9,7,2022,2022-09-07,1,1,"University of British Columbia, Beaty Biodiversity Museum",http://biocol.org/urn:lsid:biocol.org:col:15106,"inlet, dock",FalseCreek_BioBlitz_2022,BHAK-12326-FCBB,BHAK-12326-FCBB,BHAK-12326-FCBB,settlement plates,1,BoLD original eventID: BHAK-12326-FCBB
BHAK-12327-FCBB-001,en,http://creativecommons.org/licenses/by/4.0/legalcode,Hakai Institute,2025-12-29,Canada,CA,WGS84,British Columbia,Burrard Inlet,False Creek,BHAK-12327-FCBB,,49.282,-123.16,,English Bay,Hakai-FCBB,sediment grab sample,9,6,2022,2022-09-06,5,5,"University of British Columbia, Beaty Biodiversity Museum",http://biocol.org/urn:lsid:biocol.org:col:15106,inlet,FalseCreek_BioBlitz_2022,BHAK-12327-FCBB,BHAK-12327-FCBB,BHAK-12327-FCBB,sediment grab sample,5,BoLD original eventID: BHAK-12327-FCBB
BHAK-12328-FCBB-001,en,http://creativecommons.org/licenses/by/4.0/legalcode,Hakai Institute,2025-12-29,Canada,CA,WGS84,British Columbia,Burrard Inlet,False Creek,BHAK-12328-FCBB,,49.282,-123.16,,English Bay,Hakai-FCBB,sediment grab sample,9,6,2022,2022-09-06,5,5,"University of British Columbia, Beaty Biodiversity Museum",http://biocol.org/urn:lsid:biocol.org:col:15106,inlet,FalseCreek_BioBlitz_2022,BHAK-12328-FCBB,BHAK-12328-FCBB,BHAK-12328-FCBB,sediment grab sample,5,BoLD original eventID: BHAK-12328-FCBB
BHAK-12303-FCBB-001,en,http://creativecommons.org/licenses/by/4.0/legalcode,Hakai Institute,2025-12-29,Canada,CA,WGS84,British Columbia,Burrard Inlet,False Creek,BHAK-12303-FCBB,,49.282,-123.16,,English Bay,Hakai-FCBB,sediment grab sample,9,6,2022,2022-09-06,5,5,"University of British Columbia, Beaty Biodiversity Museum",http://biocol.org/urn:lsid:biocol.org:col:15106,inlet,FalseCreek_BioBlitz_2022,BHAK-12303-FCBB,BHAK-12303-FCBB,BHAK-12303-FCBB,sediment grab sample,5,BoLD original eventID: BHAK-12303-FCBB
BHAK-12304-FCBB-001,en,http://creativecommons.org/licenses/by/4.0/legalcode,Hakai Institute,2025-12-29,Canada,CA,WGS84,British Columbia,Burrard Inlet,False Creek,BHAK-12304-FCBB,,49.282,-123.16,,English Bay,Hakai-FCBB,sediment grab sample,9,6,2022,2022-09-06,5,5,"University of British Columbia, Beaty Biodiversity Museum",http://biocol.org/urn:lsid:biocol.org:col:15106,inlet,FalseCreek_BioBlitz_2022,BHAK-12304-FCBB,BHAK-12304-FCBB,BHAK-12304-FCBB,sediment grab sample,5,BoLD original eventID: BHAK-12304-FCBB
BHAK-12305-FCBB-001,en,http://creativecommons.org/licenses/by/4.0/legalcode,Hakai Institute,2025-12-29,Canada,CA,WGS84,British Columbia,Burrard Inlet,False Creek,BHAK-12305-FCBB,,49.282,-123.16,,English Bay,Hakai-FCBB,sediment grab sample,9,6,2022,2022-09-06,5,5,"University of British Columbia, Beaty Biodiversity Museum",http://biocol.org/urn:lsid:biocol.org:col:15106,inlet,FalseCreek_BioBlitz_2022,BHAK-12305-FCBB,BHAK-12305-FCBB,BHAK-12305-FCBB,sediment grab sample,5,BoLD original eventID: BHAK-12305-FCBB
BHAK-12306-FCBB-001,en,http://creativecommons.org/licenses/by/4.0/legalcode,Hakai Institute,2025-12-29,Canada,CA,WGS84,British Columbia,Burrard Inlet,False Creek,BHAK-12306-FCBB,,49.282,-123.16,,English Bay,Hakai-FCBB,sediment grab sample,9,6,2022,2022-09-06,5,5,"University of British Columbia, Beaty Biodiversity Museum",http://biocol.org/urn:lsid:biocol.org:col:15106,inlet,FalseCreek_BioBlitz_2022,BHAK-12306-FCBB,BHAK-12306-FCBB,BHAK-12306-FCBB,sediment grab sample,5,BoLD original eventID: BHAK-12306-FCBB
BHAK-12310-FCBB-001,en,http://creativecommons.org/licenses/by/4.0/legalcode,Hakai Institute,2025-12-29,Canada,CA,WGS84,British Columbia,Burrard Inlet,False Creek,BHAK-12310-FCBB,,49.282,-123.16,,English Bay,Hakai-FCBB,sediment grab sample,9,6,2022,2022-09-06,5,5,"University of British Columbia, Beaty Biodiversity Museum",http://biocol.org/urn:lsid:biocol.org:col:15106,inlet,FalseCreek_BioBlitz_2022,BHAK-12310-FCBB,BHAK-12310-FCBB,BHAK-12310-FCBB,sediment grab sample,5,BoLD original eventID: BHAK-12310-FCBB
BHAK-12307-FCBB-001,en,http://creativecommons.org/licenses/by/4.0/legalcode,Hakai Institute,2025-12-29,Canada,CA,WGS84,British Columbia,Burrard Inlet,False Creek,BHAK-12307-FCBB,,49.282,-123.16,,English Bay,Hakai-FCBB,sediment grab sample,9,6,2022,2022-09-06,5,5,"University of British Columbia, Beaty Biodiversity Museum",http://biocol.org/urn:lsid:biocol.org:col:15106,inlet,FalseCreek_BioBlitz_2022,BHAK-12307-FCBB,BHAK-12307-FCBB,BHAK-12307-FCBB,sediment grab sample,5,BoLD original eventID: BHAK-12307-FCBB
BHAK-12308-FCBB-001,en,http://creativecommons.org/licenses/by/4.0/legalcode,Hakai Institute,2025-12-29,Canada,CA,WGS84,British Columbia,Burrard Inlet,False Creek,BHAK-12308-FCBB,,49.282,-123.16,,English Bay,Hakai-FCBB,sediment grab sample,9,6,2022,2022-09-06,5,5,"University of British Columbia, Beaty Biodiversity Museum",http://biocol.org/urn:lsid:biocol.org:col:15106,inlet,FalseCreek_BioBlitz_2022,BHAK-12308-FCBB,BHAK-12308-FCBB,BHAK-12308-FCBB,sediment grab sample,5,BoLD original eventID: BHAK-12308-FCBB
BHAK-12309-FCBB-001,en,http://creativecommons.org/licenses/by/4.0/legalcode,Hakai Institute,2025-12-29,Canada,CA,WGS84,British Columbia,Burrard Inlet,False Creek,BHAK-12309-FCBB,,49.282,-123.16,,English Bay,Hakai-FCBB,sediment grab sample,9,6,2022,2022-09-06,5,5,"University of British Columbia, Beaty Biodiversity Museum",http://biocol.org/urn:lsid:biocol.org:col:15106,inlet,FalseCreek_BioBlitz_2022,BHAK-12309-FCBB,BHAK-12309-FCBB,BHAK-12309-FCBB,sediment grab sample,5,BoLD original eventID: BHAK-12309-FCBB
BHAK-12311-FCBB-001,en,http://creativecommons.org/licenses/by/4.0/legalcode,Hakai Institute,2025-12-29,Canada,CA,WGS84,British Columbia,Burrard Inlet,False Creek,BHAK-12311-FCBB,,49.282,-123.16,,English Bay,Hakai-FCBB,sediment grab sample,9,6,2022,2022-09-06,5,5,Hakai Institute,https://edmo.seadatanet.org/report/5148,inlet,FalseCreek_BioBlitz_2022,BHAK-12311-FCBB,BHAK-12311-FCBB,BHAK-12311-FCBB,sediment grab sample,5,BoLD original eventID: BHAK-12311-FCBB
BHAK-12312-FCBB-001,en,http://creativecommons.org/licenses/by/4.0/legalcode,Hakai Institute,2025-12-29,Canada,CA,WGS84,British Columbia,Burrard Inlet,False Creek,BHAK-12312-FCBB,,49.269,-123.128,,Spruce Harbour Marina,Hakai-FCBB,settlement plates,9,7,2022,2022-09-07,1,1,Hakai Institute,https://edmo.seadatanet.org/report/5148,"inlet, dock",FalseCreek_BioBlitz_2022,BHAK-12312-FCBB,BHAK-12312-FCBB,BHAK-12312-FCBB,settlement plates,1,BoLD original eventID: BHAK-12312-FCBB
BHAK-12495-FCBB-001,en,http://creativecommons.org/licenses/by/4.0/legalcode,Hakai Institute,2025-12-29,Canada,CA,WGS84,British Columbia,Burrard Inlet,False Creek,BHAK-12495-FCBB,,49.269,-123.128,,Spruce Harbour Marina,Hakai-FCBB,settlement plates,9,7,2022,2022-09-07,1,1,Hakai Institute,https://edmo.seadatanet.org/report/5148,"inlet, dock",FalseCreek_BioBlitz_2022,BHAK-12495-FCBB,BHAK-12495-FCBB,BHAK-12495-FCBB,settlement plates,1,BoLD original eventID: BHAK-12495-FCBB
BHAK-12481-FCBB-001,en,http://creativecommons.org/licenses/by/4.0/legalcode,Hakai Institute,2025-12-29,Canada,CA,WGS84,British Columbia,Burrard Inlet,False Creek,BHAK-12481-FCBB,,49.282,-123.16,,English Bay,Hakai-FCBB,sediment grab sample,9,6,2022,2022-09-06,5,5,Hakai Institute,https://edmo.seadatanet.org/report/5148,inlet,FalseCreek_BioBlitz_2022,BHAK-12481-FCBB,BHAK-12481-FCBB,BHAK-12481-FCBB,sediment grab sample,5,BoLD original eventID: BHAK-12481-FCBB
BHAK-12482-FCBB-001,en,http://creativecommons.org/licenses/by/4.0/legalcode,Hakai Institute,2025-12-29,Canada,CA,WGS84,British Columbia,Burrard Inlet,False Creek,BHAK-12482-FCBB,,49.282,-123.16,,English Bay,Hakai-FCBB,sediment grab sample,9,6,2022,2022-09-06,5,5,Hakai Institute,https://edmo.seadatanet.org/report/5148,inlet,FalseCreek_BioBlitz_2022,BHAK-12482-FCBB,BHAK-12482-FCBB,BHAK-12482-FCBB,sediment grab sample,5,BoLD original eventID: BHAK-12482-FCBB
BHAK-12483-FCBB-001,en,http://creativecommons.org/licenses/by/4.0/legalcode,Hakai Institute,2025-12-29,Canada,CA,WGS84,British Columbia,Burrard Inlet,False Creek,BHAK-12483-FCBB,,49.282,-123.16,,English Bay,Hakai-FCBB,sediment grab sample,9,6,2022,2022-09-06,5,5,Hakai Institute,https://edmo.seadatanet.org/report/5148,inlet,FalseCreek_BioBlitz_2022,BHAK-12483-FCBB,BHAK-12483-FCBB,BHAK-12483-FCBB,sediment grab sample,5,BoLD original eventID: BHAK-12483-FCBB
BHAK-12338-FCBB-001,en,http://creativecommons.org/licenses/by/4.0/legalcode,Hakai Institute,2025-12-29,Canada,CA,WGS84,British Columbia,Burrard Inlet,False Creek,BHAK-12338-FCBB,,49.282,-123.16,,English Bay,Hakai-FCBB,sediment grab sample,9,6,2022,2022-09-06,5,5,"University of British Columbia, Beaty Biodiversity Museum",http://biocol.org/urn:lsid:biocol.org:col:15106,inlet,FalseCreek_BioBlitz_2022,BHAK-12338-FCBB,BHAK-12338-FCBB,BHAK-12338-FCBB,sediment grab sample,5,BoLD original eventID: BHAK-12338-FCBB
BHAK-12339-FCBB-001,en,http://creativecommons.org/licenses/by/4.0/legalcode,Hakai Institute,2025-12-29,Canada,CA,WGS84,British Columbia,Burrard Inlet,False Creek,BHAK-12339-FCBB,,49.282,-123.16,,English Bay,Hakai-FCBB,sediment grab sample,9,6,2022,2022-09-06,5,5,"University of British Columbia, Beaty Biodiversity Museum",http://biocol.org/urn:lsid:biocol.org:col:15106,inlet,FalseCreek_BioBlitz_2022,BHAK-12339-FCBB,BHAK-12339-FCBB,BHAK-12339-FCBB,sediment grab sample,5,BoLD original eventID: BHAK-12339-FCBB
BHAK-12340-FCBB-001,en,http://creativecommons.org/licenses/by/4.0/legalcode,Hakai Institute,2025-12-29,Canada,CA,WGS84,British Columbia,Burrard Inlet,False Creek,BHAK-12340-FCBB,,49.282,-123.16,,English Bay,Hakai-FCBB,sediment grab sample,9,6,2022,2022-09-06,5,5,"University of British Columbia, Beaty Biodiversity Museum",http://biocol.org/urn:lsid:biocol.org:col:15106,inlet,FalseCreek_BioBlitz_2022,BHAK-12340-FCBB,BHAK-12340-FCBB,BHAK-12340-FCBB,sediment grab sample,5,BoLD original eventID: BHAK-12340-FCBB
BHAK-12341-FCBB-001,en,http://creativecommons.org/licenses/by/4.0/legalcode,Hakai Institute,2025-12-29,Canada,CA,WGS84,British Columbia,Burrard Inlet,False Creek,BHAK-12341-FCBB,,49.282,-123.16,,English Bay,Hakai-FCBB,sediment grab sample,9,6,2022,2022-09-06,5,5,"University of British Columbia, Beaty Biodiversity Museum",http://biocol.org/urn:lsid:biocol.org:col:15106,inlet,FalseCreek_BioBlitz_2022,BHAK-12341-FCBB,BHAK-12341-FCBB,BHAK-12341-FCBB,sediment grab sample,5,BoLD original eventID: BHAK-12341-FCBB
BHAK-12342-FCBB-001,en,http://creativecommons.org/licenses/by/4.0/legalcode,Hakai Institute,2025-12-29,Canada,CA,WGS84,British Columbia,Burrard Inlet,False Creek,BHAK-12342-FCBB,,49.282,-123.16,,English Bay,Hakai-FCBB,sediment grab sample,9,6,2022,2022-09-06,5,5,"University of British Columbia, Beaty Biodiversity Museum",http://biocol.org/urn:lsid:biocol.org:col:15106,inlet,FalseCreek_BioBlitz_2022,BHAK-12342-FCBB,BHAK-12342-FCBB,BHAK-12342-FCBB,sediment grab sample,5,BoLD original eventID: BHAK-12342-FCBB
BHAK-12343-FCBB-001,en,http://creativecommons.org/licenses/by/4.0/legalcode,Hakai Institute,2025-12-29,Canada,CA,WGS84,British Columbia,Burrard Inlet,False Creek,BHAK-12343-FCBB,,49.282,-123.16,,English Bay,Hakai-FCBB,sediment grab sample,9,6,2022,2022-09-06,5,5,"University of British Columbia, Beaty Biodiversity Museum",http://biocol.org/urn:lsid:biocol.org:col:15106,inlet,FalseCreek_BioBlitz_2022,BHAK-12343-FCBB,BHAK-12343-FCBB,BHAK-12343-FCBB,sediment grab sample,5,BoLD original eventID: BHAK-12343-FCBB
BHAK-12344-FCBB-001,en,http://creativecommons.org/licenses/by/4.0/legalcode,Hakai Institute,2025-12-29,Canada,CA,WGS84,British Columbia,Burrard Inlet,False Creek,BHAK-12344-FCBB,,49.282,-123.16,,English Bay,Hakai-FCBB,sediment grab sample,9,6,2022,2022-09-06,5,5,"University of British Columbia, Beaty Biodiversity Museum",http://biocol.org/urn:lsid:biocol.org:col:15106,inlet,FalseCreek_BioBlitz_2022,BHAK-12344-FCBB,BHAK-12344-FCBB,BHAK-12344-FCBB,sediment grab sample,5,BoLD original eventID: BHAK-12344-FCBB
BHAK-12345-FCBB-001,en,http://creativecommons.org/licenses/by/4.0/legalcode,Hakai Institute,2025-12-29,Canada,CA,WGS84,British Columbia,Burrard Inlet,False Creek,BHAK-12345-FCBB,,49.282,-123.16,,English Bay,Hakai-FCBB,sediment grab sample,9,6,2022,2022-09-06,5,5,"University of British Columbia, Beaty Biodiversity Museum",http://biocol.org/urn:lsid:biocol.org:col:15106,inlet,FalseCreek_BioBlitz_2022,BHAK-12345-FCBB,BHAK-12345-FCBB,BHAK-12345-FCBB,sediment grab sample,5,BoLD original eventID: BHAK-12345-FCBB
BHAK-12346-FCBB-001,en,http://creativecommons.org/licenses/by/4.0/legalcode,Hakai Institute,2025-12-29,Canada,CA,WGS84,British Columbia,Burrard Inlet,False Creek,BHAK-12346-FCBB,,49.282,-123.16,,English Bay,Hakai-FCBB,sediment grab sample,9,6,2022,2022-09-06,5,5,"University of British Columbia, Beaty Biodiversity Museum",http://biocol.org/urn:lsid:biocol.org:col:15106,inlet,FalseCreek_BioBlitz_2022,BHAK-12346-FCBB,BHAK-12346-FCBB,BHAK-12346-FCBB,sediment grab sample,5,BoLD original eventID: BHAK-12346-FCBB
BHAK-12347-FCBB-001,en,http://creativecommons.org/licenses/by/4.0/legalcode,Hakai Institute,2025-12-29,Canada,CA,WGS84,British Columbia,Burrard Inlet,False Creek,BHAK-12347-FCBB,,49.282,-123.16,,English Bay,Hakai-FCBB,sediment grab sample,9,6,2022,2022-09-06,5,5,"University of British Columbia, Beaty Biodiversity Museum",http://biocol.org/urn:lsid:biocol.org:col:15106,inlet,FalseCreek_BioBlitz_2022,BHAK-12347-FCBB,BHAK-12347-FCBB,BHAK-12347-FCBB,sediment grab sample,5,BoLD original eventID: BHAK-12347-FCBB
BHAK-12348-FCBB-001,en,http://creativecommons.org/licenses/by/4.0/legalcode,Hakai Institute,2025-12-29,Canada,CA,WGS84,British Columbia,Burrard Inlet,False Creek,BHAK-12348-FCBB,,49.282,-123.16,,English Bay,Hakai-FCBB,sediment grab sample,9,6,2022,2022-09-06,5,5,"University of British Columbia, Beaty Biodiversity Museum",http://biocol.org/urn:lsid:biocol.org:col:15106,inlet,FalseCreek_BioBlitz_2022,BHAK-12348-FCBB,BHAK-12348-FCBB,BHAK-12348-FCBB,sediment grab sample,5,BoLD original eventID: BHAK-12348-FCBB
BHAK-12349-FCBB-001,en,http://creativecommons.org/licenses/by/4.0/legalcode,Hakai Institute,2025-12-29,Canada,CA,WGS84,British Columbia,Burrard Inlet,False Creek,BHAK-12349-FCBB,,49.282,-123.16,,English Bay,Hakai-FCBB,sediment grab sample,9,6,2022,2022-09-06,5,5,"University of British Columbia, Beaty Biodiversity Museum",http://biocol.org/urn:lsid:biocol.org:col:15106,inlet,FalseCreek_BioBlitz_2022,BHAK-12349-FCBB,BHAK-12349-FCBB,BHAK-12349-FCBB,sediment grab sample,5,BoLD original eventID: BHAK-12349-FCBB
BHAK-12350-FCBB-001,en,http://creativecommons.org/licenses/by/4.0/legalcode,Hakai Institute,2025-12-29,Canada,CA,WGS84,British Columbia,Burrard Inlet,False Creek,BHAK-12350-FCBB,,49.282,-123.16,,English Bay,Hakai-FCBB,sediment grab sample,9,6,2022,2022-09-06,5,5,"University of British Columbia, Beaty Biodiversity Museum",http://biocol.org/urn:lsid:biocol.org:col:15106,inlet,FalseCreek_BioBlitz_2022,BHAK-12350-FCBB,BHAK-12350-FCBB,BHAK-12350-FCBB,sediment grab sample,5,BoLD original eventID: BHAK-12350-FCBB
BHAK-12351-FCBB-001,en,http://creativecommons.org/licenses/by/4.0/legalcode,Hakai Institute,2025-12-29,Canada,CA,WGS84,British Columbia,Burrard Inlet,False Creek,BHAK-12351-FCBB,,49.282,-123.16,,English Bay,Hakai-FCBB,sediment grab sample,9,6,2022,2022-09-06,5,5,"University of British Columbia, Beaty Biodiversity Museum",http://biocol.org/urn:lsid:biocol.org:col:15106,inlet,FalseCreek_BioBlitz_2022,BHAK-12351-FCBB,BHAK-12351-FCBB,BHAK-12351-FCBB,sediment grab sample,5,BoLD original eventID: BHAK-12351-FCBB
BHAK-12352-FCBB-001,en,http://creativecommons.org/licenses/by/4.0/legalcode,Hakai Institute,2025-12-29,Canada,CA,WGS84,British Columbia,Burrard Inlet,False Creek,BHAK-12352-FCBB,,49.282,-123.16,,English Bay,Hakai-FCBB,sediment grab sample,9,6,2022,2022-09-06,5,5,"University of British Columbia, Beaty Biodiversity Museum",http://biocol.org/urn:lsid:biocol.org:col:15106,inlet,FalseCreek_BioBlitz_2022,BHAK-12352-FCBB,BHAK-12352-FCBB,BHAK-12352-FCBB,sediment grab sample,5,BoLD original eventID: BHAK-12352-FCBB
BHAK-12353-FCBB-001,en,http://creativecommons.org/licenses/by/4.0/legalcode,Hakai Institute,2025-12-29,Canada,CA,WGS84,British Columbia,Burrard Inlet,False Creek,BHAK-12353-FCBB,,49.282,-123.16,,English Bay,Hakai-FCBB,sediment grab sample,9,6,2022,2022-09-06,5,5,"University of British Columbia, Beaty Biodiversity Museum",http://biocol.org/urn:lsid:biocol.org:col:15106,inlet,FalseCreek_BioBlitz_2022,BHAK-12353-FCBB,BHAK-12353-FCBB,BHAK-12353-FCBB,sediment grab sample,5,BoLD original eventID: BHAK-12353-FCBB
BHAK-12354-FCBB-001,en,http://creativecommons.org/licenses/by/4.0/legalcode,Hakai Institute,2025-12-29,Canada,CA,WGS84,British Columbia,Burrard Inlet,False Creek,BHAK-12354-FCBB,,49.282,-123.16,,English Bay,Hakai-FCBB,sediment grab sample,9,6,2022,2022-09-06,5,5,"University of British Columbia, Beaty Biodiversity Museum",http://biocol.org/urn:lsid:biocol.org:col:15106,inlet,FalseCreek_BioBlitz_2022,BHAK-12354-FCBB,BHAK-12354-FCBB,BHAK-12354-FCBB,sediment grab sample,5,BoLD original eventID: BHAK-12354-FCBB
BHAK-12355-FCBB-001,en,http://creativecommons.org/licenses/by/4.0/legalcode,Hakai Institute,2025-12-29,Canada,CA,WGS84,British Columbia,Burrard Inlet,False Creek,BHAK-12355-FCBB,,49.282,-123.16,,English Bay,Hakai-FCBB,sediment grab sample,9,6,2022,2022-09-06,5,5,"University of British Columbia, Beaty Biodiversity Museum",http://biocol.org/urn:lsid:biocol.org:col:15106,inlet,FalseCreek_BioBlitz_2022,BHAK-12355-FCBB,BHAK-12355-FCBB,BHAK-12355-FCBB,sediment grab sample,5,BoLD original eventID: BHAK-12355-FCBB
BHAK-12356-FCBB-001,en,http://creativecommons.org/licenses/by/4.0/legalcode,Hakai Institute,2025-12-29,Canada,CA,WGS84,British Columbia,Burrard Inlet,False Creek,BHAK-12356-FCBB,,49.282,-123.16,,English Bay,Hakai-FCBB,sediment grab sample,9,6,2022,2022-09-06,5,5,"University of British Columbia, Beaty Biodiversity Museum",http://biocol.org/urn:lsid:biocol.org:col:15106,inlet,FalseCreek_BioBlitz_2022,BHAK-12356-FCBB,BHAK-12356-FCBB,BHAK-12356-FCBB,sediment grab sample,5,BoLD original eventID: BHAK-12356-FCBB
BHAK-12357-FCBB-001,en,http://creativecommons.org/licenses/by/4.0/legalcode,Hakai Institute,2025-12-29,Canada,CA,WGS84,British Columbia,Burrard Inlet,False Creek,BHAK-12357-FCBB,,49.282,-123.16,,English Bay,Hakai-FCBB,sediment grab sample,9,6,2022,2022-09-06,5,5,"University of British Columbia, Beaty Biodiversity Museum",http://biocol.org/urn:lsid:biocol.org:col:15106,inlet,FalseCreek_BioBlitz_2022,BHAK-12357-FCBB,BHAK-12357-FCBB,BHAK-12357-FCBB,sediment grab sample,5,BoLD original eventID: BHAK-12357-FCBB
BHAK-12358-FCBB-001,en,http://creativecommons.org/licenses/by/4.0/legalcode,Hakai Institute,2025-12-29,Canada,CA,WGS84,British Columbia,Burrard Inlet,False Creek,BHAK-12358-FCBB,,49.282,-123.16,,English Bay,Hakai-FCBB,sediment grab sample,9,6,2022,2022-09-06,5,5,"University of British Columbia, Beaty Biodiversity Museum",http://biocol.org/urn:lsid:biocol.org:col:15106,inlet,FalseCreek_BioBlitz_2022,BHAK-12358-FCBB,BHAK-12358-FCBB,BHAK-12358-FCBB,sediment grab sample,5,BoLD original eventID: BHAK-12358-FCBB
BHAK-12359-FCBB-001,en,http://creativecommons.org/licenses/by/4.0/legalcode,Hakai Institute,2025-12-29,Canada,CA,WGS84,British Columbia,Burrard Inlet,False Creek,BHAK-12359-FCBB,,49.282,-123.16,,English Bay,Hakai-FCBB,sediment grab sample,9,6,2022,2022-09-06,5,5,"University of British Columbia, Beaty Biodiversity Museum",http://biocol.org/urn:lsid:biocol.org:col:15106,inlet,FalseCreek_BioBlitz_2022,BHAK-12359-FCBB,BHAK-12359-FCBB,BHAK-12359-FCBB,sediment grab sample,5,BoLD original eventID: BHAK-12359-FCBB
BHAK-12508-FCBB-001,en,http://creativecommons.org/licenses/by/4.0/legalcode,Hakai Institute,2025-12-29,Canada,CA,WGS84,British Columbia,Burrard Inlet,False Creek,BHAK-12508-FCBB,,49.282,-123.16,,English Bay,Hakai-FCBB,sediment grab sample,9,6,2022,2022-09-06,5,5,"University of British Columbia, Beaty Biodiversity Museum",http://biocol.org/urn:lsid:biocol.org:col:15106,inlet,FalseCreek_BioBlitz_2022,BHAK-12508-FCBB,BHAK-12508-FCBB,BHAK-12508-FCBB,sediment grab sample,5,BoLD original eventID: BHAK-12508-FCBB
BHAK-12509-FCBB-001,en,http://creativecommons.org/licenses/by/4.0/legalcode,Hakai Institute,2025-12-29,Canada,CA,WGS84,British Columbia,Burrard Inlet,False Creek,BHAK-12509-FCBB,,49.282,-123.16,,English Bay,Hakai-FCBB,sediment grab sample,9,6,2022,2022-09-06,5,5,"University of British Columbia, Beaty Biodiversity Museum",http://biocol.org/urn:lsid:biocol.org:col:15106,inlet,FalseCreek_BioBlitz_2022,BHAK-12509-FCBB,BHAK-12509-FCBB,BHAK-12509-FCBB,sediment grab sample,5,BoLD original eventID: BHAK-12509-FCBB
BHAK-12510-FCBB-001,en,http://creativecommons.org/licenses/by/4.0/legalcode,Hakai Institute,2025-12-29,Canada,CA,WGS84,British Columbia,Burrard Inlet,False Creek,BHAK-12510-FCBB,,49.282,-123.16,,English Bay,Hakai-FCBB,sediment grab sample,9,6,2022,2022-09-06,5,5,Hakai Institute,https://edmo.seadatanet.org/report/5148,inlet,FalseCreek_BioBlitz_2022,BHAK-12510-FCBB,BHAK-12510-FCBB,BHAK-12510-FCBB,sediment grab sample,5,BoLD original eventID: BHAK-12510-FCBB
BHAK-12301-FCBB-001,en,http://creativecommons.org/licenses/by/4.0/legalcode,Hakai Institute,2025-12-29,Canada,CA,WGS84,British Columbia,Burrard Inlet,False Creek,BHAK-12301-FCBB,,49.282,-123.16,,English Bay,Hakai-FCBB,sediment grab sample,9,6,2022,2022-09-06,5,5,Hakai Institute,https://edmo.seadatanet.org/report/5148,inlet,FalseCreek_BioBlitz_2022,BHAK-12301-FCBB,BHAK-12301-FCBB,BHAK-12301-FCBB,sediment grab sample,5,BoLD original eventID: BHAK-12301-FCBB
BHAK-12302-FCBB-001,en,http://creativecommons.org/licenses/by/4.0/legalcode,Hakai Institute,2025-12-29,Canada,CA,WGS84,British Columbia,Burrard Inlet,False Creek,BHAK-12302-FCBB,,49.282,-123.16,,English Bay,Hakai-FCBB,sediment grab sample,9,6,2022,2022-09-06,5,5,"University of British Columbia, Beaty Biodiversity Museum",http://biocol.org/urn:lsid:biocol.org:col:15106,inlet,FalseCreek_BioBlitz_2022,BHAK-12302-FCBB,BHAK-12302-FCBB,BHAK-12302-FCBB,sediment grab sample,5,BoLD original eventID: BHAK-12302-FCBB
BHAK-12313-FCBB-001,en,http://creativecommons.org/licenses/by/4.0/legalcode,Hakai Institute,2025-12-29,Canada,CA,WGS84,British Columbia,Burrard Inlet,False Creek,BHAK-12313-FCBB,,49.282,-123.16,,English Bay,Hakai-FCBB,sediment grab sample,9,6,2022,2022-09-06,5,5,Hakai Institute,https://edmo.seadatanet.org/report/5148,inlet,FalseCreek_BioBlitz_2022,BHAK-12313-FCBB,BHAK-12313-FCBB,BHAK-12313-FCBB,sediment grab sample,5,BoLD original eventID: BHAK-12313-FCBB
BHAK-12314-FCBB-001,en,http://creativecommons.org/licenses/by/4.0/legalcode,Hakai Institute,2025-12-29,Canada,CA,WGS84,British Columbia,Burrard Inlet,False Creek,BHAK-12314-FCBB,,49.282,-123.16,,English Bay,Hakai-FCBB,sediment grab sample,9,6,2022,2022-09-06,5,5,Hakai Institute,https://edmo.seadatanet.org/report/5148,inlet,FalseCreek_BioBlitz_2022,BHAK-12314-FCBB,BHAK-12314-FCBB,BHAK-12314-FCBB,sediment grab sample,5,BoLD original eventID: BHAK-12314-FCBB
BHAK-12315-FCBB-001,en,http://creativecommons.org/licenses/by/4.0/legalcode,Hakai Institute,2025-12-29,Canada,CA,WGS84,British Columbia,Burrard Inlet,False Creek,BHAK-12315-FCBB,,49.282,-123.16,,English Bay,Hakai-FCBB,sediment grab sample,9,6,2022,2022-09-06,5,5,"University of British Columbia, Beaty Biodiversity Museum",http://biocol.org/urn:lsid:biocol.org:col:15106,inlet,FalseCreek_BioBlitz_2022,BHAK-12315-FCBB,BHAK-12315-FCBB,BHAK-12315-FCBB,sediment grab sample,5,BoLD original eventID: BHAK-12315-FCBB
BHAK-12329-FCBB-001,en,http://creativecommons.org/licenses/by/4.0/legalcode,Hakai Institute,2025-12-29,Canada,CA,WGS84,British Columbia,Burrard Inlet,False Creek,BHAK-12329-FCBB,,49.27,-123.125,,David Lam Park,Hakai-FCBB,settlement plates,9,6,2022,2022-09-06,1,1,Hakai Institute,https://edmo.seadatanet.org/report/5148,"inlet, dock",FalseCreek_BioBlitz_2022,BHAK-12329-FCBB,BHAK-12329-FCBB,BHAK-12329-FCBB,settlement plates,1,BoLD original eventID: BHAK-12329-FCBB
BHAK-12330-FCBB-001,en,http://creativecommons.org/licenses/by/4.0/legalcode,Hakai Institute,2025-12-29,Canada,CA,WGS84,British Columbia,Burrard Inlet,False Creek,BHAK-12330-FCBB,,49.27,-123.125,,David Lam Park,Hakai-FCBB,settlement plates,9,6,2022,2022-09-06,1,1,"University of British Columbia, Beaty Biodiversity Museum",http://biocol.org/urn:lsid:biocol.org:col:15106,"inlet, dock",FalseCreek_BioBlitz_2022,BHAK-12330-FCBB,BHAK-12330-FCBB,BHAK-12330-FCBB,settlement plates,1,BoLD original eventID: BHAK-12330-FCBB
BHAK-12488-FCBB-001,en,http://creativecommons.org/licenses/by/4.0/legalcode,Hakai Institute,2025-12-29,Canada,CA,WGS84,British Columbia,Burrard Inlet,False Creek,BHAK-12488-FCBB,,49.27,-123.125,,David Lam Park,Hakai-FCBB,settlement plates,9,6,2022,2022-09-06,1,1,Hakai Institute,https://edmo.seadatanet.org/report/5148,"inlet, dock",FalseCreek_BioBlitz_2022,BHAK-12488-FCBB,BHAK-12488-FCBB,BHAK-12488-FCBB,settlement plates,1,BoLD original eventID: BHAK-12488-FCBB
BHAK-12489-FCBB-001,en,http://creativecommons.org/licenses/by/4.0/legalcode,Hakai Institute,2025-12-29,Canada,CA,WGS84,British Columbia,Burrard Inlet,False Creek,BHAK-12489-FCBB,,49.27,-123.125,,David Lam Park,Hakai-FCBB,settlement plates,9,6,2022,2022-09-06,1,1,Hakai Institute,https://edmo.seadatanet.org/report/5148,"inlet, dock",FalseCreek_BioBlitz_2022,BHAK-12489-FCBB,BHAK-12489-FCBB,BHAK-12489-FCBB,settlement plates,1,BoLD original eventID: BHAK-12489-FCBB
BHAK-12360-FCBB-001,en,http://creativecommons.org/licenses/by/4.0/legalcode,Hakai Institute,2025-12-29,Canada,CA,WGS84,British Columbia,Burrard Inlet,False Creek,BHAK-12360-FCBB,,49.282,-123.16,,English Bay,Hakai-FCBB,sediment grab sample,9,6,2022,2022-09-06,5,5,Hakai Institute,https://edmo.seadatanet.org/report/5148,inlet,FalseCreek_BioBlitz_2022,BHAK-12360-FCBB,BHAK-12360-FCBB,BHAK-12360-FCBB,sediment grab sample,5,BoLD original eventID: BHAK-12360-FCBB
ZHAK-01253-FCBB-001,en,http://creativecommons.org/licenses/by/4.0/legalcode,Hakai Institute,2025-12-29,Canada,CA,WGS84,British Columbia,Burrard Inlet,False Creek,ZHAK-01253-FCBB,,49.279,-123.141,,False Creek Near Mouth,Hakai-FCBB,zooplankton net tow,9,4,2022,2022-09-04,1.5,1.5,Hakai Institute,https://edmo.seadatanet.org/report/5148,inlet,FalseCreek_BioBlitz_2022,ZHAK-01253-FCBB,ZHAK-01253-FCBB,ZHAK-01253-FCBB,zooplankton net tow,1.5,BoLD original eventID: ZHAK-01253-FCBB
ZHAK-01254-FCBB-001,en,http://creativecommons.org/licenses/by/4.0/legalcode,Hakai Institute,2025-12-29,Canada,CA,WGS84,British Columbia,Burrard Inlet,False Creek,ZHAK-01254-FCBB,,49.279,-123.141,,False Creek Near Mouth,Hakai-FCBB,zooplankton net tow,9,4,2022,2022-09-04,1.5,1.5,Hakai Institute,https://edmo.seadatanet.org/report/5148,inlet,FalseCreek_BioBlitz_2022,ZHAK-01254-FCBB,ZHAK-01254-FCBB,ZHAK-01254-FCBB,zooplankton net tow,1.5,BoLD original eventID: ZHAK-01254-FCBB
ZHAK-01255-FCBB-001,en,http://creativecommons.org/licenses/by/4.0/legalcode,Hakai Institute,2025-12-29,Canada,CA,WGS84,British Columbia,Burrard Inlet,False Creek,ZHAK-01255-FCBB,,49.273,-123.104,,Science World,Hakai-FCBB,sediment grab sample,9,5,2022,2022-09-05,5,5,Hakai Institute,https://edmo.seadatanet.org/report/5148,inlet,FalseCreek_BioBlitz_2022,ZHAK-01255-FCBB,ZHAK-01255-FCBB,ZHAK-01255-FCBB,sediment grab sample,5,BoLD original eventID: ZHAK-01255-FCBB
ZHAK-01256-FCBB-001,en,http://creativecommons.org/licenses/by/4.0/legalcode,Hakai Institute,2025-12-29,Canada,CA,WGS84,British Columbia,Burrard Inlet,False Creek,ZHAK-01256-FCBB,,49.273,-123.104,,Science World,Hakai-FCBB,sediment grab sample,9,5,2022,2022-09-05,5,5,Hakai Institute,https://edmo.seadatanet.org/report/5148,inlet,FalseCreek_BioBlitz_2022,ZHAK-01256-FCBB,ZHAK-01256-FCBB,ZHAK-01256-FCBB,sediment grab sample,5,BoLD original eventID: ZHAK-01256-FCBB
ZHAK-02425-FCBB-001,en,http://creativecommons.org/licenses/by/4.0/legalcode,Hakai Institute,2025-12-29,Canada,CA,WGS84,British Columbia,Burrard Inlet,False Creek,ZHAK-02425-FCBB,,49.272,-123.103,,Science World Dock,Hakai-FCBB,settlement plates,9,3,2022,2022-09-03,1,1,Hakai Institute,https://edmo.seadatanet.org/report/5148,"inlet, dock",FalseCreek_BioBlitz_2022,ZHAK-02425-FCBB,ZHAK-02425-FCBB,ZHAK-02425-FCBB,settlement plates,1,BoLD original eventID: ZHAK-02425-FCBB
ZHAK-02426-FCBB-001,en,http://creativecommons.org/licenses/by/4.0/legalcode,Hakai Institute,2025-12-29,Canada,CA,WGS84,British Columbia,Burrard Inlet,False Creek,ZHAK-02426-FCBB,,49.279,-123.147,,Heritage Harbour,Hakai-FCBB,pelagic light trap,9,3,2022,2022-09-03,0.5,0.5,Hakai Institute,https://edmo.seadatanet.org/report/5148,dock,FalseCreek_BioBlitz_2022,ZHAK-02426-FCBB,ZHAK-02426-FCBB,ZHAK-02426-FCBB,pelagic light trap,0.5,BoLD original eventID: ZHAK-02426-FCBB
ZHAK-02427-FCBB-001,en,http://creativecommons.org/licenses/by/4.0/legalcode,Hakai Institute,2025-12-29,Canada,CA,WGS84,British Columbia,Burrard Inlet,False Creek,ZHAK-02427-FCBB,,49.279,-123.147,,Heritage Harbour,Hakai-FCBB,pelagic light trap,9,3,2022,2022-09-03,0.5,0.5,Hakai Institute,https://edmo.seadatanet.org/report/5148,dock,FalseCreek_BioBlitz_2022,ZHAK-02427-FCBB,ZHAK-02427-FCBB,ZHAK-02427-FCBB,pelagic light trap,0.5,BoLD original eventID: ZHAK-02427-FCBB
ZHAK-02428-FCBB-001,en,http://creativecommons.org/licenses/by/4.0/legalcode,Hakai Institute,2025-12-29,Canada,CA,WGS84,British Columbia,Burrard Inlet,False Creek,ZHAK-02428-FCBB,,49.279,-123.147,,Heritage Harbour,Hakai-FCBB,pelagic light trap,9,3,2022,2022-09-03,0.5,0.5,Hakai Institute,https://edmo.seadatanet.org/report/5148,dock,FalseCreek_BioBlitz_2022,ZHAK-02428-FCBB,ZHAK-02428-FCBB,ZHAK-02428-FCBB,pelagic light trap,0.5,BoLD original eventID: ZHAK-02428-FCBB
ZHAK-02429-FCBB-001,en,http://creativecommons.org/licenses/by/4.0/legalcode,Hakai Institute,2025-12-29,Canada,CA,WGS84,British Columbia,Burrard Inlet,False Creek,ZHAK-02429-FCBB,,49.279,-123.147,,Heritage Harbour,Hakai-FCBB,pelagic light trap,9,3,2022,2022-09-03,0.5,0.5,Hakai Institute,https://edmo.seadatanet.org/report/5148,dock,FalseCreek_BioBlitz_2022,ZHAK-02429-FCBB,ZHAK-02429-FCBB,ZHAK-02429-FCBB,pelagic light trap,0.5,BoLD original eventID: ZHAK-02429-FCBB
ZHAK-02430-FCBB-001,en,http://creativecommons.org/licenses/by/4.0/legalcode,Hakai Institute,2025-12-29,Canada,CA,WGS84,British Columbia,Burrard Inlet,False Creek,ZHAK-02430-FCBB,,49.269,-123.12,,Heather Civic Marina,Hakai-FCBB,pelagic light trap,9,3,2022,2022-09-03,0.5,0.5,Hakai Institute,https://edmo.seadatanet.org/report/5148,dock,FalseCreek_BioBlitz_2022,ZHAK-02430-FCBB,ZHAK-02430-FCBB,ZHAK-02430-FCBB,pelagic light trap,0.5,BoLD original eventID: ZHAK-02430-FCBB
ZHAK-02431-FCBB-001,en,http://creativecommons.org/licenses/by/4.0/legalcode,Hakai Institute,2025-12-29,Canada,CA,WGS84,British Columbia,Burrard Inlet,False Creek,ZHAK-02431-FCBB,,49.279,-123.147,,Heritage Harbour,Hakai-FCBB,pelagic light trap,9,3,2022,2022-09-03,0.5,0.5,Hakai Institute,https://edmo.seadatanet.org/report/5148,dock,FalseCreek_BioBlitz_2022,ZHAK-02431-FCBB,ZHAK-02431-FCBB,ZHAK-02431-FCBB,pelagic light trap,0.5,BoLD original eventID: ZHAK-02431-FCBB
ZHAK-02432-FCBB-001,en,http://creativecommons.org/licenses/by/4.0/legalcode,Hakai Institute,2025-12-29,Canada,CA,WGS84,British Columbia,Burrard Inlet,False Creek,ZHAK-02432-FCBB,,49.279,-123.141,,False Creek Near Mouth,Hakai-FCBB,zooplankton net tow,9,4,2022,2022-09-04,1.5,1.5,Hakai Institute,https://edmo.seadatanet.org/report/5148,inlet,FalseCreek_BioBlitz_2022,ZHAK-02432-FCBB,ZHAK-02432-FCBB,ZHAK-02432-FCBB,zooplankton net tow,1.5,BoLD original eventID: ZHAK-02432-FCBB
ZHAK-02433-FCBB-001,en,http://creativecommons.org/licenses/by/4.0/legalcode,Hakai Institute,2025-12-29,Canada,CA,WGS84,British Columbia,Burrard Inlet,False Creek,ZHAK-02433-FCBB,,49.279,-123.141,,False Creek Near Mouth,Hakai-FCBB,zooplankton net tow,9,4,2022,2022-09-04,1.5,1.5,Hakai Institute,https://edmo.seadatanet.org/report/5148,inlet,FalseCreek_BioBlitz_2022,ZHAK-02433-FCBB,ZHAK-02433-FCBB,ZHAK-02433-FCBB,zooplankton net tow,1.5,BoLD original eventID: ZHAK-02433-FCBB
ZHAK-02434-FCBB-001,en,http://creativecommons.org/licenses/by/4.0/legalcode,Hakai Institute,2025-12-29,Canada,CA,WGS84,British Columbia,Burrard Inlet,False Creek,ZHAK-02434-FCBB,,49.279,-123.141,,False Creek Near Mouth,Hakai-FCBB,zooplankton net tow,9,4,2022,2022-09-04,1.5,1.5,Hakai Institute,https://edmo.seadatanet.org/report/5148,inlet,FalseCreek_BioBlitz_2022,ZHAK-02434-FCBB,ZHAK-02434-FCBB,ZHAK-02434-FCBB,zooplankton net tow,1.5,BoLD original eventID: ZHAK-02434-FCBB
ZHAK-02435-FCBB-001,en,http://creativecommons.org/licenses/by/4.0/legalcode,Hakai Institute,2025-12-29,Canada,CA,WGS84,British Columbia,Burrard Inlet,False Creek,ZHAK-02435-FCBB,,49.279,-123.141,,False Creek Near Mouth,Hakai-FCBB,zooplankton net tow,9,4,2022,2022-09-04,1.5,1.5,Hakai Institute,https://edmo.seadatanet.org/report/5148,inlet,FalseCreek_BioBlitz_2022,ZHAK-02435-FCBB,ZHAK-02435-FCBB,ZHAK-02435-FCBB,zooplankton net tow,1.5,BoLD original eventID: ZHAK-02435-FCBB
ZHAK-02436-FCBB-001,en,http://creativecommons.org/licenses/by/4.0/legalcode,Hakai Institute,2025-12-29,Canada,CA,WGS84,British Columbia,Burrard Inlet,False Creek,ZHAK-02436-FCBB,,49.279,-123.147,,Heritage Harbour,Hakai-FCBB,pelagic light trap,9,5,2022,2022-09-05,0.5,0.5,Hakai Institute,https://edmo.seadatanet.org/report/5148,dock,FalseCreek_BioBlitz_2022,ZHAK-02436-FCBB,ZHAK-02436-FCBB,ZHAK-02436-FCBB,pelagic light trap,0.5,BoLD original eventID: ZHAK-02436-FCBB
ZHAK-02437-FCBB-001,en,http://creativecommons.org/licenses/by/4.0/legalcode,Hakai Institute,2025-12-29,Canada,CA,WGS84,British Columbia,Burrard Inlet,False Creek,ZHAK-02437-FCBB,,49.279,-123.147,,Heritage Harbour,Hakai-FCBB,pelagic light trap,9,5,2022,2022-09-05,0.5,0.5,Hakai Institute,https://edmo.seadatanet.org/report/5148,dock,FalseCreek_BioBlitz_2022,ZHAK-02437-FCBB,ZHAK-02437-FCBB,ZHAK-02437-FCBB,pelagic light trap,0.5,BoLD original eventID: ZHAK-02437-FCBB
ZHAK-02438-FCBB-001,en,http://creativecommons.org/licenses/by/4.0/legalcode,Hakai Institute,2025-12-29,Canada,CA,WGS84,British Columbia,Burrard Inlet,False Creek,ZHAK-02438-FCBB,,49.279,-123.147,,Heritage Harbour,Hakai-FCBB,pelagic light trap,9,5,2022,2022-09-05,0.5,0.5,Hakai Institute,https://edmo.seadatanet.org/report/5148,dock,FalseCreek_BioBlitz_2022,ZHAK-02438-FCBB,ZHAK-02438-FCBB,ZHAK-02438-FCBB,pelagic light trap,0.5,BoLD original eventID: ZHAK-02438-FCBB
ZHAK-02235-FCBB-001,en,http://creativecommons.org/licenses/by/4.0/legalcode,Hakai Institute,2025-12-29,Canada,CA,WGS84,British Columbia,Burrard Inlet,False Creek,ZHAK-02235-FCBB,,49.269,-123.12,,Heather Civic Marina,Hakai-FCBB,pelagic light trap,9,3,2022,2022-09-03,0.5,0.5,Hakai Institute,https://edmo.seadatanet.org/report/5148,dock,FalseCreek_BioBlitz_2022,ZHAK-02235-FCBB,ZHAK-02235-FCBB,ZHAK-02235-FCBB,pelagic light trap,0.5,BoLD original eventID: ZHAK-02235-FCBB
ZHAK-02236-FCBB-001,en,http://creativecommons.org/licenses/by/4.0/legalcode,Hakai Institute,2025-12-29,Canada,CA,WGS84,British Columbia,Burrard Inlet,False Creek,ZHAK-02236-FCBB,,49.269,-123.12,,Heather Civic Marina,Hakai-FCBB,pelagic light trap,9,3,2022,2022-09-03,0.5,0.5,Hakai Institute,https://edmo.seadatanet.org/report/5148,dock,FalseCreek_BioBlitz_2022,ZHAK-02236-FCBB,ZHAK-02236-FCBB,ZHAK-02236-FCBB,pelagic light trap,0.5,BoLD original eventID: ZHAK-02236-FCBB
ZHAK-02237-FCBB-001,en,http://creativecommons.org/licenses/by/4.0/legalcode,Hakai Institute,2025-12-29,Canada,CA,WGS84,British Columbia,Burrard Inlet,False Creek,ZHAK-02237-FCBB,,49.269,-123.12,,Heather Civic Marina,Hakai-FCBB,pelagic light trap,9,3,2022,2022-09-03,0.5,0.5,Hakai Institute,https://edmo.seadatanet.org/report/5148,dock,FalseCreek_BioBlitz_2022,ZHAK-02237-FCBB,ZHAK-02237-FCBB,ZHAK-02237-FCBB,pelagic light trap,0.5,BoLD original eventID: ZHAK-02237-FCBB
ZHAK-02238-FCBB-001,en,http://creativecommons.org/licenses/by/4.0/legalcode,Hakai Institute,2025-12-29,Canada,CA,WGS84,British Columbia,Burrard Inlet,False Creek,ZHAK-02238-FCBB,,49.269,-123.12,,Heather Civic Marina,Hakai-FCBB,pelagic light trap,9,3,2022,2022-09-03,0.5,0.5,Hakai Institute,https://edmo.seadatanet.org/report/5148,dock,FalseCreek_BioBlitz_2022,ZHAK-02238-FCBB,ZHAK-02238-FCBB,ZHAK-02238-FCBB,pelagic light trap,0.5,BoLD original eventID: ZHAK-02238-FCBB
ZHAK-02239-FCBB-001,en,http://creativecommons.org/licenses/by/4.0/legalcode,Hakai Institute,2025-12-29,Canada,CA,WGS84,British Columbia,Burrard Inlet,False Creek,ZHAK-02239-FCBB,,49.269,-123.12,,Heather Civic Marina,Hakai-FCBB,pelagic light trap,9,3,2022,2022-09-03,0.5,0.5,Hakai Institute,https://edmo.seadatanet.org/report/5148,dock,FalseCreek_BioBlitz_2022,ZHAK-02239-FCBB,ZHAK-02239-FCBB,ZHAK-02239-FCBB,pelagic light trap,0.5,BoLD original eventID: ZHAK-02239-FCBB
ZHAK-02240-FCBB-001,en,http://creativecommons.org/licenses/by/4.0/legalcode,Hakai Institute,2025-12-29,Canada,CA,WGS84,British Columbia,Burrard Inlet,False Creek,ZHAK-02240-FCBB,,49.269,-123.12,,Heather Civic Marina,Hakai-FCBB,pelagic light trap,9,3,2022,2022-09-03,0.5,0.5,Hakai Institute,https://edmo.seadatanet.org/report/5148,dock,FalseCreek_BioBlitz_2022,ZHAK-02240-FCBB,ZHAK-02240-FCBB,ZHAK-02240-FCBB,pelagic light trap,0.5,BoLD original eventID: ZHAK-02240-FCBB
ZHAK-02241-FCBB-001,en,http://creativecommons.org/licenses/by/4.0/legalcode,Hakai Institute,2025-12-29,Canada,CA,WGS84,British Columbia,Burrard Inlet,False Creek,ZHAK-02241-FCBB,,49.279,-123.147,,Heritage Harbour,Hakai-FCBB,pelagic light trap,9,3,2022,2022-09-03,0.5,0.5,Hakai Institute,https://edmo.seadatanet.org/report/5148,dock,FalseCreek_BioBlitz_2022,ZHAK-02241-FCBB,ZHAK-02241-FCBB,ZHAK-02241-FCBB,pelagic light trap,0.5,BoLD original eventID: ZHAK-02241-FCBB
ZHAK-02242-FCBB-001,en,http://creativecommons.org/licenses/by/4.0/legalcode,Hakai Institute,2025-12-29,Canada,CA,WGS84,British Columbia,Burrard Inlet,False Creek,ZHAK-02242-FCBB,,49.269,-123.12,,Heather Civic Marina,Hakai-FCBB,pelagic light trap,9,3,2022,2022-09-03,0.5,0.5,Hakai Institute,https://edmo.seadatanet.org/report/5148,dock,FalseCreek_BioBlitz_2022,ZHAK-02242-FCBB,ZHAK-02242-FCBB,ZHAK-02242-FCBB,pelagic light trap,0.5,BoLD original eventID: ZHAK-02242-FCBB
ZHAK-02243-FCBB-001,en,http://creativecommons.org/licenses/by/4.0/legalcode,Hakai Institute,2025-12-29,Canada,CA,WGS84,British Columbia,Burrard Inlet,False Creek,ZHAK-02243-FCBB,,49.279,-123.147,,Heritage Harbour,Hakai-FCBB,pelagic light trap,9,3,2022,2022-09-03,0.5,0.5,Hakai Institute,https://edmo.seadatanet.org/report/5148,dock,FalseCreek_BioBlitz_2022,ZHAK-02243-FCBB,ZHAK-02243-FCBB,ZHAK-02243-FCBB,pelagic light trap,0.5,BoLD original eventID: ZHAK-02243-FCBB
ZHAK-02244-FCBB-001,en,http://creativecommons.org/licenses/by/4.0/legalcode,Hakai Institute,2025-12-29,Canada,CA,WGS84,British Columbia,Burrard Inlet,False Creek,ZHAK-02244-FCBB,,49.279,-123.147,,Heritage Harbour,Hakai-FCBB,pelagic light trap,9,3,2022,2022-09-03,0.5,0.5,Hakai Institute,https://edmo.seadatanet.org/report/5148,dock,FalseCreek_BioBlitz_2022,ZHAK-02244-FCBB,ZHAK-02244-FCBB,ZHAK-02244-FCBB,pelagic light trap,0.5,BoLD original eventID: ZHAK-02244-FCBB
ZHAK-02245-FCBB-001,en,http://creativecommons.org/licenses/by/4.0/legalcode,Hakai Institute,2025-12-29,Canada,CA,WGS84,British Columbia,Burrard Inlet,False Creek,ZHAK-02245-FCBB,,49.272,-123.103,,Science World Dock,Hakai-FCBB,settlement plates,9,3,2022,2022-09-03,1,1,Hakai Institute,https://edmo.seadatanet.org/report/5148,"inlet, dock",FalseCreek_BioBlitz_2022,ZHAK-02245-FCBB,ZHAK-02245-FCBB,ZHAK-02245-FCBB,settlement plates,1,BoLD original eventID: ZHAK-02245-FCBB
ZHAK-02246-FCBB-001,en,http://creativecommons.org/licenses/by/4.0/legalcode,Hakai Institute,2025-12-29,Canada,CA,WGS84,British Columbia,Burrard Inlet,False Creek,ZHAK-02246-FCBB,,49.272,-123.103,,Science World Dock,Hakai-FCBB,settlement plates,9,3,2022,2022-09-03,1,1,Hakai Institute,https://edmo.seadatanet.org/report/5148,"inlet, dock",FalseCreek_BioBlitz_2022,ZHAK-02246-FCBB,ZHAK-02246-FCBB,ZHAK-02246-FCBB,settlement plates,1,BoLD original eventID: ZHAK-02246-FCBB
ZHAK-02247-FCBB-001,en,http://creativecommons.org/licenses/by/4.0/legalcode,Hakai Institute,2025-12-29,Canada,CA,WGS84,British Columbia,Burrard Inlet,False Creek,ZHAK-02247-FCBB,,49.272,-123.103,,Science World Dock,Hakai-FCBB,settlement plates,9,3,2022,2022-09-03,1,1,Hakai Institute,https://edmo.seadatanet.org/report/5148,"inlet, dock",FalseCreek_BioBlitz_2022,ZHAK-02247-FCBB,ZHAK-02247-FCBB,ZHAK-02247-FCBB,settlement plates,1,BoLD original eventID: ZHAK-02247-FCBB
ZHAK-02248-FCBB-001,en,http://creativecommons.org/licenses/by/4.0/legalcode,Hakai Institute,2025-12-29,Canada,CA,WGS84,British Columbia,Burrard Inlet,False Creek,ZHAK-02248-FCBB,,49.279,-123.141,,False Creek Near Mouth,Hakai-FCBB,zooplankton net tow,9,3,2022,2022-09-03,1.5,1.5,Hakai Institute,https://edmo.seadatanet.org/report/5148,inlet,FalseCreek_BioBlitz_2022,ZHAK-02248-FCBB,ZHAK-02248-FCBB,ZHAK-02248-FCBB,zooplankton net tow,1.5,BoLD original eventID: ZHAK-02248-FCBB
ZHAK-02249-FCBB-001,en,http://creativecommons.org/licenses/by/4.0/legalcode,Hakai Institute,2025-12-29,Canada,CA,WGS84,British Columbia,Burrard Inlet,False Creek,ZHAK-02249-FCBB,,49.279,-123.141,,False Creek Near Mouth,Hakai-FCBB,zooplankton net tow,9,3,2022,2022-09-03,1.5,1.5,Hakai Institute,https://edmo.seadatanet.org/report/5148,inlet,FalseCreek_BioBlitz_2022,ZHAK-02249-FCBB,ZHAK-02249-FCBB,ZHAK-02249-FCBB,zooplankton net tow,1.5,BoLD original eventID: ZHAK-02249-FCBB
ZHAK-02250-FCBB-001,en,http://creativecommons.org/licenses/by/4.0/legalcode,Hakai Institute,2025-12-29,Canada,CA,WGS84,British Columbia,Burrard Inlet,False Creek,ZHAK-02250-FCBB,,49.279,-123.141,,False Creek Near Mouth,Hakai-FCBB,zooplankton net tow,9,3,2022,2022-09-03,1.5,1.5,Hakai Institute,https://edmo.seadatanet.org/report/5148,inlet,FalseCreek_BioBlitz_2022,ZHAK-02250-FCBB,ZHAK-02250-FCBB,ZHAK-02250-FCBB,zooplankton net tow,1.5,BoLD original eventID: ZHAK-02250-FCBB
ZHAK-02251-FCBB-001,en,http://creativecommons.org/licenses/by/4.0/legalcode,Hakai Institute,2025-12-29,Canada,CA,WGS84,British Columbia,Burrard Inlet,False Creek,ZHAK-02251-FCBB,,49.269,-123.12,,Heather Civic Marina,Hakai-FCBB,pelagic light trap,9,3,2022,2022-09-03,0.5,0.5,Hakai Institute,https://edmo.seadatanet.org/report/5148,dock,FalseCreek_BioBlitz_2022,ZHAK-02251-FCBB,ZHAK-02251-FCBB,ZHAK-02251-FCBB,pelagic light trap,0.5,BoLD original eventID: ZHAK-02251-FCBB
ZHAK-02252-FCBB-001,en,http://creativecommons.org/licenses/by/4.0/legalcode,Hakai Institute,2025-12-29,Canada,CA,WGS84,British Columbia,Burrard Inlet,False Creek,ZHAK-02252-FCBB,,49.269,-123.12,,Heather Civic Marina,Hakai-FCBB,pelagic light trap,9,3,2022,2022-09-03,0.5,0.5,Hakai Institute,https://edmo.seadatanet.org/report/5148,dock,FalseCreek_BioBlitz_2022,ZHAK-02252-FCBB,ZHAK-02252-FCBB,ZHAK-02252-FCBB,pelagic light trap,0.5,BoLD original eventID: ZHAK-02252-FCBB
ZHAK-02253-FCBB-001,en,http://creativecommons.org/licenses/by/4.0/legalcode,Hakai Institute,2025-12-29,Canada,CA,WGS84,British Columbia,Burrard Inlet,False Creek,ZHAK-02253-FCBB,,49.269,-123.12,,Heather Civic Marina,Hakai-FCBB,pelagic light trap,9,3,2022,2022-09-03,0.5,0.5,Hakai Institute,https://edmo.seadatanet.org/report/5148,dock,FalseCreek_BioBlitz_2022,ZHAK-02253-FCBB,ZHAK-02253-FCBB,ZHAK-02253-FCBB,pelagic light trap,0.5,BoLD original eventID: ZHAK-02253-FCBB
ZHAK-02254-FCBB-001,en,http://creativecommons.org/licenses/by/4.0/legalcode,Hakai Institute,2025-12-29,Canada,CA,WGS84,British Columbia,Burrard Inlet,False Creek,ZHAK-02254-FCBB,,49.279,-123.147,,Heritage Harbour,Hakai-FCBB,pelagic light trap,9,3,2022,2022-09-03,0.5,0.5,Hakai Institute,https://edmo.seadatanet.org/report/5148,dock,FalseCreek_BioBlitz_2022,ZHAK-02254-FCBB,ZHAK-02254-FCBB,ZHAK-02254-FCBB,pelagic light trap,0.5,BoLD original eventID: ZHAK-02254-FCBB
ZHAK-02255-FCBB-001,en,http://creativecommons.org/licenses/by/4.0/legalcode,Hakai Institute,2025-12-29,Canada,CA,WGS84,British Columbia,Burrard Inlet,False Creek,ZHAK-02255-FCBB,,49.279,-123.147,,Heritage Harbour,Hakai-FCBB,pelagic light trap,9,3,2022,2022-09-03,0.5,0.5,Hakai Institute,https://edmo.seadatanet.org/report/5148,dock,FalseCreek_BioBlitz_2022,ZHAK-02255-FCBB,ZHAK-02255-FCBB,ZHAK-02255-FCBB,pelagic light trap,0.5,BoLD original eventID: ZHAK-02255-FCBB
ZHAK-02256-FCBB-001,en,http://creativecommons.org/licenses/by/4.0/legalcode,Hakai Institute,2025-12-29,Canada,CA,WGS84,British Columbia,Burrard Inlet,False Creek,ZHAK-02256-FCBB,,49.279,-123.147,,Heritage Harbour,Hakai-FCBB,pelagic light trap,9,3,2022,2022-09-03,0.5,0.5,Hakai Institute,https://edmo.seadatanet.org/report/5148,dock,FalseCreek_BioBlitz_2022,ZHAK-02256-FCBB,ZHAK-02256-FCBB,ZHAK-02256-FCBB,pelagic light trap,0.5,BoLD original eventID: ZHAK-02256-FCBB
ZHAK-02257-FCBB-001,en,http://creativecommons.org/licenses/by/4.0/legalcode,Hakai Institute,2025-12-29,Canada,CA,WGS84,British Columbia,Burrard Inlet,False Creek,ZHAK-02257-FCBB,,49.279,-123.141,,False Creek Near Mouth,Hakai-FCBB,zooplankton net tow,9,3,2022,2022-09-03,1.5,1.5,Hakai Institute,https://edmo.seadatanet.org/report/5148,inlet,FalseCreek_BioBlitz_2022,ZHAK-02257-FCBB,ZHAK-02257-FCBB,ZHAK-02257-FCBB,zooplankton net tow,1.5,BoLD original eventID: ZHAK-02257-FCBB
ZHAK-02258-FCBB-001,en,http://creativecommons.org/licenses/by/4.0/legalcode,Hakai Institute,2025-12-29,Canada,CA,WGS84,British Columbia,Burrard Inlet,False Creek,ZHAK-02258-FCBB,,49.272,-123.103,,Science World Dock,Hakai-FCBB,settlement plates,9,3,2022,2022-09-03,1,1,Hakai Institute,https://edmo.seadatanet.org/report/5148,"inlet, dock",FalseCreek_BioBlitz_2022,ZHAK-02258-FCBB,ZHAK-02258-FCBB,ZHAK-02258-FCBB,settlement plates,1,BoLD original eventID: ZHAK-02258-FCBB
ZHAK-02259-FCBB-001,en,http://creativecommons.org/licenses/by/4.0/legalcode,Hakai Institute,2025-12-29,Canada,CA,WGS84,British Columbia,Burrard Inlet,False Creek,ZHAK-02259-FCBB,,49.272,-123.103,,Science World Dock,Hakai-FCBB,settlement plates,9,3,2022,2022-09-03,1,1,Hakai Institute,https://edmo.seadatanet.org/report/5148,"inlet, dock",FalseCreek_BioBlitz_2022,ZHAK-02259-FCBB,ZHAK-02259-FCBB,ZHAK-02259-FCBB,settlement plates,1,BoLD original eventID: ZHAK-02259-FCBB
ZHAK-02260-FCBB-001,en,http://creativecommons.org/licenses/by/4.0/legalcode,Hakai Institute,2025-12-29,Canada,CA,WGS84,British Columbia,Burrard Inlet,False Creek,ZHAK-02260-FCBB,,49.279,-123.147,,Heritage Harbour,Hakai-FCBB,pelagic light trap,9,3,2022,2022-09-03,0.5,0.5,Hakai Institute,https://edmo.seadatanet.org/report/5148,dock,FalseCreek_BioBlitz_2022,ZHAK-02260-FCBB,ZHAK-02260-FCBB,ZHAK-02260-FCBB,pelagic light trap,0.5,BoLD original eventID: ZHAK-02260-FCBB
ZHAK-02261-FCBB-001,en,http://creativecommons.org/licenses/by/4.0/legalcode,Hakai Institute,2025-12-29,Canada,CA,WGS84,British Columbia,Burrard Inlet,False Creek,ZHAK-02261-FCBB,,49.279,-123.147,,Heritage Harbour,Hakai-FCBB,pelagic light trap,9,3,2022,2022-09-03,0.5,0.5,Hakai Institute,https://edmo.seadatanet.org/report/5148,dock,FalseCreek_BioBlitz_2022,ZHAK-02261-FCBB,ZHAK-02261-FCBB,ZHAK-02261-FCBB,pelagic light trap,0.5,BoLD original eventID: ZHAK-02261-FCBB
ZHAK-02262-FCBB-001,en,http://creativecommons.org/licenses/by/4.0/legalcode,Hakai Institute,2025-12-29,Canada,CA,WGS84,British Columbia,Burrard Inlet,False Creek,ZHAK-02262-FCBB,,49.279,-123.147,,Heritage Harbour,Hakai-FCBB,pelagic light trap,9,3,2022,2022-09-03,0.5,0.5,Hakai Institute,https://edmo.seadatanet.org/report/5148,dock,FalseCreek_BioBlitz_2022,ZHAK-02262-FCBB,ZHAK-02262-FCBB,ZHAK-02262-FCBB,pelagic light trap,0.5,BoLD original eventID: ZHAK-02262-FCBB
ZHAK-02263-FCBB-001,en,http://creativecommons.org/licenses/by/4.0/legalcode,Hakai Institute,2025-12-29,Canada,CA,WGS84,British Columbia,Burrard Inlet,False Creek,ZHAK-02263-FCBB,,49.279,-123.147,,Heritage Harbour,Hakai-FCBB,pelagic light trap,9,3,2022,2022-09-03,0.5,0.5,Hakai Institute,https://edmo.seadatanet.org/report/5148,dock,FalseCreek_BioBlitz_2022,ZHAK-02263-FCBB,ZHAK-02263-FCBB,ZHAK-02263-FCBB,pelagic light trap,0.5,BoLD original eventID: ZHAK-02263-FCBB
ZHAK-02264-FCBB-001,en,http://creativecommons.org/licenses/by/4.0/legalcode,Hakai Institute,2025-12-29,Canada,CA,WGS84,British Columbia,Burrard Inlet,False Creek,ZHAK-02264-FCBB,,49.279,-123.147,,Heritage Harbour,Hakai-FCBB,pelagic light trap,9,3,2022,2022-09-03,0.5,0.5,Hakai Institute,https://edmo.seadatanet.org/report/5148,dock,FalseCreek_BioBlitz_2022,ZHAK-02264-FCBB,ZHAK-02264-FCBB,ZHAK-02264-FCBB,pelagic light trap,0.5,BoLD original eventID: ZHAK-02264-FCBB
ZHAK-02265-FCBB-001,en,http://creativecommons.org/licenses/by/4.0/legalcode,Hakai Institute,2025-12-29,Canada,CA,WGS84,British Columbia,Burrard Inlet,False Creek,ZHAK-02265-FCBB,,49.272,-123.103,,Science World Dock,Hakai-FCBB,benthic light trap,9,4,2022,2022-09-04,3,3,Hakai Institute,https://edmo.seadatanet.org/report/5148,"inlet, dock",FalseCreek_BioBlitz_2022,ZHAK-02265-FCBB,ZHAK-02265-FCBB,ZHAK-02265-FCBB,benthic light trap,3,BoLD original eventID: ZHAK-02265-FCBB
ZHAK-02266-FCBB-001,en,http://creativecommons.org/licenses/by/4.0/legalcode,Hakai Institute,2025-12-29,Canada,CA,WGS84,British Columbia,Burrard Inlet,False Creek,ZHAK-02266-FCBB,,49.272,-123.103,,Science World Dock,Hakai-FCBB,benthic light trap,9,4,2022,2022-09-04,3,3,Hakai Institute,https://edmo.seadatanet.org/report/5148,"inlet, dock",FalseCreek_BioBlitz_2022,ZHAK-02266-FCBB,ZHAK-02266-FCBB,ZHAK-02266-FCBB,benthic light trap,3,BoLD original eventID: ZHAK-02266-FCBB
ZHAK-02267-FCBB-001,en,http://creativecommons.org/licenses/by/4.0/legalcode,Hakai Institute,2025-12-29,Canada,CA,WGS84,British Columbia,Burrard Inlet,False Creek,ZHAK-02267-FCBB,,49.272,-123.103,,Science World Dock,Hakai-FCBB,benthic light trap,9,4,2022,2022-09-04,3,3,Hakai Institute,https://edmo.seadatanet.org/report/5148,"inlet, dock",FalseCreek_BioBlitz_2022,ZHAK-02267-FCBB,ZHAK-02267-FCBB,ZHAK-02267-FCBB,benthic light trap,3,BoLD original eventID: ZHAK-02267-FCBB
ZHAK-02268-FCBB-001,en,http://creativecommons.org/licenses/by/4.0/legalcode,Hakai Institute,2025-12-29,Canada,CA,WGS84,British Columbia,Burrard Inlet,False Creek,ZHAK-02268-FCBB,,49.272,-123.103,,Science World Dock,Hakai-FCBB,benthic light trap,9,4,2022,2022-09-04,3,3,Hakai Institute,https://edmo.seadatanet.org/report/5148,"inlet, dock",FalseCreek_BioBlitz_2022,ZHAK-02268-FCBB,ZHAK-02268-FCBB,ZHAK-02268-FCBB,benthic light trap,3,BoLD original eventID: ZHAK-02268-FCBB
ZHAK-02269-FCBB-001,en,http://creativecommons.org/licenses/by/4.0/legalcode,Hakai Institute,2025-12-29,Canada,CA,WGS84,British Columbia,Burrard Inlet,False Creek,ZHAK-02269-FCBB,,49.272,-123.103,,Science World Dock,Hakai-FCBB,benthic light trap,9,4,2022,2022-09-04,3,3,Hakai Institute,https://edmo.seadatanet.org/report/5148,"inlet, dock",FalseCreek_BioBlitz_2022,ZHAK-02269-FCBB,ZHAK-02269-FCBB,ZHAK-02269-FCBB,benthic light trap,3,BoLD original eventID: ZHAK-02269-FCBB
ZHAK-02270-FCBB-001,en,http://creativecommons.org/licenses/by/4.0/legalcode,Hakai Institute,2025-12-29,Canada,CA,WGS84,British Columbia,Burrard Inlet,False Creek,ZHAK-02270-FCBB,,49.272,-123.103,,Science World Dock,Hakai-FCBB,benthic light trap,9,4,2022,2022-09-04,3,3,Hakai Institute,https://edmo.seadatanet.org/report/5148,"inlet, dock",FalseCreek_BioBlitz_2022,ZHAK-02270-FCBB,ZHAK-02270-FCBB,ZHAK-02270-FCBB,benthic light trap,3,BoLD original eventID: ZHAK-02270-FCBB
ZHAK-02271-FCBB-001,en,http://creativecommons.org/licenses/by/4.0/legalcode,Hakai Institute,2025-12-29,Canada,CA,WGS84,British Columbia,Burrard Inlet,False Creek,ZHAK-02271-FCBB,,49.272,-123.103,,Science World Dock,Hakai-FCBB,benthic light trap,9,4,2022,2022-09-04,3,3,Hakai Institute,https://edmo.seadatanet.org/report/5148,"inlet, dock",FalseCreek_BioBlitz_2022,ZHAK-02271-FCBB,ZHAK-02271-FCBB,ZHAK-02271-FCBB,benthic light trap,3,BoLD original eventID: ZHAK-02271-FCBB
ZHAK-02272-FCBB-001,en,http://creativecommons.org/licenses/by/4.0/legalcode,Hakai Institute,2025-12-29,Canada,CA,WGS84,British Columbia,Burrard Inlet,False Creek,ZHAK-02272-FCBB,,49.279,-123.147,,Heritage Harbour,Hakai-FCBB,pelagic light trap,9,4,2022,2022-09-04,0.5,0.5,Hakai Institute,https://edmo.seadatanet.org/report/5148,dock,FalseCreek_BioBlitz_2022,ZHAK-02272-FCBB,ZHAK-02272-FCBB,ZHAK-02272-FCBB,pelagic light trap,0.5,BoLD original eventID: ZHAK-02272-FCBB
ZHAK-02273-FCBB-001,en,http://creativecommons.org/licenses/by/4.0/legalcode,Hakai Institute,2025-12-29,Canada,CA,WGS84,British Columbia,Burrard Inlet,False Creek,ZHAK-02273-FCBB,,49.279,-123.147,,Heritage Harbour,Hakai-FCBB,pelagic light trap,9,4,2022,2022-09-04,0.5,0.5,Hakai Institute,https://edmo.seadatanet.org/report/5148,dock,FalseCreek_BioBlitz_2022,ZHAK-02273-FCBB,ZHAK-02273-FCBB,ZHAK-02273-FCBB,pelagic light trap,0.5,BoLD original eventID: ZHAK-02273-FCBB
ZHAK-02274-FCBB-001,en,http://creativecommons.org/licenses/by/4.0/legalcode,Hakai Institute,2025-12-29,Canada,CA,WGS84,British Columbia,Burrard Inlet,False Creek,ZHAK-02274-FCBB,,49.272,-123.103,,Science World Dock,Hakai-FCBB,benthic light trap,9,4,2022,2022-09-04,3,3,Hakai Institute,https://edmo.seadatanet.org/report/5148,"inlet, dock",FalseCreek_BioBlitz_2022,ZHAK-02274-FCBB,ZHAK-02274-FCBB,ZHAK-02274-FCBB,benthic light trap,3,BoLD original eventID: ZHAK-02274-FCBB
ZHAK-02275-FCBB-001,en,http://creativecommons.org/licenses/by/4.0/legalcode,Hakai Institute,2025-12-29,Canada,CA,WGS84,British Columbia,Burrard Inlet,False Creek,ZHAK-02275-FCBB,,49.272,-123.103,,Science World Dock,Hakai-FCBB,benthic light trap,9,4,2022,2022-09-04,3,3,Hakai Institute,https://edmo.seadatanet.org/report/5148,"inlet, dock",FalseCreek_BioBlitz_2022,ZHAK-02275-FCBB,ZHAK-02275-FCBB,ZHAK-02275-FCBB,benthic light trap,3,BoLD original eventID: ZHAK-02275-FCBB
ZHAK-02276-FCBB-001,en,http://creativecommons.org/licenses/by/4.0/legalcode,Hakai Institute,2025-12-29,Canada,CA,WGS84,British Columbia,Burrard Inlet,False Creek,ZHAK-02276-FCBB,,49.272,-123.103,,Science World Dock,Hakai-FCBB,benthic light trap,9,4,2022,2022-09-04,3,3,Hakai Institute,https://edmo.seadatanet.org/report/5148,"inlet, dock",FalseCreek_BioBlitz_2022,ZHAK-02276-FCBB,ZHAK-02276-FCBB,ZHAK-02276-FCBB,benthic light trap,3,BoLD original eventID: ZHAK-02276-FCBB
ZHAK-02277-FCBB-001,en,http://creativecommons.org/licenses/by/4.0/legalcode,Hakai Institute,2025-12-29,Canada,CA,WGS84,British Columbia,Burrard Inlet,False Creek,ZHAK-02277-FCBB,,49.272,-123.103,,Science World Dock,Hakai-FCBB,benthic light trap,9,4,2022,2022-09-04,3,3,Hakai Institute,https://edmo.seadatanet.org/report/5148,"inlet, dock",FalseCreek_BioBlitz_2022,ZHAK-02277-FCBB,ZHAK-02277-FCBB,ZHAK-02277-FCBB,benthic light trap,3,BoLD original eventID: ZHAK-02277-FCBB
ZHAK-02278-FCBB-001,en,http://creativecommons.org/licenses/by/4.0/legalcode,Hakai Institute,2025-12-29,Canada,CA,WGS84,British Columbia,Burrard Inlet,False Creek,ZHAK-02278-FCBB,,49.272,-123.103,,Science World Dock,Hakai-FCBB,benthic light trap,9,4,2022,2022-09-04,3,3,Hakai Institute,https://edmo.seadatanet.org/report/5148,"inlet, dock",FalseCreek_BioBlitz_2022,ZHAK-02278-FCBB,ZHAK-02278-FCBB,ZHAK-02278-FCBB,benthic light trap,3,BoLD original eventID: ZHAK-02278-FCBB
ZHAK-02279-FCBB-001,en,http://creativecommons.org/licenses/by/4.0/legalcode,Hakai Institute,2025-12-29,Canada,CA,WGS84,British Columbia,Burrard Inlet,False Creek,ZHAK-02279-FCBB,,49.279,-123.147,,Heritage Harbour,Hakai-FCBB,pelagic light trap,9,4,2022,2022-09-04,0.5,0.5,Hakai Institute,https://edmo.seadatanet.org/report/5148,dock,FalseCreek_BioBlitz_2022,ZHAK-02279-FCBB,ZHAK-02279-FCBB,ZHAK-02279-FCBB,pelagic light trap,0.5,BoLD original eventID: ZHAK-02279-FCBB
ZHAK-02280-FCBB-001,en,http://creativecommons.org/licenses/by/4.0/legalcode,Hakai Institute,2025-12-29,Canada,CA,WGS84,British Columbia,Burrard Inlet,False Creek,ZHAK-02280-FCBB,,49.279,-123.147,,Heritage Harbour,Hakai-FCBB,pelagic light trap,9,4,2022,2022-09-04,0.5,0.5,Hakai Institute,https://edmo.seadatanet.org/report/5148,dock,FalseCreek_BioBlitz_2022,ZHAK-02280-FCBB,ZHAK-02280-FCBB,ZHAK-02280-FCBB,pelagic light trap,0.5,BoLD original eventID: ZHAK-02280-FCBB
ZHAK-02281-FCBB-001,en,http://creativecommons.org/licenses/by/4.0/legalcode,Hakai Institute,2025-12-29,Canada,CA,WGS84,British Columbia,Burrard Inlet,False Creek,ZHAK-02281-FCBB,,49.279,-123.147,,Heritage Harbour,Hakai-FCBB,pelagic light trap,9,4,2022,2022-09-04,0.5,0.5,Hakai Institute,https://edmo.seadatanet.org/report/5148,dock,FalseCreek_BioBlitz_2022,ZHAK-02281-FCBB,ZHAK-02281-FCBB,ZHAK-02281-FCBB,pelagic light trap,0.5,BoLD original eventID: ZHAK-02281-FCBB
ZHAK-02282-FCBB-001,en,http://creativecommons.org/licenses/by/4.0/legalcode,Hakai Institute,2025-12-29,Canada,CA,WGS84,British Columbia,Burrard Inlet,False Creek,ZHAK-02282-FCBB,,49.272,-123.103,,Science World Dock,Hakai-FCBB,benthic light trap,9,4,2022,2022-09-04,3,3,Hakai Institute,https://edmo.seadatanet.org/report/5148,"inlet, dock",FalseCreek_BioBlitz_2022,ZHAK-02282-FCBB,ZHAK-02282-FCBB,ZHAK-02282-FCBB,benthic light trap,3,BoLD original eventID: ZHAK-02282-FCBB
ZHAK-02283-FCBB-001,en,http://creativecommons.org/licenses/by/4.0/legalcode,Hakai Institute,2025-12-29,Canada,CA,WGS84,British Columbia,Burrard Inlet,False Creek,ZHAK-02283-FCBB,,49.272,-123.103,,Science World Dock,Hakai-FCBB,benthic light trap,9,4,2022,2022-09-04,3,3,Hakai Institute,https://edmo.seadatanet.org/report/5148,"inlet, dock",FalseCreek_BioBlitz_2022,ZHAK-02283-FCBB,ZHAK-02283-FCBB,ZHAK-02283-FCBB,benthic light trap,3,BoLD original eventID: ZHAK-02283-FCBB
ZHAK-02284-FCBB-001,en,http://creativecommons.org/licenses/by/4.0/legalcode,Hakai Institute,2025-12-29,Canada,CA,WGS84,British Columbia,Burrard Inlet,False Creek,ZHAK-02284-FCBB,,49.272,-123.103,,Science World Dock,Hakai-FCBB,pelagic light trap,9,4,2022,2022-09-04,0.5,0.5,Hakai Institute,https://edmo.seadatanet.org/report/5148,dock,FalseCreek_BioBlitz_2022,ZHAK-02284-FCBB,ZHAK-02284-FCBB,ZHAK-02284-FCBB,pelagic light trap,0.5,BoLD original eventID: ZHAK-02284-FCBB
ZHAK-02285-FCBB-001,en,http://creativecommons.org/licenses/by/4.0/legalcode,Hakai Institute,2025-12-29,Canada,CA,WGS84,British Columbia,Burrard Inlet,False Creek,ZHAK-02285-FCBB,,49.272,-123.103,,Science World Dock,Hakai-FCBB,pelagic light trap,9,4,2022,2022-09-04,0.5,0.5,Hakai Institute,https://edmo.seadatanet.org/report/5148,dock,FalseCreek_BioBlitz_2022,ZHAK-02285-FCBB,ZHAK-02285-FCBB,ZHAK-02285-FCBB,pelagic light trap,0.5,BoLD original eventID: ZHAK-02285-FCBB
ZHAK-02286-FCBB-001,en,http://creativecommons.org/licenses/by/4.0/legalcode,Hakai Institute,2025-12-29,Canada,CA,WGS84,British Columbia,Burrard Inlet,False Creek,ZHAK-02286-FCBB,,49.272,-123.103,,Science World Dock,Hakai-FCBB,pelagic light trap,9,4,2022,2022-09-04,0.5,0.5,Hakai Institute,https://edmo.seadatanet.org/report/5148,dock,FalseCreek_BioBlitz_2022,ZHAK-02286-FCBB,ZHAK-02286-FCBB,ZHAK-02286-FCBB,pelagic light trap,0.5,BoLD original eventID: ZHAK-02286-FCBB
ZHAK-02287-FCBB-001,en,http://creativecommons.org/licenses/by/4.0/legalcode,Hakai Institute,2025-12-29,Canada,CA,WGS84,British Columbia,Burrard Inlet,False Creek,ZHAK-02287-FCBB,,49.272,-123.103,,Science World Dock,Hakai-FCBB,pelagic light trap,9,4,2022,2022-09-04,0.5,0.5,Hakai Institute,https://edmo.seadatanet.org/report/5148,dock,FalseCreek_BioBlitz_2022,ZHAK-02287-FCBB,ZHAK-02287-FCBB,ZHAK-02287-FCBB,pelagic light trap,0.5,BoLD original eventID: ZHAK-02287-FCBB
ZHAK-02288-FCBB-001,en,http://creativecommons.org/licenses/by/4.0/legalcode,Hakai Institute,2025-12-29,Canada,CA,WGS84,British Columbia,Burrard Inlet,False Creek,ZHAK-02288-FCBB,,49.279,-123.147,,Heritage Harbour,Hakai-FCBB,pelagic light trap,9,4,2022,2022-09-04,0.5,0.5,Hakai Institute,https://edmo.seadatanet.org/report/5148,dock,FalseCreek_BioBlitz_2022,ZHAK-02288-FCBB,ZHAK-02288-FCBB,ZHAK-02288-FCBB,pelagic light trap,0.5,BoLD original eventID: ZHAK-02288-FCBB
ZHAK-02289-FCBB-001,en,http://creativecommons.org/licenses/by/4.0/legalcode,Hakai Institute,2025-12-29,Canada,CA,WGS84,British Columbia,Burrard Inlet,False Creek,ZHAK-02289-FCBB,,49.272,-123.103,,Science World Dock,Hakai-FCBB,pelagic light trap,9,4,2022,2022-09-04,0.5,0.5,Hakai Institute,https://edmo.seadatanet.org/report/5148,dock,FalseCreek_BioBlitz_2022,ZHAK-02289-FCBB,ZHAK-02289-FCBB,ZHAK-02289-FCBB,pelagic light trap,0.5,BoLD original eventID: ZHAK-02289-FCBB
ZHAK-02290-FCBB-001,en,http://creativecommons.org/licenses/by/4.0/legalcode,Hakai Institute,2025-12-29,Canada,CA,WGS84,British Columbia,Burrard Inlet,False Creek,ZHAK-02290-FCBB,,49.279,-123.147,,Heritage Harbour,Hakai-FCBB,pelagic light trap,9,5,2022,2022-09-05,0.5,0.5,Hakai Institute,https://edmo.seadatanet.org/report/5148,dock,FalseCreek_BioBlitz_2022,ZHAK-02290-FCBB,ZHAK-02290-FCBB,ZHAK-02290-FCBB,pelagic light trap,0.5,BoLD original eventID: ZHAK-02290-FCBB
ZHAK-02291-FCBB-001,en,http://creativecommons.org/licenses/by/4.0/legalcode,Hakai Institute,2025-12-29,Canada,CA,WGS84,British Columbia,Burrard Inlet,False Creek,ZHAK-02291-FCBB,,49.279,-123.147,,Heritage Harbour,Hakai-FCBB,pelagic light trap,9,5,2022,2022-09-05,0.5,0.5,Hakai Institute,https://edmo.seadatanet.org/report/5148,dock,FalseCreek_BioBlitz_2022,ZHAK-02291-FCBB,ZHAK-02291-FCBB,ZHAK-02291-FCBB,pelagic light trap,0.5,BoLD original eventID: ZHAK-02291-FCBB
ZHAK-02292-FCBB-001,en,http://creativecommons.org/licenses/by/4.0/legalcode,Hakai Institute,2025-12-29,Canada,CA,WGS84,British Columbia,Burrard Inlet,False Creek,ZHAK-02292-FCBB,,49.279,-123.147,,Heritage Harbour,Hakai-FCBB,pelagic light trap,9,5,2022,2022-09-05,0.5,0.5,Hakai Institute,https://edmo.seadatanet.org/report/5148,dock,FalseCreek_BioBlitz_2022,ZHAK-02292-FCBB,ZHAK-02292-FCBB,ZHAK-02292-FCBB,pelagic light trap,0.5,BoLD original eventID: ZHAK-02292-FCBB
ZHAK-02293-FCBB-001,en,http://creativecommons.org/licenses/by/4.0/legalcode,Hakai Institute,2025-12-29,Canada,CA,WGS84,British Columbia,Burrard Inlet,False Creek,ZHAK-02293-FCBB,,49.273,-123.104,,Science World,Hakai-FCBB,sediment grab sample,9,5,2022,2022-09-05,5,5,Hakai Institute,https://edmo.seadatanet.org/report/5148,inlet,FalseCreek_BioBlitz_2022,ZHAK-02293-FCBB,ZHAK-02293-FCBB,ZHAK-02293-FCBB,sediment grab sample,5,BoLD original eventID: ZHAK-02293-FCBB
ZHAK-02294-FCBB-001,en,http://creativecommons.org/licenses/by/4.0/legalcode,Hakai Institute,2025-12-29,Canada,CA,WGS84,British Columbia,Burrard Inlet,False Creek,ZHAK-02294-FCBB,,49.279,-123.147,,Heritage Harbour,Hakai-FCBB,pelagic light trap,9,5,2022,2022-09-05,0.5,0.5,Hakai Institute,https://edmo.seadatanet.org/report/5148,dock,FalseCreek_BioBlitz_2022,ZHAK-02294-FCBB,ZHAK-02294-FCBB,ZHAK-02294-FCBB,pelagic light trap,0.5,BoLD original eventID: ZHAK-02294-FCBB
ZHAK-02295-FCBB-001,en,http://creativecommons.org/licenses/by/4.0/legalcode,Hakai Institute,2025-12-29,Canada,CA,WGS84,British Columbia,Burrard Inlet,False Creek,ZHAK-02295-FCBB,,49.279,-123.147,,Heritage Harbour,Hakai-FCBB,pelagic light trap,9,5,2022,2022-09-05,0.5,0.5,Hakai Institute,https://edmo.seadatanet.org/report/5148,dock,FalseCreek_BioBlitz_2022,ZHAK-02295-FCBB,ZHAK-02295-FCBB,ZHAK-02295-FCBB,pelagic light trap,0.5,BoLD original eventID: ZHAK-02295-FCBB
ZHAK-02296-FCBB-001,en,http://creativecommons.org/licenses/by/4.0/legalcode,Hakai Institute,2025-12-29,Canada,CA,WGS84,British Columbia,Burrard Inlet,False Creek,ZHAK-02296-FCBB,,49.273,-123.104,,Science World,Hakai-FCBB,sediment grab sample,9,5,2022,2022-09-05,5,5,Hakai Institute,https://edmo.seadatanet.org/report/5148,inlet,FalseCreek_BioBlitz_2022,ZHAK-02296-FCBB,ZHAK-02296-FCBB,ZHAK-02296-FCBB,sediment grab sample,5,BoLD original eventID: ZHAK-02296-FCBB
ZHAK-02297-FCBB-001,en,http://creativecommons.org/licenses/by/4.0/legalcode,Hakai Institute,2025-12-29,Canada,CA,WGS84,British Columbia,Burrard Inlet,False Creek,ZHAK-02297-FCBB,,49.273,-123.104,,Science World,Hakai-FCBB,sediment grab sample,9,5,2022,2022-09-05,5,5,Hakai Institute,https://edmo.seadatanet.org/report/5148,inlet,FalseCreek_BioBlitz_2022,ZHAK-02297-FCBB,ZHAK-02297-FCBB,ZHAK-02297-FCBB,sediment grab sample,5,BoLD original eventID: ZHAK-02297-FCBB
ZHAK-02298-FCBB-001,en,http://creativecommons.org/licenses/by/4.0/legalcode,Hakai Institute,2025-12-29,Canada,CA,WGS84,British Columbia,Burrard Inlet,False Creek,ZHAK-02298-FCBB,,49.273,-123.104,,Science World,Hakai-FCBB,sediment grab sample,9,5,2022,2022-09-05,5,5,Hakai Institute,https://edmo.seadatanet.org/report/5148,inlet,FalseCreek_BioBlitz_2022,ZHAK-02298-FCBB,ZHAK-02298-FCBB,ZHAK-02298-FCBB,sediment grab sample,5,BoLD original eventID: ZHAK-02298-FCBB
ZHAK-02299-FCBB-001,en,http://creativecommons.org/licenses/by/4.0/legalcode,Hakai Institute,2025-12-29,Canada,CA,WGS84,British Columbia,Burrard Inlet,False Creek,ZHAK-02299-FCBB,,49.273,-123.104,,Science World,Hakai-FCBB,sediment grab sample,9,5,2022,2022-09-05,5,5,Hakai Institute,https://edmo.seadatanet.org/report/5148,inlet,FalseCreek_BioBlitz_2022,ZHAK-02299-FCBB,ZHAK-02299-FCBB,ZHAK-02299-FCBB,sediment grab sample,5,BoLD original eventID: ZHAK-02299-FCBB
ZHAK-02300-FCBB-001,en,http://creativecommons.org/licenses/by/4.0/legalcode,Hakai Institute,2025-12-29,Canada,CA,WGS84,British Columbia,Burrard Inlet,False Creek,ZHAK-02300-FCBB,,49.279,-123.147,,Heritage Harbour,Hakai-FCBB,pelagic light trap,9,5,2022,2022-09-05,0.5,0.5,Hakai Institute,https://edmo.seadatanet.org/report/5148,dock,FalseCreek_BioBlitz_2022,ZHAK-02300-FCBB,ZHAK-02300-FCBB,ZHAK-02300-FCBB,pelagic light trap,0.5,BoLD original eventID: ZHAK-02300-FCBB
ZHAK-02301-FCBB-001,en,http://creativecommons.org/licenses/by/4.0/legalcode,Hakai Institute,2025-12-29,Canada,CA,WGS84,British Columbia,Burrard Inlet,False Creek,ZHAK-02301-FCBB,,49.279,-123.147,,Heritage Harbour,Hakai-FCBB,pelagic light trap,9,5,2022,2022-09-05,0.5,0.5,Hakai Institute,https://edmo.seadatanet.org/report/5148,dock,FalseCreek_BioBlitz_2022,ZHAK-02301-FCBB,ZHAK-02301-FCBB,ZHAK-02301-FCBB,pelagic light trap,0.5,BoLD original eventID: ZHAK-02301-FCBB
ZHAK-02302-FCBB-001,en,http://creativecommons.org/licenses/by/4.0/legalcode,Hakai Institute,2025-12-29,Canada,CA,WGS84,British Columbia,Burrard Inlet,False Creek,ZHAK-02302-FCBB,,49.279,-123.147,,Heritage Harbour,Hakai-FCBB,pelagic light trap,9,5,2022,2022-09-05,0.5,0.5,Hakai Institute,https://edmo.seadatanet.org/report/5148,dock,FalseCreek_BioBlitz_2022,ZHAK-02302-FCBB,ZHAK-02302-FCBB,ZHAK-02302-FCBB,pelagic light trap,0.5,BoLD original eventID: ZHAK-02302-FCBB
ZHAK-02303-FCBB-001,en,http://creativecommons.org/licenses/by/4.0/legalcode,Hakai Institute,2025-12-29,Canada,CA,WGS84,British Columbia,Burrard Inlet,False Creek,ZHAK-02303-FCBB,,49.279,-123.147,,Heritage Harbour,Hakai-FCBB,pelagic light trap,9,5,2022,2022-09-05,0.5,0.5,Hakai Institute,https://edmo.seadatanet.org/report/5148,dock,FalseCreek_BioBlitz_2022,ZHAK-02303-FCBB,ZHAK-02303-FCBB,ZHAK-02303-FCBB,pelagic light trap,0.5,BoLD original eventID: ZHAK-02303-FCBB
ZHAK-02304-FCBB-001,en,http://creativecommons.org/licenses/by/4.0/legalcode,Hakai Institute,2025-12-29,Canada,CA,WGS84,British Columbia,Burrard Inlet,False Creek,ZHAK-02304-FCBB,,49.279,-123.147,,Heritage Harbour,Hakai-FCBB,pelagic light trap,9,5,2022,2022-09-05,0.5,0.5,Hakai Institute,https://edmo.seadatanet.org/report/5148,dock,FalseCreek_BioBlitz_2022,ZHAK-02304-FCBB,ZHAK-02304-FCBB,ZHAK-02304-FCBB,pelagic light trap,0.5,BoLD original eventID: ZHAK-02304-FCBB
ZHAK-02305-FCBB-001,en,http://creativecommons.org/licenses/by/4.0/legalcode,Hakai Institute,2025-12-29,Canada,CA,WGS84,British Columbia,Burrard Inlet,False Creek,ZHAK-02305-FCBB,,49.279,-123.147,,Heritage Harbour,Hakai-FCBB,pelagic light trap,9,5,2022,2022-09-05,0.5,0.5,Hakai Institute,https://edmo.seadatanet.org/report/5148,dock,FalseCreek_BioBlitz_2022,ZHAK-02305-FCBB,ZHAK-02305-FCBB,ZHAK-02305-FCBB,pelagic light trap,0.5,BoLD original eventID: ZHAK-02305-FCBB
ZHAK-02306-FCBB-001,en,http://creativecommons.org/licenses/by/4.0/legalcode,Hakai Institute,2025-12-29,Canada,CA,WGS84,British Columbia,Burrard Inlet,False Creek,ZHAK-02306-FCBB,,49.279,-123.147,,Heritage Harbour,Hakai-FCBB,pelagic light trap,9,5,2022,2022-09-05,0.5,0.5,Hakai Institute,https://edmo.seadatanet.org/report/5148,dock,FalseCreek_BioBlitz_2022,ZHAK-02306-FCBB,ZHAK-02306-FCBB,ZHAK-02306-FCBB,pelagic light trap,0.5,BoLD original eventID: ZHAK-02306-FCBB
ZHAK-02520-FCBB-001,en,http://creativecommons.org/licenses/by/4.0/legalcode,Hakai Institute,2025-12-29,Canada,CA,WGS84,British Columbia,Burrard Inlet,False Creek,ZHAK-02520-FCBB,,49.269,-123.12,,Heather Civic Marina,Hakai-FCBB,pelagic light trap,9,3,2022,2022-09-03,0.5,0.5,Hakai Institute,https://edmo.seadatanet.org/report/5148,dock,FalseCreek_BioBlitz_2022,ZHAK-02520-FCBB,ZHAK-02520-FCBB,ZHAK-02520-FCBB,pelagic light trap,0.5,BoLD original eventID: ZHAK-02520-FCBB
ZHAK-02521-FCBB-001,en,http://creativecommons.org/licenses/by/4.0/legalcode,Hakai Institute,2025-12-29,Canada,CA,WGS84,British Columbia,Burrard Inlet,False Creek,ZHAK-02521-FCBB,,49.269,-123.12,,Heather Civic Marina,Hakai-FCBB,pelagic light trap,9,3,2022,2022-09-03,0.5,0.5,Hakai Institute,https://edmo.seadatanet.org/report/5148,dock,FalseCreek_BioBlitz_2022,ZHAK-02521-FCBB,ZHAK-02521-FCBB,ZHAK-02521-FCBB,pelagic light trap,0.5,BoLD original eventID: ZHAK-02521-FCBB
ZHAK-02522-FCBB-001,en,http://creativecommons.org/licenses/by/4.0/legalcode,Hakai Institute,2025-12-29,Canada,CA,WGS84,British Columbia,Burrard Inlet,False Creek,ZHAK-02522-FCBB,,49.279,-123.141,,False Creek Near Mouth,Hakai-FCBB,zooplankton net tow,9,4,2022,2022-09-04,1.5,1.5,Hakai Institute,https://edmo.seadatanet.org/report/5148,inlet,FalseCreek_BioBlitz_2022,ZHAK-02522-FCBB,ZHAK-02522-FCBB,ZHAK-02522-FCBB,zooplankton net tow,1.5,BoLD original eventID: ZHAK-02522-FCBB
ZHAK-02523-FCBB-001,en,http://creativecommons.org/licenses/by/4.0/legalcode,Hakai Institute,2025-12-29,Canada,CA,WGS84,British Columbia,Burrard Inlet,False Creek,ZHAK-02523-FCBB,,49.279,-123.141,,False Creek Near Mouth,Hakai-FCBB,zooplankton net tow,9,4,2022,2022-09-04,1.5,1.5,Hakai Institute,https://edmo.seadatanet.org/report/5148,inlet,FalseCreek_BioBlitz_2022,ZHAK-02523-FCBB,ZHAK-02523-FCBB,ZHAK-02523-FCBB,zooplankton net tow,1.5,BoLD original eventID: ZHAK-02523-FCBB
ZHAK-02524-FCBB-001,en,http://creativecommons.org/licenses/by/4.0/legalcode,Hakai Institute,2025-12-29,Canada,CA,WGS84,British Columbia,Burrard Inlet,False Creek,ZHAK-02524-FCBB,,49.269,-123.12,,Heather Civic Marina,Hakai-FCBB,pelagic light trap,9,3,2022,2022-09-03,0.5,0.5,Hakai Institute,https://edmo.seadatanet.org/report/5148,dock,FalseCreek_BioBlitz_2022,ZHAK-02524-FCBB,ZHAK-02524-FCBB,ZHAK-02524-FCBB,pelagic light trap,0.5,BoLD original eventID: ZHAK-02524-FCBB
ZHAK-02525-FCBB-001,en,http://creativecommons.org/licenses/by/4.0/legalcode,Hakai Institute,2025-12-29,Canada,CA,WGS84,British Columbia,Burrard Inlet,False Creek,ZHAK-02525-FCBB,,49.279,-123.141,,False Creek Near Mouth,Hakai-FCBB,zooplankton net tow,9,4,2022,2022-09-04,1.5,1.5,Hakai Institute,https://edmo.seadatanet.org/report/5148,inlet,FalseCreek_BioBlitz_2022,ZHAK-02525-FCBB,ZHAK-02525-FCBB,ZHAK-02525-FCBB,zooplankton net tow,1.5,BoLD original eventID: ZHAK-02525-FCBB
ZHAK-02526-FCBB-001,en,http://creativecommons.org/licenses/by/4.0/legalcode,Hakai Institute,2025-12-29,Canada,CA,WGS84,British Columbia,Burrard Inlet,False Creek,ZHAK-02526-FCBB,,49.279,-123.141,,False Creek Near Mouth,Hakai-FCBB,zooplankton net tow,9,4,2022,2022-09-04,1.5,1.5,Hakai Institute,https://edmo.seadatanet.org/report/5148,inlet,FalseCreek_BioBlitz_2022,ZHAK-02526-FCBB,ZHAK-02526-FCBB,ZHAK-02526-FCBB,zooplankton net tow,1.5,BoLD original eventID: ZHAK-02526-FCBB
ZHAK-02527-FCBB-001,en,http://creativecommons.org/licenses/by/4.0/legalcode,Hakai Institute,2025-12-29,Canada,CA,WGS84,British Columbia,Burrard Inlet,False Creek,ZHAK-02527-FCBB,,49.279,-123.141,,False Creek Near Mouth,Hakai-FCBB,zooplankton net tow,9,4,2022,2022-09-04,1.5,1.5,Hakai Institute,https://edmo.seadatanet.org/report/5148,inlet,FalseCreek_BioBlitz_2022,ZHAK-02527-FCBB,ZHAK-02527-FCBB,ZHAK-02527-FCBB,zooplankton net tow,1.5,BoLD original eventID: ZHAK-02527-FCBB
ZHAK-02330-FCBB-001,en,http://creativecommons.org/licenses/by/4.0/legalcode,Hakai Institute,2025-12-29,Canada,CA,WGS84,British Columbia,Burrard Inlet,False Creek,ZHAK-02330-FCBB,,49.272,-123.103,,Science World Dock,Hakai-FCBB,settlement plates,9,3,2022,2022-09-03,1,1,Hakai Institute,https://edmo.seadatanet.org/report/5148,"inlet, dock",FalseCreek_BioBlitz_2022,ZHAK-02330-FCBB,ZHAK-02330-FCBB,ZHAK-02330-FCBB,settlement plates,1,BoLD original eventID: ZHAK-02330-FCBB
ZHAK-02331-FCBB-001,en,http://creativecommons.org/licenses/by/4.0/legalcode,Hakai Institute,2025-12-29,Canada,CA,WGS84,British Columbia,Burrard Inlet,False Creek,ZHAK-02331-FCBB,,49.269,-123.12,,Heather Civic Marina,Hakai-FCBB,pelagic light trap,9,3,2022,2022-09-03,0.5,0.5,Hakai Institute,https://edmo.seadatanet.org/report/5148,dock,FalseCreek_BioBlitz_2022,ZHAK-02331-FCBB,ZHAK-02331-FCBB,ZHAK-02331-FCBB,pelagic light trap,0.5,BoLD original eventID: ZHAK-02331-FCBB
ZHAK-02332-FCBB-001,en,http://creativecommons.org/licenses/by/4.0/legalcode,Hakai Institute,2025-12-29,Canada,CA,WGS84,British Columbia,Burrard Inlet,False Creek,ZHAK-02332-FCBB,,49.269,-123.12,,Heather Civic Marina,Hakai-FCBB,pelagic light trap,9,3,2022,2022-09-03,0.5,0.5,Hakai Institute,https://edmo.seadatanet.org/report/5148,dock,FalseCreek_BioBlitz_2022,ZHAK-02332-FCBB,ZHAK-02332-FCBB,ZHAK-02332-FCBB,pelagic light trap,0.5,BoLD original eventID: ZHAK-02332-FCBB
ZHAK-02333-FCBB-001,en,http://creativecommons.org/licenses/by/4.0/legalcode,Hakai Institute,2025-12-29,Canada,CA,WGS84,British Columbia,Burrard Inlet,False Creek,ZHAK-02333-FCBB,,49.269,-123.12,,Heather Civic Marina,Hakai-FCBB,pelagic light trap,9,3,2022,2022-09-03,0.5,0.5,Hakai Institute,https://edmo.seadatanet.org/report/5148,dock,FalseCreek_BioBlitz_2022,ZHAK-02333-FCBB,ZHAK-02333-FCBB,ZHAK-02333-FCBB,pelagic light trap,0.5,BoLD original eventID: ZHAK-02333-FCBB
ZHAK-02334-FCBB-001,en,http://creativecommons.org/licenses/by/4.0/legalcode,Hakai Institute,2025-12-29,Canada,CA,WGS84,British Columbia,Burrard Inlet,False Creek,ZHAK-02334-FCBB,,49.269,-123.12,,Heather Civic Marina,Hakai-FCBB,pelagic light trap,9,3,2022,2022-09-03,0.5,0.5,Hakai Institute,https://edmo.seadatanet.org/report/5148,dock,FalseCreek_BioBlitz_2022,ZHAK-02334-FCBB,ZHAK-02334-FCBB,ZHAK-02334-FCBB,pelagic light trap,0.5,BoLD original eventID: ZHAK-02334-FCBB
ZHAK-02335-FCBB-001,en,http://creativecommons.org/licenses/by/4.0/legalcode,Hakai Institute,2025-12-29,Canada,CA,WGS84,British Columbia,Burrard Inlet,False Creek,ZHAK-02335-FCBB,,49.269,-123.12,,Heather Civic Marina,Hakai-FCBB,pelagic light trap,9,3,2022,2022-09-03,0.5,0.5,Hakai Institute,https://edmo.seadatanet.org/report/5148,dock,FalseCreek_BioBlitz_2022,ZHAK-02335-FCBB,ZHAK-02335-FCBB,ZHAK-02335-FCBB,pelagic light trap,0.5,BoLD original eventID: ZHAK-02335-FCBB
ZHAK-02336-FCBB-001,en,http://creativecommons.org/licenses/by/4.0/legalcode,Hakai Institute,2025-12-29,Canada,CA,WGS84,British Columbia,Burrard Inlet,False Creek,ZHAK-02336-FCBB,,49.269,-123.12,,Heather Civic Marina,Hakai-FCBB,pelagic light trap,9,3,2022,2022-09-03,0.5,0.5,Hakai Institute,https://edmo.seadatanet.org/report/5148,dock,FalseCreek_BioBlitz_2022,ZHAK-02336-FCBB,ZHAK-02336-FCBB,ZHAK-02336-FCBB,pelagic light trap,0.5,BoLD original eventID: ZHAK-02336-FCBB
ZHAK-02337-FCBB-001,en,http://creativecommons.org/licenses/by/4.0/legalcode,Hakai Institute,2025-12-29,Canada,CA,WGS84,British Columbia,Burrard Inlet,False Creek,ZHAK-02337-FCBB,,49.269,-123.12,,Heather Civic Marina,Hakai-FCBB,pelagic light trap,9,3,2022,2022-09-03,0.5,0.5,Hakai Institute,https://edmo.seadatanet.org/report/5148,dock,FalseCreek_BioBlitz_2022,ZHAK-02337-FCBB,ZHAK-02337-FCBB,ZHAK-02337-FCBB,pelagic light trap,0.5,BoLD original eventID: ZHAK-02337-FCBB
ZHAK-02338-FCBB-001,en,http://creativecommons.org/licenses/by/4.0/legalcode,Hakai Institute,2025-12-29,Canada,CA,WGS84,British Columbia,Burrard Inlet,False Creek,ZHAK-02338-FCBB,,49.279,-123.141,,False Creek Near Mouth,Hakai-FCBB,zooplankton net tow,9,3,2022,2022-09-03,1.5,1.5,Hakai Institute,https://edmo.seadatanet.org/report/5148,inlet,FalseCreek_BioBlitz_2022,ZHAK-02338-FCBB,ZHAK-02338-FCBB,ZHAK-02338-FCBB,zooplankton net tow,1.5,BoLD original eventID: ZHAK-02338-FCBB
ZHAK-02339-FCBB-001,en,http://creativecommons.org/licenses/by/4.0/legalcode,Hakai Institute,2025-12-29,Canada,CA,WGS84,British Columbia,Burrard Inlet,False Creek,ZHAK-02339-FCBB,,49.272,-123.103,,Science World Dock,Hakai-FCBB,benthic light trap,9,4,2022,2022-09-04,3,3,Hakai Institute,https://edmo.seadatanet.org/report/5148,"inlet, dock",FalseCreek_BioBlitz_2022,ZHAK-02339-FCBB,ZHAK-02339-FCBB,ZHAK-02339-FCBB,benthic light trap,3,BoLD original eventID: ZHAK-02339-FCBB
ZHAK-02340-FCBB-001,en,http://creativecommons.org/licenses/by/4.0/legalcode,Hakai Institute,2025-12-29,Canada,CA,WGS84,British Columbia,Burrard Inlet,False Creek,ZHAK-02340-FCBB,,49.272,-123.103,,Science World Dock,Hakai-FCBB,benthic light trap,9,4,2022,2022-09-04,3,3,Hakai Institute,https://edmo.seadatanet.org/report/5148,"inlet, dock",FalseCreek_BioBlitz_2022,ZHAK-02340-FCBB,ZHAK-02340-FCBB,ZHAK-02340-FCBB,benthic light trap,3,BoLD original eventID: ZHAK-02340-FCBB
ZHAK-02341-FCBB-001,en,http://creativecommons.org/licenses/by/4.0/legalcode,Hakai Institute,2025-12-29,Canada,CA,WGS84,British Columbia,Burrard Inlet,False Creek,ZHAK-02341-FCBB,,49.269,-123.12,,Heather Civic Marina,Hakai-FCBB,pelagic light trap,9,4,2022,2022-09-04,0.5,0.5,Hakai Institute,https://edmo.seadatanet.org/report/5148,dock,FalseCreek_BioBlitz_2022,ZHAK-02341-FCBB,ZHAK-02341-FCBB,ZHAK-02341-FCBB,pelagic light trap,0.5,BoLD original eventID: ZHAK-02341-FCBB
ZHAK-02342-FCBB-001,en,http://creativecommons.org/licenses/by/4.0/legalcode,Hakai Institute,2025-12-29,Canada,CA,WGS84,British Columbia,Burrard Inlet,False Creek,ZHAK-02342-FCBB,,49.269,-123.12,,Heather Civic Marina,Hakai-FCBB,pelagic light trap,9,4,2022,2022-09-04,0.5,0.5,Hakai Institute,https://edmo.seadatanet.org/report/5148,dock,FalseCreek_BioBlitz_2022,ZHAK-02342-FCBB,ZHAK-02342-FCBB,ZHAK-02342-FCBB,pelagic light trap,0.5,BoLD original eventID: ZHAK-02342-FCBB
ZHAK-02343-FCBB-001,en,http://creativecommons.org/licenses/by/4.0/legalcode,Hakai Institute,2025-12-29,Canada,CA,WGS84,British Columbia,Burrard Inlet,False Creek,ZHAK-02343-FCBB,,49.269,-123.12,,Heather Civic Marina,Hakai-FCBB,pelagic light trap,9,4,2022,2022-09-04,0.5,0.5,Hakai Institute,https://edmo.seadatanet.org/report/5148,dock,FalseCreek_BioBlitz_2022,ZHAK-02343-FCBB,ZHAK-02343-FCBB,ZHAK-02343-FCBB,pelagic light trap,0.5,BoLD original eventID: ZHAK-02343-FCBB
ZHAK-02344-FCBB-001,en,http://creativecommons.org/licenses/by/4.0/legalcode,Hakai Institute,2025-12-29,Canada,CA,WGS84,British Columbia,Burrard Inlet,False Creek,ZHAK-02344-FCBB,,49.269,-123.12,,Heather Civic Marina,Hakai-FCBB,pelagic light trap,9,4,2022,2022-09-04,0.5,0.5,Hakai Institute,https://edmo.seadatanet.org/report/5148,dock,FalseCreek_BioBlitz_2022,ZHAK-02344-FCBB,ZHAK-02344-FCBB,ZHAK-02344-FCBB,pelagic light trap,0.5,BoLD original eventID: ZHAK-02344-FCBB
ZHAK-02345-FCBB-001,en,http://creativecommons.org/licenses/by/4.0/legalcode,Hakai Institute,2025-12-29,Canada,CA,WGS84,British Columbia,Burrard Inlet,False Creek,ZHAK-02345-FCBB,,49.269,-123.12,,Heather Civic Marina,Hakai-FCBB,pelagic light trap,9,4,2022,2022-09-04,0.5,0.5,Hakai Institute,https://edmo.seadatanet.org/report/5148,dock,FalseCreek_BioBlitz_2022,ZHAK-02345-FCBB,ZHAK-02345-FCBB,ZHAK-02345-FCBB,pelagic light trap,0.5,BoLD original eventID: ZHAK-02345-FCBB
ZHAK-02346-FCBB-001,en,http://creativecommons.org/licenses/by/4.0/legalcode,Hakai Institute,2025-12-29,Canada,CA,WGS84,British Columbia,Burrard Inlet,False Creek,ZHAK-02346-FCBB,,49.279,-123.147,,Heritage Harbour,Hakai-FCBB,pelagic light trap,9,5,2022,2022-09-05,0.5,0.5,Hakai Institute,https://edmo.seadatanet.org/report/5148,dock,FalseCreek_BioBlitz_2022,ZHAK-02346-FCBB,ZHAK-02346-FCBB,ZHAK-02346-FCBB,pelagic light trap,0.5,BoLD original eventID: ZHAK-02346-FCBB
ZHAK-02347-FCBB-001,en,http://creativecommons.org/licenses/by/4.0/legalcode,Hakai Institute,2025-12-29,Canada,CA,WGS84,British Columbia,Burrard Inlet,False Creek,ZHAK-02347-FCBB,,49.279,-123.147,,Heritage Harbour,Hakai-FCBB,pelagic light trap,9,5,2022,2022-09-05,0.5,0.5,Hakai Institute,https://edmo.seadatanet.org/report/5148,dock,FalseCreek_BioBlitz_2022,ZHAK-02347-FCBB,ZHAK-02347-FCBB,ZHAK-02347-FCBB,pelagic light trap,0.5,BoLD original eventID: ZHAK-02347-FCBB
ZHAK-02348-FCBB-001,en,http://creativecommons.org/licenses/by/4.0/legalcode,Hakai Institute,2025-12-29,Canada,CA,WGS84,British Columbia,Burrard Inlet,False Creek,ZHAK-02348-FCBB,,49.27,-123.123,,Charleston Park- combined sewer outflow,Hakai-FCBB,sediment grab sample,9,5,2022,2022-09-05,5,5,Hakai Institute,https://edmo.seadatanet.org/report/5148,inlet,FalseCreek_BioBlitz_2022,ZHAK-02348-FCBB,ZHAK-02348-FCBB,ZHAK-02348-FCBB,sediment grab sample,5,BoLD original eventID: ZHAK-02348-FCBB
ZHAK-02349-FCBB-001,en,http://creativecommons.org/licenses/by/4.0/legalcode,Hakai Institute,2025-12-29,Canada,CA,WGS84,British Columbia,Burrard Inlet,False Creek,ZHAK-02349-FCBB,,49.279,-123.147,,Heritage Harbour,Hakai-FCBB,pelagic light trap,9,5,2022,2022-09-05,0.5,0.5,Hakai Institute,https://edmo.seadatanet.org/report/5148,dock,FalseCreek_BioBlitz_2022,ZHAK-02349-FCBB,ZHAK-02349-FCBB,ZHAK-02349-FCBB,pelagic light trap,0.5,BoLD original eventID: ZHAK-02349-FCBB
ZHAK-02350-FCBB-001,en,http://creativecommons.org/licenses/by/4.0/legalcode,Hakai Institute,2025-12-29,Canada,CA,WGS84,British Columbia,Burrard Inlet,False Creek,ZHAK-02350-FCBB,,49.279,-123.147,,Heritage Harbour,Hakai-FCBB,pelagic light trap,9,5,2022,2022-09-05,0.5,0.5,Hakai Institute,https://edmo.seadatanet.org/report/5148,dock,FalseCreek_BioBlitz_2022,ZHAK-02350-FCBB,ZHAK-02350-FCBB,ZHAK-02350-FCBB,pelagic light trap,0.5,BoLD original eventID: ZHAK-02350-FCBB
ZHAK-02351-FCBB-001,en,http://creativecommons.org/licenses/by/4.0/legalcode,Hakai Institute,2025-12-29,Canada,CA,WGS84,British Columbia,Burrard Inlet,False Creek,ZHAK-02351-FCBB,,49.269,-123.12,,Heather Civic Marina,Hakai-FCBB,pelagic light trap,9,5,2022,2022-09-05,0.5,0.5,Hakai Institute,https://edmo.seadatanet.org/report/5148,dock,FalseCreek_BioBlitz_2022,ZHAK-02351-FCBB,ZHAK-02351-FCBB,ZHAK-02351-FCBB,pelagic light trap,0.5,BoLD original eventID: ZHAK-02351-FCBB
ZHAK-02352-FCBB-001,en,http://creativecommons.org/licenses/by/4.0/legalcode,Hakai Institute,2025-12-29,Canada,CA,WGS84,British Columbia,Burrard Inlet,False Creek,ZHAK-02352-FCBB,,49.279,-123.147,,Heritage Harbour,Hakai-FCBB,pelagic light trap,9,5,2022,2022-09-05,0.5,0.5,Hakai Institute,https://edmo.seadatanet.org/report/5148,dock,FalseCreek_BioBlitz_2022,ZHAK-02352-FCBB,ZHAK-02352-FCBB,ZHAK-02352-FCBB,pelagic light trap,0.5,BoLD original eventID: ZHAK-02352-FCBB
ZHAK-02995-FCBB-001,en,http://creativecommons.org/licenses/by/4.0/legalcode,Hakai Institute,2025-12-29,Canada,CA,WGS84,British Columbia,Burrard Inlet,False Creek,ZHAK-02995-FCBB,,49.269,-123.12,,Heather Civic Marina,Hakai-FCBB,pelagic light trap,9,3,2022,2022-09-03,0.5,0.5,Hakai Institute,https://edmo.seadatanet.org/report/5148,dock,FalseCreek_BioBlitz_2022,ZHAK-02995-FCBB,ZHAK-02995-FCBB,ZHAK-02995-FCBB,pelagic light trap,0.5,BoLD original eventID: ZHAK-02995-FCBB
ZHAK-02996-FCBB-001,en,http://creativecommons.org/licenses/by/4.0/legalcode,Hakai Institute,2025-12-29,Canada,CA,WGS84,British Columbia,Burrard Inlet,False Creek,ZHAK-02996-FCBB,,49.269,-123.12,,Heather Civic Marina,Hakai-FCBB,pelagic light trap,9,3,2022,2022-09-03,0.5,0.5,Hakai Institute,https://edmo.seadatanet.org/report/5148,dock,FalseCreek_BioBlitz_2022,ZHAK-02996-FCBB,ZHAK-02996-FCBB,ZHAK-02996-FCBB,pelagic light trap,0.5,BoLD original eventID: ZHAK-02996-FCBB
ZHAK-02997-FCBB-001,en,http://creativecommons.org/licenses/by/4.0/legalcode,Hakai Institute,2025-12-29,Canada,CA,WGS84,British Columbia,Burrard Inlet,False Creek,ZHAK-02997-FCBB,,49.269,-123.12,,Heather Civic Marina,Hakai-FCBB,pelagic light trap,9,3,2022,2022-09-03,0.5,0.5,Hakai Institute,https://edmo.seadatanet.org/report/5148,dock,FalseCreek_BioBlitz_2022,ZHAK-02997-FCBB,ZHAK-02997-FCBB,ZHAK-02997-FCBB,pelagic light trap,0.5,BoLD original eventID: ZHAK-02997-FCBB
ZHAK-02998-FCBB-001,en,http://creativecommons.org/licenses/by/4.0/legalcode,Hakai Institute,2025-12-29,Canada,CA,WGS84,British Columbia,Burrard Inlet,False Creek,ZHAK-02998-FCBB,,49.272,-123.103,,Science World Dock,Hakai-FCBB,settlement plates,9,3,2022,2022-09-03,1,1,Hakai Institute,https://edmo.seadatanet.org/report/5148,"inlet, dock",FalseCreek_BioBlitz_2022,ZHAK-02998-FCBB,ZHAK-02998-FCBB,ZHAK-02998-FCBB,settlement plates,1,BoLD original eventID: ZHAK-02998-FCBB
ZHAK-02999-FCBB-001,en,http://creativecommons.org/licenses/by/4.0/legalcode,Hakai Institute,2025-12-29,Canada,CA,WGS84,British Columbia,Burrard Inlet,False Creek,ZHAK-02999-FCBB,,49.279,-123.147,,Heritage Harbour,Hakai-FCBB,pelagic light trap,9,3,2022,2022-09-03,0.5,0.5,Hakai Institute,https://edmo.seadatanet.org/report/5148,dock,FalseCreek_BioBlitz_2022,ZHAK-02999-FCBB,ZHAK-02999-FCBB,ZHAK-02999-FCBB,pelagic light trap,0.5,BoLD original eventID: ZHAK-02999-FCBB
ZHAK-03000-FCBB-001,en,http://creativecommons.org/licenses/by/4.0/legalcode,Hakai Institute,2025-12-29,Canada,CA,WGS84,British Columbia,Burrard Inlet,False Creek,ZHAK-03000-FCBB,,49.269,-123.12,,Heather Civic Marina,Hakai-FCBB,pelagic light trap,9,3,2022,2022-09-03,0.5,0.5,Hakai Institute,https://edmo.seadatanet.org/report/5148,dock,FalseCreek_BioBlitz_2022,ZHAK-03000-FCBB,ZHAK-03000-FCBB,ZHAK-03000-FCBB,pelagic light trap,0.5,BoLD original eventID: ZHAK-03000-FCBB
ZHAK-03001-FCBB-001,en,http://creativecommons.org/licenses/by/4.0/legalcode,Hakai Institute,2025-12-29,Canada,CA,WGS84,British Columbia,Burrard Inlet,False Creek,ZHAK-03001-FCBB,,49.269,-123.12,,Heather Civic Marina,Hakai-FCBB,pelagic light trap,9,3,2022,2022-09-03,0.5,0.5,Hakai Institute,https://edmo.seadatanet.org/report/5148,dock,FalseCreek_BioBlitz_2022,ZHAK-03001-FCBB,ZHAK-03001-FCBB,ZHAK-03001-FCBB,pelagic light trap,0.5,BoLD original eventID: ZHAK-03001-FCBB
ZHAK-03002-FCBB-001,en,http://creativecommons.org/licenses/by/4.0/legalcode,Hakai Institute,2025-12-29,Canada,CA,WGS84,British Columbia,Burrard Inlet,False Creek,ZHAK-03002-FCBB,,49.279,-123.141,,False Creek Near Mouth,Hakai-FCBB,phytoplankton net tow,9,4,2022,2022-09-04,1.5,1.5,Hakai Institute,https://edmo.seadatanet.org/report/5148,inlet,FalseCreek_BioBlitz_2022,ZHAK-03002-FCBB,ZHAK-03002-FCBB,ZHAK-03002-FCBB,phytoplankton net tow,1.5,BoLD original eventID: ZHAK-03002-FCBB
ZHAK-03003-FCBB-001,en,http://creativecommons.org/licenses/by/4.0/legalcode,Hakai Institute,2025-12-29,Canada,CA,WGS84,British Columbia,Burrard Inlet,False Creek,ZHAK-03003-FCBB,,49.279,-123.141,,False Creek Near Mouth,Hakai-FCBB,phytoplankton net tow,9,4,2022,2022-09-04,1.5,1.5,Hakai Institute,https://edmo.seadatanet.org/report/5148,inlet,FalseCreek_BioBlitz_2022,ZHAK-03003-FCBB,ZHAK-03003-FCBB,ZHAK-03003-FCBB,phytoplankton net tow,1.5,BoLD original eventID: ZHAK-03003-FCBB
ZHAK-03004-FCBB-001,en,http://creativecommons.org/licenses/by/4.0/legalcode,Hakai Institute,2025-12-29,Canada,CA,WGS84,British Columbia,Burrard Inlet,False Creek,ZHAK-03004-FCBB,,49.279,-123.141,,False Creek Near Mouth,Hakai-FCBB,phytoplankton net tow,9,4,2022,2022-09-04,1.5,1.5,Hakai Institute,https://edmo.seadatanet.org/report/5148,inlet,FalseCreek_BioBlitz_2022,ZHAK-03004-FCBB,ZHAK-03004-FCBB,ZHAK-03004-FCBB,phytoplankton net tow,1.5,BoLD original eventID: ZHAK-03004-FCBB
ZHAK-03005-FCBB-001,en,http://creativecommons.org/licenses/by/4.0/legalcode,Hakai Institute,2025-12-29,Canada,CA,WGS84,British Columbia,Burrard Inlet,False Creek,ZHAK-03005-FCBB,,49.279,-123.141,,False Creek Near Mouth,Hakai-FCBB,phytoplankton net tow,9,4,2022,2022-09-04,1.5,1.5,Hakai Institute,https://edmo.seadatanet.org/report/5148,inlet,FalseCreek_BioBlitz_2022,ZHAK-03005-FCBB,ZHAK-03005-FCBB,ZHAK-03005-FCBB,phytoplankton net tow,1.5,BoLD original eventID: ZHAK-03005-FCBB
ZHAK-03006-FCBB-001,en,http://creativecommons.org/licenses/by/4.0/legalcode,Hakai Institute,2025-12-29,Canada,CA,WGS84,British Columbia,Burrard Inlet,False Creek,ZHAK-03006-FCBB,,49.279,-123.141,,False Creek Near Mouth,Hakai-FCBB,zooplankton net tow,9,4,2022,2022-09-04,1.5,1.5,Hakai Institute,https://edmo.seadatanet.org/report/5148,inlet,FalseCreek_BioBlitz_2022,ZHAK-03006-FCBB,ZHAK-03006-FCBB,ZHAK-03006-FCBB,zooplankton net tow,1.5,BoLD original eventID: ZHAK-03006-FCBB
ZHAK-03007-FCBB-001,en,http://creativecommons.org/licenses/by/4.0/legalcode,Hakai Institute,2025-12-29,Canada,CA,WGS84,British Columbia,Burrard Inlet,False Creek,ZHAK-03007-FCBB,,49.279,-123.141,,False Creek Near Mouth,Hakai-FCBB,zooplankton net tow,9,4,2022,2022-09-04,1.5,1.5,Hakai Institute,https://edmo.seadatanet.org/report/5148,inlet,FalseCreek_BioBlitz_2022,ZHAK-03007-FCBB,ZHAK-03007-FCBB,ZHAK-03007-FCBB,zooplankton net tow,1.5,BoLD original eventID: ZHAK-03007-FCBB
ZHAK-03008-FCBB-001,en,http://creativecommons.org/licenses/by/4.0/legalcode,Hakai Institute,2025-12-29,Canada,CA,WGS84,British Columbia,Burrard Inlet,False Creek,ZHAK-03008-FCBB,,49.279,-123.141,,False Creek Near Mouth,Hakai-FCBB,zooplankton net tow,9,4,2022,2022-09-04,1.5,1.5,Hakai Institute,https://edmo.seadatanet.org/report/5148,inlet,FalseCreek_BioBlitz_2022,ZHAK-03008-FCBB,ZHAK-03008-FCBB,ZHAK-03008-FCBB,zooplankton net tow,1.5,BoLD original eventID: ZHAK-03008-FCBB
ZHAK-03009-FCBB-001,en,http://creativecommons.org/licenses/by/4.0/legalcode,Hakai Institute,2025-12-29,Canada,CA,WGS84,British Columbia,Burrard Inlet,False Creek,ZHAK-03009-FCBB,,49.279,-123.141,,False Creek Near Mouth,Hakai-FCBB,zooplankton net tow,9,4,2022,2022-09-04,1.5,1.5,Hakai Institute,https://edmo.seadatanet.org/report/5148,inlet,FalseCreek_BioBlitz_2022,ZHAK-03009-FCBB,ZHAK-03009-FCBB,ZHAK-03009-FCBB,zooplankton net tow,1.5,BoLD original eventID: ZHAK-03009-FCBB
ZHAK-03010-FCBB-001,en,http://creativecommons.org/licenses/by/4.0/legalcode,Hakai Institute,2025-12-29,Canada,CA,WGS84,British Columbia,Burrard Inlet,False Creek,ZHAK-03010-FCBB,,49.279,-123.141,,False Creek Near Mouth,Hakai-FCBB,zooplankton net tow,9,4,2022,2022-09-04,1.5,1.5,Hakai Institute,https://edmo.seadatanet.org/report/5148,inlet,FalseCreek_BioBlitz_2022,ZHAK-03010-FCBB,ZHAK-03010-FCBB,ZHAK-03010-FCBB,zooplankton net tow,1.5,BoLD original eventID: ZHAK-03010-FCBB
ZHAK-03011-FCBB-001,en,http://creativecommons.org/licenses/by/4.0/legalcode,Hakai Institute,2025-12-29,Canada,CA,WGS84,British Columbia,Burrard Inlet,False Creek,ZHAK-03011-FCBB,,49.279,-123.141,,False Creek Near Mouth,Hakai-FCBB,zooplankton net tow,9,4,2022,2022-09-04,1.5,1.5,Hakai Institute,https://edmo.seadatanet.org/report/5148,inlet,FalseCreek_BioBlitz_2022,ZHAK-03011-FCBB,ZHAK-03011-FCBB,ZHAK-03011-FCBB,zooplankton net tow,1.5,BoLD original eventID: ZHAK-03011-FCBB
ZHAK-03012-FCBB-001,en,http://creativecommons.org/licenses/by/4.0/legalcode,Hakai Institute,2025-12-29,Canada,CA,WGS84,British Columbia,Burrard Inlet,False Creek,ZHAK-03012-FCBB,,49.279,-123.141,,False Creek Near Mouth,Hakai-FCBB,zooplankton net tow,9,4,2022,2022-09-04,1.5,1.5,Hakai Institute,https://edmo.seadatanet.org/report/5148,inlet,FalseCreek_BioBlitz_2022,ZHAK-03012-FCBB,ZHAK-03012-FCBB,ZHAK-03012-FCBB,zooplankton net tow,1.5,BoLD original eventID: ZHAK-03012-FCBB
ZHAK-03013-FCBB-001,en,http://creativecommons.org/licenses/by/4.0/legalcode,Hakai Institute,2025-12-29,Canada,CA,WGS84,British Columbia,Burrard Inlet,False Creek,ZHAK-03013-FCBB,,49.279,-123.141,,False Creek Near Mouth,Hakai-FCBB,zooplankton net tow,9,4,2022,2022-09-04,1.5,1.5,Hakai Institute,https://edmo.seadatanet.org/report/5148,inlet,FalseCreek_BioBlitz_2022,ZHAK-03013-FCBB,ZHAK-03013-FCBB,ZHAK-03013-FCBB,zooplankton net tow,1.5,BoLD original eventID: ZHAK-03013-FCBB
ZHAK-03014-FCBB-001,en,http://creativecommons.org/licenses/by/4.0/legalcode,Hakai Institute,2025-12-29,Canada,CA,WGS84,British Columbia,Burrard Inlet,False Creek,ZHAK-03014-FCBB,,49.269,-123.12,,Heather Civic Marina,Hakai-FCBB,pelagic light trap,9,5,2022,2022-09-05,0.5,0.5,Hakai Institute,https://edmo.seadatanet.org/report/5148,dock,FalseCreek_BioBlitz_2022,ZHAK-03014-FCBB,ZHAK-03014-FCBB,ZHAK-03014-FCBB,pelagic light trap,0.5,BoLD original eventID: ZHAK-03014-FCBB
